,Unnamed: 0,ratingScore,reviewTitle,reviewId,reviewUrl,reviewReaction,reviewedIn,reviewDescription,isVerified,variant,reviewImages,position,totalCategoryRatings,totalCategoryReviews,reviewCategoryUrl,filterByRating,filterByKeyword,product,date,country,countryCode,productAsin,sentiment_score
0,0,5,"Lemon Fresh, works great.",R1GCHJ6NC5SKWF,https://www.amazon.com/gp/customer-reviews/R1GCHJ6NC5SKWF/ref=cm_cr_arp_d_rvw_ttl?ie=UTF8&ASIN=B000VDUWO0,One person found this helpful,"Reviewed in the United States on February 25, 2024","Despite what the furniture goons tell me, I think this stuff works great. I use it on wood and laminate. Furniture people turn their noses up at it because it is not “wax”. But it attracts and catches dust, leaves a shine and has a lemon fresh scent. WORTH EVERY PENNY.",True,Size: 9.7 Ounce (Pack of 1),[],1,9323,430,https://www.amazon.com/product-reviews/B000VDUWO0?pageNumber=1&filterByStar=all_stars&sortBy=helpful&formatType=all_formats,allStars,,"{'price': None, 'listPrice': None}",2024-02-25,United States,,B000VDUWO0,0.91
1,1,5,Great product,R3FNHCL68ZGAXR,https://www.amazon.com/gp/customer-reviews/R3FNHCL68ZGAXR/ref=cm_cr_arp_d_rvw_ttl?ie=UTF8&ASIN=B000VDUWO0,,"Reviewed in the United States on March 28, 2024",Smells great.  Cleans really well,True,Size: 9.7 Ounce (Pack of 3),[],2,9323,430,https://www.amazon.com/product-reviews/B000VDUWO0?pageNumber=1&filterByStar=all_stars&sortBy=helpful&formatType=all_formats,allStars,,"{'price': None, 'listPrice': None}",2024-03-28,United States,,B000VDUWO0,0.7574
2,2,5,Thoughtful Packaging,R2J10CWMOOMEBA,https://www.amazon.com/gp/customer-reviews/R2J10CWMOOMEBA/ref=cm_cr_arp_d_rvw_ttl?ie=UTF8&ASIN=B000VDUWO0,2 people found this helpful,"Reviewed in the United States on January 12, 2024","It's Pledge; it smells like Pledge, it sprays ok, yay. What I really wanted to note was how much care was put in packaging this item: the packers put it in its own sealed plastic baggie in the box, so it wouldn't go off if accidentally throttled in shipping and turn all of the other items in the shipment into a shiny lemony mess. The bottle did not spray in shipping, but I really appreciate the care taken to make sure that just in case of an accident, things would have been contained. Thank you!",True,Size: 9.7 Ounce (Pack of 1),[],3,9323,430,https://www.amazon.com/product-reviews/B000VDUWO0?pageNumber=1&filterByStar=all_stars&sortBy=helpful&formatType=all_formats,allStars,,"{'price': None, 'listPrice': None}",2024-01-12,United States,,B000VDUWO0,0.9304
3,3,5,The best,R3AG654L0X7PTK,https://www.amazon.com/gp/customer-reviews/R3AG654L0X7PTK/ref=cm_cr_arp_d_rvw_ttl?ie=UTF8&ASIN=B000VDUWO0,,"Reviewed in the United States on April 1, 2024",Best liquid to clean wood material!,True,Size: 9.7 Ounce (Pack of 1),[],4,9323,430,https://www.amazon.com/product-reviews/B000VDUWO0?pageNumber=1&filterByStar=all_stars&sortBy=helpful&formatType=all_formats,allStars,,"{'price': None, 'listPrice': None}",2024-04-01,United States,,B000VDUWO0,0.8016
4,4,4,Quality performance consistently Reliable,R2QVFQX8LWJAZ6,https://www.amazon.com/gp/customer-reviews/R2QVFQX8LWJAZ6/ref=cm_cr_arp_d_rvw_ttl?ie=UTF8&ASIN=B000VDUWO0,,"Reviewed in the United States on April 2, 2024",Purchased package for cleaning service ease and use.  A family of Consistently reliable products purchased many times through the years.  Works especially well on antique wood furniture.,True,Size: 9.7 Ounce (Pack of 3),[],5,9323,430,https://www.amazon.com/product-reviews/B000VDUWO0?pageNumber=1&filterByStar=all_stars&sortBy=helpful&formatType=all_formats,allStars,,"{'price': None, 'listPrice': None}",2024-04-02,United States,,B000VDUWO0,0.5984
5,5,5,Great Price,R3K53VJ2DOBC5D,https://www.amazon.com/gp/customer-reviews/R3K53VJ2DOBC5D/ref=cm_cr_arp_d_rvw_ttl?ie=UTF8&ASIN=B000VDUWO0,,"Reviewed in the United States on March 3, 2024",I could Never have purchased these at this price point. Very Pleased,True,Size: 9.7 Ounce (Pack of 3),[],6,9323,430,https://www.amazon.com/product-reviews/B000VDUWO0?pageNumber=1&filterByStar=all_stars&sortBy=helpful&formatType=all_formats,allStars,,"{'price': None, 'listPrice': None}",2024-03-03,United States,,B000VDUWO0,0.4927
6,6,5,Good furniture polish,R2C0LV74P3VRJG,https://www.amazon.com/gp/customer-reviews/R2C0LV74P3VRJG/ref=cm_cr_arp_d_rvw_ttl?ie=UTF8&ASIN=B000VDUWO0,,"Reviewed in the United States on March 30, 2024",Works great,True,Size: 9.7 Ounce (Pack of 1),[],7,9323,430,https://www.amazon.com/product-reviews/B000VDUWO0?pageNumber=1&filterByStar=all_stars&sortBy=helpful&formatType=all_formats,allStars,,"{'price': None, 'listPrice': None}",2024-03-30,United States,,B000VDUWO0,0.6249
7,7,5,Classic,R3AOCGWA32X4KP,https://www.amazon.com/gp/customer-reviews/R3AOCGWA32X4KP/ref=cm_cr_arp_d_rvw_ttl?ie=UTF8&ASIN=B000VDUWO0,,"Reviewed in the United States on February 27, 2024",Smells great and does the job,True,Size: 9.7 Ounce (Pack of 1),[],8,9323,430,https://www.amazon.com/product-reviews/B000VDUWO0?pageNumber=1&filterByStar=all_stars&sortBy=helpful&formatType=all_formats,allStars,,"{'price': None, 'listPrice': None}",2024-02-27,United States,,B000VDUWO0,0.6249
8,8,5,Works Like Pledge Always Has,RNDRWF3UK8J1D,https://www.amazon.com/gp/customer-reviews/RNDRWF3UK8J1D/ref=cm_cr_arp_d_rvw_ttl?ie=UTF8&ASIN=B000VDUWO0,,"Reviewed in the United States on March 15, 2024",Pledge has always been a staple in my house. This can is no different. I will buy it again,True,Size: 9.7 Ounce (Pack of 1),[],9,9323,430,https://www.amazon.com/product-reviews/B000VDUWO0?pageNumber=1&filterByStar=all_stars&sortBy=helpful&formatType=all_formats,allStars,,"{'price': None, 'listPrice': None}",2024-03-15,United States,,B000VDUWO0,-0.296
9,9,5,Best product,R54CURDT85CKB,https://www.amazon.com/gp/customer-reviews/R54CURDT85CKB/ref=cm_cr_arp_d_rvw_ttl?ie=UTF8&ASIN=B000VDUWO0,,"Reviewed in the United States on March 2, 2024","Pledge is the only product I’ll use when cleaning my wood furniture. So many products leave a greasy finish, pledge doesn’t, it leaves a shinny fresh smelling finish",True,Size: 9.7 Ounce (Pack of 3),[],10,9323,430,https://www.amazon.com/product-reviews/B000VDUWO0?pageNumber=1&filterByStar=all_stars&sortBy=helpful&formatType=all_formats,allStars,,"{'price': None, 'listPrice': None}",2024-03-02,United States,,B000VDUWO0,0.2111
10,10,5,very good,R1ONL0GIICQYN,https://www.amazon.com/gp/customer-reviews/R1ONL0GIICQYN/ref=cm_cr_arp_d_rvw_ttl?ie=UTF8&ASIN=B000VDUWO0,,"Reviewed in the United States on March 21, 2024",good,True,Size: 9.7 Ounce (Pack of 3),[],11,9323,430,https://www.amazon.com/product-reviews/B000VDUWO0?pageNumber=2&filterByStar=all_stars&sortBy=helpful&formatType=all_formats,allStars,,"{'price': None, 'listPrice': None}",2024-03-21,United States,,B000VDUWO0,0.4404
11,11,5,Furniture polish,RCHA9S5MZ685E,https://www.amazon.com/gp/customer-reviews/RCHA9S5MZ685E/ref=cm_cr_arp_d_rvw_ttl?ie=UTF8&ASIN=B000VDUWO0,,"Reviewed in the United States on March 20, 2024",Works good,True,Size: 9.7 Ounce (Pack of 1),[],12,9323,430,https://www.amazon.com/product-reviews/B000VDUWO0?pageNumber=2&filterByStar=all_stars&sortBy=helpful&formatType=all_formats,allStars,,"{'price': None, 'listPrice': None}",2024-03-20,United States,,B000VDUWO0,0.4404
12,12,5,All good.,R1NZ7Q8DVOKBCI,https://www.amazon.com/gp/customer-reviews/R1NZ7Q8DVOKBCI/ref=cm_cr_arp_d_rvw_ttl?ie=UTF8&ASIN=B000VDUWO0,,"Reviewed in the United States on March 16, 2024","As advertised.  Good product, good vendor.",True,Size: 9.7 Ounce (Pack of 3),[],13,9323,430,https://www.amazon.com/product-reviews/B000VDUWO0?pageNumber=2&filterByStar=all_stars&sortBy=helpful&formatType=all_formats,allStars,,"{'price': None, 'listPrice': None}",2024-03-16,United States,,B000VDUWO0,0.7003
13,13,5,Do not use on floors,R375DA3COFDJV,https://www.amazon.com/gp/customer-reviews/R375DA3COFDJV/ref=cm_cr_arp_d_rvw_ttl?ie=UTF8&ASIN=B000VDUWO0,One person found this helpful,"Reviewed in the United States on February 21, 2024",I've been using pledge furniture polish for years. It really gives that extra shine and polished look after dusting! Just make sure you don't get any on the floor. It does get very slippery.,True,Size: 9.7 Ounce (Pack of 1),[],14,9323,430,https://www.amazon.com/product-reviews/B000VDUWO0?pageNumber=2&filterByStar=all_stars&sortBy=helpful&formatType=all_formats,allStars,,"{'price': None, 'listPrice': None}",2024-02-21,United States,,B000VDUWO0,0.3802
14,14,5,Furniture p0lish,R16VA9UJTNWMPD,https://www.amazon.com/gp/customer-reviews/R16VA9UJTNWMPD/ref=cm_cr_arp_d_rvw_ttl?ie=UTF8&ASIN=B000VDUWO0,,"Reviewed in the United States on March 11, 2024",This product is quality product,True,Size: 9.7 Ounce (Pack of 3),[],15,9323,430,https://www.amazon.com/product-reviews/B000VDUWO0?pageNumber=2&filterByStar=all_stars&sortBy=helpful&formatType=all_formats,allStars,,"{'price': None, 'listPrice': None}",2024-03-11,United States,,B000VDUWO0,0.0
15,15,5,Good,R1KENZFLFZ21N7,https://www.amazon.com/gp/customer-reviews/R1KENZFLFZ21N7/ref=cm_cr_arp_d_rvw_ttl?ie=UTF8&ASIN=B000VDUWO0,,"Reviewed in the United States on March 6, 2024",Like the feel of polished surfaces,True,Size: 9.7 Ounce (Pack of 1),[],16,9323,430,https://www.amazon.com/product-reviews/B000VDUWO0?pageNumber=2&filterByStar=all_stars&sortBy=helpful&formatType=all_formats,allStars,,"{'price': None, 'listPrice': None}",2024-03-06,United States,,B000VDUWO0,0.3612
16,16,5,Woody,R36DBVZDIOR7RE,https://www.amazon.com/gp/customer-reviews/R36DBVZDIOR7RE/ref=cm_cr_arp_d_rvw_ttl?ie=UTF8&ASIN=B000VDUWO0,,"Reviewed in the United States on March 5, 2024",This product makes my wood woody. 10/10.,True,Size: 9.7 Ounce (Pack of 1),[],17,9323,430,https://www.amazon.com/product-reviews/B000VDUWO0?pageNumber=2&filterByStar=all_stars&sortBy=helpful&formatType=all_formats,allStars,,"{'price': None, 'listPrice': None}",2024-03-05,United States,,B000VDUWO0,0.0
17,17,5,Good,RXMY12GEMQ2HX,https://www.amazon.com/gp/customer-reviews/RXMY12GEMQ2HX/ref=cm_cr_arp_d_rvw_ttl?ie=UTF8&ASIN=B000VDUWO0,,"Reviewed in the United States on March 6, 2024",Goodbye,True,Size: 9.7 Ounce (Pack of 1),[],18,9323,430,https://www.amazon.com/product-reviews/B000VDUWO0?pageNumber=2&filterByStar=all_stars&sortBy=helpful&formatType=all_formats,allStars,,"{'price': None, 'listPrice': None}",2024-03-06,United States,,B000VDUWO0,0.0
18,18,5,The best,R3UCFI863GVI51,https://www.amazon.com/gp/customer-reviews/R3UCFI863GVI51/ref=cm_cr_arp_d_rvw_ttl?ie=UTF8&ASIN=B000VDUWO0,,"Reviewed in the United States on February 20, 2024","I cleaned houses for years, so I have used all kinds of different wood polish and Pledge Lemon is the BEST!!!",True,Size: 9.7 Ounce (Pack of 1),[],19,9323,430,https://www.amazon.com/product-reviews/B000VDUWO0?pageNumber=2&filterByStar=all_stars&sortBy=helpful&formatType=all_formats,allStars,,"{'price': None, 'listPrice': None}",2024-02-20,United States,,B000VDUWO0,0.7788
19,19,5,Delivered on time,R3CKFQGQNZ58E5,https://www.amazon.com/gp/customer-reviews/R3CKFQGQNZ58E5/ref=cm_cr_arp_d_rvw_ttl?ie=UTF8&ASIN=B000VDUWO0,,"Reviewed in the United States on February 22, 2024",I like this product I use this product to  dust my furniture,True,Size: 9.7 Ounce (Pack of 1),[],20,9323,430,https://www.amazon.com/product-reviews/B000VDUWO0?pageNumber=2&filterByStar=all_stars&sortBy=helpful&formatType=all_formats,allStars,,"{'price': None, 'listPrice': None}",2024-02-22,United States,,B000VDUWO0,0.3612
20,20,5,Works like a charm!,RBPTUE14AXJBU,https://www.amazon.com/gp/customer-reviews/RBPTUE14AXJBU/ref=cm_cr_arp_d_rvw_ttl?ie=UTF8&ASIN=B000VDUWO0,One person found this helpful,"Reviewed in the United States on September 29, 2023",Easy to use! Great scent!,True,Size: 9.7 Ounce (Pack of 1),[],71,9323,430,https://www.amazon.com/product-reviews/B000VDUWO0?pageNumber=8&filterByStar=all_stars&sortBy=helpful&formatType=all_formats,allStars,,"{'price': None, 'listPrice': None}",2023-09-29,United States,,B000VDUWO0,0.8217
21,21,4,smooth finish,R1H2GSK75OXBAM,https://www.amazon.com/gp/customer-reviews/R1H2GSK75OXBAM/ref=cm_cr_arp_d_rvw_ttl?ie=UTF8&ASIN=B000VDUWO0,,"Reviewed in the United States on June 16, 2023",Easy to use. Works as advertised.,True,Size: 9.7 Ounce (Pack of 3),[],72,9323,430,https://www.amazon.com/product-reviews/B000VDUWO0?pageNumber=8&filterByStar=all_stars&sortBy=helpful&formatType=all_formats,allStars,,"{'price': None, 'listPrice': None}",2023-06-16,United States,,B000VDUWO0,0.4404
22,22,5,Good value and much better than just dusting.,R2Q9K9XL9IENNA,https://www.amazon.com/gp/customer-reviews/R2Q9K9XL9IENNA/ref=cm_cr_arp_d_rvw_ttl?ie=UTF8&ASIN=B000VDUWO0,One person found this helpful,"Reviewed in the United States on July 5, 2023","Pledge now costs a fortune in-store so I was happy to find this 3pack on Amazon for a reasonable price. Works great to leave a dust-free, polished look on wood and clean, quenched look with a nice scent on leather.",True,Size: 9.7 Ounce (Pack of 3),[],73,9323,430,https://www.amazon.com/product-reviews/B000VDUWO0?pageNumber=8&filterByStar=all_stars&sortBy=helpful&formatType=all_formats,allStars,,"{'price': None, 'listPrice': None}",2023-07-05,United States,,B000VDUWO0,0.9334
23,23,5,Perfect! Just as described.,R2S21E8TQO4WPU,https://www.amazon.com/gp/customer-reviews/R2S21E8TQO4WPU/ref=cm_cr_arp_d_rvw_ttl?ie=UTF8&ASIN=B000VDUWO0,,"Reviewed in the United States on August 18, 2023",Exactly what I needed.  Being able to order online is so much easier than having to go to the store.,True,Size: 9.7 Ounce (Pack of 1),[],74,9323,430,https://www.amazon.com/product-reviews/B000VDUWO0?pageNumber=8&filterByStar=all_stars&sortBy=helpful&formatType=all_formats,allStars,,"{'price': None, 'listPrice': None}",2023-08-18,United States,,B000VDUWO0,0.4728
24,24,5,Polish,R39MB5QTJELV9A,https://www.amazon.com/gp/customer-reviews/R39MB5QTJELV9A/ref=cm_cr_arp_d_rvw_ttl?ie=UTF8&ASIN=B000VDUWO0,,"Reviewed in the United States on October 6, 2023",Great product,True,Size: 9.7 Ounce (Pack of 3),[],75,9323,430,https://www.amazon.com/product-reviews/B000VDUWO0?pageNumber=8&filterByStar=all_stars&sortBy=helpful&formatType=all_formats,allStars,,"{'price': None, 'listPrice': None}",2023-10-06,United States,,B000VDUWO0,0.6249
25,25,5,Pledge is the easiest way to polish old furniture.,R2T1UNJ788T81B,https://www.amazon.com/gp/customer-reviews/R2T1UNJ788T81B/ref=cm_cr_arp_d_rvw_ttl?ie=UTF8&ASIN=B000VDUWO0,2 people found this helpful,"Reviewed in the United States on July 19, 2023",I use Pledge to polish and clean my 50 year old wooden dining room table and it looks great. It’s easy to use and allows the maple wood to show off its beauty.,True,Size: 9.7 Ounce (Pack of 3),[],76,9323,430,https://www.amazon.com/product-reviews/B000VDUWO0?pageNumber=8&filterByStar=all_stars&sortBy=helpful&formatType=all_formats,allStars,,"{'price': None, 'listPrice': None}",2023-07-19,United States,,B000VDUWO0,0.926
26,26,5,Really good,R3R8FYJ3PLSUCI,https://www.amazon.com/gp/customer-reviews/R3R8FYJ3PLSUCI/ref=cm_cr_arp_d_rvw_ttl?ie=UTF8&ASIN=B000VDUWO0,,"Reviewed in the United States on September 3, 2023",Gets the dust away. Smells great. Looks great on dusty countertops.,True,Size: 9.7 Ounce (Pack of 3),[],77,9323,430,https://www.amazon.com/product-reviews/B000VDUWO0?pageNumber=8&filterByStar=all_stars&sortBy=helpful&formatType=all_formats,allStars,,"{'price': None, 'listPrice': None}",2023-09-03,United States,,B000VDUWO0,0.8481
27,27,4,Best Value by far,R12DI5LTXH1P9W,https://www.amazon.com/gp/customer-reviews/R12DI5LTXH1P9W/ref=cm_cr_arp_d_rvw_ttl?ie=UTF8&ASIN=B000VDUWO0,,"Reviewed in the United States on May 3, 2023","This is the only product I will use on my furniture.  It does the job, lasts long, and smells great!",True,Size: 9.7 Ounce (Pack of 3),[],78,9323,430,https://www.amazon.com/product-reviews/B000VDUWO0?pageNumber=8&filterByStar=all_stars&sortBy=helpful&formatType=all_formats,allStars,,"{'price': None, 'listPrice': None}",2023-05-03,United States,,B000VDUWO0,0.6588
28,28,5,I like pledge,R1ZN08JFXMC32Y,https://www.amazon.com/gp/customer-reviews/R1ZN08JFXMC32Y/ref=cm_cr_arp_d_rvw_ttl?ie=UTF8&ASIN=B000VDUWO0,,"Reviewed in the United States on September 1, 2023",was just more convenient to order it online,True,Size: 9.7 Ounce (Pack of 3),[],79,9323,430,https://www.amazon.com/product-reviews/B000VDUWO0?pageNumber=8&filterByStar=all_stars&sortBy=helpful&formatType=all_formats,allStars,,"{'price': None, 'listPrice': None}",2023-09-01,United States,,B000VDUWO0,0.0
29,29,5,High Quality,R138364RWK5BT3,https://www.amazon.com/gp/customer-reviews/R138364RWK5BT3/ref=cm_cr_arp_d_rvw_ttl?ie=UTF8&ASIN=B000VDUWO0,,"Reviewed in the United States on September 5, 2023",Pledge is always high quality.,True,Size: 9.7 Ounce (Pack of 3),[],80,9323,430,https://www.amazon.com/product-reviews/B000VDUWO0?pageNumber=8&filterByStar=all_stars&sortBy=helpful&formatType=all_formats,allStars,,"{'price': None, 'listPrice': None}",2023-09-05,United States,,B000VDUWO0,0.0
30,30,5,No issues,R2ROCSM82EH80V,https://www.amazon.com/gp/customer-reviews/R2ROCSM82EH80V/ref=cm_cr_arp_d_rvw_ttl?ie=UTF8&ASIN=B000VDUWO0,,"Reviewed in the United States on October 31, 2023",We like this product for cleaning wood furniture. You can fix minor scratches by spraying on the scratch and working it in with your hand (provides a little heat). Furniture repairman taught me this.,True,Size: 9.7 Ounce (Pack of 3),[],51,9323,430,https://www.amazon.com/product-reviews/B000VDUWO0?pageNumber=6&filterByStar=all_stars&sortBy=helpful&formatType=all_formats,allStars,,"{'price': None, 'listPrice': None}",2023-10-31,United States,,B000VDUWO0,0.6908
31,31,4,3 pack was a hard to dismiss bargain.,R21J6SQBZ75NYG,https://www.amazon.com/gp/customer-reviews/R21J6SQBZ75NYG/ref=cm_cr_arp_d_rvw_ttl?ie=UTF8&ASIN=B000VDUWO0,One person found this helpful,"Reviewed in the United States on September 25, 2023",The lemon scent blends well with the lemon scented floor cleaning product currently used.,True,Size: 9.7 Ounce (Pack of 3),[],52,9323,430,https://www.amazon.com/product-reviews/B000VDUWO0?pageNumber=6&filterByStar=all_stars&sortBy=helpful&formatType=all_formats,allStars,,"{'price': None, 'listPrice': None}",2023-09-25,United States,,B000VDUWO0,0.2732
32,32,5,Furniture wax,R17H300RM2SDNA,https://www.amazon.com/gp/customer-reviews/R17H300RM2SDNA/ref=cm_cr_arp_d_rvw_ttl?ie=UTF8&ASIN=B000VDUWO0,,"Reviewed in the United States on December 1, 2023",It's what I have that works well.good item. Richard,True,Size: 9.7 Ounce (Pack of 3),[],53,9323,430,https://www.amazon.com/product-reviews/B000VDUWO0?pageNumber=6&filterByStar=all_stars&sortBy=helpful&formatType=all_formats,allStars,,"{'price': None, 'listPrice': None}",2023-12-01,United States,,B000VDUWO0,0.0
33,33,5,IMPORTANT Fact about Pledge,RVYBBHP0XUA09,https://www.amazon.com/gp/customer-reviews/RVYBBHP0XUA09/ref=cm_cr_arp_d_rvw_ttl?ie=UTF8&ASIN=B000VDUWO0,,"Reviewed in the United States on October 2, 2023","Bought for a little known use. As I'm recovering from a car wreck, I have need of some PVC medical equipment. The Pledge lubricates the PVC and prevents it from drying out. WHO KNEW? Apply heavy, let sit overnight, wipe off excess.",True,Size: 9.7 Ounce (Pack of 3),[],54,9323,430,https://www.amazon.com/product-reviews/B000VDUWO0?pageNumber=6&filterByStar=all_stars&sortBy=helpful&formatType=all_formats,allStars,,"{'price': None, 'listPrice': None}",2023-10-02,United States,,B000VDUWO0,-0.3818
34,34,5,Perfect for polishing stained glass,R2VIBHFCSF8P1R,https://www.amazon.com/gp/customer-reviews/R2VIBHFCSF8P1R/ref=cm_cr_arp_d_rvw_ttl?ie=UTF8&ASIN=B000VDUWO0,3 people found this helpful,"Reviewed in the United States on September 27, 2023",I actually use this for polishing my stained glass pieces. The scent is nice and lemony without feeling too artificial. It is also great for using on wood furniture as suggested but I wanted to share my alternate use as well in case others find it helpful!,True,Size: 9.7 Ounce (Pack of 1),[],55,9323,430,https://www.amazon.com/product-reviews/B000VDUWO0?pageNumber=6&filterByStar=all_stars&sortBy=helpful&formatType=all_formats,allStars,,"{'price': None, 'listPrice': None}",2023-09-27,United States,,B000VDUWO0,0.9137
35,35,5,For sealed wood.,R3DQKLN7PMPNOX,https://www.amazon.com/gp/customer-reviews/R3DQKLN7PMPNOX/ref=cm_cr_arp_d_rvw_ttl?ie=UTF8&ASIN=B000VDUWO0,3 people found this helpful,"Reviewed in the United States on October 22, 2023","Product works well, smells lemony and leaves a nice shine on sealed wood. Shine doesn’t stay on my 100 year old solid wood table as it absorbs the polish, but it makes it look great.",True,Size: 9.7 Ounce (Pack of 1),[],56,9323,430,https://www.amazon.com/product-reviews/B000VDUWO0?pageNumber=6&filterByStar=all_stars&sortBy=helpful&formatType=all_formats,allStars,,"{'price': None, 'listPrice': None}",2023-10-22,United States,,B000VDUWO0,0.8555
36,36,5,Great product,R21HBHK9VY8B4H,https://www.amazon.com/gp/customer-reviews/R21HBHK9VY8B4H/ref=cm_cr_arp_d_rvw_ttl?ie=UTF8&ASIN=B000VDUWO0,,"Reviewed in the United States on December 9, 2023",AAA,True,Size: 9.7 Ounce (Pack of 3),[],57,9323,430,https://www.amazon.com/product-reviews/B000VDUWO0?pageNumber=6&filterByStar=all_stars&sortBy=helpful&formatType=all_formats,allStars,,"{'price': None, 'listPrice': None}",2023-12-09,United States,,B000VDUWO0,0.0
37,37,5,Excellent Product,R3JCSII5UD6XAF,https://www.amazon.com/gp/customer-reviews/R3JCSII5UD6XAF/ref=cm_cr_arp_d_rvw_ttl?ie=UTF8&ASIN=B000VDUWO0,2 people found this helpful,"Reviewed in the United States on October 29, 2023","I love this product for all that it does. It hydrates and nourishes my older furniture, it's at a great price, and it smells sooooo good!",True,Size: 9.7 Ounce (Pack of 3),[],58,9323,430,https://www.amazon.com/product-reviews/B000VDUWO0?pageNumber=6&filterByStar=all_stars&sortBy=helpful&formatType=all_formats,allStars,,"{'price': None, 'listPrice': None}",2023-10-29,United States,,B000VDUWO0,0.9098
38,38,5,GREAT PRODUCT- USE IT EXCLUSIVELY,R1L235EYE9MQPO,https://www.amazon.com/gp/customer-reviews/R1L235EYE9MQPO/ref=cm_cr_arp_d_rvw_ttl?ie=UTF8&ASIN=B000VDUWO0,,"Reviewed in the United States on October 24, 2023",We have  used Pledge exclusively on all our wooden furniture for many years.,True,Size: 9.7 Ounce (Pack of 3),[],59,9323,430,https://www.amazon.com/product-reviews/B000VDUWO0?pageNumber=6&filterByStar=all_stars&sortBy=helpful&formatType=all_formats,allStars,,"{'price': None, 'listPrice': None}",2023-10-24,United States,,B000VDUWO0,0.0
39,39,3,It's okay at best...,RIE3YLDIPOW52,https://www.amazon.com/gp/customer-reviews/RIE3YLDIPOW52/ref=cm_cr_arp_d_rvw_ttl?ie=UTF8&ASIN=B000VDUWO0,,"Reviewed in the United States on November 3, 2023","It works okay only on furniture that's in excellent condition.Easy to spray and wipe off.  You don't need a lot either.It leaves furniture with a dull matte finish and the scent isn't overpowering.Unfortunately, the dust repelling effects last 3 days max.On the fence on this one....isn't bad isn't great.As long as the price remains reasonable, I'll buy it again.",True,Size: 9.7 Ounce (Pack of 1),[],60,9323,430,https://www.amazon.com/product-reviews/B000VDUWO0?pageNumber=6&filterByStar=all_stars&sortBy=helpful&formatType=all_formats,allStars,,"{'price': None, 'listPrice': None}",2023-11-03,United States,,B000VDUWO0,0.6956
40,40,5,I love it,R1PW675N8R8DA8,https://www.amazon.com/gp/customer-reviews/R1PW675N8R8DA8/ref=cm_cr_arp_d_rvw_ttl?ie=UTF8&ASIN=B000VDUWO0,,"Reviewed in the United States on January 7, 2024",This wood polish works and shines my cabinets.,True,Size: 9.7 Ounce (Pack of 1),[],41,9323,430,https://www.amazon.com/product-reviews/B000VDUWO0?pageNumber=5&filterByStar=all_stars&sortBy=helpful&formatType=all_formats,allStars,,"{'price': None, 'listPrice': None}",2024-01-07,United States,,B000VDUWO0,0.0
41,41,5,They seem to work well,R2JTR5P3Z3B9P2,https://www.amazon.com/gp/customer-reviews/R2JTR5P3Z3B9P2/ref=cm_cr_arp_d_rvw_ttl?ie=UTF8&ASIN=B000VDUWO0,,"Reviewed in the United States on January 4, 2024",I like the way the furniture shines when I use it,True,Size: 9.7 Ounce (Pack of 3),[],42,9323,430,https://www.amazon.com/product-reviews/B000VDUWO0?pageNumber=5&filterByStar=all_stars&sortBy=helpful&formatType=all_formats,allStars,,"{'price': None, 'listPrice': None}",2024-01-04,United States,,B000VDUWO0,0.3612
42,42,5,Works very well,R3EIGLRJ9XVCU0,https://www.amazon.com/gp/customer-reviews/R3EIGLRJ9XVCU0/ref=cm_cr_arp_d_rvw_ttl?ie=UTF8&ASIN=B000VDUWO0,,"Reviewed in the United States on January 10, 2024",Great value,True,Size: 9.7 Ounce (Pack of 3),[],43,9323,430,https://www.amazon.com/product-reviews/B000VDUWO0?pageNumber=5&filterByStar=all_stars&sortBy=helpful&formatType=all_formats,allStars,,"{'price': None, 'listPrice': None}",2024-01-10,United States,,B000VDUWO0,0.7579
43,43,5,Pledge is No. 1 for a reason.  It’s the best.,R10YJ71DGM6AJ0,https://www.amazon.com/gp/customer-reviews/R10YJ71DGM6AJ0/ref=cm_cr_arp_d_rvw_ttl?ie=UTF8&ASIN=B000VDUWO0,3 people found this helpful,"Reviewed in the United States on November 30, 2023",Everyone knows the product Pledge.  It does a great job of removing dirt and dust from wood and also a great job on refrigerators and other appliances to keep the fingerprints from showing.  Pledge is always in my house,True,Size: 9.7 Ounce (Pack of 1),[],44,9323,430,https://www.amazon.com/product-reviews/B000VDUWO0?pageNumber=5&filterByStar=all_stars&sortBy=helpful&formatType=all_formats,allStars,,"{'price': None, 'listPrice': None}",2023-11-30,United States,,B000VDUWO0,0.7783
44,44,5,worked perfect,R25LJD9N0JO30L,https://www.amazon.com/gp/customer-reviews/R25LJD9N0JO30L/ref=cm_cr_arp_d_rvw_ttl?ie=UTF8&ASIN=B000VDUWO0,,"Reviewed in the United States on December 30, 2023",We needed replacement spray pledge worked out perfect,True,Size: 9.7 Ounce (Pack of 3),[],45,9323,430,https://www.amazon.com/product-reviews/B000VDUWO0?pageNumber=5&filterByStar=all_stars&sortBy=helpful&formatType=all_formats,allStars,,"{'price': None, 'listPrice': None}",2023-12-30,United States,,B000VDUWO0,0.5719
45,45,5,Lemon pledge,RKCEJEGTZ9YBJ,https://www.amazon.com/gp/customer-reviews/RKCEJEGTZ9YBJ/ref=cm_cr_arp_d_rvw_ttl?ie=UTF8&ASIN=B000VDUWO0,,"Reviewed in the United States on December 29, 2023","Good price, shipped really fast,I am very satisfied.",True,Size: 9.7 Ounce (Pack of 3),[],46,9323,430,https://www.amazon.com/product-reviews/B000VDUWO0?pageNumber=5&filterByStar=all_stars&sortBy=helpful&formatType=all_formats,allStars,,"{'price': None, 'listPrice': None}",2023-12-29,United States,,B000VDUWO0,0.7178
46,46,5,Great for Just About Anything,R3VJLYSPROER2X,https://www.amazon.com/gp/customer-reviews/R3VJLYSPROER2X/ref=cm_cr_arp_d_rvw_ttl?ie=UTF8&ASIN=B000VDUWO0,2 people found this helpful,"Reviewed in the United States on October 5, 2023","Pledge has disappeared from most stores.  I don't know why.  If you can find it, the price has gone up a lot.Amazon has several types of pledge.  I use the original in the yellow can.  The price is much less than retail stores.Remember Pledge can be used for wood furniture, stone kitchen tops, LEATHER,  stainless steel and much more.",True,Size: 9.7 Ounce (Pack of 3),[],47,9323,430,https://www.amazon.com/product-reviews/B000VDUWO0?pageNumber=5&filterByStar=all_stars&sortBy=helpful&formatType=all_formats,allStars,,"{'price': None, 'listPrice': None}",2023-10-05,United States,,B000VDUWO0,0.5719
47,47,4,ok,R3N0OSXUTYQO0A,https://www.amazon.com/gp/customer-reviews/R3N0OSXUTYQO0A/ref=cm_cr_arp_d_rvw_ttl?ie=UTF8&ASIN=B000VDUWO0,,"Reviewed in the United States on November 3, 2023",ok,True,Size: 9.7 Ounce (Pack of 1),[],48,9323,430,https://www.amazon.com/product-reviews/B000VDUWO0?pageNumber=5&filterByStar=all_stars&sortBy=helpful&formatType=all_formats,allStars,,"{'price': None, 'listPrice': None}",2023-11-03,United States,,B000VDUWO0,0.296
48,48,5,Many uses if you can get delivery,R2XTVQ0P9YH0J5,https://www.amazon.com/gp/customer-reviews/R2XTVQ0P9YH0J5/ref=cm_cr_arp_d_rvw_ttl?ie=UTF8&ASIN=B000VDUWO0,One person found this helpful,"Reviewed in the United States on October 18, 2023","I like lemon pledge. It does wonders for plastic surfaces and high gloss paint. I have tested over many years. But Amazon has suddenly broke promised times of delivery. Promise next day, get notice then it will be three days, then 5. Don't make plans!",True,Size: 9.7 Ounce (Pack of 1),[],49,9323,430,https://www.amazon.com/product-reviews/B000VDUWO0?pageNumber=5&filterByStar=all_stars&sortBy=helpful&formatType=all_formats,allStars,,"{'price': None, 'listPrice': None}",2023-10-18,United States,,B000VDUWO0,0.68
49,49,4,Works well,R1GF48QESBAJW9,https://www.amazon.com/gp/customer-reviews/R1GF48QESBAJW9/ref=cm_cr_arp_d_rvw_ttl?ie=UTF8&ASIN=B000VDUWO0,,"Reviewed in the United States on October 5, 2023",Love this product it brings back memories from cleaning with my mom.,True,Size: 9.7 Ounce (Pack of 3),[],50,9323,430,https://www.amazon.com/product-reviews/B000VDUWO0?pageNumber=5&filterByStar=all_stars&sortBy=helpful&formatType=all_formats,allStars,,"{'price': None, 'listPrice': None}",2023-10-05,United States,,B000VDUWO0,0.6369
50,50,5,Value,R3A79ZOREBA6BH,https://www.amazon.com/gp/customer-reviews/R3A79ZOREBA6BH/ref=cm_cr_arp_d_rvw_ttl?ie=UTF8&ASIN=B000VDUWO0,,"Reviewed in the United States on February 8, 2024",Good product,True,Size: 9.7 Ounce (Pack of 3),[],31,9323,430,https://www.amazon.com/product-reviews/B000VDUWO0?pageNumber=4&filterByStar=all_stars&sortBy=helpful&formatType=all_formats,allStars,,"{'price': None, 'listPrice': None}",2024-02-08,United States,,B000VDUWO0,0.4404
51,51,5,Never disappoints,RPEV1ARFL5KQ0,https://www.amazon.com/gp/customer-reviews/RPEV1ARFL5KQ0/ref=cm_cr_arp_d_rvw_ttl?ie=UTF8&ASIN=B000VDUWO0,,"Reviewed in the United States on February 5, 2024",Same ole Pledge. Does the job!,True,Size: 9.7 Ounce (Pack of 1),[],32,9323,430,https://www.amazon.com/product-reviews/B000VDUWO0?pageNumber=4&filterByStar=all_stars&sortBy=helpful&formatType=all_formats,allStars,,"{'price': None, 'listPrice': None}",2024-02-05,United States,,B000VDUWO0,0.0
52,52,5,I Pledge its a great product,R2BF2L1L90C97V,https://www.amazon.com/gp/customer-reviews/R2BF2L1L90C97V/ref=cm_cr_arp_d_rvw_ttl?ie=UTF8&ASIN=B000VDUWO0,One person found this helpful,"Reviewed in the United States on January 24, 2024",Thank you for a great value and great a product. This purchase did not disappoint.  :),True,Size: 9.7 Ounce (Pack of 3),[],33,9323,430,https://www.amazon.com/product-reviews/B000VDUWO0?pageNumber=4&filterByStar=all_stars&sortBy=helpful&formatType=all_formats,allStars,,"{'price': None, 'listPrice': None}",2024-01-24,United States,,B000VDUWO0,0.9166
53,53,5,Pledge is best,R15O29IV00DDSB,https://www.amazon.com/gp/customer-reviews/R15O29IV00DDSB/ref=cm_cr_arp_d_rvw_ttl?ie=UTF8&ASIN=B000VDUWO0,,"Reviewed in the United States on January 29, 2024",Have used this product for years!!,True,Size: 9.7 Ounce (Pack of 3),[],34,9323,430,https://www.amazon.com/product-reviews/B000VDUWO0?pageNumber=4&filterByStar=all_stars&sortBy=helpful&formatType=all_formats,allStars,,"{'price': None, 'listPrice': None}",2024-01-29,United States,,B000VDUWO0,0.0
54,54,5,Lemon Fresh Scented,R3T7GONYX6CB12,https://www.amazon.com/gp/customer-reviews/R3T7GONYX6CB12/ref=cm_cr_arp_d_rvw_ttl?ie=UTF8&ASIN=B000VDUWO0,,"Reviewed in the United States on January 13, 2024",It has a natural fresh lemon scent. It does not have a chemical smell. Spray it on a cleaning rag and wipe/rub on most wood surfaces. Keeps dust away.,True,Size: 9.7 Ounce (Pack of 3),[],35,9323,430,https://www.amazon.com/product-reviews/B000VDUWO0?pageNumber=4&filterByStar=all_stars&sortBy=helpful&formatType=all_formats,allStars,,"{'price': None, 'listPrice': None}",2024-01-13,United States,,B000VDUWO0,0.5859
55,55,5,Great value,R1PQMUIR9F2TKV,https://www.amazon.com/gp/customer-reviews/R1PQMUIR9F2TKV/ref=cm_cr_arp_d_rvw_ttl?ie=UTF8&ASIN=B000VDUWO0,,"Reviewed in the United States on January 25, 2024",Well used product,True,Size: 9.7 Ounce (Pack of 3),[],36,9323,430,https://www.amazon.com/product-reviews/B000VDUWO0?pageNumber=4&filterByStar=all_stars&sortBy=helpful&formatType=all_formats,allStars,,"{'price': None, 'listPrice': None}",2024-01-25,United States,,B000VDUWO0,0.2732
56,56,5,pricegood quailty,R17HQ1LNT9JHCQ,https://www.amazon.com/gp/customer-reviews/R17HQ1LNT9JHCQ/ref=cm_cr_arp_d_rvw_ttl?ie=UTF8&ASIN=B000VDUWO0,,"Reviewed in the United States on January 25, 2024",good polish,True,Size: 9.7 Ounce (Pack of 3),[],37,9323,430,https://www.amazon.com/product-reviews/B000VDUWO0?pageNumber=4&filterByStar=all_stars&sortBy=helpful&formatType=all_formats,allStars,,"{'price': None, 'listPrice': None}",2024-01-25,United States,,B000VDUWO0,0.4404
57,57,4,Love my lemon pledge,R26W0ZDX86NGA6,https://www.amazon.com/gp/customer-reviews/R26W0ZDX86NGA6/ref=cm_cr_arp_d_rvw_ttl?ie=UTF8&ASIN=B000VDUWO0,2 people found this helpful,"Reviewed in the United States on December 1, 2023",Like everything else  not as good as it used to be and cost more for less. Sad but true,True,Size: 9.7 Ounce (Pack of 1),[],38,9323,430,https://www.amazon.com/product-reviews/B000VDUWO0?pageNumber=4&filterByStar=all_stars&sortBy=helpful&formatType=all_formats,allStars,,"{'price': None, 'listPrice': None}",2023-12-01,United States,,B000VDUWO0,0.3217
58,58,5,Used as lubricant and polish,R2A2H1N00VPSAH,https://www.amazon.com/gp/customer-reviews/R2A2H1N00VPSAH/ref=cm_cr_arp_d_rvw_ttl?ie=UTF8&ASIN=B000VDUWO0,One person found this helpful,"Reviewed in the United States on January 7, 2024",Smells nice and can be used as lubricant on window runners.,True,Size: 9.7 Ounce (Pack of 1),[],39,9323,430,https://www.amazon.com/product-reviews/B000VDUWO0?pageNumber=4&filterByStar=all_stars&sortBy=helpful&formatType=all_formats,allStars,,"{'price': None, 'listPrice': None}",2024-01-07,United States,,B000VDUWO0,0.4215
59,59,4,Great cleaner,R1ZIYEL4M6BFPT,https://www.amazon.com/gp/customer-reviews/R1ZIYEL4M6BFPT/ref=cm_cr_arp_d_rvw_ttl?ie=UTF8&ASIN=B000VDUWO0,4 people found this helpful,"Reviewed in the United States on April 26, 2023","Are you tired of cleaning products that just don't live up to their promises? Well, you can say ""hasta la vista, baby"" to those other cleaners and give Pledge a try! This stuff is ""simply irresistible"" when it comes to cleaning surfaces around your home. It ""does exactly what it says on the tin"" and leaves your surfaces looking and feeling fantastic.Using Pledge surface cleaner is like having a ""cleaning fairy godmother"" at your fingertips. It's so easy to use and works wonders on everything from countertops to tables to mirrors. With Pledge, you can ""clean on, and feel the power""! It's ""the stuff that dreams are made of"" when it comes to cleaning your home.But don't just take my word for it - give Pledge a try and see for yourself. You'll be ""walking on sunshine"" when you see the results! So go ahead and ""make my day"" by giving Pledge surface cleaner a chance. Your home will thank you!",True,Size: 9.7 Ounce (Pack of 3),[],40,9323,430,https://www.amazon.com/product-reviews/B000VDUWO0?pageNumber=4&filterByStar=all_stars&sortBy=helpful&formatType=all_formats,allStars,,"{'price': None, 'listPrice': None}",2023-04-26,United States,,B000VDUWO0,0.9799
60,60,5,Easy to use,R30G06G15BCRWV,https://www.amazon.com/gp/customer-reviews/R30G06G15BCRWV/ref=cm_cr_arp_d_rvw_ttl?ie=UTF8&ASIN=B000VDUWO0,One person found this helpful,"Reviewed in the United States on October 1, 2023","The cleaning quality is great. I like the finish it leaves. Being that it’s spray, it’s easy to use.",True,Size: 9.7 Ounce (Pack of 1),[],61,9323,430,https://www.amazon.com/product-reviews/B000VDUWO0?pageNumber=7&filterByStar=all_stars&sortBy=helpful&formatType=all_formats,allStars,,"{'price': None, 'listPrice': None}",2023-10-01,United States,,B000VDUWO0,0.8591
61,61,5,Love the scent,RRT6PVTIUP7LF,https://www.amazon.com/gp/customer-reviews/RRT6PVTIUP7LF/ref=cm_cr_arp_d_rvw_ttl?ie=UTF8&ASIN=B000VDUWO0,,"Reviewed in the United States on October 9, 2023",This product gives a fresh scent and makes cleaning my wood a breeze.,True,Size: 9.7 Ounce (Pack of 1),[],62,9323,430,https://www.amazon.com/product-reviews/B000VDUWO0?pageNumber=7&filterByStar=all_stars&sortBy=helpful&formatType=all_formats,allStars,,"{'price': None, 'listPrice': None}",2023-10-09,United States,,B000VDUWO0,0.3182
62,62,5,Excellent,R3132925HZKKHS,https://www.amazon.com/gp/customer-reviews/R3132925HZKKHS/ref=cm_cr_arp_d_rvw_ttl?ie=UTF8&ASIN=B000VDUWO0,,"Reviewed in the United States on November 4, 2023",Does everything it advertises!,True,Size: 9.7 Ounce (Pack of 1),[],63,9323,430,https://www.amazon.com/product-reviews/B000VDUWO0?pageNumber=7&filterByStar=all_stars&sortBy=helpful&formatType=all_formats,allStars,,"{'price': None, 'listPrice': None}",2023-11-04,United States,,B000VDUWO0,0.0
63,63,4,Clean furniture,R23TEMW8KUPIS,https://www.amazon.com/gp/customer-reviews/R23TEMW8KUPIS/ref=cm_cr_arp_d_rvw_ttl?ie=UTF8&ASIN=B000VDUWO0,,"Reviewed in the United States on July 18, 2023",Really good to clean the furniture.,True,Size: 9.7 Ounce (Pack of 3),[],64,9323,430,https://www.amazon.com/product-reviews/B000VDUWO0?pageNumber=7&filterByStar=all_stars&sortBy=helpful&formatType=all_formats,allStars,,"{'price': None, 'listPrice': None}",2023-07-18,United States,,B000VDUWO0,0.7316
64,64,5,Always great,R2NKO4TMXMRSYS,https://www.amazon.com/gp/customer-reviews/R2NKO4TMXMRSYS/ref=cm_cr_arp_d_rvw_ttl?ie=UTF8&ASIN=B000VDUWO0,,"Reviewed in the United States on September 2, 2023","I used on my wood patio furniture after a unexpected sprinkler.  Dirty rain , cleaned up easy and left the wood nourished, shiny, smelling awesome!",True,Size: 9.7 Ounce (Pack of 3),[],65,9323,430,https://www.amazon.com/product-reviews/B000VDUWO0?pageNumber=7&filterByStar=all_stars&sortBy=helpful&formatType=all_formats,allStars,,"{'price': None, 'listPrice': None}",2023-09-02,United States,,B000VDUWO0,0.6588
65,65,5,Love the aroma!,RJ2UHP59580NO,https://www.amazon.com/gp/customer-reviews/RJ2UHP59580NO/ref=cm_cr_arp_d_rvw_ttl?ie=UTF8&ASIN=B000VDUWO0,One person found this helpful,"Reviewed in the United States on June 2, 2023",My mom always used this. And now I do too.  I like the aroma as it’s not so strong to bother my allergies.  Keeps things cleaner and you can even get a nice polished looked on some items should you choose. I have been doing a lot of live in home renovations and this product is helping me keep my home as clean as possible.,True,Size: 9.7 Ounce (Pack of 3),[],66,9323,430,https://www.amazon.com/product-reviews/B000VDUWO0?pageNumber=7&filterByStar=all_stars&sortBy=helpful&formatType=all_formats,allStars,,"{'price': None, 'listPrice': None}",2023-06-02,United States,,B000VDUWO0,0.591
66,66,5,Works great,R17JMUUUFBQCRD,https://www.amazon.com/gp/customer-reviews/R17JMUUUFBQCRD/ref=cm_cr_arp_d_rvw_ttl?ie=UTF8&ASIN=B000VDUWO0,,"Reviewed in the United States on October 24, 2023",Works as described,True,Size: 9.7 Ounce (Pack of 1),[],67,9323,430,https://www.amazon.com/product-reviews/B000VDUWO0?pageNumber=7&filterByStar=all_stars&sortBy=helpful&formatType=all_formats,allStars,,"{'price': None, 'listPrice': None}",2023-10-24,United States,,B000VDUWO0,0.0
67,67,5,Works great!,R2EWGF8NDFR1LF,https://www.amazon.com/gp/customer-reviews/R2EWGF8NDFR1LF/ref=cm_cr_arp_d_rvw_ttl?ie=UTF8&ASIN=B000VDUWO0,,"Reviewed in the United States on September 16, 2023",Cleans and polishes very well.  Easy to use.  Pledge is the best!,True,Size: 9.7 Ounce (Pack of 1),[],68,9323,430,https://www.amazon.com/product-reviews/B000VDUWO0?pageNumber=7&filterByStar=all_stars&sortBy=helpful&formatType=all_formats,allStars,,"{'price': None, 'listPrice': None}",2023-09-16,United States,,B000VDUWO0,0.8768
68,68,5,Nice,RP61YAZLMEROT,https://www.amazon.com/gp/customer-reviews/RP61YAZLMEROT/ref=cm_cr_arp_d_rvw_ttl?ie=UTF8&ASIN=B000VDUWO0,,"Reviewed in the United States on September 30, 2023",Does what is supposed to do,True,Size: 9.7 Ounce (Pack of 1),[],69,9323,430,https://www.amazon.com/product-reviews/B000VDUWO0?pageNumber=7&filterByStar=all_stars&sortBy=helpful&formatType=all_formats,allStars,,"{'price': None, 'listPrice': None}",2023-09-30,United States,,B000VDUWO0,0.0
69,69,5,Ok,R2B5A2K2FEGIYT,https://www.amazon.com/gp/customer-reviews/R2B5A2K2FEGIYT/ref=cm_cr_arp_d_rvw_ttl?ie=UTF8&ASIN=B000VDUWO0,,"Reviewed in the United States on October 17, 2023",It works fine,True,Size: 9.7 Ounce (Pack of 1),[],70,9323,430,https://www.amazon.com/product-reviews/B000VDUWO0?pageNumber=7&filterByStar=all_stars&sortBy=helpful&formatType=all_formats,allStars,,"{'price': None, 'listPrice': None}",2023-10-17,United States,,B000VDUWO0,0.2023
70,70,5,Seeme,R2WTPN6OJTSD45,https://www.amazon.com/gp/customer-reviews/R2WTPN6OJTSD45/ref=cm_cr_arp_d_rvw_ttl?ie=UTF8&ASIN=B000VDUWO0,,"Reviewed in the United States on February 19, 2024",I love this furniture polish leaves a beautiful shine,True,Size: 9.7 Ounce (Pack of 3),[],21,9323,430,https://www.amazon.com/product-reviews/B000VDUWO0?pageNumber=3&filterByStar=all_stars&sortBy=helpful&formatType=all_formats,allStars,,"{'price': None, 'listPrice': None}",2024-02-19,United States,,B000VDUWO0,0.8442
71,71,4,Always Reliable,R3V8U1YHO9TSBD,https://www.amazon.com/gp/customer-reviews/R3V8U1YHO9TSBD/ref=cm_cr_arp_d_rvw_ttl?ie=UTF8&ASIN=B000VDUWO0,One person found this helpful,"Reviewed in the United States on February 11, 2024","I always use Pledge items for my difficult to clean, antiquated wood pieces.",True,Size: 9.7 Ounce (Pack of 1),[],22,9323,430,https://www.amazon.com/product-reviews/B000VDUWO0?pageNumber=3&filterByStar=all_stars&sortBy=helpful&formatType=all_formats,allStars,,"{'price': None, 'listPrice': None}",2024-02-11,United States,,B000VDUWO0,0.0516
72,72,5,CHEAPER THAN WAL MART,RE0APTPZYYTFQ,https://www.amazon.com/gp/customer-reviews/RE0APTPZYYTFQ/ref=cm_cr_arp_d_rvw_ttl?ie=UTF8&ASIN=B000VDUWO0,,"Reviewed in the United States on January 24, 2024",Everyone knows this product it's been around since the Granny days.  I was paying a few dollars more a can at Wally World which - WUT? rude. So now I'm going to buy it here. This is my Pledge Har har har,True,Size: 9.7 Ounce (Pack of 1),[],23,9323,430,https://www.amazon.com/product-reviews/B000VDUWO0?pageNumber=3&filterByStar=all_stars&sortBy=helpful&formatType=all_formats,allStars,,"{'price': None, 'listPrice': None}",2024-01-24,United States,,B000VDUWO0,-0.4588
73,73,5,Loyal customer,R1G8NN0G98QL9T,https://www.amazon.com/gp/customer-reviews/R1G8NN0G98QL9T/ref=cm_cr_arp_d_rvw_ttl?ie=UTF8&ASIN=B000VDUWO0,,"Reviewed in the United States on February 18, 2024",Always loves pledge does what it needs to do,True,Size: 9.7 Ounce (Pack of 1),[],24,9323,430,https://www.amazon.com/product-reviews/B000VDUWO0?pageNumber=3&filterByStar=all_stars&sortBy=helpful&formatType=all_formats,allStars,,"{'price': None, 'listPrice': None}",2024-02-18,United States,,B000VDUWO0,0.5719
74,74,5,Good,R3FEGO281QT8AV,https://www.amazon.com/gp/customer-reviews/R3FEGO281QT8AV/ref=cm_cr_arp_d_rvw_ttl?ie=UTF8&ASIN=B000VDUWO0,,"Reviewed in the United States on February 24, 2024",Ok,True,Size: 9.7 Ounce (Pack of 3),[],25,9323,430,https://www.amazon.com/product-reviews/B000VDUWO0?pageNumber=3&filterByStar=all_stars&sortBy=helpful&formatType=all_formats,allStars,,"{'price': None, 'listPrice': None}",2024-02-24,United States,,B000VDUWO0,0.296
75,75,5,Shines and smells wonderful,R22DMLMLQCI6U3,https://www.amazon.com/gp/customer-reviews/R22DMLMLQCI6U3/ref=cm_cr_arp_d_rvw_ttl?ie=UTF8&ASIN=B000VDUWO0,One person found this helpful,"Reviewed in the United States on February 4, 2024",I have been using lemon pledge for 20 to 25 years. This is a product l  can count on a add a nice shine to my tables!,True,Size: 9.7 Ounce (Pack of 3),[],26,9323,430,https://www.amazon.com/product-reviews/B000VDUWO0?pageNumber=3&filterByStar=all_stars&sortBy=helpful&formatType=all_formats,allStars,,"{'price': None, 'listPrice': None}",2024-02-04,United States,,B000VDUWO0,0.4753
76,76,5,It works,R1EGBNV3TGWHSF,https://www.amazon.com/gp/customer-reviews/R1EGBNV3TGWHSF/ref=cm_cr_arp_d_rvw_ttl?ie=UTF8&ASIN=B000VDUWO0,One person found this helpful,"Reviewed in the United States on February 9, 2024",Have use various dust/polish over the years and Pledge just seems to do the best job.,True,Size: 9.7 Ounce (Pack of 1),[],27,9323,430,https://www.amazon.com/product-reviews/B000VDUWO0?pageNumber=3&filterByStar=all_stars&sortBy=helpful&formatType=all_formats,allStars,,"{'price': None, 'listPrice': None}",2024-02-09,United States,,B000VDUWO0,0.6369
77,77,5,good product,R1TSU9521KXXBH,https://www.amazon.com/gp/customer-reviews/R1TSU9521KXXBH/ref=cm_cr_arp_d_rvw_ttl?ie=UTF8&ASIN=B000VDUWO0,,"Reviewed in the United States on February 16, 2024",like  product,True,Size: 9.7 Ounce (Pack of 3),[],28,9323,430,https://www.amazon.com/product-reviews/B000VDUWO0?pageNumber=3&filterByStar=all_stars&sortBy=helpful&formatType=all_formats,allStars,,"{'price': None, 'listPrice': None}",2024-02-16,United States,,B000VDUWO0,0.3612
78,78,5,Love pledge!,RDWHGCFA596HI,https://www.amazon.com/gp/customer-reviews/RDWHGCFA596HI/ref=cm_cr_arp_d_rvw_ttl?ie=UTF8&ASIN=B000VDUWO0,,"Reviewed in the United States on February 6, 2024",I use it polish my wood and railing on a weekly basis. Good classic cleaning product staple.,True,Size: 9.7 Ounce (Pack of 3),[],29,9323,430,https://www.amazon.com/product-reviews/B000VDUWO0?pageNumber=3&filterByStar=all_stars&sortBy=helpful&formatType=all_formats,allStars,,"{'price': None, 'listPrice': None}",2024-02-06,United States,,B000VDUWO0,0.4404
79,79,5,Excellent product.,R28QM0RL85GDIC,https://www.amazon.com/gp/customer-reviews/R28QM0RL85GDIC/ref=cm_cr_arp_d_rvw_ttl?ie=UTF8&ASIN=B000VDUWO0,,"Reviewed in the United States on February 11, 2024",awesum,True,Size: 9.7 Ounce (Pack of 1),[],30,9323,430,https://www.amazon.com/product-reviews/B000VDUWO0?pageNumber=3&filterByStar=all_stars&sortBy=helpful&formatType=all_formats,allStars,,"{'price': None, 'listPrice': None}",2024-02-11,United States,,B000VDUWO0,0.0
80,80,5,Pledge Wood Polish Spray,R3GQZKB46UFK51,https://www.amazon.com/gp/customer-reviews/R3GQZKB46UFK51/ref=cm_cr_arp_d_rvw_ttl?ie=UTF8&ASIN=B000VDUWO0,2 people found this helpful,"Reviewed in the United States on July 26, 2023",Works excellently on all of our Wood furniture. It leaves a slim sheen which does not change the manufacturers finish.,True,Size: 9.7 Ounce (Pack of 3),[],81,9323,430,https://www.amazon.com/product-reviews/B000VDUWO0?pageNumber=9&filterByStar=all_stars&sortBy=helpful&formatType=all_formats,allStars,,"{'price': None, 'listPrice': None}",2023-07-26,United States,,B000VDUWO0,0.6249
81,81,5,Use it to clean and for slide board,R3F48C401AMS6A,https://www.amazon.com/gp/customer-reviews/R3F48C401AMS6A/ref=cm_cr_arp_d_rvw_ttl?ie=UTF8&ASIN=B000VDUWO0,,"Reviewed in the United States on May 8, 2023","I had bought this as read it works great as a lubricant for slide board. I read right. I use it to clean furniture, but it is also GREAT to use as a lube for slide board. It's an inexpensive alternative and works great. Great for cleaning also and smells nice.",True,Size: 9.7 Ounce (Pack of 1),[],82,9323,430,https://www.amazon.com/product-reviews/B000VDUWO0?pageNumber=9&filterByStar=all_stars&sortBy=helpful&formatType=all_formats,allStars,,"{'price': None, 'listPrice': None}",2023-05-08,United States,,B000VDUWO0,0.982
82,82,5,Furniture polish,R31PJNY0YEVZ6T,https://www.amazon.com/gp/customer-reviews/R31PJNY0YEVZ6T/ref=cm_cr_arp_d_rvw_ttl?ie=UTF8&ASIN=B000VDUWO0,One person found this helpful,"Reviewed in the United States on August 28, 2023",What can I say? My homemade wood loves it.,True,Size: 9.7 Ounce (Pack of 3),[],83,9323,430,https://www.amazon.com/product-reviews/B000VDUWO0?pageNumber=9&filterByStar=all_stars&sortBy=helpful&formatType=all_formats,allStars,,"{'price': None, 'listPrice': None}",2023-08-28,United States,,B000VDUWO0,0.5719
83,83,5,Pledge,R36OMA6B9M5CO,https://www.amazon.com/gp/customer-reviews/R36OMA6B9M5CO/ref=cm_cr_arp_d_rvw_ttl?ie=UTF8&ASIN=B000VDUWO0,,"Reviewed in the United States on September 1, 2023",Cleans as needed.,True,Size: 9.7 Ounce (Pack of 1),[],84,9323,430,https://www.amazon.com/product-reviews/B000VDUWO0?pageNumber=9&filterByStar=all_stars&sortBy=helpful&formatType=all_formats,allStars,,"{'price': None, 'listPrice': None}",2023-09-01,United States,,B000VDUWO0,0.0
84,84,5,Always a hard worker,R2VNNBW1R1MKQX,https://www.amazon.com/gp/customer-reviews/R2VNNBW1R1MKQX/ref=cm_cr_arp_d_rvw_ttl?ie=UTF8&ASIN=B000VDUWO0,One person found this helpful,"Reviewed in the United States on July 10, 2023","Pledge has always worked well to get my wood clean, shiny and smelling great. Restores older wood to look better as well.",True,Size: 9.7 Ounce (Pack of 1),[],85,9323,430,https://www.amazon.com/product-reviews/B000VDUWO0?pageNumber=9&filterByStar=all_stars&sortBy=helpful&formatType=all_formats,allStars,,"{'price': None, 'listPrice': None}",2023-07-10,United States,,B000VDUWO0,0.9337
85,85,4,Good Value,RQ6HGV11QBK11,https://www.amazon.com/gp/customer-reviews/RQ6HGV11QBK11/ref=cm_cr_arp_d_rvw_ttl?ie=UTF8&ASIN=B000VDUWO0,,"Reviewed in the United States on May 18, 2023",Best on the market value wise,True,Size: 9.7 Ounce (Pack of 3),[],86,9323,430,https://www.amazon.com/product-reviews/B000VDUWO0?pageNumber=9&filterByStar=all_stars&sortBy=helpful&formatType=all_formats,allStars,,"{'price': None, 'listPrice': None}",2023-05-18,United States,,B000VDUWO0,0.8658
86,86,5,Cleans very well,R3TFKHMO3XLFY7,https://www.amazon.com/gp/customer-reviews/R3TFKHMO3XLFY7/ref=cm_cr_arp_d_rvw_ttl?ie=UTF8&ASIN=B000VDUWO0,,"Reviewed in the United States on July 7, 2023",I have used lemon pledge for years and it still does a wonderful job in cleaning and shining your wood furniture.,True,Size: 9.7 Ounce (Pack of 3),[],87,9323,430,https://www.amazon.com/product-reviews/B000VDUWO0?pageNumber=9&filterByStar=all_stars&sortBy=helpful&formatType=all_formats,allStars,,"{'price': None, 'listPrice': None}",2023-07-07,United States,,B000VDUWO0,0.5719
87,87,5,Good product at a great price.,R1J6C46U94G7ZJ,https://www.amazon.com/gp/customer-reviews/R1J6C46U94G7ZJ/ref=cm_cr_arp_d_rvw_ttl?ie=UTF8&ASIN=B000VDUWO0,,"Reviewed in the United States on August 20, 2023",I use it wood furniture.,True,Size: 9.7 Ounce (Pack of 3),[],88,9323,430,https://www.amazon.com/product-reviews/B000VDUWO0?pageNumber=9&filterByStar=all_stars&sortBy=helpful&formatType=all_formats,allStars,,"{'price': None, 'listPrice': None}",2023-08-20,United States,,B000VDUWO0,0.0
88,88,5,Works As Advertised,R1JH8IHGM0U2B2,https://www.amazon.com/gp/customer-reviews/R1JH8IHGM0U2B2/ref=cm_cr_arp_d_rvw_ttl?ie=UTF8&ASIN=B000VDUWO0,,"Reviewed in the United States on July 6, 2023",I actually use it most to clean the surfaces of the airplane! Works great to polish the plastic windshield without scratching!,True,Size: 9.7 Ounce (Pack of 3),[],89,9323,430,https://www.amazon.com/product-reviews/B000VDUWO0?pageNumber=9&filterByStar=all_stars&sortBy=helpful&formatType=all_formats,allStars,,"{'price': None, 'listPrice': None}",2023-07-06,United States,,B000VDUWO0,0.8254
89,89,5,works well and adds shine,R1893NIDNOSTKP,https://www.amazon.com/gp/customer-reviews/R1893NIDNOSTKP/ref=cm_cr_arp_d_rvw_ttl?ie=UTF8&ASIN=B000VDUWO0,One person found this helpful,"Reviewed in the United States on July 20, 2023","bought a more expensive brand , this works better and easier to use",True,Size: 9.7 Ounce (Pack of 1),[],90,9323,430,https://www.amazon.com/product-reviews/B000VDUWO0?pageNumber=9&filterByStar=all_stars&sortBy=helpful&formatType=all_formats,allStars,,"{'price': None, 'listPrice': None}",2023-07-20,United States,,B000VDUWO0,0.6908
