,Unnamed: 0,ratingScore,reviewTitle,reviewId,reviewUrl,reviewReaction,reviewedIn,reviewDescription,isVerified,variant,reviewImages,position,totalCategoryRatings,totalCategoryReviews,reviewCategoryUrl,filterByRating,filterByKeyword,product,date,country,countryCode,productAsin,sentiment_score
0,0,5,No More Dustin!,R1QKPZXZCJSVKN,https://www.amazon.com/gp/customer-reviews/R1QKPZXZCJSVKN/ref=cm_cr_arp_d_rvw_ttl?ie=UTF8&ASIN=B00W5AZ526,,"Reviewed in the United States on March 24, 2024","I took a chance on these and was extremely surprised by the results. It whisks away the dust around my electronics and keeps it away for a few days...I don't know how, but it does. I love this product. It's easy to use and smells really good. Just dust and toss. My new favorite product!",True,,[],1,734,68,https://www.amazon.com/product-reviews/B00W5AZ526?pageNumber=1&filterByStar=all_stars&sortBy=helpful&formatType=all_formats,allStars,,"{'price': None, 'listPrice': None}",2024-03-24,United States,,B00W5AZ526,0.9695
1,1,5,Lovely scent!,RFFAPIT4QZE6U,https://www.amazon.com/gp/customer-reviews/RFFAPIT4QZE6U/ref=cm_cr_arp_d_rvw_ttl?ie=UTF8&ASIN=B00W5AZ526,,"Reviewed in the United States on March 29, 2024","I don't use the pledge spray at all because I have issues with aerosol sprays and my breathing. So for years I've bought the wipes, but for the longest time all they have were the lemon ones and I'm not that keen on how they smell. I had never seen these before because they don't carry them in the grocery stores, so I was really excited to see this as an option. I've been working on dusting off all my bookshelves with these and they just leave such a lovely smell in the house!",True,,[],2,734,68,https://www.amazon.com/product-reviews/B00W5AZ526?pageNumber=1&filterByStar=all_stars&sortBy=helpful&formatType=all_formats,allStars,,"{'price': None, 'listPrice': None}",2024-03-29,United States,,B00W5AZ526,0.8157
2,2,4,Love to use for cleaning - makes it faster.  Cloths seem smaller and not as many in the package.,R7GX7JIG8PNL5,https://www.amazon.com/gp/customer-reviews/R7GX7JIG8PNL5/ref=cm_cr_arp_d_rvw_ttl?ie=UTF8&ASIN=B00W5AZ526,,"Reviewed in the United States on April 2, 2024","Love to use for cleaning - makes it faster.  Cloths seem smaller and not as many in the package.  I used to just use a few of these when did a full house clean.  It took a full packet to clean recently.  I'm nearly sure the cloths are smaller, and there are fewer in the pacage.  The cloths seem smaller and don't cover enough area - so have to clean same area multiple times.",True,,[],3,734,68,https://www.amazon.com/product-reviews/B00W5AZ526?pageNumber=1&filterByStar=all_stars&sortBy=helpful&formatType=all_formats,allStars,,"{'price': None, 'listPrice': None}",2024-04-02,United States,,B00W5AZ526,0.9274
3,3,5,Easy to use,R3JUB76QAII4CQ,https://www.amazon.com/gp/customer-reviews/R3JUB76QAII4CQ/ref=cm_cr_arp_d_rvw_ttl?ie=UTF8&ASIN=B00W5AZ526,,"Reviewed in the United States on March 21, 2024","These are great to have on hand for everyday cleaning of surfaces. They can be used on wood, countertops, pretty much all surfaces. I have been using these for years and I like how they come in the wipes. I wish they had a larger size.",True,,[],4,734,68,https://www.amazon.com/product-reviews/B00W5AZ526?pageNumber=1&filterByStar=all_stars&sortBy=helpful&formatType=all_formats,allStars,,"{'price': None, 'listPrice': None}",2024-03-21,United States,,B00W5AZ526,0.9403
4,4,5,Fantastic,R8OT3B1CTQLJS,https://www.amazon.com/gp/customer-reviews/R8OT3B1CTQLJS/ref=cm_cr_arp_d_rvw_ttl?ie=UTF8&ASIN=B00W5AZ526,,"Reviewed in the United States on February 13, 2024","Easy to clean, swipe and toss.",True,,[],5,734,68,https://www.amazon.com/product-reviews/B00W5AZ526?pageNumber=1&filterByStar=all_stars&sortBy=helpful&formatType=all_formats,allStars,,"{'price': None, 'listPrice': None}",2024-02-13,United States,,B00W5AZ526,0.6808
5,5,5,Perfect for dusting all surfaces,RFNPK4FAEFF3X,https://www.amazon.com/gp/customer-reviews/RFNPK4FAEFF3X/ref=cm_cr_arp_d_rvw_ttl?ie=UTF8&ASIN=B00W5AZ526,,"Reviewed in the United States on January 3, 2024","These wipes arrived just as pictured. I am so pleased they work perfectly to dust glass, granite and wood surfaces in a hurry! No streaks or bad smells.",True,,[],6,734,68,https://www.amazon.com/product-reviews/B00W5AZ526?pageNumber=1&filterByStar=all_stars&sortBy=helpful&formatType=all_formats,allStars,,"{'price': None, 'listPrice': None}",2024-01-03,United States,,B00W5AZ526,0.5474
6,6,5,Great all purpose wipe,R129P34B0FI9SG,https://www.amazon.com/gp/customer-reviews/R129P34B0FI9SG/ref=cm_cr_arp_d_rvw_ttl?ie=UTF8&ASIN=B00W5AZ526,,"Reviewed in the United States on January 14, 2024",I’ve been using these for years and they are the best for general cleaning around the house of most surfaces. Great cleaning wipe to buy.,True,,[],7,734,68,https://www.amazon.com/product-reviews/B00W5AZ526?pageNumber=1&filterByStar=all_stars&sortBy=helpful&formatType=all_formats,allStars,,"{'price': None, 'listPrice': None}",2024-01-14,United States,,B00W5AZ526,0.8617
7,7,5,Great,R334V0EDHOGSI1,https://www.amazon.com/gp/customer-reviews/R334V0EDHOGSI1/ref=cm_cr_arp_d_rvw_ttl?ie=UTF8&ASIN=B00W5AZ526,2 people found this helpful,"Reviewed in the United States on December 24, 2023",Great smell. Easy to use. Picks up dust. Exactly what you'd expect from a pledge wipe.,True,,[],8,734,68,https://www.amazon.com/product-reviews/B00W5AZ526?pageNumber=1&filterByStar=all_stars&sortBy=helpful&formatType=all_formats,allStars,,"{'price': None, 'listPrice': None}",2023-12-24,United States,,B00W5AZ526,0.7906
8,8,4,Not as good as the original ones.,R2ML5IQZ7YSI35,https://www.amazon.com/gp/customer-reviews/R2ML5IQZ7YSI35/ref=cm_cr_arp_d_rvw_ttl?ie=UTF8&ASIN=B00W5AZ526,,"Reviewed in the United States on March 19, 2024",I like these but I like the regular ones better because they make my wood furniture look better afterwards.  I wouldn't buy again.,True,,[],9,734,68,https://www.amazon.com/product-reviews/B00W5AZ526?pageNumber=1&filterByStar=all_stars&sortBy=helpful&formatType=all_formats,allStars,,"{'price': None, 'listPrice': None}",2024-03-19,United States,,B00W5AZ526,0.9136
9,9,4,Got it to clean my car,R4SLSXPSWZY7,https://www.amazon.com/gp/customer-reviews/R4SLSXPSWZY7/ref=cm_cr_arp_d_rvw_ttl?ie=UTF8&ASIN=B00W5AZ526,,"Reviewed in the United States on February 19, 2024",It works well but it did leave fibers behind. I’m not sure if that’s my fault but they do smell nice so I’d still recommend it. Just wipe it down after with a microfiber cloth to clean up the fibers.,True,,[],10,734,68,https://www.amazon.com/product-reviews/B00W5AZ526?pageNumber=1&filterByStar=all_stars&sortBy=helpful&formatType=all_formats,allStars,,"{'price': None, 'listPrice': None}",2024-02-19,United States,,B00W5AZ526,0.7313
10,10,4,great for quick pick ups,R3UGF6QF7AXTL,https://www.amazon.com/gp/customer-reviews/R3UGF6QF7AXTL/ref=cm_cr_arp_d_rvw_ttl?ie=UTF8&ASIN=B00W5AZ526,,"Reviewed in the United States on February 22, 2021",Not great for full dusting but for a quick pick up works great,True,,[],31,734,68,https://www.amazon.com/product-reviews/B00W5AZ526?pageNumber=4&filterByStar=all_stars&sortBy=helpful&formatType=all_formats,allStars,,"{'price': None, 'listPrice': None}",2021-02-22,United States,,B00W5AZ526,-0.7641
11,11,1,Don’t buy it,RUBERVSPMHPHR,https://www.amazon.com/gp/customer-reviews/RUBERVSPMHPHR/ref=cm_cr_arp_d_rvw_ttl?ie=UTF8&ASIN=B00W5AZ526,,"Reviewed in the United States on December 29, 2023","It doesn’t matter what surface you use this product on, it leaves residue from its cloth on the surface which then creates more work!",True,,[],32,734,68,https://www.amazon.com/product-reviews/B00W5AZ526?pageNumber=4&filterByStar=all_stars&sortBy=helpful&formatType=all_formats,allStars,,"{'price': None, 'listPrice': None}",2023-12-29,United States,,B00W5AZ526,0.3595
12,12,1,Lint lint lint everywhere,R31NAZ3RX3UIKO,https://www.amazon.com/gp/customer-reviews/R31NAZ3RX3UIKO/ref=cm_cr_arp_d_rvw_ttl?ie=UTF8&ASIN=B00W5AZ526,,"Reviewed in the United States on July 31, 2023",These are the worst wipes of many options out there.  They covered every surface in massive amounts of lint despite being soaked through and through with something soapy (albeit soap that doesn't remove any grease !),True,,[],33,734,68,https://www.amazon.com/product-reviews/B00W5AZ526?pageNumber=4&filterByStar=all_stars&sortBy=helpful&formatType=all_formats,allStars,,"{'price': None, 'listPrice': None}",2023-07-31,United States,,B00W5AZ526,-0.6588
13,13,5,Streak free even on my TV!!,R38YSUBQY82XWN,https://www.amazon.com/gp/customer-reviews/R38YSUBQY82XWN/ref=cm_cr_arp_d_rvw_ttl?ie=UTF8&ASIN=B00W5AZ526,,"Reviewed in the United States on January 17, 2021",Literally works on every surface,True,,[],34,734,68,https://www.amazon.com/product-reviews/B00W5AZ526?pageNumber=4&filterByStar=all_stars&sortBy=helpful&formatType=all_formats,allStars,,"{'price': None, 'listPrice': None}",2021-01-17,United States,,B00W5AZ526,0.0
14,14,1,All wipes are dry. No moisture.,R33LKG0MYLQJII,https://www.amazon.com/gp/customer-reviews/R33LKG0MYLQJII/ref=cm_cr_arp_d_rvw_ttl?ie=UTF8&ASIN=B00W5AZ526,,"Reviewed in the United States on February 25, 2023",Unusable because they are dry. No moisture in any of the wipes.,True,,[],35,734,68,https://www.amazon.com/product-reviews/B00W5AZ526?pageNumber=4&filterByStar=all_stars&sortBy=helpful&formatType=all_formats,allStars,,"{'price': None, 'listPrice': None}",2023-02-25,United States,,B00W5AZ526,-0.296
15,15,5,Great on glass,R1SU8ZEXWZFOMP,https://www.amazon.com/gp/customer-reviews/R1SU8ZEXWZFOMP/ref=cm_cr_arp_d_rvw_ttl?ie=UTF8&ASIN=B00W5AZ526,,"Reviewed in the United States on September 8, 2016","I use these constantly, from the floors, to the walls to my electronics. Great on glass, too.",True,,[],36,734,68,https://www.amazon.com/product-reviews/B00W5AZ526?pageNumber=4&filterByStar=all_stars&sortBy=helpful&formatType=all_formats,allStars,,"{'price': None, 'listPrice': None}",2016-09-08,United States,,B00W5AZ526,0.6249
16,16,2,Pledge Multi Surface Wipes,R1OAAG4Q7M209P,https://www.amazon.com/gp/customer-reviews/R1OAAG4Q7M209P/ref=cm_cr_arp_d_rvw_ttl?ie=UTF8&ASIN=B00W5AZ526,,"Reviewed in the United States on December 8, 2017",Not very good.,True,,[],37,734,68,https://www.amazon.com/product-reviews/B00W5AZ526?pageNumber=4&filterByStar=all_stars&sortBy=helpful&formatType=all_formats,allStars,,"{'price': None, 'listPrice': None}",2017-12-08,United States,,B00W5AZ526,-0.3865
17,17,1,Do not order!,RKTMY3Z2QIQGV,https://www.amazon.com/gp/customer-reviews/RKTMY3Z2QIQGV/ref=cm_cr_arp_d_rvw_ttl?ie=UTF8&ASIN=B00W5AZ526,One person found this helpful,"Reviewed in the United States on February 21, 2020",They were dried out when they arrived. Could not use.,True,,[],38,734,68,https://www.amazon.com/product-reviews/B00W5AZ526?pageNumber=4&filterByStar=all_stars&sortBy=helpful&formatType=all_formats,allStars,,"{'price': None, 'listPrice': None}",2020-02-21,United States,,B00W5AZ526,0.0
18,18,5,Work so well,R2YTPFFVI86563,https://www.amazon.com/gp/customer-reviews/R2YTPFFVI86563/ref=cm_cr_arp_d_rvw_ttl?ie=UTF8&ASIN=B00W5AZ526,,"Reviewed in the United States on March 30, 2023",I use the to clean my kitchen cabinets. It keeps the wood looking nice without buildup!,False,,[],39,734,68,https://www.amazon.com/product-reviews/B00W5AZ526?pageNumber=4&filterByStar=all_stars&sortBy=helpful&formatType=all_formats,allStars,,"{'price': None, 'listPrice': None}",2023-03-30,United States,,B00W5AZ526,0.6996
19,19,4,Perfect for computer/monitor/keyboard cleaning.,R31NWJE8Z0NDRD,https://www.amazon.com/gp/customer-reviews/R31NWJE8Z0NDRD/ref=cm_cr_arp_d_rvw_ttl?ie=UTF8&ASIN=B00W5AZ526,,"Reviewed in the United States on January 22, 2019","These are nicely sized for cleaning a larger computer monitor, TV screen, or laptop keyboard/trackpad/screen. The alcohol infused pad works nicely for eyeglasses as well. I tried using these as well on greasy surfaces, including kitchen counter (granite) and appliances (stainless steel). There, the wipe was less useful - while it was tender on the stainless steel, it left a film which then needed to be wiped off separately to get the glossy granite appearance back again. The wipe is noted on the packaging to be 3x better at removal of ""dust and messes"" versus a dry cloth, but one would ordinarily take a paper towel and at least use some water on it to remove dust and messes. A little rubbing alcohol on a paper towel would be pretty similar to this product, though here we have a softer wipe that won't scratch electronic screens. Overall, these are quite nice for computer/monitor cleaning, but I think there are more cost-efficient approaches that have better overall results for kitchen cleanup.",False,,[],40,734,68,https://www.amazon.com/product-reviews/B00W5AZ526?pageNumber=4&filterByStar=all_stars&sortBy=helpful&formatType=all_formats,allStars,,"{'price': None, 'listPrice': None}",2019-01-22,United States,,B00W5AZ526,0.964
20,20,3,Leaves Behind Lint,RYPX2BA6XNMIP,https://www.amazon.com/gp/customer-reviews/RYPX2BA6XNMIP/ref=cm_cr_arp_d_rvw_ttl?ie=UTF8&ASIN=B00W5AZ526,,"Reviewed in the United States on February 24, 2024","I used these wipes to clean non-wood surfaces in my home.  They are quite thin and a bit small, and they leave a lot of lint on the surface, even with switching to a new wipe. The lint issue did not impress me because it just looks like I didn't dust at all. While I was really trying to avoid using a spray, I haven't decided if I will buy this again.",True,,[],11,734,68,https://www.amazon.com/product-reviews/B00W5AZ526?pageNumber=2&filterByStar=all_stars&sortBy=helpful&formatType=all_formats,allStars,,"{'price': None, 'listPrice': None}",2024-02-24,United States,,B00W5AZ526,0.0336
21,21,5,Keep in my car,R3PM8XVWXG7EEZ,https://www.amazon.com/gp/customer-reviews/R3PM8XVWXG7EEZ/ref=cm_cr_arp_d_rvw_ttl?ie=UTF8&ASIN=B00W5AZ526,,"Reviewed in the United States on January 15, 2024","Perfect for windows, mirrors & upholstery.",True,,[],12,734,68,https://www.amazon.com/product-reviews/B00W5AZ526?pageNumber=2&filterByStar=all_stars&sortBy=helpful&formatType=all_formats,allStars,,"{'price': None, 'listPrice': None}",2024-01-15,United States,,B00W5AZ526,0.5719
22,22,4,Not moist enough,R3ECCTXTZH1E6G,https://www.amazon.com/gp/customer-reviews/R3ECCTXTZH1E6G/ref=cm_cr_arp_d_rvw_ttl?ie=UTF8&ASIN=B00W5AZ526,,"Reviewed in the United States on July 9, 2023",Maybe these have been in storage too long but I didn't find the wipes moist enough to clean effectively.  I had to use 2 wipes to clean surfaces 1 wipe should have cleaned.  Also I felt the wipes to be too small. But they do clean multiple surfaces streak clear.,True,,[],13,734,68,https://www.amazon.com/product-reviews/B00W5AZ526?pageNumber=2&filterByStar=all_stars&sortBy=helpful&formatType=all_formats,allStars,,"{'price': None, 'listPrice': None}",2023-07-09,United States,,B00W5AZ526,0.9578
23,23,5,Keeping the dust down!,R1OQGHV9QMEHIG,https://www.amazon.com/gp/customer-reviews/R1OQGHV9QMEHIG/ref=cm_cr_arp_d_rvw_ttl?ie=UTF8&ASIN=B00W5AZ526,One person found this helpful,"Reviewed in the United States on November 25, 2023",I have allergies to dust so these are perfect!  You can keep the house clean without worrying about the dust effecting you.,True,,[],14,734,68,https://www.amazon.com/product-reviews/B00W5AZ526?pageNumber=2&filterByStar=all_stars&sortBy=helpful&formatType=all_formats,allStars,,"{'price': None, 'listPrice': None}",2023-11-25,United States,,B00W5AZ526,0.8398
24,24,5,Pledge,R1ZMMS0MTGNNJK,https://www.amazon.com/gp/customer-reviews/R1ZMMS0MTGNNJK/ref=cm_cr_arp_d_rvw_ttl?ie=UTF8&ASIN=B00W5AZ526,2 people found this helpful,"Reviewed in the United States on November 29, 2023",Does a great job. Wish more came in the package,True,,[],15,734,68,https://www.amazon.com/product-reviews/B00W5AZ526?pageNumber=2&filterByStar=all_stars&sortBy=helpful&formatType=all_formats,allStars,,"{'price': None, 'listPrice': None}",2023-11-29,United States,,B00W5AZ526,0.7783
25,25,5,Wipes,R13LD6GZE7XQ84,https://www.amazon.com/gp/customer-reviews/R13LD6GZE7XQ84/ref=cm_cr_arp_d_rvw_ttl?ie=UTF8&ASIN=B00W5AZ526,,"Reviewed in the United States on November 9, 2023",Repeat purchaser. Love the smell and performance.,True,,[],16,734,68,https://www.amazon.com/product-reviews/B00W5AZ526?pageNumber=2&filterByStar=all_stars&sortBy=helpful&formatType=all_formats,allStars,,"{'price': None, 'listPrice': None}",2023-11-09,United States,,B00W5AZ526,0.6369
26,26,5,Love these,RSYD9Y0LP7S50,https://www.amazon.com/gp/customer-reviews/RSYD9Y0LP7S50/ref=cm_cr_arp_d_rvw_ttl?ie=UTF8&ASIN=B00W5AZ526,2 people found this helpful,"Reviewed in the United States on July 29, 2023",First time ordering these and I love them. I use these on my wood furniture and they worked very well. These wipes smell so good and they don’t leave a greasy residue that needs to be wiped a second time. I highly recommend.,True,,[],17,734,68,https://www.amazon.com/product-reviews/B00W5AZ526?pageNumber=2&filterByStar=all_stars&sortBy=helpful&formatType=all_formats,allStars,,"{'price': None, 'listPrice': None}",2023-07-29,United States,,B00W5AZ526,0.9174
27,27,5,A Fresh and Effective Clean,R1I71UZVO19CDM,https://www.amazon.com/gp/customer-reviews/R1I71UZVO19CDM/ref=cm_cr_arp_d_rvw_ttl?ie=UTF8&ASIN=B00W5AZ526,3 people found this helpful,"Reviewed in the United States on January 14, 2023","Pledge Everyday Clean Multisurface Wipes, Fresh Citrus are a great cleaning solution for all your household surfaces. They are easy to use and do a great job of cleaning and refreshing my entertainment center, shelves, and nightstands. I appreciate the fresh citrus scent, it leaves a pleasant smell in the room after cleaning. The wipes are versatile and can be used on multiple surfaces including wood, metal, and plastic. They are also great for removing dust, smudges, and fingerprints. I highly recommend these wipes for anyone looking for a quick and effective way to clean and freshen up their home.",True,,[],18,734,68,https://www.amazon.com/product-reviews/B00W5AZ526?pageNumber=2&filterByStar=all_stars&sortBy=helpful&formatType=all_formats,allStars,,"{'price': None, 'listPrice': None}",2023-01-14,United States,,B00W5AZ526,0.9907
28,28,5,Smells great!,R28VXKIIAKV55K,https://www.amazon.com/gp/customer-reviews/R28VXKIIAKV55K/ref=cm_cr_arp_d_rvw_ttl?ie=UTF8&ASIN=B00W5AZ526,,"Reviewed in the United States on August 10, 2023",Smells good,True,,[],19,734,68,https://www.amazon.com/product-reviews/B00W5AZ526?pageNumber=2&filterByStar=all_stars&sortBy=helpful&formatType=all_formats,allStars,,"{'price': None, 'listPrice': None}",2023-08-10,United States,,B00W5AZ526,0.4404
29,29,5,Pledge Multi Cleaner Wipes,RU4GO6OCB61FV,https://www.amazon.com/gp/customer-reviews/RU4GO6OCB61FV/ref=cm_cr_arp_d_rvw_ttl?ie=UTF8&ASIN=B00W5AZ526,,"Reviewed in the United States on June 13, 2023","Use all time wipes are better for me, glad product became wipes!",True,,[],20,734,68,https://www.amazon.com/product-reviews/B00W5AZ526?pageNumber=2&filterByStar=all_stars&sortBy=helpful&formatType=all_formats,allStars,,"{'price': None, 'listPrice': None}",2023-06-13,United States,,B00W5AZ526,0.7345
30,30,5,"work well, fair price",R33EI0S9DXY0YT,https://www.amazon.com/gp/customer-reviews/R33EI0S9DXY0YT/ref=cm_cr_arp_d_rvw_ttl?ie=UTF8&ASIN=B00W5AZ526,One person found this helpful,"Reviewed in the United States on April 21, 2023",Amazon saved me a trip to the store.  These little wipes do the trick.  Would buy again.,True,,[],21,734,68,https://www.amazon.com/product-reviews/B00W5AZ526?pageNumber=3&filterByStar=all_stars&sortBy=helpful&formatType=all_formats,allStars,,"{'price': None, 'listPrice': None}",2023-04-21,United States,,B00W5AZ526,0.5106
31,31,5,A must-have for dusty surfaces!!!!!!!,R1BLFX68JKUU57,https://www.amazon.com/gp/customer-reviews/R1BLFX68JKUU57/ref=cm_cr_arp_d_rvw_ttl?ie=UTF8&ASIN=B00W5AZ526,,"Reviewed in the United States on February 27, 2023","I live in tge desert where there is alot of dust.  I like these because I can dust almost any surface, then throw them away.  Beats using a towel!",True,,[],22,734,68,https://www.amazon.com/product-reviews/B00W5AZ526?pageNumber=3&filterByStar=all_stars&sortBy=helpful&formatType=all_formats,allStars,,"{'price': None, 'listPrice': None}",2023-02-27,United States,,B00W5AZ526,0.4199
32,32,3,Just okay,R3TFUJE10BEYEF,https://www.amazon.com/gp/customer-reviews/R3TFUJE10BEYEF/ref=cm_cr_arp_d_rvw_ttl?ie=UTF8&ASIN=B00W5AZ526,,"Reviewed in the United States on May 13, 2023","These wipes have a nice scent. However, I feel like they leave a lint like residue behind on my furniture.",True,,[],23,734,68,https://www.amazon.com/product-reviews/B00W5AZ526?pageNumber=3&filterByStar=all_stars&sortBy=helpful&formatType=all_formats,allStars,,"{'price': None, 'listPrice': None}",2023-05-13,United States,,B00W5AZ526,0.765
33,33,1,"Junk! Small, thin! Shrink-flation!",R15ZXJUGSAEQNA,https://www.amazon.com/gp/customer-reviews/R15ZXJUGSAEQNA/ref=cm_cr_arp_d_rvw_ttl?ie=UTF8&ASIN=B00W5AZ526,,"Reviewed in the United States on March 31, 2024","These things are small and thin, unlike the ones I used to get from the store but discontinued. Yet another example of corporate greed through ""shrink-flation""!",True,,[],24,734,68,https://www.amazon.com/product-reviews/B00W5AZ526?pageNumber=3&filterByStar=all_stars&sortBy=helpful&formatType=all_formats,allStars,,"{'price': None, 'listPrice': None}",2024-03-31,United States,,B00W5AZ526,-0.5916
34,34,2,Don't Waste Your Money.,RNRE0AEX05YDY,https://www.amazon.com/gp/customer-reviews/RNRE0AEX05YDY/ref=cm_cr_arp_d_rvw_ttl?ie=UTF8&ASIN=B00W5AZ526,One person found this helpful,"Reviewed in the United States on August 30, 2023",These don't work nearly as well as old fashioned dusting spray and a rag. The wipes just push dust around. Save your money.,True,,[],25,734,68,https://www.amazon.com/product-reviews/B00W5AZ526?pageNumber=3&filterByStar=all_stars&sortBy=helpful&formatType=all_formats,allStars,,"{'price': None, 'listPrice': None}",2023-08-30,United States,,B00W5AZ526,0.6486
35,35,5,Great!,R3FVIF5TPVSP1N,https://www.amazon.com/gp/customer-reviews/R3FVIF5TPVSP1N/ref=cm_cr_arp_d_rvw_ttl?ie=UTF8&ASIN=B00W5AZ526,,"Reviewed in the United States on December 30, 2022",Works well,True,,[],26,734,68,https://www.amazon.com/product-reviews/B00W5AZ526?pageNumber=3&filterByStar=all_stars&sortBy=helpful&formatType=all_formats,allStars,,"{'price': None, 'listPrice': None}",2022-12-30,United States,,B00W5AZ526,0.2732
36,36,5,Works!,R39WT6ZAFYJS4J,https://www.amazon.com/gp/customer-reviews/R39WT6ZAFYJS4J/ref=cm_cr_arp_d_rvw_ttl?ie=UTF8&ASIN=B00W5AZ526,,"Reviewed in the United States on October 23, 2022","I have tried everything to clean my stainless refrigerator doors, and this works.",True,,[],27,734,68,https://www.amazon.com/product-reviews/B00W5AZ526?pageNumber=3&filterByStar=all_stars&sortBy=helpful&formatType=all_formats,allStars,,"{'price': None, 'listPrice': None}",2022-10-23,United States,,B00W5AZ526,0.4019
37,37,2,No longer a dusting cloth?,R3GKEKTD03L9Y3,https://www.amazon.com/gp/customer-reviews/R3GKEKTD03L9Y3/ref=cm_cr_arp_d_rvw_ttl?ie=UTF8&ASIN=B00W5AZ526,,"Reviewed in the United States on February 15, 2023","I ordered these because Kroger was out of the dusting wipes. I don’t know what they’ve done to them, but they manage to be wet and unable to actually dust at the same time. It just smears the dust around but doesn’t remove it or fully clean/dust the surface. Very odd. Won’t order again.",True,,[],28,734,68,https://www.amazon.com/product-reviews/B00W5AZ526?pageNumber=3&filterByStar=all_stars&sortBy=helpful&formatType=all_formats,allStars,,"{'price': None, 'listPrice': None}",2023-02-15,United States,,B00W5AZ526,-0.5251
38,38,5,Best wipes for electronics or more delicate surfaces,R2QCRSH9H2CYII,https://www.amazon.com/gp/customer-reviews/R2QCRSH9H2CYII/ref=cm_cr_arp_d_rvw_ttl?ie=UTF8&ASIN=B00W5AZ526,2 people found this helpful,"Reviewed in the United States on April 3, 2020","There's a lot to say about these wipes, I won't use anything else for all electronics and screens or mirrors, and cell phones...You honestly need to make these a necessity in your home.  You won't regret it.  Wipes never dry out, they never rip or tear which makes them awesome for cleaning buttons or crevices and even controller joysticks.",True,,[],29,734,68,https://www.amazon.com/product-reviews/B00W5AZ526?pageNumber=3&filterByStar=all_stars&sortBy=helpful&formatType=all_formats,allStars,,"{'price': None, 'listPrice': None}",2020-04-03,United States,,B00W5AZ526,0.8635
39,39,2,Notvgood,RL9NTEGXBVDSC,https://www.amazon.com/gp/customer-reviews/RL9NTEGXBVDSC/ref=cm_cr_arp_d_rvw_ttl?ie=UTF8&ASIN=B00W5AZ526,,"Reviewed in the United States on July 24, 2023","Use it on furniture, it gave it no shine at all,disappointed,",True,,[],30,734,68,https://www.amazon.com/product-reviews/B00W5AZ526?pageNumber=3&filterByStar=all_stars&sortBy=helpful&formatType=all_formats,allStars,,"{'price': None, 'listPrice': None}",2023-07-24,United States,,B00W5AZ526,-0.296
40,40,5,Lemon!,R3FLVIZNQZPEBQ,https://www.amazon.com/gp/customer-reviews/R3FLVIZNQZPEBQ/ref=cm_cr_arp_d_rvw_ttl?ie=UTF8&ASIN=B00W5AZ526,,"Reviewed in the United States on September 24, 2018","I love the scent. It takes me back to polishing furniture when I was a kid (chore time!). These are super handy. I love that I can put them in the top drawer of my buffet. Then I  can easily access them as I like!Nice product to have on hand for those ""Who's coming over right now?  OMG!""  moments.",False,,[],61,734,68,https://www.amazon.com/product-reviews/B00W5AZ526?pageNumber=7&filterByStar=all_stars&sortBy=helpful&formatType=all_formats,allStars,,"{'price': None, 'listPrice': None}",2018-09-24,United States,,B00W5AZ526,0.9665
41,41,5,Great,RJ0Y2IAFRM5NK,https://www.amazon.com/gp/customer-reviews/RJ0Y2IAFRM5NK/ref=cm_cr_arp_d_rvw_ttl?ie=UTF8&ASIN=B00W5AZ526,,"Reviewed in the United States on September 10, 2018","These wipes are great for ALL surfaces. I've used on granite, wood and tile. Works great",False,,[],62,734,68,https://www.amazon.com/product-reviews/B00W5AZ526?pageNumber=7&filterByStar=all_stars&sortBy=helpful&formatType=all_formats,allStars,,"{'price': None, 'listPrice': None}",2018-09-10,United States,,B00W5AZ526,0.8481
42,42,3,"Wipes are good, size is not very useful",RYNA0HJZ14IVP,https://www.amazon.com/gp/customer-reviews/RYNA0HJZ14IVP/ref=cm_cr_arp_d_rvw_ttl?ie=UTF8&ASIN=B00W5AZ526,,"Reviewed in the United States on September 5, 2018","I like the wipes.  They work well.  They do clean a variety of surfaces well.  We go through them fast enough that they don’t get the chance to dry out, so I am not sure how long these hold up in this packaging.  I generally find that wipes like these do better in a plastic container with a lid though as these  seals are generally not as air tight and they also don’t hold much, if any of the excess cleaning fluids, while the plastic container ones do generally allow the wipes to sit in some excess fluids.The only reason for three stars instead of 4 is that this size just seems weird.  Unless you want them for say in your car or don’t clean much, I don’t really see the point of such a small package of wipes.  It seems more wasteful that the plastic jar versions and those can at least be reused.So overall?  They’re perfectly fine wipes.  I’m just not a fan of the packing / size.  I’d probably buy a bigger container of these then buy a reusable wipe container and fill it from the larger container.",False,,[],63,734,68,https://www.amazon.com/product-reviews/B00W5AZ526?pageNumber=7&filterByStar=all_stars&sortBy=helpful&formatType=all_formats,allStars,,"{'price': None, 'listPrice': None}",2018-09-05,United States,,B00W5AZ526,0.9629
43,43,3,Not great for glass,RALONX7WPMO66,https://www.amazon.com/gp/customer-reviews/RALONX7WPMO66/ref=cm_cr_arp_d_rvw_ttl?ie=UTF8&ASIN=B00W5AZ526,,"Reviewed in the United States on October 11, 2018","The citrus scent of these wipes is really great, they smell very good. However, they don't seem to be very wet, they almost feel like they're on the verge of drying out. Wood surfaces and countertops are really great targets, but these do not clean glass surfaces too well. They leave streaks and a cloudy surface. The spray version of these wipes may be a better match for glass, but I would just leave these for wood and countertops.",False,,[],64,734,68,https://www.amazon.com/product-reviews/B00W5AZ526?pageNumber=7&filterByStar=all_stars&sortBy=helpful&formatType=all_formats,allStars,,"{'price': None, 'listPrice': None}",2018-10-11,United States,,B00W5AZ526,0.8783
44,44,3,Work - sort of.,R333U97QFETBB4,https://www.amazon.com/gp/customer-reviews/R333U97QFETBB4/ref=cm_cr_arp_d_rvw_ttl?ie=UTF8&ASIN=B00W5AZ526,,"Reviewed in the United States on September 8, 2018","These do work, but they don’t do much cleaning per wipe. We’ve cut them smaller and that way each area of the smaller wipe gets used and each full sized wipe does more. And, they don’t do well at more than ordinary dust.For regular use these are not something we would buy.This is a disappointing product from this company.",False,,[],65,734,68,https://www.amazon.com/product-reviews/B00W5AZ526?pageNumber=7&filterByStar=all_stars&sortBy=helpful&formatType=all_formats,allStars,,"{'price': None, 'listPrice': None}",2018-09-08,United States,,B00W5AZ526,-0.6486
45,45,2,They just don't seem to clean very well,R3COY8XZH035M,https://www.amazon.com/gp/customer-reviews/R3COY8XZH035M/ref=cm_cr_arp_d_rvw_ttl?ie=UTF8&ASIN=B00W5AZ526,One person found this helpful,"Reviewed in the United States on September 5, 2018","These Pledge Multi Surface Wipes don't leave a residue behind but they just didn't seem to clean very well.You get a package of 25 wipes in a resealable pouch. These wipes are safe for almost all surfaces. The wipes have a fresh, lemony scent and are thick enough. They seem to do a great job dusting - especially electronics and monitor screens - and I do appreciate that they leave no residue. But for regular cleaning? They just didn't do a very good job cleaning my stainless steel appliances. Now I do have a large, messy household filled with way too many kids and pets but the regular wipes I use do a good job of actually cleaning and then I just wipe with damp paper towel to remove any streaks. These wipes are very smooth so maybe that's why they don't do a great job cleaning? No textured surface to assist in scrubbing stubborn areas?Also, 25 in a pouch seems like a meager amount.I was looking forward to using these to skip the step of wiping surfaces with a damp paper towel but since they don't clean well, I won't get them again. I like the way they clean monitors but I can use alcohol on a microfiber towel and get results that are just as good.",False,,[],66,734,68,https://www.amazon.com/product-reviews/B00W5AZ526?pageNumber=7&filterByStar=all_stars&sortBy=helpful&formatType=all_formats,allStars,,"{'price': None, 'listPrice': None}",2018-09-05,United States,,B00W5AZ526,-0.3977
46,46,4,Works on Dust,R18VLALH4KWQUJ,https://www.amazon.com/gp/customer-reviews/R18VLALH4KWQUJ/ref=cm_cr_arp_d_rvw_ttl?ie=UTF8&ASIN=B00W5AZ526,,"Reviewed in the United States on November 3, 2018","Pledge Multi Surface formula convenient wipes work well for my living room needs of wiping the TV stand and electronics. I use a separate clorox wipe for the kitchen and bathroom. Overall, I find these work well to remove dust.",False,,[],67,734,68,https://www.amazon.com/product-reviews/B00W5AZ526?pageNumber=7&filterByStar=all_stars&sortBy=helpful&formatType=all_formats,allStars,,"{'price': None, 'listPrice': None}",2018-11-03,United States,,B00W5AZ526,0.4939
47,47,5,Love them,R1WV2UQLO5WQ90,https://www.amazon.com/gp/customer-reviews/R1WV2UQLO5WQ90/ref=cm_cr_arp_d_rvw_ttl?ie=UTF8&ASIN=B00W5AZ526,,"Reviewed in the United States on June 16, 2022","They cleaned the inside of my car, the bathroom sinks and the top of the oven.  And I just got started! Smells nice too.",True,,[],68,734,68,https://www.amazon.com/product-reviews/B00W5AZ526?pageNumber=7&filterByStar=all_stars&sortBy=helpful&formatType=all_formats,allStars,,"{'price': None, 'listPrice': None}",2022-06-16,United States,,B00W5AZ526,0.5983
48,48,4,"Great for quick touch-ups, but not for moderate/heavy cleaning",R1D4ZQG80J0YZN,https://www.amazon.com/gp/customer-reviews/R1D4ZQG80J0YZN/ref=cm_cr_arp_d_rvw_ttl?ie=UTF8&ASIN=B00W5AZ526,,"Reviewed in the United States on September 18, 2018","These wipes are great for touch-up cleaning.  I can do a quick wipe down of my bathroom vanity with one wipe:  mirror, granite counter top, fixtures and wood vanity – it usually takes at least two separate products, so kudos to the folks at Pledge for coming up with a true multi-surface formula.On the downside these wipes are just not going to cut it for moderate, let alone heavy, cleaning.  You’ll just end up using wipe after wipe – not very economical.My verdict?  Great to have on hand for a quick touch-up, but realistically these wipes aren’t going to take the place of your usual roster of cleaning products.",False,,[],41,734,68,https://www.amazon.com/product-reviews/B00W5AZ526?pageNumber=5&filterByStar=all_stars&sortBy=helpful&formatType=all_formats,allStars,,"{'price': None, 'listPrice': None}",2018-09-18,United States,,B00W5AZ526,0.8144
49,49,4,Works well for light cleaning,R2EH09E4W5T0XI,https://www.amazon.com/gp/customer-reviews/R2EH09E4W5T0XI/ref=cm_cr_arp_d_rvw_ttl?ie=UTF8&ASIN=B00W5AZ526,,"Reviewed in the United States on September 29, 2018","These smell fantastic, and they work great for multiple surfaces.  I use them to do a quick wipe of my table before I eat.  I also use them for the counter, but since my cats jump on there, I prefer to use a different cleanser with bleach.  These wipes don't leave a residue, and they are really handy in the little pouch.  They work well for coffee tables, or dusting.  I like them!",False,,[],42,734,68,https://www.amazon.com/product-reviews/B00W5AZ526?pageNumber=5&filterByStar=all_stars&sortBy=helpful&formatType=all_formats,allStars,,"{'price': None, 'listPrice': None}",2018-09-29,United States,,B00W5AZ526,0.8824
50,50,4,Perfect For My Office,R17XFUNTAI21PK,https://www.amazon.com/gp/customer-reviews/R17XFUNTAI21PK/ref=cm_cr_arp_d_rvw_ttl?ie=UTF8&ASIN=B00W5AZ526,,"Reviewed in the United States on September 5, 2018","I don't think this packaging is suitable for home use simply because it is not enough wipes to maintain a home. However, it is perfect for a car or office.I am using it in my office when I need to wipe down my desk occasionally. I also use it to wipe my phone and light switch. It's perfect for keeping things clean and tidy in my office. It has a gentle lemony smell too.",False,,[],43,734,68,https://www.amazon.com/product-reviews/B00W5AZ526?pageNumber=5&filterByStar=all_stars&sortBy=helpful&formatType=all_formats,allStars,,"{'price': None, 'listPrice': None}",2018-09-05,United States,,B00W5AZ526,0.9186
51,51,4,Lemony Fresh,RK8HROJPSVQ8F,https://www.amazon.com/gp/customer-reviews/RK8HROJPSVQ8F/ref=cm_cr_arp_d_rvw_ttl?ie=UTF8&ASIN=B00W5AZ526,,"Reviewed in the United States on September 6, 2018","I use Lysol and Clorox Wipes all the time, but I wouldn't use them on glass or screens -- that's where Pledge Multi Surface Wipes come in. They're single use wipes, not designed for tough stains or big messes, but perfect for wiping fingerprints and other daily dirt. I've used them on wood (composite) furniture, vinyl upholstery, touch screens, and counter tops, as well as glass and stainless steel. Very handy for cleaning and dusting all in one step.",False,,[],44,734,68,https://www.amazon.com/product-reviews/B00W5AZ526?pageNumber=5&filterByStar=all_stars&sortBy=helpful&formatType=all_formats,allStars,,"{'price': None, 'listPrice': None}",2018-09-06,United States,,B00W5AZ526,0.8911
52,52,4,Works Well,R1LKBV0V4TE23L,https://www.amazon.com/gp/customer-reviews/R1LKBV0V4TE23L/ref=cm_cr_arp_d_rvw_ttl?ie=UTF8&ASIN=B00W5AZ526,,"Reviewed in the United States on September 8, 2018",Pledge Multi Surface Wipes do a great job for a quick cleanup.  I used these on my daughter's car and they work well for the dashboard dust cleanup.  They did get some of the dirt off as well but one area that they did great on was the windows.  These cleaned fast without much streaking.  I would recommend these to have on hand for those times when a quick cleanup is needed.  Well worth getting.,False,,[],45,734,68,https://www.amazon.com/product-reviews/B00W5AZ526?pageNumber=5&filterByStar=all_stars&sortBy=helpful&formatType=all_formats,allStars,,"{'price': None, 'listPrice': None}",2018-09-08,United States,,B00W5AZ526,0.9688
53,53,4,"Nice Citrus Smell, Cleans Well",RV3BNZH59M4DM,https://www.amazon.com/gp/customer-reviews/RV3BNZH59M4DM/ref=cm_cr_arp_d_rvw_ttl?ie=UTF8&ASIN=B00W5AZ526,,"Reviewed in the United States on September 26, 2018",Pledge Multi Surface Wipes came out of the package with a clean citrus smell and did a nice job cleaning the majority of surfaces.  I would recommend this more for counters and wiping down of appliances more than usage for a car dash (as an example).**** RECOMMENDED,False,,[],46,734,68,https://www.amazon.com/product-reviews/B00W5AZ526?pageNumber=5&filterByStar=all_stars&sortBy=helpful&formatType=all_formats,allStars,,"{'price': None, 'listPrice': None}",2018-09-26,United States,,B00W5AZ526,0.8602
54,54,4,Decent but not amazing cleaning wipes.,R3KTVBBJOHII9V,https://www.amazon.com/gp/customer-reviews/R3KTVBBJOHII9V/ref=cm_cr_arp_d_rvw_ttl?ie=UTF8&ASIN=B00W5AZ526,,"Reviewed in the United States on October 7, 2018","These are okay cleaning wipes.  Nothing amazing, but good for a quick dusting or to take some light residue of kitchen counters.  I don't know that I would get them again, but they work okay for what they are.",False,,[],47,734,68,https://www.amazon.com/product-reviews/B00W5AZ526?pageNumber=5&filterByStar=all_stars&sortBy=helpful&formatType=all_formats,allStars,,"{'price': None, 'listPrice': None}",2018-10-07,United States,,B00W5AZ526,-0.3281
55,55,4,Who doesn't love the smell of Pledge?,RF9GB09TAENGM,https://www.amazon.com/gp/customer-reviews/RF9GB09TAENGM/ref=cm_cr_arp_d_rvw_ttl?ie=UTF8&ASIN=B00W5AZ526,,"Reviewed in the United States on September 25, 2018","This guy, right here. Really don't care for the smell, at all. And so I really didn't like the idea of these wipes, but they're really, really useful, and have a pretty mild smell. They also clean quite well.",False,,[],48,734,68,https://www.amazon.com/product-reviews/B00W5AZ526?pageNumber=5&filterByStar=all_stars&sortBy=helpful&formatType=all_formats,allStars,,"{'price': None, 'listPrice': None}",2018-09-25,United States,,B00W5AZ526,0.9309
56,56,5,Very good product for cleaning stainless steel appliances,R3FIEC4KMB70LE,https://www.amazon.com/gp/customer-reviews/R3FIEC4KMB70LE/ref=cm_cr_arp_d_rvw_ttl?ie=UTF8&ASIN=B00W5AZ526,,"Reviewed in the United States on September 11, 2018","I have all stainless steel appliances and have tried the products especially for stainless steel and have not been pleased with the results.These work great and leave the surface looking and feeling clean so I don't have to wipe them down with a dry towel.Grease comes off the hood over the stove top easily and with less effort than using a degreaser spray with towels.Does an excellent job on the fridge and the dishwasher.Most of my counters are butcherblock so I don't use them there but I do have a section that is marble, for pastry and these remove the residual oils from the pastry.I do follow up on that with a cloth dampened with water to remove any residual chemicals.",False,,[],49,734,68,https://www.amazon.com/product-reviews/B00W5AZ526?pageNumber=5&filterByStar=all_stars&sortBy=helpful&formatType=all_formats,allStars,,"{'price': None, 'listPrice': None}",2018-09-11,United States,,B00W5AZ526,0.7428
57,57,5,good for my car,R1IH54T6YHCQ9W,https://www.amazon.com/gp/customer-reviews/R1IH54T6YHCQ9W/ref=cm_cr_arp_d_rvw_ttl?ie=UTF8&ASIN=B00W5AZ526,,"Reviewed in the United States on September 30, 2018","I keep these in my car and use them to clean the front seat area of my car when I am in the car wash.  They work great on my dash and to wipe down the cup holders. I start with cleaning the inside of my windshield and then use the same wipe for the rest of the reachable area. My car is pretty clean (no little kids, but a big, drooling dog), so one wipe is usually enough for a quick economy car wash.",False,,[],50,734,68,https://www.amazon.com/product-reviews/B00W5AZ526?pageNumber=5&filterByStar=all_stars&sortBy=helpful&formatType=all_formats,allStars,,"{'price': None, 'listPrice': None}",2018-09-30,United States,,B00W5AZ526,0.7469
58,58,4,Good for a quick cleanup or small jobs,R277IAQR2DL6RB,https://www.amazon.com/gp/customer-reviews/R277IAQR2DL6RB/ref=cm_cr_arp_d_rvw_ttl?ie=UTF8&ASIN=B00W5AZ526,,"Reviewed in the United States on September 9, 2018",These are smaller than I was expecting but still effective for a quick cleanup or a small job. I tested them out in my office on a variety of surfaces. They picked up dust and were moist enough to hold on to it. They also did a good job cleaning surfaces and wiping down my keyboard.,False,,[],51,734,68,https://www.amazon.com/product-reviews/B00W5AZ526?pageNumber=6&filterByStar=all_stars&sortBy=helpful&formatType=all_formats,allStars,,"{'price': None, 'listPrice': None}",2018-09-09,United States,,B00W5AZ526,0.8402
59,59,5,convenience,R1C3XB9PSJKZKJ,https://www.amazon.com/gp/customer-reviews/R1C3XB9PSJKZKJ/ref=cm_cr_arp_d_rvw_ttl?ie=UTF8&ASIN=B00W5AZ526,,"Reviewed in the United States on September 6, 2018","Love these multisurface wipes, they make cleanup a cinch for my kids.  It's more economical to use paper towels (or even better- a reusable microfiber cloth) and a bottle of the Pledge, but if I'm teaching my kids to wipe up their messes and help to clean the kitchen by wiping down the counters, tables, and cabinets, I thought that getting them pre-moistened wipes would make the task a little easier and be the first step in teaching them to do chores.",False,,[],52,734,68,https://www.amazon.com/product-reviews/B00W5AZ526?pageNumber=6&filterByStar=all_stars&sortBy=helpful&formatType=all_formats,allStars,,"{'price': None, 'listPrice': None}",2018-09-06,United States,,B00W5AZ526,0.9314
60,60,5,Great Multi-Purpose Uses,R10SFVVGG1DBHH,https://www.amazon.com/gp/customer-reviews/R10SFVVGG1DBHH/ref=cm_cr_arp_d_rvw_ttl?ie=UTF8&ASIN=B00W5AZ526,,"Reviewed in the United States on September 11, 2018","When I ordered this, I wasn't sure if this was Pledge, as in the greasy wood surface wipes or something else. I learned to my surprise that not only can I use these wipes on wood surfaces, but there is not any residual oiliness left behind. It cleaned the end table easily with no residue. I was able to put stuff back on in no time.I haven't really tried it on anything else, but the package indicates it is for multi-purpose use. Can use it on granite, metal, wood, glass, and electronics! What a great find.I will be looking for this again when I run out of the current package that I am using. Great product.",False,,[],53,734,68,https://www.amazon.com/product-reviews/B00W5AZ526?pageNumber=6&filterByStar=all_stars&sortBy=helpful&formatType=all_formats,allStars,,"{'price': None, 'listPrice': None}",2018-09-11,United States,,B00W5AZ526,0.9034
61,61,5,"Handy, convinient, all-in-one wipe (stainless steel, wood, granite, and more).",R31AE8ILTWS9AD,https://www.amazon.com/gp/customer-reviews/R31AE8ILTWS9AD/ref=cm_cr_arp_d_rvw_ttl?ie=UTF8&ASIN=B00W5AZ526,,"Reviewed in the United States on September 5, 2018","These are so easy to grab and go to wipe down my entire kitchen, which consists of stainless steel appliances that get smeared with fingerprints, granite counters that gather crumbs and dirt, and wooden shelves that get covered in dust. These wipes clean it all, and safely so. Most concerning to me is always my stainless steel, because when cleaned with the wrong type of product, rust marks begin to form. A great product to quickly wipe it all down and get our space clean, especially right before company comes over.",False,,[],54,734,68,https://www.amazon.com/product-reviews/B00W5AZ526?pageNumber=6&filterByStar=all_stars&sortBy=helpful&formatType=all_formats,allStars,,"{'price': None, 'listPrice': None}",2018-09-05,United States,,B00W5AZ526,0.8988
62,62,5,Scent isn't overpowering,R2IF2BDUPVB6SG,https://www.amazon.com/gp/customer-reviews/R2IF2BDUPVB6SG/ref=cm_cr_arp_d_rvw_ttl?ie=UTF8&ASIN=B00W5AZ526,,"Reviewed in the United States on September 10, 2018","These wipes work well to clean messes. They are moist enough to clean but not too wet. The scent is pleasant and not overpowering at all. For every day use I'm not a fan of the packaging, but for on-the-go these are perfect.",False,,[],55,734,68,https://www.amazon.com/product-reviews/B00W5AZ526?pageNumber=6&filterByStar=all_stars&sortBy=helpful&formatType=all_formats,allStars,,"{'price': None, 'listPrice': None}",2018-09-10,United States,,B00W5AZ526,0.9063
63,63,5,Very convenient,R2KWP3H6ZOK7NO,https://www.amazon.com/gp/customer-reviews/R2KWP3H6ZOK7NO/ref=cm_cr_arp_d_rvw_ttl?ie=UTF8&ASIN=B00W5AZ526,,"Reviewed in the United States on September 7, 2018","Assuming they don't dry out early, these are very convenient to use. Keeps dust close, doesn't go into the air only to resettle later. Picks up easy and toss out. Works well. Doesn't streak and seems to work well on any surface.",False,,[],56,734,68,https://www.amazon.com/product-reviews/B00W5AZ526?pageNumber=6&filterByStar=all_stars&sortBy=helpful&formatType=all_formats,allStars,,"{'price': None, 'listPrice': None}",2018-09-07,United States,,B00W5AZ526,0.7269
64,64,5,Cleans Many Kinds Of Surfaces,R3PXI85JQCULYW,https://www.amazon.com/gp/customer-reviews/R3PXI85JQCULYW/ref=cm_cr_arp_d_rvw_ttl?ie=UTF8&ASIN=B00W5AZ526,,"Reviewed in the United States on September 6, 2018","These wipes are very versatile. I used them to clean my  computer screen, keyboard. bookcases and TV screens. I only had to use one wipe! I did need to wash my hands afterwards because they were wet with the cleaning agent. I love that they have so many uses!",False,,[],57,734,68,https://www.amazon.com/product-reviews/B00W5AZ526?pageNumber=6&filterByStar=all_stars&sortBy=helpful&formatType=all_formats,allStars,,"{'price': None, 'listPrice': None}",2018-09-06,United States,,B00W5AZ526,0.8168
65,65,5,"Leaves a pleasant scent- works great, no streaking",R17ISM40OJS5MT,https://www.amazon.com/gp/customer-reviews/R17ISM40OJS5MT/ref=cm_cr_arp_d_rvw_ttl?ie=UTF8&ASIN=B00W5AZ526,,"Reviewed in the United States on September 10, 2018","Convenient package that takes the place of multiple cleaning products. I use it on appliances, the kitchen table and for dusting. Works great with no streaking or buildup.",False,,[],58,734,68,https://www.amazon.com/product-reviews/B00W5AZ526?pageNumber=6&filterByStar=all_stars&sortBy=helpful&formatType=all_formats,allStars,,"{'price': None, 'listPrice': None}",2018-09-10,United States,,B00W5AZ526,0.4404
66,66,5,Nice scent,R28RP1I8QOMWBT,https://www.amazon.com/gp/customer-reviews/R28RP1I8QOMWBT/ref=cm_cr_arp_d_rvw_ttl?ie=UTF8&ASIN=B00W5AZ526,,"Reviewed in the United States on October 7, 2018","These are pretty decent and smell nice enough for cleaning supplies. They do a nice job with dusting but I would probably recommend wipes that are a little more ""heavy duty"" for the deeper cleaning jobs.",False,,[],59,734,68,https://www.amazon.com/product-reviews/B00W5AZ526?pageNumber=6&filterByStar=all_stars&sortBy=helpful&formatType=all_formats,allStars,,"{'price': None, 'listPrice': None}",2018-10-07,United States,,B00W5AZ526,0.7992
67,67,5,Works great on all smooth surfaces....,R1LM3BB2MK4586,https://www.amazon.com/gp/customer-reviews/R1LM3BB2MK4586/ref=cm_cr_arp_d_rvw_ttl?ie=UTF8&ASIN=B00W5AZ526,,"Reviewed in the United States on September 30, 2018","If you notice on the package, all the surfaces they name are smooth.  You are not going to use these on rough surfaces.  They won't hold up.  I was able to wipe the countertop, clean the coffee maker, wipe dried milk off the hardwood floor, and wipe my ipad down with these cloths (not the same cloth).  Can you do that with an anti-baterial wipe?  Not on the iPad!  No streaks left behind.",False,,[],60,734,68,https://www.amazon.com/product-reviews/B00W5AZ526?pageNumber=6&filterByStar=all_stars&sortBy=helpful&formatType=all_formats,allStars,,"{'price': None, 'listPrice': None}",2018-09-30,United States,,B00W5AZ526,0.2003
