,Unnamed: 0,ratingScore,reviewTitle,reviewId,reviewUrl,reviewReaction,reviewedIn,reviewDescription,isVerified,variant,reviewImages,position,totalCategoryRatings,totalCategoryReviews,reviewCategoryUrl,filterByRating,filterByKeyword,product,date,country,countryCode,productAsin,sentiment_score
0,0,5,Both effective and not ugly!,RDX4CFWXYEC8T,https://www.amazon.com/gp/customer-reviews/RDX4CFWXYEC8T/ref=cm_cr_arp_d_rvw_ttl?ie=UTF8&ASIN=B0771L5HN5,,"Reviewed in the United States on March 20, 2024","As these corner protectors are clear (colorless) they don't stand our unless you are searching for them in a room. So as a mom I love that they are both effective, and don't ruin the aesthetic of the room. I try to make my sons room as kid safe as possible and these definitely help so I don't have to worry about him running into the corners of his bedroom furniture. I'm very happy with these as they are easy install, and don't fall off. Highly recommend these!",True,Size: 12 Count (Pack of 1),['https://m.media-amazon.com/images/I/61qtH1X2C-L._SY88.jpg'],1,53743,5371,https://www.amazon.com/product-reviews/B0771L5HN5?pageNumber=1&filterByStar=all_stars&sortBy=helpful&formatType=all_formats,allStars,,"{'price': None, 'listPrice': None}",2024-03-20,United States,,B0771L5HN5,0.986
1,1,5,"Works exactly as intended, good value for the price",R1WPC4SH1AI9KZ,https://www.amazon.com/gp/customer-reviews/R1WPC4SH1AI9KZ/ref=cm_cr_arp_d_rvw_ttl?ie=UTF8&ASIN=B0771L5HN5,2 people found this helpful,"Reviewed in the United States on January 3, 2024","These do exactly what they are supposed to do. Application is easy and intuitive. Make sure you really press down on the part with the adhesive after you apply it, putting pressure all over the part that sticks to the furniture. This will help make sure it fully sticks.Adhesive seems strong enough for daily use. I could peel the product off if I wanted to, but I don’t think it would fall off by itself. Which is a good thing. I don’t want it so strong that it could damage the furniture underneath if I tried to remove it. It seems like I could easily remove it without damaging the furniture, if need be. But it’s strong enough to seem securely attached!Only complaint is that the sheet of adhesive stickers came a little disorganized, like some of them had gotten loose & moved around, so they weren’t sticking where they should’ve been on the sheet. This isn’t a big deal to me though—Just figured I’d mention it. But it hasn’t made this product any less useful or anything.Def recommend this for baby proofing (and covering up the sharp corners of your bed that you constantly hit your knee on, like me lol)",True,Size: 18 Count (Pack of 1),"['https://m.media-amazon.com/images/I/61DdfnbmZBL._SY88.jpg', 'https://m.media-amazon.com/images/I/61H5eu4lqSL._SY88.jpg', 'https://m.media-amazon.com/images/I/7114k9bXIkL._SY88.jpg', 'https://m.media-amazon.com/images/I/71a4CZ+6-3L._SY88.jpg', 'https://m.media-amazon.com/images/I/71rCs4GvkEL._SY88.jpg']",2,53743,5371,https://www.amazon.com/product-reviews/B0771L5HN5?pageNumber=1&filterByStar=all_stars&sortBy=helpful&formatType=all_formats,allStars,,"{'price': None, 'listPrice': None}",2024-01-03,United States,,B0771L5HN5,0.988
2,2,5,Minimal and effective,R31QN74Q78PO8M,https://www.amazon.com/gp/customer-reviews/R31QN74Q78PO8M/ref=cm_cr_arp_d_rvw_ttl?ie=UTF8&ASIN=B0771L5HN5,,"Reviewed in the United States on March 18, 2024","These corner protectors are visually minimal and work great. The adhesive tabs come completely separate and can be a bit fussy to attach, but they stick well once attached. Our dog developed severe epilepsy and we had to baby-proof our high end furniture unexpectedly, these don't ruin the aesthetic!",True,Size: 12 Count (Pack of 1),[],3,53743,5371,https://www.amazon.com/product-reviews/B0771L5HN5?pageNumber=1&filterByStar=all_stars&sortBy=helpful&formatType=all_formats,allStars,,"{'price': None, 'listPrice': None}",2024-03-18,United States,,B0771L5HN5,0.7351
3,3,4,Does it’s job,R1FPNXA5SN9T26,https://www.amazon.com/gp/customer-reviews/R1FPNXA5SN9T26/ref=cm_cr_arp_d_rvw_ttl?ie=UTF8&ASIN=B0771L5HN5,,"Reviewed in the United States on March 21, 2024","These work great for protecting my little girl when she’s running her zoomies or just being clumsy! I will say, however, when peeled off it peeled off the paper on my coffee table, luckily I don’t really care about that and rigged it to look nicer but other than that I would recommend!",True,Size: 12 Count (Pack of 1),[],4,53743,5371,https://www.amazon.com/product-reviews/B0771L5HN5?pageNumber=1&filterByStar=all_stars&sortBy=helpful&formatType=all_formats,allStars,,"{'price': None, 'listPrice': None}",2024-03-21,United States,,B0771L5HN5,0.8744
4,4,5,"Easy to use, and protective",R1G7TL0IGKJZVE,https://www.amazon.com/gp/customer-reviews/R1G7TL0IGKJZVE/ref=cm_cr_arp_d_rvw_ttl?ie=UTF8&ASIN=B0771L5HN5,,"Reviewed in the United States on March 23, 2024","I’ve ordered these twice, they’re very easy to put on any corner of furniture. We used them on nightstands and low bed frame corners so the kids don’t bump their heads on sharp edges. I love that they’re clear and shock absorbent. They also come off without leaving damage to the furniture.",True,Size: 12 Count (Pack of 1),[],5,53743,5371,https://www.amazon.com/product-reviews/B0771L5HN5?pageNumber=1&filterByStar=all_stars&sortBy=helpful&formatType=all_formats,allStars,,"{'price': None, 'listPrice': None}",2024-03-23,United States,,B0771L5HN5,0.8369
5,5,5,Functional and a great value,R3R8G653MN9AV2,https://www.amazon.com/gp/customer-reviews/R3R8G653MN9AV2/ref=cm_cr_arp_d_rvw_ttl?ie=UTF8&ASIN=B0771L5HN5,,"Reviewed in the United States on February 21, 2024","These table corner covers are great. I love that they are clear and rounded. The fit and stick well. I used they on my glass table, wood dinning room table and the footboard of the bed. The price is awesome for a quality product.",True,Size: 12 Count (Pack of 1),"['https://m.media-amazon.com/images/I/61r9Bfi3kFL._SY88.jpg', 'https://m.media-amazon.com/images/I/71XuVp8qojL._SY88.jpg']",6,53743,5371,https://www.amazon.com/product-reviews/B0771L5HN5?pageNumber=1&filterByStar=all_stars&sortBy=helpful&formatType=all_formats,allStars,,"{'price': None, 'listPrice': None}",2024-02-21,United States,,B0771L5HN5,0.9618
6,6,3,Second time ordering but...,R2LA51C51JQ36T,https://www.amazon.com/gp/customer-reviews/R2LA51C51JQ36T/ref=cm_cr_arp_d_rvw_ttl?ie=UTF8&ASIN=B0771L5HN5,,"Reviewed in the United States on April 2, 2024","Found these super handy and useful once we became parents to a crawling and baby on the move.We have an 11 month old and she is always getting into places where she she shouldn't. We decided to help make things a little more safer for her to get these corner bumpers so they wouldn't hurt her, and if I'm honest are handy for me too! They've helped save a lot of bruises on knees and shins and getting jabbed in the side by corners.They're easy to put on and stay put. The adhesive has a pretty strong hold as long as you press them firmly and leave them undisturbed to start with.We've ordered this previously, last year, and once we moved this year, wanted to put more on furniture so ordered again.. but found that this time around, all the adhesives were an improper size and were longer than the bumpers. I wonder if it's just the batch we received? Or is this a change that has happened this year? It's a bit annoying that I have to cut the excess adhesive off and becomes tedious if we're using a bunch of them... We're keeping them for now. But hoping they fix this issue for other customers or that it doesn't happen to anyone else.Otherwise these are great ! And can be removed if you wanted. (Goo gone is helpful removing any residue it leaves)",True,Size: 24 Count (Pack of 1),[],7,53743,5371,https://www.amazon.com/product-reviews/B0771L5HN5?pageNumber=1&filterByStar=all_stars&sortBy=helpful&formatType=all_formats,allStars,,"{'price': None, 'listPrice': None}",2024-04-02,United States,,B0771L5HN5,0.9759
7,7,5,Perfect for little ones,R10FFICNSPGN6D,https://www.amazon.com/gp/customer-reviews/R10FFICNSPGN6D/ref=cm_cr_arp_d_rvw_ttl?ie=UTF8&ASIN=B0771L5HN5,,"Reviewed in the United States on February 11, 2024",This product has saved our little ones from hurting themself! With wild kids comes wild accidents.These are very easy to install1. Clean the surface2. Peel off sticker3. Place on surfaceHolds very well. Rubber material really takes the sharpness awayOnly negative feedback is the stickyness can deteriorate if little one tugs on it enough,True,Size: 24 Count (Pack of 1),[],8,53743,5371,https://www.amazon.com/product-reviews/B0771L5HN5?pageNumber=1&filterByStar=all_stars&sortBy=helpful&formatType=all_formats,allStars,,"{'price': None, 'listPrice': None}",2024-02-11,United States,,B0771L5HN5,0.6418
8,8,5,Love this!,R2E2JTJZ0ECH0B,https://www.amazon.com/gp/customer-reviews/R2E2JTJZ0ECH0B/ref=cm_cr_arp_d_rvw_ttl?ie=UTF8&ASIN=B0771L5HN5,,"Reviewed in the United States on March 26, 2024",I absolutely love this! What a great invention! I set this up because my baby was becoming more mobile and unfortunately had a couple of bump ins to the corner of our furniture and this has been a game changer! It’s so easy to apply and I’ve had it on for about a month and so far it’s holding on really well!,True,Size: 12 Count (Pack of 1),[],9,53743,5371,https://www.amazon.com/product-reviews/B0771L5HN5?pageNumber=1&filterByStar=all_stars&sortBy=helpful&formatType=all_formats,allStars,,"{'price': None, 'listPrice': None}",2024-03-26,United States,,B0771L5HN5,0.9352
9,9,5,Love how they fit!,R2JGJBWCEF52KS,https://www.amazon.com/gp/customer-reviews/R2JGJBWCEF52KS/ref=cm_cr_arp_d_rvw_ttl?ie=UTF8&ASIN=B0771L5HN5,,"Reviewed in the United States on March 7, 2024","Used these on the corners of my dining room table, end tables, coffee tables, fireplace, dressers. They made the corners softer. I did learn that they came off kind of easy, so I heated them a few seconds and then put them back on the corners and it kind of made a suction cup situation. I did remove one after a couple hours(it was hard) to make sure that it didn't ruin anything by doing that (it didn't). The company does extend a personal touch to make sure you are satisfied and I absolutely love that too.",True,Size: 12 Count (Pack of 1),[],10,53743,5371,https://www.amazon.com/product-reviews/B0771L5HN5?pageNumber=1&filterByStar=all_stars&sortBy=helpful&formatType=all_formats,allStars,,"{'price': None, 'listPrice': None}",2024-03-07,United States,,B0771L5HN5,0.9536
10,10,5,Best corner protectors,RXLCIO1A026R9,https://www.amazon.com/gp/customer-reviews/RXLCIO1A026R9/ref=cm_cr_arp_d_rvw_ttl?ie=UTF8&ASIN=B0771L5HN5,,"Reviewed in the United States on March 1, 2024","I've used several corner protectors and they keep falling off.  I first bought several 9 years ago when my grandson started walking.  Now my fourth grandchild likes to slide off my couch and I'm always worried he's going to hit the coffee table.  I put it on the top corner and bottom corner.  I feel so relieved that If he hits the corner, it will just be a boo boo and not a gauge.Thank-you.",True,Size: 12 Count (Pack of 1),[],21,53743,5371,https://www.amazon.com/product-reviews/B0771L5HN5?pageNumber=3&filterByStar=all_stars&sortBy=helpful&formatType=all_formats,allStars,,"{'price': None, 'listPrice': None}",2024-03-01,United States,,B0771L5HN5,0.6329
11,11,5,Great,R15NUT8VHZ4UT,https://www.amazon.com/gp/customer-reviews/R15NUT8VHZ4UT/ref=cm_cr_arp_d_rvw_ttl?ie=UTF8&ASIN=B0771L5HN5,,"Reviewed in the United States on March 22, 2024",These corner protectors are so much nicer looking than the last ones I had! These don’t stick out so much. They are soft to the touch and still blend in with the counter nicely.,True,Size: 12 Count (Pack of 1),[],22,53743,5371,https://www.amazon.com/product-reviews/B0771L5HN5?pageNumber=3&filterByStar=all_stars&sortBy=helpful&formatType=all_formats,allStars,,"{'price': None, 'listPrice': None}",2024-03-22,United States,,B0771L5HN5,0.7484
12,12,5,Useful for Classrooms,R2T26FBDPVQJ7B,https://www.amazon.com/gp/customer-reviews/R2T26FBDPVQJ7B/ref=cm_cr_arp_d_rvw_ttl?ie=UTF8&ASIN=B0771L5HN5,,"Reviewed in the United States on March 30, 2024","I use these in my classroom for sharp edges on bookshelves, and they are great! I wish more came in a pack though.",True,Size: 12 Count (Pack of 1),[],23,53743,5371,https://www.amazon.com/product-reviews/B0771L5HN5?pageNumber=3&filterByStar=all_stars&sortBy=helpful&formatType=all_formats,allStars,,"{'price': None, 'listPrice': None}",2024-03-30,United States,,B0771L5HN5,0.7959
13,13,4,These worked until they didn't,RZS7UU2MCW0N4,https://www.amazon.com/gp/customer-reviews/RZS7UU2MCW0N4/ref=cm_cr_arp_d_rvw_ttl?ie=UTF8&ASIN=B0771L5HN5,,"Reviewed in the United States on March 28, 2024",My granddaughter was pretty persistent in trying to remove these and she finally did.,True,Size: 12 Count (Pack of 1),[],24,53743,5371,https://www.amazon.com/product-reviews/B0771L5HN5?pageNumber=3&filterByStar=all_stars&sortBy=helpful&formatType=all_formats,allStars,,"{'price': None, 'listPrice': None}",2024-03-28,United States,,B0771L5HN5,0.4939
14,14,5,Awesome!,RI38ZDCSXLJF1,https://www.amazon.com/gp/customer-reviews/RI38ZDCSXLJF1/ref=cm_cr_arp_d_rvw_ttl?ie=UTF8&ASIN=B0771L5HN5,,"Reviewed in the United States on February 26, 2024","This product is outstanding!! They dont make my furniture look trashy, they are easy to install, and i feel better knowing my grandkids wont put an eye out on the sharp corner of a table! Great quality, great quantity at a very affordable price! I love these!! I would totally recommend this product to anyone needing to blunt the corner edges of furniture!! I am VERY satisfied with my purchase!!",True,Size: 24 Count (Pack of 1),[],25,53743,5371,https://www.amazon.com/product-reviews/B0771L5HN5?pageNumber=3&filterByStar=all_stars&sortBy=helpful&formatType=all_formats,allStars,,"{'price': None, 'listPrice': None}",2024-02-26,United States,,B0771L5HN5,0.9852
15,15,5,Protectors,R2OVXSGPD7TAKD,https://www.amazon.com/gp/customer-reviews/R2OVXSGPD7TAKD/ref=cm_cr_arp_d_rvw_ttl?ie=UTF8&ASIN=B0771L5HN5,,"Reviewed in the United States on March 27, 2024",These protectors are easy to install and love them I definitely recommend and will buy again,True,Size: 12 Count (Pack of 1),[],26,53743,5371,https://www.amazon.com/product-reviews/B0771L5HN5?pageNumber=3&filterByStar=all_stars&sortBy=helpful&formatType=all_formats,allStars,,"{'price': None, 'listPrice': None}",2024-03-27,United States,,B0771L5HN5,0.9062
16,16,5,great for grandparents,R3TZNMUBCQOIFK,https://www.amazon.com/gp/customer-reviews/R3TZNMUBCQOIFK/ref=cm_cr_arp_d_rvw_ttl?ie=UTF8&ASIN=B0771L5HN5,,"Reviewed in the United States on April 3, 2024","easy to use & remove, perfect for grandparents",True,Size: 12 Count (Pack of 1),[],27,53743,5371,https://www.amazon.com/product-reviews/B0771L5HN5?pageNumber=3&filterByStar=all_stars&sortBy=helpful&formatType=all_formats,allStars,,"{'price': None, 'listPrice': None}",2024-04-03,United States,,B0771L5HN5,0.765
17,17,5,Great product !,R1J7UZWGO1XC6R,https://www.amazon.com/gp/customer-reviews/R1J7UZWGO1XC6R/ref=cm_cr_arp_d_rvw_ttl?ie=UTF8&ASIN=B0771L5HN5,,"Reviewed in the United States on March 10, 2024",This item was perfect. Great protection on corners of furniture for toddlers. Being clear is awesome so it doesn't take away from decor and eases our minds for safety. We went back and bought more  to share with other family members for their house.,True,Size: 12 Count (Pack of 1),[],28,53743,5371,https://www.amazon.com/product-reviews/B0771L5HN5?pageNumber=3&filterByStar=all_stars&sortBy=helpful&formatType=all_formats,allStars,,"{'price': None, 'listPrice': None}",2024-03-10,United States,,B0771L5HN5,0.9686
18,18,4,minimal look,R1WPVN44JF90W9,https://www.amazon.com/gp/customer-reviews/R1WPVN44JF90W9/ref=cm_cr_arp_d_rvw_ttl?ie=UTF8&ASIN=B0771L5HN5,,"Reviewed in the United States on December 18, 2023","I install these pads upside down on the corners of my stainless steel kitchen hood. The old ones, the L-shaped kind that weighed more, finally fell off after many years. These new lighter ones with good adhesive should stay on longer. The smal peeve I have is they don't tell you the three adhesive pads are not all the same. The slightly larger one is for the top side (in my case, the bottom side) and the other two for the two sides you must match correctly too. (I suggest you do these two sides first to avoid possibly trimming afterwards). I made the mistake of placing one small pad on the top side of the corner wasted one. Extra stickers provided would be nice. To peel the protective cover off each pad, I used a pair of sharp-pointerd tweezers. If you are not careful, you can damage the adhesive. I suggest that the manufacturer extend the cover on the round edge side to make peeling off easy, but that probably would drive up the cost.",True,Size: 12 Count (Pack of 1),[],29,53743,5371,https://www.amazon.com/product-reviews/B0771L5HN5?pageNumber=3&filterByStar=all_stars&sortBy=helpful&formatType=all_formats,allStars,,"{'price': None, 'listPrice': None}",2023-12-18,United States,,B0771L5HN5,0.3459
19,19,5,Lifesaver!,R20V9BAITVJM2N,https://www.amazon.com/gp/customer-reviews/R20V9BAITVJM2N/ref=cm_cr_arp_d_rvw_ttl?ie=UTF8&ASIN=B0771L5HN5,,"Reviewed in the United States on March 4, 2024","I absolutely love these corner guards. Honestly, they hold up so well compared to other brands and sit nicely on the furniture. I’ve already ordered this two times and will be back for more as my kiddo continues to grow and more corners need to be padded.  Don’t change the product/adhesive ever!",True,Size: 12 Count (Pack of 1),[],30,53743,5371,https://www.amazon.com/product-reviews/B0771L5HN5?pageNumber=3&filterByStar=all_stars&sortBy=helpful&formatType=all_formats,allStars,,"{'price': None, 'listPrice': None}",2024-03-04,United States,,B0771L5HN5,0.925
20,20,5,Second order,R1SX4XGRQGX5EW,https://www.amazon.com/gp/customer-reviews/R1SX4XGRQGX5EW/ref=cm_cr_arp_d_rvw_ttl?ie=UTF8&ASIN=B0771L5HN5,,"Reviewed in the United States on March 24, 2024",Had to order these again because my in laws liked them so much! Good quality and stay on!,True,Size: 12 Count (Pack of 1),[],31,53743,5371,https://www.amazon.com/product-reviews/B0771L5HN5?pageNumber=4&filterByStar=all_stars&sortBy=helpful&formatType=all_formats,allStars,,"{'price': None, 'listPrice': None}",2024-03-24,United States,,B0771L5HN5,0.7624
21,21,5,Great!,RIZ58ZWDEA8LI,https://www.amazon.com/gp/customer-reviews/RIZ58ZWDEA8LI/ref=cm_cr_arp_d_rvw_ttl?ie=UTF8&ASIN=B0771L5HN5,,"Reviewed in the United States on March 18, 2024",These work great and have stayed on so far. I also only used one of the stickies for each corner guard so I can use them again later.,True,Size: 12 Count (Pack of 1),['https://m.media-amazon.com/images/I/71zCxCDw1bL._SY88.jpg'],32,53743,5371,https://www.amazon.com/product-reviews/B0771L5HN5?pageNumber=4&filterByStar=all_stars&sortBy=helpful&formatType=all_formats,allStars,,"{'price': None, 'listPrice': None}",2024-03-18,United States,,B0771L5HN5,0.6249
22,22,5,Excellent Product!,R1EFK8EISHIGPL,https://www.amazon.com/gp/customer-reviews/R1EFK8EISHIGPL/ref=cm_cr_arp_d_rvw_ttl?ie=UTF8&ASIN=B0771L5HN5,,"Reviewed in the United States on March 13, 2024","This is so perfect for my mirrored tables, I just love them, they are clear, practical and as an adult, I am so happy they exist for my needs as well. Love, love, love!",True,Size: 18 Count (Pack of 1),[],33,53743,5371,https://www.amazon.com/product-reviews/B0771L5HN5?pageNumber=4&filterByStar=all_stars&sortBy=helpful&formatType=all_formats,allStars,,"{'price': None, 'listPrice': None}",2024-03-13,United States,,B0771L5HN5,0.9864
23,23,5,Sticks great!,RAFWNORI5HZXT,https://www.amazon.com/gp/customer-reviews/RAFWNORI5HZXT/ref=cm_cr_arp_d_rvw_ttl?ie=UTF8&ASIN=B0771L5HN5,,"Reviewed in the United States on March 30, 2024",Love this for my newly walking baby! Covers corners great!,True,Size: 12 Count (Pack of 1),[],34,53743,5371,https://www.amazon.com/product-reviews/B0771L5HN5?pageNumber=4&filterByStar=all_stars&sortBy=helpful&formatType=all_formats,allStars,,"{'price': None, 'listPrice': None}",2024-03-30,United States,,B0771L5HN5,0.8715
24,24,5,"Easy instal, protects well",R142MU3G7S57R,https://www.amazon.com/gp/customer-reviews/R142MU3G7S57R/ref=cm_cr_arp_d_rvw_ttl?ie=UTF8&ASIN=B0771L5HN5,,"Reviewed in the United States on March 29, 2024",No more sharp edges.thick enough to protect.,True,Size: 12 Count (Pack of 1),[],35,53743,5371,https://www.amazon.com/product-reviews/B0771L5HN5?pageNumber=4&filterByStar=all_stars&sortBy=helpful&formatType=all_formats,allStars,,"{'price': None, 'listPrice': None}",2024-03-29,United States,,B0771L5HN5,0.1027
25,25,5,Great for children,R2IKUETOX0ZYSP,https://www.amazon.com/gp/customer-reviews/R2IKUETOX0ZYSP/ref=cm_cr_arp_d_rvw_ttl?ie=UTF8&ASIN=B0771L5HN5,,"Reviewed in the United States on March 28, 2024",They are perfect for furniture corners,True,Size: 18 Count (Pack of 1),[],36,53743,5371,https://www.amazon.com/product-reviews/B0771L5HN5?pageNumber=4&filterByStar=all_stars&sortBy=helpful&formatType=all_formats,allStars,,"{'price': None, 'listPrice': None}",2024-03-28,United States,,B0771L5HN5,0.5719
26,26,5,Perfect solution,R3VJJ7TJ54XZJX,https://www.amazon.com/gp/customer-reviews/R3VJJ7TJ54XZJX/ref=cm_cr_arp_d_rvw_ttl?ie=UTF8&ASIN=B0771L5HN5,,"Reviewed in the United States on March 19, 2024",A little tricky to correctly install but a great solution for sharp corners in our home.,True,Size: 12 Count (Pack of 1),[],37,53743,5371,https://www.amazon.com/product-reviews/B0771L5HN5?pageNumber=4&filterByStar=all_stars&sortBy=helpful&formatType=all_formats,allStars,,"{'price': None, 'listPrice': None}",2024-03-19,United States,,B0771L5HN5,0.8572
27,27,5,Good for adults too!,R1LWX3ZGRFLEXG,https://www.amazon.com/gp/customer-reviews/R1LWX3ZGRFLEXG/ref=cm_cr_arp_d_rvw_ttl?ie=UTF8&ASIN=B0771L5HN5,One person found this helpful,"Reviewed in the United States on March 9, 2024","We got these for our range hood which has sharp corners at head height. If you hit it it still hurts a little, but no longer draws blood, they definitely improve head-corner collisions!",True,Size: 12 Count (Pack of 1),['https://m.media-amazon.com/images/I/617VRo1CRkL._SY88.jpg'],38,53743,5371,https://www.amazon.com/product-reviews/B0771L5HN5?pageNumber=4&filterByStar=all_stars&sortBy=helpful&formatType=all_formats,allStars,,"{'price': None, 'listPrice': None}",2024-03-09,United States,,B0771L5HN5,0.3838
28,28,4,Pretty good but not great,R1AWGITKBNQ53N,https://www.amazon.com/gp/customer-reviews/R1AWGITKBNQ53N/ref=cm_cr_arp_d_rvw_ttl?ie=UTF8&ASIN=B0771L5HN5,7 people found this helpful,"Reviewed in the United States on January 5, 2024","These protectors are alright, but not great. They are easy to install and they look fairly nice on furniture. The problem lies with whether you have a curious toddler who wants to rip them off because they look interesting. Unfortunately, they come off pretty easily, and if you have a toddler like mine, he doesn't take them off gently so as not to ruin the stain or varnish on the furniture. He rips them off like a band-aid. In each place where he's done that, the adhesion has stripped off the varnish, leaving a visible circular spot. If you take them off gently, no problem. But, as these are made with the assumption that kids will be around them, not great.",True,Size: 18 Count (Pack of 1),[],39,53743,5371,https://www.amazon.com/product-reviews/B0771L5HN5?pageNumber=4&filterByStar=all_stars&sortBy=helpful&formatType=all_formats,allStars,,"{'price': None, 'listPrice': None}",2024-01-05,United States,,B0771L5HN5,0.943
29,29,4,Falls off,RXVV7OCQWOU9H,https://www.amazon.com/gp/customer-reviews/RXVV7OCQWOU9H/ref=cm_cr_arp_d_rvw_ttl?ie=UTF8&ASIN=B0771L5HN5,,"Reviewed in the United States on March 22, 2024","I purchased protective corner pieces to keep my baby safe, and when they stay on, they work great. However, they do tend to come off after a while, which can be frustrating.Even more disappointing is that they leave behind a sticky residue when removed.While they serve their purpose when in place, the fact that they come off easily and leave residue is a downside.",True,Size: 24 Count (Pack of 1),"['https://m.media-amazon.com/images/I/519kWjwKNEL._SY88.jpg', 'https://m.media-amazon.com/images/I/51ryR-3pS0L._SY88.jpg']",40,53743,5371,https://www.amazon.com/product-reviews/B0771L5HN5?pageNumber=4&filterByStar=all_stars&sortBy=helpful&formatType=all_formats,allStars,,"{'price': None, 'listPrice': None}",2024-03-22,United States,,B0771L5HN5,0.5434
30,30,5,PERFECT FIT,R5Y7NYY8OH6IM,https://www.amazon.com/gp/customer-reviews/R5Y7NYY8OH6IM/ref=cm_cr_arp_d_rvw_ttl?ie=UTF8&ASIN=B0771L5HN5,,"Reviewed in the United States on March 25, 2024","I have a granite beveled table. I’ve tried several end cushions for the point but none fit or they feel iff quickly. These fit perfectly. Amazing. They are still pretty firm, not a soft cushy protector, but better than the dangerous point on the ends!",True,Size: 12 Count (Pack of 1),[],11,53743,5371,https://www.amazon.com/product-reviews/B0771L5HN5?pageNumber=2&filterByStar=all_stars&sortBy=helpful&formatType=all_formats,allStars,,"{'price': None, 'listPrice': None}",2024-03-25,United States,,B0771L5HN5,0.9179
31,31,5,Clumsy-Proofing Made Easy,R34N3L9H9LFW74,https://www.amazon.com/gp/customer-reviews/R34N3L9H9LFW74/ref=cm_cr_arp_d_rvw_ttl?ie=UTF8&ASIN=B0771L5HN5,2 people found this helpful,"Reviewed in the United States on December 30, 2023","I purchased these furniture corner guards & edge safety bumpers as a solution to the dangerously sharp corners of my bedroom bed frame, which, combined with my clumsiness, resulted in numerous scratches and bruises. My reasoning was simple: if they're safe for babies and toddlers, they should work for me too.I'm happy to report that they've been effective. The adhesive strips are reliable, and I haven't encountered any issues with them coming loose. Installation was a breeze. Aesthetically, they're a bit bulky, but they become nearly invisible under a draped comforter. The thickness of the plastic/rubber material provides an excellent layer of protection, making my bedroom a safer place. These guards are a must-have for anyone looking to add a layer of safety to their furniture.---------Compré estos protectores de esquina y bordes para muebles como solución a las esquinas peligrosamente afiladas de mi marco de cama en el dormitorio, que, combinadas con mi torpeza, resultaron en numerosos rasguños y moretones. Mi razonamiento fue sencillo: si son seguros para bebés y niños pequeños, también deberían funcionar para mí.Me complace informar que han sido efectivos. Las tiras adhesivas son confiables y no he tenido problemas con que se despeguen. La instalación fue muy fácil. Estéticamente, son un poco voluminosos, pero se vuelven casi invisibles debajo de una colcha. El grosor del material de plástico/goma proporciona una excelente capa de protección, haciendo mi dormitorio un lugar más seguro. Estos protectores son imprescindibles para cualquiera que busque agregar una capa de seguridad a sus muebles.",True,Size: 12 Count (Pack of 1),"['https://m.media-amazon.com/images/I/610g-rMncjL._SY88.jpg', 'https://m.media-amazon.com/images/I/61a5yB8vduL._SY88.jpg', 'https://m.media-amazon.com/images/I/71BmqmnempL._SY88.jpg']",12,53743,5371,https://www.amazon.com/product-reviews/B0771L5HN5?pageNumber=2&filterByStar=all_stars&sortBy=helpful&formatType=all_formats,allStars,,"{'price': None, 'listPrice': None}",2023-12-30,United States,,B0771L5HN5,0.9625
32,32,4,Barely noticeable,R1WAQXPNFI2R5X,https://www.amazon.com/gp/customer-reviews/R1WAQXPNFI2R5X/ref=cm_cr_arp_d_rvw_ttl?ie=UTF8&ASIN=B0771L5HN5,,"Reviewed in the United States on March 29, 2024",I like these except they fall off easily when bumped and my toddler always finds them. I wish they had some kind of adhesive to stay in place so they can do their job,True,Size: 12 Count (Pack of 1),['https://m.media-amazon.com/images/I/616FmGqDKCL._SY88.jpg'],13,53743,5371,https://www.amazon.com/product-reviews/B0771L5HN5?pageNumber=2&filterByStar=all_stars&sortBy=helpful&formatType=all_formats,allStars,,"{'price': None, 'listPrice': None}",2024-03-29,United States,,B0771L5HN5,0.765
33,33,5,Great corner guards,R1NY8P87O3HPZ7,https://www.amazon.com/gp/customer-reviews/R1NY8P87O3HPZ7/ref=cm_cr_arp_d_rvw_ttl?ie=UTF8&ASIN=B0771L5HN5,,"Reviewed in the United States on March 28, 2024",I liked these because they were clear and non-invasive. They were easy to install all the corners and my kids have both their eyes ha ha ha ha. I would buy these 1 million times over,True,Size: 18 Count (Pack of 1),[],14,53743,5371,https://www.amazon.com/product-reviews/B0771L5HN5?pageNumber=2&filterByStar=all_stars&sortBy=helpful&formatType=all_formats,allStars,,"{'price': None, 'listPrice': None}",2024-03-28,United States,,B0771L5HN5,0.9423
34,34,5,Great for anyone with mobility issues,RXV24CU9GM38B,https://www.amazon.com/gp/customer-reviews/RXV24CU9GM38B/ref=cm_cr_arp_d_rvw_ttl?ie=UTF8&ASIN=B0771L5HN5,,"Reviewed in the United States on March 30, 2024",My husband is 81 and is unstable when he walks. He sometimes refuses to use his walker and has a tendency to bump into things. These corner protectors are perfect for preventing scrapes and bruises.,True,Size: 12 Count (Pack of 1),[],15,53743,5371,https://www.amazon.com/product-reviews/B0771L5HN5?pageNumber=2&filterByStar=all_stars&sortBy=helpful&formatType=all_formats,allStars,,"{'price': None, 'listPrice': None}",2024-03-30,United States,,B0771L5HN5,0.2732
35,35,5,Great for dishwashers too!,R2Y7SR56JT149F,https://www.amazon.com/gp/customer-reviews/R2Y7SR56JT149F/ref=cm_cr_arp_d_rvw_ttl?ie=UTF8&ASIN=B0771L5HN5,,"Reviewed in the United States on April 1, 2024","A common injury amongst seniors are injuries to their legs for running into open dishwasher doors. After my dad had a very bad cut which required 6 stitches, I purchased these.",True,Size: 18 Count (Pack of 1),"['https://m.media-amazon.com/images/I/61DLEcmpf2L._SY88.jpg', 'https://m.media-amazon.com/images/I/61bhzP3xMRL._SY88.jpg']",16,53743,5371,https://www.amazon.com/product-reviews/B0771L5HN5?pageNumber=2&filterByStar=all_stars&sortBy=helpful&formatType=all_formats,allStars,,"{'price': None, 'listPrice': None}",2024-04-01,United States,,B0771L5HN5,-0.839
36,36,4,Pretty Good,R35FML1EOBN9DI,https://www.amazon.com/gp/customer-reviews/R35FML1EOBN9DI/ref=cm_cr_arp_d_rvw_ttl?ie=UTF8&ASIN=B0771L5HN5,,"Reviewed in the United States on March 6, 2024","Sized a little large and don’t stay on but I didn’t read instructions so probably a way to customize and extend use. Honestly, kids had fun putting them on and off and it served it’s purpose but more in the same way a “Beware of Dog” sign deters criminals even when you don’t have a dog. Just made them more aware and careful which is really better.",True,Size: 12 Count (Pack of 1),[],17,53743,5371,https://www.amazon.com/product-reviews/B0771L5HN5?pageNumber=2&filterByStar=all_stars&sortBy=helpful&formatType=all_formats,allStars,,"{'price': None, 'listPrice': None}",2024-03-06,United States,,B0771L5HN5,0.9008
37,37,5,Keeps grand baby safe,R2YIQGPYODNRI5,https://www.amazon.com/gp/customer-reviews/R2YIQGPYODNRI5/ref=cm_cr_arp_d_rvw_ttl?ie=UTF8&ASIN=B0771L5HN5,,"Reviewed in the United States on March 28, 2024",Purchased these corner pieces to protect my grand babies. They run around without a care in the world and this works out perfectly. Stick very well and use them only where needed.,True,Size: 12 Count (Pack of 1),"['https://m.media-amazon.com/images/I/51cVDSuMKqL._SY88.jpg', 'https://m.media-amazon.com/images/I/71UXR4gT2zL._SY88.jpg', 'https://m.media-amazon.com/images/I/71WmrhZzRgL._SY88.jpg']",18,53743,5371,https://www.amazon.com/product-reviews/B0771L5HN5?pageNumber=2&filterByStar=all_stars&sortBy=helpful&formatType=all_formats,allStars,,"{'price': None, 'listPrice': None}",2024-03-28,United States,,B0771L5HN5,0.8613
38,38,5,Best bang for your buck!,R3KMGJDP5ISYM0,https://www.amazon.com/gp/customer-reviews/R3KMGJDP5ISYM0/ref=cm_cr_arp_d_rvw_ttl?ie=UTF8&ASIN=B0771L5HN5,,"Reviewed in the United States on April 1, 2024",Fits perfect on our coffee table and entertainment stand for our 10m old girl starting to walk!! Love it and will recommend them to everyone I know,True,Size: 12 Count (Pack of 1),[],19,53743,5371,https://www.amazon.com/product-reviews/B0771L5HN5?pageNumber=2&filterByStar=all_stars&sortBy=helpful&formatType=all_formats,allStars,,"{'price': None, 'listPrice': None}",2024-04-01,United States,,B0771L5HN5,0.9298
39,39,5,Works as expected,R349W0M6NJVB0M,https://www.amazon.com/gp/customer-reviews/R349W0M6NJVB0M/ref=cm_cr_arp_d_rvw_ttl?ie=UTF8&ASIN=B0771L5HN5,,"Reviewed in the United States on March 28, 2024",The product does not have any adhesive but it holds on well without so it is fine. I'm happy with the product. I would reorder if I needed more.,True,Size: 12 Count (Pack of 1),[],20,53743,5371,https://www.amazon.com/product-reviews/B0771L5HN5?pageNumber=2&filterByStar=all_stars&sortBy=helpful&formatType=all_formats,allStars,,"{'price': None, 'listPrice': None}",2024-03-28,United States,,B0771L5HN5,0.8833
40,40,5,Love love love these,R2KSPLBOKBSB29,https://www.amazon.com/gp/customer-reviews/R2KSPLBOKBSB29/ref=cm_cr_arp_d_rvw_ttl?ie=UTF8&ASIN=B0771L5HN5,,"Reviewed in the United States on March 12, 2024","I have a baby that just started walking and they give such peace of mind, and being clear she doesn't constantly try to pull them off!",True,Size: 24 Count (Pack of 1),[],41,53743,5371,https://www.amazon.com/product-reviews/B0771L5HN5?pageNumber=5&filterByStar=all_stars&sortBy=helpful&formatType=all_formats,allStars,,"{'price': None, 'listPrice': None}",2024-03-12,United States,,B0771L5HN5,0.75
41,41,5,Stylish and Works well,R655GBGP0SSHY,https://www.amazon.com/gp/customer-reviews/R655GBGP0SSHY/ref=cm_cr_arp_d_rvw_ttl?ie=UTF8&ASIN=B0771L5HN5,,"Reviewed in the United States on March 25, 2024",Love them for invisible-ish protection!!,True,Size: 12 Count (Pack of 1),[],42,53743,5371,https://www.amazon.com/product-reviews/B0771L5HN5?pageNumber=5&filterByStar=all_stars&sortBy=helpful&formatType=all_formats,allStars,,"{'price': None, 'listPrice': None}",2024-03-25,United States,,B0771L5HN5,0.6988
42,42,5,Best corner protectors,R5S6FLUV5YVTI,https://www.amazon.com/gp/customer-reviews/R5S6FLUV5YVTI/ref=cm_cr_arp_d_rvw_ttl?ie=UTF8&ASIN=B0771L5HN5,,"Reviewed in the United States on March 12, 2024",I bought these to help protect the corners of my stainless steel island in the kitchen from hitting my grandkids with the rough corners. Love love love,True,Size: 18 Count (Pack of 1),[],43,53743,5371,https://www.amazon.com/product-reviews/B0771L5HN5?pageNumber=5&filterByStar=all_stars&sortBy=helpful&formatType=all_formats,allStars,,"{'price': None, 'listPrice': None}",2024-03-12,United States,,B0771L5HN5,0.9578
43,43,5,"These are semi clear, and protect our granddaughters head as she runs around our home.",R2WDM0A7SLFZQB,https://www.amazon.com/gp/customer-reviews/R2WDM0A7SLFZQB/ref=cm_cr_arp_d_rvw_ttl?ie=UTF8&ASIN=B0771L5HN5,,"Reviewed in the United States on March 10, 2024",Does the trick to keep our grand baby’s head from hitting sharp corners. we have them all over the house.,True,Size: 12 Count (Pack of 1),[],44,53743,5371,https://www.amazon.com/product-reviews/B0771L5HN5?pageNumber=5&filterByStar=all_stars&sortBy=helpful&formatType=all_formats,allStars,,"{'price': None, 'listPrice': None}",2024-03-10,United States,,B0771L5HN5,0.4215
44,44,5,Works great!,R3KHTLEU2VXM88,https://www.amazon.com/gp/customer-reviews/R3KHTLEU2VXM88/ref=cm_cr_arp_d_rvw_ttl?ie=UTF8&ASIN=B0771L5HN5,,"Reviewed in the United States on February 13, 2024","I really do appreciate having these and they are easily to assemble. I don't have any kids, but purchased these to put on my mom's dresser and other furniture in the house because she is a ""fall risk"" and it has helped tremendously in keeping her from hurting herself on the edges of different pieces of furniture. I would absolutely recommend and purchase these again.",True,Size: 12 Count (Pack of 1),[],45,53743,5371,https://www.amazon.com/product-reviews/B0771L5HN5?pageNumber=5&filterByStar=all_stars&sortBy=helpful&formatType=all_formats,allStars,,"{'price': None, 'listPrice': None}",2024-02-13,United States,,B0771L5HN5,0.0461
45,45,5,Save everyone a lot of pain!,RLFKO9JMSCTF8,https://www.amazon.com/gp/customer-reviews/RLFKO9JMSCTF8/ref=cm_cr_arp_d_rvw_ttl?ie=UTF8&ASIN=B0771L5HN5,,"Reviewed in the United States on March 13, 2024","Quality fit. Excellent adhesive. Easy to use, move.",True,Size: 12 Count (Pack of 1),[],46,53743,5371,https://www.amazon.com/product-reviews/B0771L5HN5?pageNumber=5&filterByStar=all_stars&sortBy=helpful&formatType=all_formats,allStars,,"{'price': None, 'listPrice': None}",2024-03-13,United States,,B0771L5HN5,0.8442
46,46,5,Fits perfectly!,R5ONE123KFTR8,https://www.amazon.com/gp/customer-reviews/R5ONE123KFTR8/ref=cm_cr_arp_d_rvw_ttl?ie=UTF8&ASIN=B0771L5HN5,,"Reviewed in the United States on February 27, 2024","Perfect for our Ping Pong table!! Fits nice and snug, strong clear stickers… They don’t take away from the appearance of the table since they are clear…",True,Size: 12 Count (Pack of 1),['https://m.media-amazon.com/images/I/611Ch+2d4gL._SY88.jpg'],47,53743,5371,https://www.amazon.com/product-reviews/B0771L5HN5?pageNumber=5&filterByStar=all_stars&sortBy=helpful&formatType=all_formats,allStars,,"{'price': None, 'listPrice': None}",2024-02-27,United States,,B0771L5HN5,0.9183
47,47,5,Survived a move,R3FP65A5ENH5N,https://www.amazon.com/gp/customer-reviews/R3FP65A5ENH5N/ref=cm_cr_arp_d_rvw_ttl?ie=UTF8&ASIN=B0771L5HN5,,"Reviewed in the United States on February 12, 2024",I got these for myself as the corner of my nightstand was by head and I move a lot. We moved and they are still on! They did not fall off. I still have a bunch left over that I can't wait to use when our baby gets older!,True,Size: 12 Count (Pack of 1),[],48,53743,5371,https://www.amazon.com/product-reviews/B0771L5HN5?pageNumber=5&filterByStar=all_stars&sortBy=helpful&formatType=all_formats,allStars,,"{'price': None, 'listPrice': None}",2024-02-12,United States,,B0771L5HN5,0.0
48,48,5,You can't see the corner,R32SOG3MWVOA8K,https://www.amazon.com/gp/customer-reviews/R32SOG3MWVOA8K/ref=cm_cr_arp_d_rvw_ttl?ie=UTF8&ASIN=B0771L5HN5,,"Reviewed in the United States on January 3, 2024","Bought these Corner Protectors for my baby's school, and now the classroom furniture thinks it's preparing for a crash course in comedic chaos. Installed them, and suddenly the desks and chairs are sporting what can only be described as ""baby-proof fashion accessories."" These protectors are so classroom-chic; I half-expect them to be featured in the next issue of ""Tiny Tots Interior Design Weekly."" If ""child-proofing the education system"" were an academic discipline, my corner protectors would be the valedictorians. Move over, regular school supplies; my protectors just turned the classroom into a safety-themed sitcom, leaving the students wondering if they're in a learning environment or a baby-proofed wonderland. Sticking, studying, and turning every collision into a lesson in safety – it's the corner protector that's putting the ""fun"" in functional education!",True,Size: 24 Count (Pack of 1),[],49,53743,5371,https://www.amazon.com/product-reviews/B0771L5HN5?pageNumber=5&filterByStar=all_stars&sortBy=helpful&formatType=all_formats,allStars,,"{'price': None, 'listPrice': None}",2024-01-03,United States,,B0771L5HN5,-0.5707
49,49,5,Easy and effective,R1ZIF94ND3A4ZK,https://www.amazon.com/gp/customer-reviews/R1ZIF94ND3A4ZK/ref=cm_cr_arp_d_rvw_ttl?ie=UTF8&ASIN=B0771L5HN5,,"Reviewed in the United States on February 19, 2024",These are great!  I use them to round the corners of the Ikea desk and shelves I bought.  No more painful bumps when I work around the room.,True,Size: 12 Count (Pack of 1),[],50,53743,5371,https://www.amazon.com/product-reviews/B0771L5HN5?pageNumber=5&filterByStar=all_stars&sortBy=helpful&formatType=all_formats,allStars,,"{'price': None, 'listPrice': None}",2024-02-19,United States,,B0771L5HN5,-0.1494
50,50,5,Reduces toddler head bump,R5IMGFZR68ADK,https://www.amazon.com/gp/customer-reviews/R5IMGFZR68ADK/ref=cm_cr_arp_d_rvw_ttl?ie=UTF8&ASIN=B0771L5HN5,,"Reviewed in the United States on February 27, 2024",Indispensable if you have a toddler and a table or desk in the same room.,True,Size: 12 Count (Pack of 1),[],51,53743,5371,https://www.amazon.com/product-reviews/B0771L5HN5?pageNumber=6&filterByStar=all_stars&sortBy=helpful&formatType=all_formats,allStars,,"{'price': None, 'listPrice': None}",2024-02-27,United States,,B0771L5HN5,0.0
51,51,4,Measure before you buy.,R1UGAOWA04STNO,https://www.amazon.com/gp/customer-reviews/R1UGAOWA04STNO/ref=cm_cr_arp_d_rvw_ttl?ie=UTF8&ASIN=B0771L5HN5,,"Reviewed in the United States on January 14, 2024",They were too short length wise for my table corner.  It did not cover all of the corner edge.  You could see the bottom of corner exposed. Otherwise they would have been great. Had to order different ones that did cover all of the corner.,True,Size: 12 Count (Pack of 1),[],52,53743,5371,https://www.amazon.com/product-reviews/B0771L5HN5?pageNumber=6&filterByStar=all_stars&sortBy=helpful&formatType=all_formats,allStars,,"{'price': None, 'listPrice': None}",2024-01-14,United States,,B0771L5HN5,0.7845
52,52,5,Love the rounded style of these!,R3IAFXLJWB4H77,https://www.amazon.com/gp/customer-reviews/R3IAFXLJWB4H77/ref=cm_cr_arp_d_rvw_ttl?ie=UTF8&ASIN=B0771L5HN5,,"Reviewed in the United States on February 2, 2024","Rounded style is great for softening up hard corners for little ones when baby proofing furniture and living space. These are clear, and small but cushy so they do a nice job without distracting from the look of your furniture/ design. They are easy to apply and adhesive is adequately strong to stay put. I like these much more than the more squared/ triangular shaped corner protectors.",True,Size: 12 Count (Pack of 1),[],53,53743,5371,https://www.amazon.com/product-reviews/B0771L5HN5?pageNumber=6&filterByStar=all_stars&sortBy=helpful&formatType=all_formats,allStars,,"{'price': None, 'listPrice': None}",2024-02-02,United States,,B0771L5HN5,0.9688
53,53,4,This doesn’t cover the whole corner if that’s what you’re looking for,R4E72EBRSXI5C,https://www.amazon.com/gp/customer-reviews/R4E72EBRSXI5C/ref=cm_cr_arp_d_rvw_ttl?ie=UTF8&ASIN=B0771L5HN5,,"Reviewed in the United States on January 13, 2024",I personally don’t mind that this doesn’t cover the entire corner (top and bottom) cause I didn’t want something super noticeable. Cmon… Baby proofing the house is not aesthetically pleasing. These were super easy to install. Just peel and stick on!,True,Size: 18 Count (Pack of 1),[],54,53743,5371,https://www.amazon.com/product-reviews/B0771L5HN5?pageNumber=6&filterByStar=all_stars&sortBy=helpful&formatType=all_formats,allStars,,"{'price': None, 'listPrice': None}",2024-01-13,United States,,B0771L5HN5,0.8596
54,54,5,Works well!!,R3K6RR3384GJ8H,https://www.amazon.com/gp/customer-reviews/R3K6RR3384GJ8H/ref=cm_cr_arp_d_rvw_ttl?ie=UTF8&ASIN=B0771L5HN5,,"Reviewed in the United States on January 24, 2024","We have a toddler than likes to test his limits so we got these to minimize him getting hurt on our pointy furniture. They work great!!! But it is a tad cumbersome to add each sticker to the inside of each side of the plastic corner, but once done and placed on furniture, they stay really well. Plus you barely notice them so that works out really well.Highly recommend!",True,Size: 18 Count (Pack of 1),['https://m.media-amazon.com/images/I/61WmA6aqrJL._SY88.jpg'],55,53743,5371,https://www.amazon.com/product-reviews/B0771L5HN5?pageNumber=6&filterByStar=all_stars&sortBy=helpful&formatType=all_formats,allStars,,"{'price': None, 'listPrice': None}",2024-01-24,United States,,B0771L5HN5,0.88
55,55,5,Helpful and easy to use,R1K5KTBY8XZ1YR,https://www.amazon.com/gp/customer-reviews/R1K5KTBY8XZ1YR/ref=cm_cr_arp_d_rvw_ttl?ie=UTF8&ASIN=B0771L5HN5,,"Reviewed in the United States on March 6, 2024",Very sticky and fits all corners!,True,Size: 12 Count (Pack of 1),[],56,53743,5371,https://www.amazon.com/product-reviews/B0771L5HN5?pageNumber=6&filterByStar=all_stars&sortBy=helpful&formatType=all_formats,allStars,,"{'price': None, 'listPrice': None}",2024-03-06,United States,,B0771L5HN5,0.0
56,56,5,Blend in,R1BHO0HTQEJMVJ,https://www.amazon.com/gp/customer-reviews/R1BHO0HTQEJMVJ/ref=cm_cr_arp_d_rvw_ttl?ie=UTF8&ASIN=B0771L5HN5,,"Reviewed in the United States on February 8, 2024","I got these for a mud bench. We don’t have children, but we use them to keep the front door from getting scratch by the corner of the bench. No issues so far. I like that they are clear so they don’t look ugly and the corners are rounded nicely.",True,Size: 12 Count (Pack of 1),[],57,53743,5371,https://www.amazon.com/product-reviews/B0771L5HN5?pageNumber=6&filterByStar=all_stars&sortBy=helpful&formatType=all_formats,allStars,,"{'price': None, 'listPrice': None}",2024-02-08,United States,,B0771L5HN5,0.5672
57,57,5,"Works well, sticks well",R2231WZHQ62IN8,https://www.amazon.com/gp/customer-reviews/R2231WZHQ62IN8/ref=cm_cr_arp_d_rvw_ttl?ie=UTF8&ASIN=B0771L5HN5,One person found this helpful,"Reviewed in the United States on February 10, 2024",Got these for the bottom corner of my countertop. My toddler is at perfect height to cut the corner to sharp and bash his head. These were easy to stick on and hold tight! Nice rounded edges will keep his head safe!,True,Size: 12 Count (Pack of 1),[],58,53743,5371,https://www.amazon.com/product-reviews/B0771L5HN5?pageNumber=6&filterByStar=all_stars&sortBy=helpful&formatType=all_formats,allStars,,"{'price': None, 'listPrice': None}",2024-02-10,United States,,B0771L5HN5,0.8953
58,58,5,Great for protecting corners,R2AOZX52PCLSO7,https://www.amazon.com/gp/customer-reviews/R2AOZX52PCLSO7/ref=cm_cr_arp_d_rvw_ttl?ie=UTF8&ASIN=B0771L5HN5,,"Reviewed in the United States on February 23, 2024",These are easy to apply and they do a great job of protecting my grandson from sharp corners,True,Size: 12 Count (Pack of 1),[],59,53743,5371,https://www.amazon.com/product-reviews/B0771L5HN5?pageNumber=6&filterByStar=all_stars&sortBy=helpful&formatType=all_formats,allStars,,"{'price': None, 'listPrice': None}",2024-02-23,United States,,B0771L5HN5,0.7906
59,59,5,Works great for someone who us clumsy,R3KO6LF2BOYGG6,https://www.amazon.com/gp/customer-reviews/R3KO6LF2BOYGG6/ref=cm_cr_arp_d_rvw_ttl?ie=UTF8&ASIN=B0771L5HN5,,"Reviewed in the United States on February 13, 2024",I didn't get this for child proofing but because I'm clumsy. It works great! still bashing parts of me in the corner of things but those corners no longer slice through me,True,Size: 12 Count (Pack of 1),[],60,53743,5371,https://www.amazon.com/product-reviews/B0771L5HN5?pageNumber=6&filterByStar=all_stars&sortBy=helpful&formatType=all_formats,allStars,,"{'price': None, 'listPrice': None}",2024-02-13,United States,,B0771L5HN5,0.63
60,60,5,Works like a charm!,R3TIQ5DNB74IW9,https://www.amazon.com/gp/customer-reviews/R3TIQ5DNB74IW9/ref=cm_cr_arp_d_rvw_ttl?ie=UTF8&ASIN=B0771L5HN5,,"Reviewed in the United States on February 16, 2024",Works great. Help keep my little man safe from corners.,True,Size: 12 Count (Pack of 1),[],81,53743,5371,https://www.amazon.com/product-reviews/B0771L5HN5?pageNumber=9&filterByStar=all_stars&sortBy=helpful&formatType=all_formats,allStars,,"{'price': None, 'listPrice': None}",2024-02-16,United States,,B0771L5HN5,0.8563
61,61,5,Great for sharp edges,R1BC6RM07RGDY9,https://www.amazon.com/gp/customer-reviews/R1BC6RM07RGDY9/ref=cm_cr_arp_d_rvw_ttl?ie=UTF8&ASIN=B0771L5HN5,,"Reviewed in the United States on February 2, 2024",This has been a life saver with an active toddler in the house.  I have it on every corner from tables to countertops.,True,Size: 24 Count (Pack of 1),[],82,53743,5371,https://www.amazon.com/product-reviews/B0771L5HN5?pageNumber=9&filterByStar=all_stars&sortBy=helpful&formatType=all_formats,allStars,,"{'price': None, 'listPrice': None}",2024-02-02,United States,,B0771L5HN5,0.4019
62,62,5,No More Skinned Shins!,R1HR69E01ZRSHL,https://www.amazon.com/gp/customer-reviews/R1HR69E01ZRSHL/ref=cm_cr_arp_d_rvw_ttl?ie=UTF8&ASIN=B0771L5HN5,,"Reviewed in the United States on January 26, 2024","They were easy to apply and was soft to the touch. My purchase of the product, will definitely protect my right shins from the corner of the living room fireplace.",True,Size: 12 Count (Pack of 1),[],83,53743,5371,https://www.amazon.com/product-reviews/B0771L5HN5?pageNumber=9&filterByStar=all_stars&sortBy=helpful&formatType=all_formats,allStars,,"{'price': None, 'listPrice': None}",2024-01-26,United States,,B0771L5HN5,0.802
63,63,4,Toddler can remove easily,R1RVR9YP3UW6JI,https://www.amazon.com/gp/customer-reviews/R1RVR9YP3UW6JI/ref=cm_cr_arp_d_rvw_ttl?ie=UTF8&ASIN=B0771L5HN5,One person found this helpful,"Reviewed in the United States on December 23, 2023",Got these for my dining table. My 19 month old rips them right off.,True,Size: 12 Count (Pack of 1),[],84,53743,5371,https://www.amazon.com/product-reviews/B0771L5HN5?pageNumber=9&filterByStar=all_stars&sortBy=helpful&formatType=all_formats,allStars,,"{'price': None, 'listPrice': None}",2023-12-23,United States,,B0771L5HN5,0.0
64,64,4,Good protection,R2UMRY2M0NM8P1,https://www.amazon.com/gp/customer-reviews/R2UMRY2M0NM8P1/ref=cm_cr_arp_d_rvw_ttl?ie=UTF8&ASIN=B0771L5HN5,One person found this helpful,"Reviewed in the United States on November 17, 2023",I love the idea of these corner covers. They are super protective and I got them to put on the corners of my steps and window sills. If you can keep them on the surface they are great. Unfortunately some have been popping off. If still recommend though !,True,Size: 18 Count (Pack of 1),['https://m.media-amazon.com/images/I/61rXkZkzFQL._SY88.jpg'],85,53743,5371,https://www.amazon.com/product-reviews/B0771L5HN5?pageNumber=9&filterByStar=all_stars&sortBy=helpful&formatType=all_formats,allStars,,"{'price': None, 'listPrice': None}",2023-11-17,United States,,B0771L5HN5,0.9273
65,65,3,Baby easily pulled these off,R364I6ZF18BHS0,https://www.amazon.com/gp/customer-reviews/R364I6ZF18BHS0/ref=cm_cr_arp_d_rvw_ttl?ie=UTF8&ASIN=B0771L5HN5,,"Reviewed in the United States on April 2, 2024",So so on the product. Our child easily pulled this off the table and so we couldn't use this in the long run.,True,Size: 24 Count (Pack of 1),[],86,53743,5371,https://www.amazon.com/product-reviews/B0771L5HN5?pageNumber=9&filterByStar=all_stars&sortBy=helpful&formatType=all_formats,allStars,,"{'price': None, 'listPrice': None}",2024-04-02,United States,,B0771L5HN5,0.34
66,66,5,Works well,RI5F0F5J03GGW,https://www.amazon.com/gp/customer-reviews/RI5F0F5J03GGW/ref=cm_cr_arp_d_rvw_ttl?ie=UTF8&ASIN=B0771L5HN5,,"Reviewed in the United States on January 20, 2024",I used this on a wooden desk in my office that was chipped during a move. I just wanted to protect that corner from further damage or anyone accidentally bumping into it and leaving with splinters. It blends in well.,True,Size: 12 Count (Pack of 1),[],87,53743,5371,https://www.amazon.com/product-reviews/B0771L5HN5?pageNumber=9&filterByStar=all_stars&sortBy=helpful&formatType=all_formats,allStars,,"{'price': None, 'listPrice': None}",2024-01-20,United States,,B0771L5HN5,-0.2263
67,67,5,End table cover,RHO0TKLFLVX2N,https://www.amazon.com/gp/customer-reviews/RHO0TKLFLVX2N/ref=cm_cr_arp_d_rvw_ttl?ie=UTF8&ASIN=B0771L5HN5,,"Reviewed in the United States on January 24, 2024",I got these for my living room table and I love them my son also loves them he thinks they are some gummy teeth toys but I love them. They also stick very well to the tables,True,Size: 12 Count (Pack of 1),['https://m.media-amazon.com/images/I/61XnhRzToeL._SY88.jpg'],88,53743,5371,https://www.amazon.com/product-reviews/B0771L5HN5?pageNumber=9&filterByStar=all_stars&sortBy=helpful&formatType=all_formats,allStars,,"{'price': None, 'listPrice': None}",2024-01-24,United States,,B0771L5HN5,0.9305
68,68,5,Straight Forward Install and Durable,RIFYLQMZMLI7X,https://www.amazon.com/gp/customer-reviews/RIFYLQMZMLI7X/ref=cm_cr_arp_d_rvw_ttl?ie=UTF8&ASIN=B0771L5HN5,,"Reviewed in the United States on January 5, 2024","Took a little long to get things perfect, but they go on super well and don’t look like they will cause damage when removed! Help avoid direct corner impacts with littles, but they can still bonk their head on the edge where the plastic doesn’t reach. Careful buying to install on top and bottom corners of same side, they don’t overlap well and so you’ll have to choose top or bottom install on thin tables, etc.",True,Size: 12 Count (Pack of 1),[],89,53743,5371,https://www.amazon.com/product-reviews/B0771L5HN5?pageNumber=9&filterByStar=all_stars&sortBy=helpful&formatType=all_formats,allStars,,"{'price': None, 'listPrice': None}",2024-01-05,United States,,B0771L5HN5,0.9548
69,69,4,So far so good!,R369KWJU6KBTVG,https://www.amazon.com/gp/customer-reviews/R369KWJU6KBTVG/ref=cm_cr_arp_d_rvw_ttl?ie=UTF8&ASIN=B0771L5HN5,,"Reviewed in the United States on October 31, 2023","These were super easy to install on our TV stand, and our child thankfully hasn’t hit the TV stand, I think it would definitely be a softer blow than if the corners were exposed,  we’re happy with our purchase so far the material is a very thick kind of rubber, but like I said, it would definitely be softer than a sharp corner!",True,Size: 12 Count (Pack of 1),[],90,53743,5371,https://www.amazon.com/product-reviews/B0771L5HN5?pageNumber=9&filterByStar=all_stars&sortBy=helpful&formatType=all_formats,allStars,,"{'price': None, 'listPrice': None}",2023-10-31,United States,,B0771L5HN5,0.9376
70,70,5,Works great,R3Q0ECII172A97,https://www.amazon.com/gp/customer-reviews/R3Q0ECII172A97/ref=cm_cr_arp_d_rvw_ttl?ie=UTF8&ASIN=B0771L5HN5,,"Reviewed in the United States on March 1, 2024",Just as it should.,True,Size: 12 Count (Pack of 1),[],61,53743,5371,https://www.amazon.com/product-reviews/B0771L5HN5?pageNumber=7&filterByStar=all_stars&sortBy=helpful&formatType=all_formats,allStars,,"{'price': None, 'listPrice': None}",2024-03-01,United States,,B0771L5HN5,0.0
71,71,5,Good quality fits well,R279G5KFW2DDZO,https://www.amazon.com/gp/customer-reviews/R279G5KFW2DDZO/ref=cm_cr_arp_d_rvw_ttl?ie=UTF8&ASIN=B0771L5HN5,,"Reviewed in the United States on February 23, 2024",Best to protect the kids from dangerous corners. Good quality sticks very good.,True,Size: 12 Count (Pack of 1),[],62,53743,5371,https://www.amazon.com/product-reviews/B0771L5HN5?pageNumber=7&filterByStar=all_stars&sortBy=helpful&formatType=all_formats,allStars,,"{'price': None, 'listPrice': None}",2024-02-23,United States,,B0771L5HN5,0.8687
72,72,5,Already Protected My Son’s Head,R251VX9T2FHAPR,https://www.amazon.com/gp/customer-reviews/R251VX9T2FHAPR/ref=cm_cr_arp_d_rvw_ttl?ie=UTF8&ASIN=B0771L5HN5,,"Reviewed in the United States on January 21, 2024","My 2 year old is hell on wheels and runs all over the house without a care in the world. It’s already kept him from busting open his head.Please note: this isn’t a magical product, it can’t guarantee complete protection. It’s not a marshmallow corner, if the corner is sharp, it’s still not going to feel great; however, it will absolutely minimize the damage. Be realistic when reading some of these reviews,",True,Size: 12 Count (Pack of 1),[],63,53743,5371,https://www.amazon.com/product-reviews/B0771L5HN5?pageNumber=7&filterByStar=all_stars&sortBy=helpful&formatType=all_formats,allStars,,"{'price': None, 'listPrice': None}",2024-01-21,United States,,B0771L5HN5,-0.68
73,73,4,"Subtle design, not quite big enough",R270M2TZSS7JEM,https://www.amazon.com/gp/customer-reviews/R270M2TZSS7JEM/ref=cm_cr_arp_d_rvw_ttl?ie=UTF8&ASIN=B0771L5HN5,8 people found this helpful,"Reviewed in the United States on September 21, 2023","PRO'S: We love that these corner protectors are more of a classy, subtle design than the others we had before. The rounded edges seem to be a bit softer if your baby were to fall into it.CONS: They cover the top of the piece of furniture nicely, but don't come down quite far enough. If your little one were to stand up near the corner of the furniture, they could potentially bump into the sharp edge of the furniture. Also, it was bit time consuming to add all the adhesives, though I think you are going to get that with most other brands. I do wish they would have included a few extra for mess ups.OVERALL: We are happy with the purchase, especially because we feel they are better looking than most, and would buy it again. I do wish they were were just slightly bigger to cover the entire edge of the furniture piece.",True,Size: 12 Count (Pack of 1),"['https://m.media-amazon.com/images/I/61IW91uKNfL._SY88.jpg', 'https://m.media-amazon.com/images/I/71OVOZbtxFL._SY88.jpg', 'https://m.media-amazon.com/images/I/71kSVUWQo0L._SY88.jpg']",64,53743,5371,https://www.amazon.com/product-reviews/B0771L5HN5?pageNumber=7&filterByStar=all_stars&sortBy=helpful&formatType=all_formats,allStars,,"{'price': None, 'listPrice': None}",2023-09-21,United States,,B0771L5HN5,0.9627
74,74,4,Baby pulled them off,R1F34LWTQB758J,https://www.amazon.com/gp/customer-reviews/R1F34LWTQB758J/ref=cm_cr_arp_d_rvw_ttl?ie=UTF8&ASIN=B0771L5HN5,,"Reviewed in the United States on January 12, 2024",My 8 month old pulled one of them off already and it's only been on for 2 days. In their defense she's pretty strong and curious.,True,Size: 18 Count (Pack of 1),[],65,53743,5371,https://www.amazon.com/product-reviews/B0771L5HN5?pageNumber=7&filterByStar=all_stars&sortBy=helpful&formatType=all_formats,allStars,,"{'price': None, 'listPrice': None}",2024-01-12,United States,,B0771L5HN5,0.8519
75,75,4,Works great,R2F59CPO85TTNY,https://www.amazon.com/gp/customer-reviews/R2F59CPO85TTNY/ref=cm_cr_arp_d_rvw_ttl?ie=UTF8&ASIN=B0771L5HN5,,"Reviewed in the United States on January 9, 2024",Very useful works great to put on corners do you don’t bump into them and get hurt they do eventually need to be change the sticky dose get lose after a while.,True,Size: 12 Count (Pack of 1),[],66,53743,5371,https://www.amazon.com/product-reviews/B0771L5HN5?pageNumber=7&filterByStar=all_stars&sortBy=helpful&formatType=all_formats,allStars,,"{'price': None, 'listPrice': None}",2024-01-09,United States,,B0771L5HN5,0.352
76,76,5,Exactly what we needed,R207F5V2BFVGCS,https://www.amazon.com/gp/customer-reviews/R207F5V2BFVGCS/ref=cm_cr_arp_d_rvw_ttl?ie=UTF8&ASIN=B0771L5HN5,,"Reviewed in the United States on January 29, 2024","These corner protectors worked for exactly what we needed them for. They are easy to install, and we like their clear design so they aren't too unappealing on the corners of our furniture. Also a very reasonable price point! I would recommend these.",True,Size: 12 Count (Pack of 1),[],67,53743,5371,https://www.amazon.com/product-reviews/B0771L5HN5?pageNumber=7&filterByStar=all_stars&sortBy=helpful&formatType=all_formats,allStars,,"{'price': None, 'listPrice': None}",2024-01-29,United States,,B0771L5HN5,0.8687
77,77,5,Works great!,R27TPZ20KOGR6,https://www.amazon.com/gp/customer-reviews/R27TPZ20KOGR6/ref=cm_cr_arp_d_rvw_ttl?ie=UTF8&ASIN=B0771L5HN5,,"Reviewed in the United States on February 22, 2024",I can now let my toddler play worry free!,True,Size: 12 Count (Pack of 1),['https://m.media-amazon.com/images/I/61aqDu5BLQL._SY88.jpg'],68,53743,5371,https://www.amazon.com/product-reviews/B0771L5HN5?pageNumber=7&filterByStar=all_stars&sortBy=helpful&formatType=all_formats,allStars,,"{'price': None, 'listPrice': None}",2024-02-22,United States,,B0771L5HN5,0.4753
78,78,5,Thank you,R31HZJSZKA992A,https://www.amazon.com/gp/customer-reviews/R31HZJSZKA992A/ref=cm_cr_arp_d_rvw_ttl?ie=UTF8&ASIN=B0771L5HN5,,"Reviewed in the United States on February 26, 2024",Item fits corners well.,True,Size: 12 Count (Pack of 1),[],69,53743,5371,https://www.amazon.com/product-reviews/B0771L5HN5?pageNumber=7&filterByStar=all_stars&sortBy=helpful&formatType=all_formats,allStars,,"{'price': None, 'listPrice': None}",2024-02-26,United States,,B0771L5HN5,0.2732
79,79,4,Goon product,R12P0WY1NO5QPZ,https://www.amazon.com/gp/customer-reviews/R12P0WY1NO5QPZ/ref=cm_cr_arp_d_rvw_ttl?ie=UTF8&ASIN=B0771L5HN5,,"Reviewed in the United States on January 2, 2024","Sticks well, fit on all different furniture types I have. Looks like it has some air bubbles but other that that it’s great.",True,Size: 18 Count (Pack of 1),[],70,53743,5371,https://www.amazon.com/product-reviews/B0771L5HN5?pageNumber=7&filterByStar=all_stars&sortBy=helpful&formatType=all_formats,allStars,,"{'price': None, 'listPrice': None}",2024-01-02,United States,,B0771L5HN5,0.8658
80,80,4,Corner protectors,R3SOACNPW2TZVF,https://www.amazon.com/gp/customer-reviews/R3SOACNPW2TZVF/ref=cm_cr_arp_d_rvw_ttl?ie=UTF8&ASIN=B0771L5HN5,,"Reviewed in the United States on January 18, 2024","Great for coffee, tables and end tables to protect babies from injury",True,Size: 12 Count (Pack of 1),[],71,53743,5371,https://www.amazon.com/product-reviews/B0771L5HN5?pageNumber=8&filterByStar=all_stars&sortBy=helpful&formatType=all_formats,allStars,,"{'price': None, 'listPrice': None}",2024-01-18,United States,,B0771L5HN5,0.5994
81,81,4,Perfect size for sharp corners,RLNEQEKJ2U10H,https://www.amazon.com/gp/customer-reviews/RLNEQEKJ2U10H/ref=cm_cr_arp_d_rvw_ttl?ie=UTF8&ASIN=B0771L5HN5,,"Reviewed in the United States on January 11, 2024","Good size for sharp corners, holds well but did damage coffee table when pulled off.",True,Size: 24 Count (Pack of 1),[],72,53743,5371,https://www.amazon.com/product-reviews/B0771L5HN5?pageNumber=8&filterByStar=all_stars&sortBy=helpful&formatType=all_formats,allStars,,"{'price': None, 'listPrice': None}",2024-01-11,United States,,B0771L5HN5,-0.4215
82,82,5,bien,R29V8YX8ZP38PO,https://www.amazon.com/gp/customer-reviews/R29V8YX8ZP38PO/ref=cm_cr_arp_d_rvw_ttl?ie=UTF8&ASIN=B0771L5HN5,,"Reviewed in the United States on February 23, 2024","bien, se pega bien",True,Size: 12 Count (Pack of 1),[],73,53743,5371,https://www.amazon.com/product-reviews/B0771L5HN5?pageNumber=8&filterByStar=all_stars&sortBy=helpful&formatType=all_formats,allStars,,"{'price': None, 'listPrice': None}",2024-02-23,United States,,B0771L5HN5,0.0
83,83,5,Save the furniture,R1HBVANEKDG2G9,https://www.amazon.com/gp/customer-reviews/R1HBVANEKDG2G9/ref=cm_cr_arp_d_rvw_ttl?ie=UTF8&ASIN=B0771L5HN5,,"Reviewed in the United States on February 13, 2024",Great if your like me and constantly hit the corners of your furniture.,True,Size: 12 Count (Pack of 1),[],74,53743,5371,https://www.amazon.com/product-reviews/B0771L5HN5?pageNumber=8&filterByStar=all_stars&sortBy=helpful&formatType=all_formats,allStars,,"{'price': None, 'listPrice': None}",2024-02-13,United States,,B0771L5HN5,0.765
84,84,5,Great product,R3KRF8STZ6XF3M,https://www.amazon.com/gp/customer-reviews/R3KRF8STZ6XF3M/ref=cm_cr_arp_d_rvw_ttl?ie=UTF8&ASIN=B0771L5HN5,,"Reviewed in the United States on February 16, 2024",Easy to apply and holds well,True,Size: 12 Count (Pack of 1),[],75,53743,5371,https://www.amazon.com/product-reviews/B0771L5HN5?pageNumber=8&filterByStar=all_stars&sortBy=helpful&formatType=all_formats,allStars,,"{'price': None, 'listPrice': None}",2024-02-16,United States,,B0771L5HN5,0.6124
85,85,5,Excelente calidad,R16NXL53QSPYAT,https://www.amazon.com/gp/customer-reviews/R16NXL53QSPYAT/ref=cm_cr_arp_d_rvw_ttl?ie=UTF8&ASIN=B0771L5HN5,,"Reviewed in the United States on February 19, 2024",Cumplen con las espectativas,True,Size: 18 Count (Pack of 1),[],76,53743,5371,https://www.amazon.com/product-reviews/B0771L5HN5?pageNumber=8&filterByStar=all_stars&sortBy=helpful&formatType=all_formats,allStars,,"{'price': None, 'listPrice': None}",2024-02-19,United States,,B0771L5HN5,0.0
86,86,4,Work great but applying the stickiness is annoying!,R3GMT3VCIXXVNO,https://www.amazon.com/gp/customer-reviews/R3GMT3VCIXXVNO/ref=cm_cr_arp_d_rvw_ttl?ie=UTF8&ASIN=B0771L5HN5,,"Reviewed in the United States on September 29, 2023",These serve their purpose fine. We got them for some sharp corners around the house. I'd give this product 5 stars if it wasn't beyond annoying to apply the stickiness to it. You have the little rubber but then you have to apply 3 stickers inside of it that then you have to peel (3x per one) to expose the stickiness on the other side so it will stick to a corner. It is not easy to peel and even having nails to force in-between it to separate it and peel it doesn't make it any easier. It's pretty frustrating especially if you have a lot of stuff you have to apply these to!,True,Size: 12 Count (Pack of 1),"['https://m.media-amazon.com/images/I/51T-7OgnpkL._SY88.jpg', 'https://m.media-amazon.com/images/I/616quOHiOuL._SY88.jpg', 'https://m.media-amazon.com/images/I/61X6T3pg3HL._SY88.jpg']",77,53743,5371,https://www.amazon.com/product-reviews/B0771L5HN5?pageNumber=8&filterByStar=all_stars&sortBy=helpful&formatType=all_formats,allStars,,"{'price': None, 'listPrice': None}",2023-09-29,United States,,B0771L5HN5,0.3532
87,87,3,"These work, but they’re too small!",R14VDFKD508YOO,https://www.amazon.com/gp/customer-reviews/R14VDFKD508YOO/ref=cm_cr_arp_d_rvw_ttl?ie=UTF8&ASIN=B0771L5HN5,,"Reviewed in the United States on April 2, 2024","They cover the top of the corner, but they don’t cover the bottom, so that if a child lifts up and bumps his or her head on the corner, it’s not protected only the top part is",True,Size: 12 Count (Pack of 1),[],78,53743,5371,https://www.amazon.com/product-reviews/B0771L5HN5?pageNumber=8&filterByStar=all_stars&sortBy=helpful&formatType=all_formats,allStars,,"{'price': None, 'listPrice': None}",2024-04-02,United States,,B0771L5HN5,-0.1303
88,88,5,Buen producto,R3N0JCKN2MHJZF,https://www.amazon.com/gp/customer-reviews/R3N0JCKN2MHJZF/ref=cm_cr_arp_d_rvw_ttl?ie=UTF8&ASIN=B0771L5HN5,One person found this helpful,"Reviewed in the United States on March 22, 2024","En mi opinión me gusta mucho el producto, cumple con las expectativas y se adhiere bien a la superficie, buen material, 10 de 10",True,Size: 12 Count (Pack of 1),['https://m.media-amazon.com/images/I/51444+Z53ML._SY88.jpg'],79,53743,5371,https://www.amazon.com/product-reviews/B0771L5HN5?pageNumber=8&filterByStar=all_stars&sortBy=helpful&formatType=all_formats,allStars,,"{'price': None, 'listPrice': None}",2024-03-22,United States,,B0771L5HN5,0.0
89,89,5,Love!,R1P7G1CSIMHXO0,https://www.amazon.com/gp/customer-reviews/R1P7G1CSIMHXO0/ref=cm_cr_arp_d_rvw_ttl?ie=UTF8&ASIN=B0771L5HN5,,"Reviewed in the United States on February 17, 2024",Perfect so my little one doesn’t hurt himself.,True,Size: 12 Count (Pack of 1),[],80,53743,5371,https://www.amazon.com/product-reviews/B0771L5HN5?pageNumber=8&filterByStar=all_stars&sortBy=helpful&formatType=all_formats,allStars,,"{'price': None, 'listPrice': None}",2024-02-17,United States,,B0771L5HN5,0.144
