,Unnamed: 0,ratingScore,reviewTitle,reviewId,reviewUrl,reviewReaction,reviewedIn,reviewDescription,isVerified,variant,reviewImages,position,totalCategoryRatings,totalCategoryReviews,reviewCategoryUrl,filterByRating,filterByKeyword,product,date,country,countryCode,productAsin,sentiment_score
0,0,5,Bought 2 cuz my dog is spoiled!,R2OAZN56K8RIWB,https://www.amazon.com/gp/customer-reviews/R2OAZN56K8RIWB/ref=cm_cr_arp_d_rvw_ttl?ie=UTF8&ASIN=B09GJLCWLJ,4 people found this helpful,"Reviewed in the United States on March 13, 2024",These beds are PERFECT! My baby girl who is a spoiled brat absolutely loves them. I originally had one for my bed and moved it to the couch Everday but I got sick of that so I just gave them bought her a brand new one. One for my bed and one for the couch. They come vacuum sealed in a pretty small box and once you get out of the packaging it feels clumpy and not that great but once it expands it gets from and the clumps go away and it feels A LOT better! I guarantee your animals will absolutely love this bed!,True,"Size: 45.0""L x 37.0""W x 6.0""ThColor: Dark Grey",[],1,5540,1081,https://www.amazon.com/product-reviews/B09GJLCWLJ?pageNumber=1&filterByStar=all_stars&sortBy=helpful&formatType=all_formats,allStars,,"{'price': None, 'listPrice': None}",2024-03-13,United States,,B09GJLCWLJ,0.9402
1,1,5,My dogs love these!,R3C1JJ85DZXWFL,https://www.amazon.com/gp/customer-reviews/R3C1JJ85DZXWFL/ref=cm_cr_arp_d_rvw_ttl?ie=UTF8&ASIN=B09GJLCWLJ,4 people found this helpful,"Reviewed in the United States on February 21, 2024","So soft & comfy. I had purchased on for 1 dog who likes all things soft & my other dog kept stealing his bed so I got a second one. Now they both snuggle with into their own beds & sleep great. They are super easy to clean. Just unzip, take out the long pillow, I recommend rezipping, & wash like normal. I dry on hot & the fur doesn't burn & it comes out fluffy & like new. I've had one of them for a year or 2 & it's still going strong.",True,"Size: 45.0""L x 37.0""W x 6.0""ThColor: Dark Grey",[],2,5540,1081,https://www.amazon.com/product-reviews/B09GJLCWLJ?pageNumber=1&filterByStar=all_stars&sortBy=helpful&formatType=all_formats,allStars,,"{'price': None, 'listPrice': None}",2024-02-21,United States,,B09GJLCWLJ,0.9702
2,2,4,Easy to assemble!,R13XJ22FY2ODD3,https://www.amazon.com/gp/customer-reviews/R13XJ22FY2ODD3/ref=cm_cr_arp_d_rvw_ttl?ie=UTF8&ASIN=B09GJLCWLJ,,"Reviewed in the United States on February 13, 2024",I needed an extra bed that was easy to move around and this is great so far our dog loves it!! It is pretty thin at the bottom and for the cushion part you really have to fluff it out becasue out of the package it was pretty stiff and hard. I took out the roll and fluffed it and it felt better right away. For reference i have a 55lb American Bully and i went with the largest bed and she fits perfectly on it.,True,"Size: 45.0""L x 37.0""W x 6.0""ThColor: Light Grey",['https://m.media-amazon.com/images/I/71Mt8clBk1L._SY88.jpg'],3,5540,1081,https://www.amazon.com/product-reviews/B09GJLCWLJ?pageNumber=1&filterByStar=all_stars&sortBy=helpful&formatType=all_formats,allStars,,"{'price': None, 'listPrice': None}",2024-02-13,United States,,B09GJLCWLJ,0.969
3,3,5,Perfect for my pups!,R3FA7LYMYGLV6O,https://www.amazon.com/gp/customer-reviews/R3FA7LYMYGLV6O/ref=cm_cr_arp_d_rvw_ttl?ie=UTF8&ASIN=B09GJLCWLJ,3 people found this helpful,"Reviewed in the United States on December 22, 2023","I recently purchased this Dog Bed, and it has truly exceeded my expectations. The first thing that caught my eye was the stylish design, but what impressed me even more was the level of comfort it provides for my furry companion.The material is not only soft and cozy but also durable.Cleaning is a breeze, thanks to the removable, machine-washable cover. This feature has been a lifesaver, especially during muddy paw season.What sets this dog bed apart is the versatility – it’s perfect for dogs of all sizes and breeds. Whether my pup is curling up for a nap or stretching out to relax, the spacious design accommodates their preferred sleeping style.It’s a win-win for both pets and their human companions!",True,,['https://m.media-amazon.com/images/I/71i63KC2IvL._SY88.jpg'],4,5540,1081,https://www.amazon.com/product-reviews/B09GJLCWLJ?pageNumber=1&filterByStar=all_stars&sortBy=helpful&formatType=all_formats,allStars,,"{'price': None, 'listPrice': None}",2023-12-22,United States,,B09GJLCWLJ,0.9828
4,4,5,Comfy dog!!!,R3W40V1ACPLBGX,https://www.amazon.com/gp/customer-reviews/R3W40V1ACPLBGX/ref=cm_cr_arp_d_rvw_ttl?ie=UTF8&ASIN=B09GJLCWLJ,2 people found this helpful,"Reviewed in the United States on March 6, 2024",My dog just loves this comfy mat!! The first night he wouldn’t move off that comfy mat! Not even for treats! As for me I think it’s well made and so soft!! Wish they had human comfy mats! It definitely scored big in my house!! Good product!!!!,True,"Size: 53.0""L x 39.3""W x 6.0""ThColor: Brown",[],5,5540,1081,https://www.amazon.com/product-reviews/B09GJLCWLJ?pageNumber=1&filterByStar=all_stars&sortBy=helpful&formatType=all_formats,allStars,,"{'price': None, 'listPrice': None}",2024-03-06,United States,,B09GJLCWLJ,0.9387
5,5,3,Hard to gauge & describe.....,RNYZKD50AJ1EG,https://www.amazon.com/gp/customer-reviews/RNYZKD50AJ1EG/ref=cm_cr_arp_d_rvw_ttl?ie=UTF8&ASIN=B09GJLCWLJ,91 people found this helpful,"Reviewed in the United States on September 22, 2022","For the price I paid I thought I was getting a ""more quality item"".  Please let me explain....dog ""stuff"" is out of control in prices and I do travel with all 5 of my chihuahuas.  Yep, got one more added to the mix (she was dropped off bc I'm apparently known in my neighborhood as the person who works with ""troubled/abused"" chihuahuas - the lady drove right up to my house, asked my name handed me a screaming puppy covered in feces and sped off - I didn't have time to take a picture of her license plate bc I was mowing my yard).  Anyhow, all my dogs travel with me, I like to make them comfortable bc it makes for a more enjoyable and carefree drive.  Let me tell you, it is fluffy, so that means after washing gotta air dry and then dryer to fluff, the non-skid nubs come off in the wash and really do not hold it in place.  That's okay.  I mean my dogs are not the rough and tough, rowdy type of dogs.  They love the fluffy aspect, they love to hide underneath it and it lays well on hotel beds.  The stuffing in the ""cradle"" is NOT up to snuff.  I bought an orthopedic bed for the dogs and the stuffing in that - INCREDIBLE, (has lasted me years) alas I can not say that about this item.  I also would like to say the the fabric or quality of the furry blanket is MEH...... it feels like it contains cotton in the fabric/fur rather than being all man-made fur/fabric is a minus.  it is NOT silky smooth.  It has the appearance in all the photos of being silky and oh so inviting but trust me, I have farmer hands and this is NOT a kind soft and fluffy that you wanna sink into.  I have found that with Pets - man made fabric for bedding is amazing - it doesn't hold accidents and it doesn't hold scents, it's much easier to wash, air dry and I don't have to fluff up in the dryer.  I LIKE this dog bed enough to keep it - I don't love it.  I'd tweak it a tad if I was the manufacturer - more stuffing in the ""cradle/neck part"", more resilient, a scrid of padding in the flatter portion and a silkier, man made fur for the pets.  Perhaps I'm a snobby buyer - but honestly...I do consider my pets items for comfort, durability and can I clean this properly without stink holding on.  I'd say go ahead and buy this and judge it for yourself.  My dogs are not as picky as I am.  You will LIKE this bed, you may even love it - I'm just giving you my take on this item.  Good luck, hope you enjoy and either way your pet(s) gonna enjoy it.",True,"Size: 45.0""L x 37.0""W x 6.0""ThColor: Light Grey",[],6,5540,1081,https://www.amazon.com/product-reviews/B09GJLCWLJ?pageNumber=1&filterByStar=all_stars&sortBy=helpful&formatType=all_formats,allStars,,"{'price': None, 'listPrice': None}",2022-09-22,United States,,B09GJLCWLJ,0.9978
6,6,5,Very Nice Blanket Mat!!,R1Y08T2637V2XK,https://www.amazon.com/gp/customer-reviews/R1Y08T2637V2XK/ref=cm_cr_arp_d_rvw_ttl?ie=UTF8&ASIN=B09GJLCWLJ,3 people found this helpful,"Reviewed in the United States on January 12, 2024","This bed is well made, and the material is very fluffy and plush. My dogs love it!! I use it on my couch and in my car. I was surprised the quality was so nice. I have not washed it yet, but expect this will hold up nicely. As mentioned in another review, there is a zipper under the pillow section which allows you to remove the pillow before washing if needed. There is a handle on the back, which makes it easy to carry. I also stuff the handle into the car seat, and into the couch cushion to hold it in place. Great product, and I will be buying a second one so I can leave it in my car.",True,"Size: 45.0""L x 37.0""W x 6.0""ThColor: Dark Grey",['https://m.media-amazon.com/images/I/71jWVUZBYCL._SY88.jpg'],7,5540,1081,https://www.amazon.com/product-reviews/B09GJLCWLJ?pageNumber=1&filterByStar=all_stars&sortBy=helpful&formatType=all_formats,allStars,,"{'price': None, 'listPrice': None}",2024-01-12,United States,,B09GJLCWLJ,0.9644
7,7,4,My dog loves it!,R1Y51CDE1UTCX0,https://www.amazon.com/gp/customer-reviews/R1Y51CDE1UTCX0/ref=cm_cr_arp_d_rvw_ttl?ie=UTF8&ASIN=B09GJLCWLJ,5 people found this helpful,"Reviewed in the United States on January 7, 2024","We bought this dog bed to protect the leather on our couch from the claws of our 90lb American Staffordshire Terrier(pitbull). Also to cut down on the hair he sheds(white hair/black leather) from being on the couch. The dog bed is lightweight and easy to transfer from inside to our outdoor couch on the patio. The zippered compartment that holds the padded bolster is easy to unzip and the padding comes out easily when it's time to wash. Very good product! The only reason I'm not giving it 5 stars is due to the lack of ""grip"" on the underside. The description said it had a non-slip type of surface on the bottom to help keep it in place, but they are really just small plastic ""dots"". If they were actually a rubber type material it would help with sliding much better. It has a handle with a rubber tube around it, so I stuff that behind the cushion and it somewhat helps to keep it in place.",True,,"['https://m.media-amazon.com/images/I/7137ZcJ-KhL._SY88.jpg', 'https://m.media-amazon.com/images/I/71XRt-GlbjL._SY88.jpg', 'https://m.media-amazon.com/images/I/71qtLmQwZsL._SY88.jpg']",8,5540,1081,https://www.amazon.com/product-reviews/B09GJLCWLJ?pageNumber=1&filterByStar=all_stars&sortBy=helpful&formatType=all_formats,allStars,,"{'price': None, 'listPrice': None}",2024-01-07,United States,,B09GJLCWLJ,0.9458
8,8,5,My boys love it.,R10VASM5UFO5AU,https://www.amazon.com/gp/customer-reviews/R10VASM5UFO5AU/ref=cm_cr_arp_d_rvw_ttl?ie=UTF8&ASIN=B09GJLCWLJ,4 people found this helpful,"Reviewed in the United States on January 13, 2024","I got this Calming dog bed fluffy plush dog mat for furniture protector. It can be put into cars, on couches, on your bed, or even on the floor. I opened it up to fluff it because it says give it 24 to 48 hrs. Of course when I first opened it all 3 of my boys had to play on it. They finally got over the new thing I got them in the dining room to fluff and came into the living room to either cuddle with me on the couch or in one of the many beds with blankets I got them. I only had the TV on, no lights because I hurt my back and was just cuddling with one of my boys, Mookie, on the couch and didn't want to get up to turn on a light, when it got dark. I saw Brady sleeping in a bed, but no Geno and I got nervous. Geno is mostly deaf and blind, I was yelling, but no Geno. I'm struggling to get off the couch, thinking why am I yelling Geno, he can't hear me 🤦‍♀️. I turn on the light, looking in ALL the pup beds, under ALL blankets because they have so many. Still no Geno and I'm starting to freak out. I limp out into the dining room and find him, sleeping on the new fluffy bed. The picture is when I found him. So he approved from the start and they all love it now, so much I ordered another. I haven't cleaned it yet and my boys love to dig and it's holding up just fine.",True,"Size: 41.0""L x 37.0""W x 6.0""ThColor: Light Grey",['https://m.media-amazon.com/images/I/71eWJXglMZL._SY88.jpg'],9,5540,1081,https://www.amazon.com/product-reviews/B09GJLCWLJ?pageNumber=1&filterByStar=all_stars&sortBy=helpful&formatType=all_formats,allStars,,"{'price': None, 'listPrice': None}",2024-01-13,United States,,B09GJLCWLJ,-0.3805
9,9,5,My dog loves it,R1AIR9NSYKB0RO,https://www.amazon.com/gp/customer-reviews/R1AIR9NSYKB0RO/ref=cm_cr_arp_d_rvw_ttl?ie=UTF8&ASIN=B09GJLCWLJ,,"Reviewed in the United States on March 31, 2024",I wasn’t very convinced in the beginning and placed it on the couch. All I got to say is this has become his favorite spot in the house and he has actual beds all over lol,True,"Size: 45.0""L x 37.0""W x 6.0""ThColor: Dark Grey","['https://m.media-amazon.com/images/I/61ebT2vG44L._SY88.jpg', 'https://m.media-amazon.com/images/I/71a3LMVfJ6L._SY88.jpg']",10,5540,1081,https://www.amazon.com/product-reviews/B09GJLCWLJ?pageNumber=1&filterByStar=all_stars&sortBy=helpful&formatType=all_formats,allStars,,"{'price': None, 'listPrice': None}",2024-03-31,United States,,B09GJLCWLJ,0.8313
10,10,5,MY Dog Loves it,R2M9I94CYMH4V8,https://www.amazon.com/gp/customer-reviews/R2M9I94CYMH4V8/ref=cm_cr_arp_d_rvw_ttl?ie=UTF8&ASIN=B09GJLCWLJ,,"Reviewed in the United States on February 14, 2024",She can lay anywhere she wants. I put this out and there she is all the time!,True,"Size: 41.0""L x 37.0""W x 6.0""ThColor: Light Grey",[],51,5540,1081,https://www.amazon.com/product-reviews/B09GJLCWLJ?pageNumber=6&filterByStar=all_stars&sortBy=helpful&formatType=all_formats,allStars,,"{'price': None, 'listPrice': None}",2024-02-14,United States,,B09GJLCWLJ,0.0
11,11,5,"Happy Puppy, Happy Life!",RZJAEAJ33HFH9,https://www.amazon.com/gp/customer-reviews/RZJAEAJ33HFH9/ref=cm_cr_arp_d_rvw_ttl?ie=UTF8&ASIN=B09GJLCWLJ,,"Reviewed in the United States on February 17, 2024",Great little bed. Keeps the dog from stealing my fluffy blanket!,True,"Size: 35.0""L x 31.0""W x 5.0""ThColor: Light Grey",['https://m.media-amazon.com/images/I/71UAQl0f3UL._SY88.jpg'],52,5540,1081,https://www.amazon.com/product-reviews/B09GJLCWLJ?pageNumber=6&filterByStar=all_stars&sortBy=helpful&formatType=all_formats,allStars,,"{'price': None, 'listPrice': None}",2024-02-17,United States,,B09GJLCWLJ,0.1759
12,12,3,Dark Gray looks blue,R19KWHEYGQQOJR,https://www.amazon.com/gp/customer-reviews/R19KWHEYGQQOJR/ref=cm_cr_arp_d_rvw_ttl?ie=UTF8&ASIN=B09GJLCWLJ,,"Reviewed in the United States on March 23, 2024","The product looks blue , not gray",True,"Size: 35.0""L x 31.0""W x 5.0""ThColor: Dark Grey",[],53,5540,1081,https://www.amazon.com/product-reviews/B09GJLCWLJ?pageNumber=6&filterByStar=all_stars&sortBy=helpful&formatType=all_formats,allStars,,"{'price': None, 'listPrice': None}",2024-03-23,United States,,B09GJLCWLJ,0.0
13,13,4,Deity loves it!,R19J7PUJG5UYXL,https://www.amazon.com/gp/customer-reviews/R19J7PUJG5UYXL/ref=cm_cr_arp_d_rvw_ttl?ie=UTF8&ASIN=B09GJLCWLJ,13 people found this helpful,"Reviewed in the United States on March 25, 2023","Deity loves it! It has the cushy back which he usually prefers to use to lift his head like a pillow. The base is just thin material with a bar thing(?) so it can be set on a sofa, car seat, etc. It was initially very soft. However, since it's been through the wash not as much but it's still nice! The only con I have is that the material can hold things like remnants of broccoli, etc. That's kinda gross but I've taught him not to take snacks on it as I'm afraid washing it daily will not go well with the thin material.Over all I would purchase this again! It insures that his sofa cushion does not have to be washed, vacuumed & icky with hair & drool! If someone comes over I can just take it up without hassle. Just couldn't give it 5 stars as it's not ""perfect"" & could be a little better.",True,"Size: 35.0""L x 31.0""W x 5.0""ThColor: Dark Grey","['https://m.media-amazon.com/images/I/71btegzzhxL._SY88.jpg', 'https://m.media-amazon.com/images/I/71gqLldFM1L._SY88.jpg']",54,5540,1081,https://www.amazon.com/product-reviews/B09GJLCWLJ?pageNumber=6&filterByStar=all_stars&sortBy=helpful&formatType=all_formats,allStars,,"{'price': None, 'listPrice': None}",2023-03-25,United States,,B09GJLCWLJ,0.8657
14,14,5,Punkin and Mr. Darcy love it,R4MRK4OS7OIDH,https://www.amazon.com/gp/customer-reviews/R4MRK4OS7OIDH/ref=cm_cr_arp_d_rvw_ttl?ie=UTF8&ASIN=B09GJLCWLJ,2 people found this helpful,"Reviewed in the United States on December 3, 2023","I bought this dog bed because Punkin loves to sleep on the ""love seat"" as does Mr. Darcy.  But with the winter coming on I wanted something she could ""cuddle"" in, so I bought this ""dog bed"".  It is big and cuddly and soft and she loves it.  She has very short hair, like a doberman, so not much fur to ""warm"" her when she is sleeping.  They also sent two gifts, a metal dog comb which Duchess loves and six gift tags for Christmas gifts.  I was tickled that they included them.  I bought the blue bed and am thrilled with it.",True,"Size: 41.0""L x 37.0""W x 6.0""ThColor: Dark Grey",[],55,5540,1081,https://www.amazon.com/product-reviews/B09GJLCWLJ?pageNumber=6&filterByStar=all_stars&sortBy=helpful&formatType=all_formats,allStars,,"{'price': None, 'listPrice': None}",2023-12-03,United States,,B09GJLCWLJ,0.9806
15,15,5,The small is plenty big for my 26lb dog,R2P870WWHXASM3,https://www.amazon.com/gp/customer-reviews/R2P870WWHXASM3/ref=cm_cr_arp_d_rvw_ttl?ie=UTF8&ASIN=B09GJLCWLJ,,"Reviewed in the United States on February 9, 2024",I first ordered 2 larger sizes. The small is best for us. It’s soft and my dog loves it !,True,"Size: 31.0""L x 27.5""W x 5.0""ThColor: Brown",['https://m.media-amazon.com/images/I/81rJT3STIYL._SY88.jpg'],56,5540,1081,https://www.amazon.com/product-reviews/B09GJLCWLJ?pageNumber=6&filterByStar=all_stars&sortBy=helpful&formatType=all_formats,allStars,,"{'price': None, 'listPrice': None}",2024-02-09,United States,,B09GJLCWLJ,0.8478
16,16,5,Comfy for our old fella,R2VZ4FAWFX9INA,https://www.amazon.com/gp/customer-reviews/R2VZ4FAWFX9INA/ref=cm_cr_arp_d_rvw_ttl?ie=UTF8&ASIN=B09GJLCWLJ,,"Reviewed in the United States on January 24, 2024","We’ve tried to break his habit of getting in the couch.  Finally, in his old age, we decided to let him get on the couch.  Love this do that he can be comfortable and my furniture stays in good shape",True,"Size: 45.0""L x 37.0""W x 6.0""ThColor: Dark Grey",['https://m.media-amazon.com/images/I/71gBm5G+P9L._SY88.jpg'],57,5540,1081,https://www.amazon.com/product-reviews/B09GJLCWLJ?pageNumber=6&filterByStar=all_stars&sortBy=helpful&formatType=all_formats,allStars,,"{'price': None, 'listPrice': None}",2024-01-24,United States,,B09GJLCWLJ,0.886
17,17,4,3 Dogs Approve !,R1KQ6R8JCFDSPG,https://www.amazon.com/gp/customer-reviews/R1KQ6R8JCFDSPG/ref=cm_cr_arp_d_rvw_ttl?ie=UTF8&ASIN=B09GJLCWLJ,,"Reviewed in the United States on November 15, 2023",All three dogs love it! Perfect size for the couch. My only wish was that it was waterproof.,True,"Size: 45.0""L x 37.0""W x 6.0""ThColor: Dark Grey",[],58,5540,1081,https://www.amazon.com/product-reviews/B09GJLCWLJ?pageNumber=6&filterByStar=all_stars&sortBy=helpful&formatType=all_formats,allStars,,"{'price': None, 'listPrice': None}",2023-11-15,United States,,B09GJLCWLJ,0.8977
18,18,5,Dog's review,R2XF2Y40L844J6,https://www.amazon.com/gp/customer-reviews/R2XF2Y40L844J6/ref=cm_cr_arp_d_rvw_ttl?ie=UTF8&ASIN=B09GJLCWLJ,,"Reviewed in the United States on January 24, 2024","We humans doesn't know what our paw babies likes and dislike... Im just glad ours fell in love with thisthe moment i put it in her dog house, now she refuse to leave the dog house. Size fits perfectly.",True,"Size: 45.0""L x 37.0""W x 6.0""ThColor: Dark Grey",[],59,5540,1081,https://www.amazon.com/product-reviews/B09GJLCWLJ?pageNumber=6&filterByStar=all_stars&sortBy=helpful&formatType=all_formats,allStars,,"{'price': None, 'listPrice': None}",2024-01-24,United States,,B09GJLCWLJ,0.9153
19,19,5,Stays put.,R2BPW05QXUN5GX,https://www.amazon.com/gp/customer-reviews/R2BPW05QXUN5GX/ref=cm_cr_arp_d_rvw_ttl?ie=UTF8&ASIN=B09GJLCWLJ,2 people found this helpful,"Reviewed in the United States on November 20, 2023","Love this dog bed! We got new leather furniture and our 62lbs of love has gotten use to sleeping on our old sofa. We got this to give her a place to sleep on the new leather furniture that wouldn't allow scratches as she likes to nest.  This has been the perfect bed for her, it stays in place thanks to the rubber grips on the bottom. She knows that she has a spot that is just hers and when company comes over she easily transitions on the floor with this bed. It's durable and easy to clean and the bolstered sides are thick and hold their shape.",True,"Size: 41.0""L x 37.0""W x 6.0""ThColor: Light Grey",[],60,5540,1081,https://www.amazon.com/product-reviews/B09GJLCWLJ?pageNumber=6&filterByStar=all_stars&sortBy=helpful&formatType=all_formats,allStars,,"{'price': None, 'listPrice': None}",2023-11-20,United States,,B09GJLCWLJ,0.9762
20,20,5,Dogs love them,REKFMJ9VWCX6R,https://www.amazon.com/gp/customer-reviews/REKFMJ9VWCX6R/ref=cm_cr_arp_d_rvw_ttl?ie=UTF8&ASIN=B09GJLCWLJ,,"Reviewed in the United States on January 16, 2024",My dogs love these beds. Within minutes of putting them out the dogs were on them. They love them.,True,"Size: 45.0""L x 37.0""W x 6.0""ThColor: Light Grey",[],81,5540,1081,https://www.amazon.com/product-reviews/B09GJLCWLJ?pageNumber=9&filterByStar=all_stars&sortBy=helpful&formatType=all_formats,allStars,,"{'price': None, 'listPrice': None}",2024-01-16,United States,,B09GJLCWLJ,0.8555
21,21,4,Not the bed’s fault,R2KEA7R19QVS7U,https://www.amazon.com/gp/customer-reviews/R2KEA7R19QVS7U/ref=cm_cr_arp_d_rvw_ttl?ie=UTF8&ASIN=B09GJLCWLJ,5 people found this helpful,"Reviewed in the United States on July 21, 2023","I’ve bought many, many dog beds. This one is very pretty and very soft, but the roll part of it is stuffed with what I would describe as shredded memory foam. It is not one piece. If you have a puppy in the house and do not enjoy the Christmas in July look, you may want to choose a different bed/blanket.",True,"Size: 45.0""L x 37.0""W x 6.0""ThColor: Light Grey",['https://m.media-amazon.com/images/I/71n3AoQ9HQL._SY88.jpg'],82,5540,1081,https://www.amazon.com/product-reviews/B09GJLCWLJ?pageNumber=9&filterByStar=all_stars&sortBy=helpful&formatType=all_formats,allStars,,"{'price': None, 'listPrice': None}",2023-07-21,United States,,B09GJLCWLJ,-0.189
22,22,5,Pet bed,RPO5N75MWRD58,https://www.amazon.com/gp/customer-reviews/RPO5N75MWRD58/ref=cm_cr_arp_d_rvw_ttl?ie=UTF8&ASIN=B09GJLCWLJ,,"Reviewed in the United States on January 24, 2024",Wish it was a lil thicker but it's big and easy to launder.,True,"Size: 45.0""L x 37.0""W x 6.0""ThColor: Light Grey",[],83,5540,1081,https://www.amazon.com/product-reviews/B09GJLCWLJ?pageNumber=9&filterByStar=all_stars&sortBy=helpful&formatType=all_formats,allStars,,"{'price': None, 'listPrice': None}",2024-01-24,United States,,B09GJLCWLJ,0.6908
23,23,5,Great Buy!!,R1LF6NCZPP4EBO,https://www.amazon.com/gp/customer-reviews/R1LF6NCZPP4EBO/ref=cm_cr_arp_d_rvw_ttl?ie=UTF8&ASIN=B09GJLCWLJ,,"Reviewed in the United States on January 25, 2024","Dogs love this thing, easy to clean and great for the value!!",True,"Size: 45.0""L x 37.0""W x 6.0""ThColor: Light Grey",[],84,5540,1081,https://www.amazon.com/product-reviews/B09GJLCWLJ?pageNumber=9&filterByStar=all_stars&sortBy=helpful&formatType=all_formats,allStars,,"{'price': None, 'listPrice': None}",2024-01-25,United States,,B09GJLCWLJ,0.9508
24,24,5,So soft and the dogs love it!,R160843YRADRHA,https://www.amazon.com/gp/customer-reviews/R160843YRADRHA/ref=cm_cr_arp_d_rvw_ttl?ie=UTF8&ASIN=B09GJLCWLJ,,"Reviewed in the United States on January 22, 2024","This is so soft and our dogs love it so much, we bought another one!",True,"Size: 53.0""L x 39.3""W x 6.0""ThColor: Brown",[],85,5540,1081,https://www.amazon.com/product-reviews/B09GJLCWLJ?pageNumber=9&filterByStar=all_stars&sortBy=helpful&formatType=all_formats,allStars,,"{'price': None, 'listPrice': None}",2024-01-22,United States,,B09GJLCWLJ,0.6696
25,25,5,Awesome dog bed for couch!,R1PGCGTX37X2UI,https://www.amazon.com/gp/customer-reviews/R1PGCGTX37X2UI/ref=cm_cr_arp_d_rvw_ttl?ie=UTF8&ASIN=B09GJLCWLJ,One person found this helpful,"Reviewed in the United States on December 8, 2023","Love this new dog bed, covers the couch so I don't have to lay down blankets. The bolster is great for laying their heads on and its so soft they fall asleep instantly. This dog bed is much nicer than I thought it would be, great quality!",True,"Size: 45.0""L x 37.0""W x 6.0""ThColor: Light Grey",[],86,5540,1081,https://www.amazon.com/product-reviews/B09GJLCWLJ?pageNumber=9&filterByStar=all_stars&sortBy=helpful&formatType=all_formats,allStars,,"{'price': None, 'listPrice': None}",2023-12-08,United States,,B09GJLCWLJ,0.9485
26,26,5,Great for the couch!,R1LTP14S51455V,https://www.amazon.com/gp/customer-reviews/R1LTP14S51455V/ref=cm_cr_arp_d_rvw_ttl?ie=UTF8&ASIN=B09GJLCWLJ,,"Reviewed in the United States on January 4, 2024",Excellent option to keep the couch clean. Our lab loves this bed. It gives her plenty of room to be comfortable. It’s easy to wash and dry.,True,"Size: 45.0""L x 37.0""W x 6.0""ThColor: Light Grey",[],87,5540,1081,https://www.amazon.com/product-reviews/B09GJLCWLJ?pageNumber=9&filterByStar=all_stars&sortBy=helpful&formatType=all_formats,allStars,,"{'price': None, 'listPrice': None}",2024-01-04,United States,,B09GJLCWLJ,0.946
27,27,2,Not worth the buy,R283X4ZUF07Y38,https://www.amazon.com/gp/customer-reviews/R283X4ZUF07Y38/ref=cm_cr_arp_d_rvw_ttl?ie=UTF8&ASIN=B09GJLCWLJ,,"Reviewed in the United States on March 25, 2024","This was not a good buy for us. Our lab did not like it at all. It would not stay on the couch and kept slipping down. Our girl would get way too hot and did not care to lay in it. So if you have a small dog that tends to be cold nature this is the bed for them. Also, it would shed the fur pretty bad.",True,"Size: 45.0""L x 37.0""W x 6.0""ThColor: Light Grey",['https://m.media-amazon.com/images/I/81XVV4QumHL._SY88.jpg'],88,5540,1081,https://www.amazon.com/product-reviews/B09GJLCWLJ?pageNumber=9&filterByStar=all_stars&sortBy=helpful&formatType=all_formats,allStars,,"{'price': None, 'listPrice': None}",2024-03-25,United States,,B09GJLCWLJ,-0.7539
28,28,5,Love it,R3GGES9L1D0BEV,https://www.amazon.com/gp/customer-reviews/R3GGES9L1D0BEV/ref=cm_cr_arp_d_rvw_ttl?ie=UTF8&ASIN=B09GJLCWLJ,,"Reviewed in the United States on January 12, 2024",My dog loves this and it’s easy to carry on the go or for road trips,True,"Size: 45.0""L x 37.0""W x 6.0""ThColor: Dark Grey",[],89,5540,1081,https://www.amazon.com/product-reviews/B09GJLCWLJ?pageNumber=9&filterByStar=all_stars&sortBy=helpful&formatType=all_formats,allStars,,"{'price': None, 'listPrice': None}",2024-01-12,United States,,B09GJLCWLJ,0.765
29,29,5,Dogs love it,RNESXWGB0LEN2,https://www.amazon.com/gp/customer-reviews/RNESXWGB0LEN2/ref=cm_cr_arp_d_rvw_ttl?ie=UTF8&ASIN=B09GJLCWLJ,3 people found this helpful,"Reviewed in the United States on July 29, 2023",I ordered this bed because we just got new couches and my dogs love to rub their faces on the couch after they eat dinner. So I figured it was a good spot for them to lay and roll around and then I can wash it. This bed came vacuum sealed and when I opened it up the fur felt like it had a film / residue on it so I washed it in cool water and air dried. The dogs love it and looks much nicer on the couch than a blanket just thrown on it. I hope it holds up and continues to wash well.,True,"Size: 45.0""L x 37.0""W x 6.0""ThColor: Light Grey",['https://m.media-amazon.com/images/I/91iWnAp46wL._SY88.jpg'],90,5540,1081,https://www.amazon.com/product-reviews/B09GJLCWLJ?pageNumber=9&filterByStar=all_stars&sortBy=helpful&formatType=all_formats,allStars,,"{'price': None, 'listPrice': None}",2023-07-29,United States,,B09GJLCWLJ,0.9719
30,30,5,Dogs like it,R1SIP1VFRLQZMB,https://www.amazon.com/gp/customer-reviews/R1SIP1VFRLQZMB/ref=cm_cr_arp_d_rvw_ttl?ie=UTF8&ASIN=B09GJLCWLJ,,"Reviewed in the United States on March 2, 2024","Very soft, easy to wash and the dogs like it",True,"Size: 45.0""L x 37.0""W x 6.0""ThColor: Light Grey",['https://m.media-amazon.com/images/I/71MQqaFmTTL._SY88.jpg'],41,5540,1081,https://www.amazon.com/product-reviews/B09GJLCWLJ?pageNumber=5&filterByStar=all_stars&sortBy=helpful&formatType=all_formats,allStars,,"{'price': None, 'listPrice': None}",2024-03-02,United States,,B09GJLCWLJ,0.6887
31,31,5,Dog Loves It!,R2SY0VDB6T60NP,https://www.amazon.com/gp/customer-reviews/R2SY0VDB6T60NP/ref=cm_cr_arp_d_rvw_ttl?ie=UTF8&ASIN=B09GJLCWLJ,,"Reviewed in the United States on February 18, 2024",I like the fact that my dog loves it.  It calms her down and gives her own space when on the couch.,True,"Size: 41.0""L x 37.0""W x 6.0""ThColor: Light Grey",[],42,5540,1081,https://www.amazon.com/product-reviews/B09GJLCWLJ?pageNumber=5&filterByStar=all_stars&sortBy=helpful&formatType=all_formats,allStars,,"{'price': None, 'listPrice': None}",2024-02-18,United States,,B09GJLCWLJ,0.8176
32,32,5,Good washable blanket with bolster,R2GL113VW49140,https://www.amazon.com/gp/customer-reviews/R2GL113VW49140/ref=cm_cr_arp_d_rvw_ttl?ie=UTF8&ASIN=B09GJLCWLJ,,"Reviewed in the United States on January 20, 2024",I’m using these for on top of beds to provide a bolster (pillow) on the beds. This doubles as an easy blanket that’s washable. It’s got more padding than the reviews complain about but definitely minimal padding which is why it belongs on a bed or a couch. I also read a review about a bad smell when opened but I didn’t have that at all and bought two of them.,True,"Size: 45.0""L x 37.0""W x 6.0""ThColor: Light Grey",[],43,5540,1081,https://www.amazon.com/product-reviews/B09GJLCWLJ?pageNumber=5&filterByStar=all_stars&sortBy=helpful&formatType=all_formats,allStars,,"{'price': None, 'listPrice': None}",2024-01-20,United States,,B09GJLCWLJ,-0.1531
33,33,5,The Tesla of dog beds,R3CNXZYSSLZ621,https://www.amazon.com/gp/customer-reviews/R3CNXZYSSLZ621/ref=cm_cr_arp_d_rvw_ttl?ie=UTF8&ASIN=B09GJLCWLJ,One person found this helpful,"Reviewed in the United States on January 13, 2024","If you are a dog lover like us, this plush, luxurious bed will be perfect for a man's and a woman's best friend! Our dog just lays on that bed at her own will and won't move for hours. It is the perfect size to sit on a sectional or anywhere else in your home. The clean up is very simple place right into your washer and do a delicate wash on a low tumble dry, and you will be good to go!",True,"Size: 41.0""L x 37.0""W x 6.0""ThColor: Light Grey","['https://m.media-amazon.com/images/I/715qBNcZfKL._SY88.jpg', 'https://m.media-amazon.com/images/I/718WjoUnUYL._SY88.jpg', 'https://m.media-amazon.com/images/I/81jyQADvFaL._SY88.jpg', 'https://m.media-amazon.com/images/I/81y+a6aK8yL._SY88.jpg']",44,5540,1081,https://www.amazon.com/product-reviews/B09GJLCWLJ?pageNumber=5&filterByStar=all_stars&sortBy=helpful&formatType=all_formats,allStars,,"{'price': None, 'listPrice': None}",2024-01-13,United States,,B09GJLCWLJ,0.9785
34,34,5,Awesome,R1Y9LU7Q1PW5PW,https://www.amazon.com/gp/customer-reviews/R1Y9LU7Q1PW5PW/ref=cm_cr_arp_d_rvw_ttl?ie=UTF8&ASIN=B09GJLCWLJ,,"Reviewed in the United States on March 4, 2024",My dog,True,"Size: 41.0""L x 37.0""W x 6.0""ThColor: Light Grey",[],45,5540,1081,https://www.amazon.com/product-reviews/B09GJLCWLJ?pageNumber=5&filterByStar=all_stars&sortBy=helpful&formatType=all_formats,allStars,,"{'price': None, 'listPrice': None}",2024-03-04,United States,,B09GJLCWLJ,0.0
35,35,4,So far so good,R39ZB6JBWNMP1N,https://www.amazon.com/gp/customer-reviews/R39ZB6JBWNMP1N/ref=cm_cr_arp_d_rvw_ttl?ie=UTF8&ASIN=B09GJLCWLJ,,"Reviewed in the United States on December 5, 2023",Didn’t smell appealing at all.  Needs to get some air.  Dog and cat seem to enjoy it.  Separately of course.,True,"Size: 45.0""L x 37.0""W x 6.0""ThColor: Dark Grey",[],46,5540,1081,https://www.amazon.com/product-reviews/B09GJLCWLJ?pageNumber=5&filterByStar=all_stars&sortBy=helpful&formatType=all_formats,allStars,,"{'price': None, 'listPrice': None}",2023-12-05,United States,,B09GJLCWLJ,0.4939
36,36,5,My dog loves this bed.,R6U1UEHDH64NK,https://www.amazon.com/gp/customer-reviews/R6U1UEHDH64NK/ref=cm_cr_arp_d_rvw_ttl?ie=UTF8&ASIN=B09GJLCWLJ,One person found this helpful,"Reviewed in the United States on January 4, 2024","This is a pretty thin dog bed, but it is cozy, I toss it on to the couch, where the dog lays and it works nicely to keep some pet ""wear"" off the furniture..I did feel kind of stupid, because it took me washing it 2 times to realize the pillow bolster in the back of the dog bed unzips to be removable so that washing and drying is easier.  I'm sure it showed that on the tag and I just didn't read it. But... perfect for our dog!",True,"Size: 45.0""L x 37.0""W x 6.0""ThColor: Dark Grey",[],47,5540,1081,https://www.amazon.com/product-reviews/B09GJLCWLJ?pageNumber=5&filterByStar=all_stars&sortBy=helpful&formatType=all_formats,allStars,,"{'price': None, 'listPrice': None}",2024-01-04,United States,,B09GJLCWLJ,0.917
37,37,4,"Soft and good pillow, but body a bit thin",R3F7ECXLMSHPHO,https://www.amazon.com/gp/customer-reviews/R3F7ECXLMSHPHO/ref=cm_cr_arp_d_rvw_ttl?ie=UTF8&ASIN=B09GJLCWLJ,2 people found this helpful,"Reviewed in the United States on November 24, 2023","The pillow portion is great, but the main “bed” of it is pretty thin, and is a little noisy from whatever material is on the underside. The dog loves it though! Very soft.",True,"Size: 45.0""L x 37.0""W x 6.0""ThColor: Dark Grey",['https://m.media-amazon.com/images/I/8119I+b9TcL._SY88.jpg'],48,5540,1081,https://www.amazon.com/product-reviews/B09GJLCWLJ?pageNumber=5&filterByStar=all_stars&sortBy=helpful&formatType=all_formats,allStars,,"{'price': None, 'listPrice': None}",2023-11-24,United States,,B09GJLCWLJ,0.9115
38,38,4,Dogs like it,R2MX3X12O37OW9,https://www.amazon.com/gp/customer-reviews/R2MX3X12O37OW9/ref=cm_cr_arp_d_rvw_ttl?ie=UTF8&ASIN=B09GJLCWLJ,,"Reviewed in the United States on November 12, 2023",The back part is kind of thick for my couch (could just be too narrow of a couch) but the dogs love it. It is soft material.,True,"Size: 45.0""L x 37.0""W x 6.0""ThColor: Light Grey",[],49,5540,1081,https://www.amazon.com/product-reviews/B09GJLCWLJ?pageNumber=5&filterByStar=all_stars&sortBy=helpful&formatType=all_formats,allStars,,"{'price': None, 'listPrice': None}",2023-11-12,United States,,B09GJLCWLJ,0.7783
39,39,5,Dogs love it,R3GMZDXWIQZYI9,https://www.amazon.com/gp/customer-reviews/R3GMZDXWIQZYI9/ref=cm_cr_arp_d_rvw_ttl?ie=UTF8&ASIN=B09GJLCWLJ,,"Reviewed in the United States on February 21, 2024",Great way to protect couch and the dogs LOVE this,True,,[],50,5540,1081,https://www.amazon.com/product-reviews/B09GJLCWLJ?pageNumber=5&filterByStar=all_stars&sortBy=helpful&formatType=all_formats,allStars,,"{'price': None, 'listPrice': None}",2024-02-21,United States,,B09GJLCWLJ,0.9124
40,40,5,Not a dog bed for the floor-works great on the couch.,RODQ7QF4P4TK,https://www.amazon.com/gp/customer-reviews/RODQ7QF4P4TK/ref=cm_cr_arp_d_rvw_ttl?ie=UTF8&ASIN=B09GJLCWLJ,,"Reviewed in the United States on February 21, 2024",My dog loves it - it's her favorite place to be.  Has a gizmo to push in the back of the couch to keep it secure but it works best if you just fold under the part that hangs down.  Only had it since Christmas so don't know about durability or if it cleans easily.,True,"Size: 45.0""L x 37.0""W x 6.0""ThColor: Light Grey",['https://m.media-amazon.com/images/I/71GnH6Mfb8L._SY88.jpg'],21,5540,1081,https://www.amazon.com/product-reviews/B09GJLCWLJ?pageNumber=3&filterByStar=all_stars&sortBy=helpful&formatType=all_formats,allStars,,"{'price': None, 'listPrice': None}",2024-02-21,United States,,B09GJLCWLJ,0.9319
41,41,5,Comfortable.,R2WKNXYM2LHD12,https://www.amazon.com/gp/customer-reviews/R2WKNXYM2LHD12/ref=cm_cr_arp_d_rvw_ttl?ie=UTF8&ASIN=B09GJLCWLJ,,"Reviewed in the United States on March 26, 2024",My dog loves it!,True,"Size: 35.0""L x 31.0""W x 5.0""ThColor: Light Grey",['https://m.media-amazon.com/images/I/81kMliL77vL._SY88.jpg'],22,5540,1081,https://www.amazon.com/product-reviews/B09GJLCWLJ?pageNumber=3&filterByStar=all_stars&sortBy=helpful&formatType=all_formats,allStars,,"{'price': None, 'listPrice': None}",2024-03-26,United States,,B09GJLCWLJ,0.6114
42,42,4,Nice BUT,R1D1QSFEV0VOV9,https://www.amazon.com/gp/customer-reviews/R1D1QSFEV0VOV9/ref=cm_cr_arp_d_rvw_ttl?ie=UTF8&ASIN=B09GJLCWLJ,,"Reviewed in the United States on January 21, 2024","Nice bed, but the color is way off. I ordered what's suppose to be dark Grey since my couch is Grey. It's more blue. Not sure how they got Grey out of it, but it's blue. Thats my only complaint.",True,"Size: 45.0""L x 37.0""W x 6.0""ThColor: Dark Grey",[],23,5540,1081,https://www.amazon.com/product-reviews/B09GJLCWLJ?pageNumber=3&filterByStar=all_stars&sortBy=helpful&formatType=all_formats,allStars,,"{'price': None, 'listPrice': None}",2024-01-21,United States,,B09GJLCWLJ,-0.4288
43,43,4,Almost perfect,R2177DZ2Y9THZ9,https://www.amazon.com/gp/customer-reviews/R2177DZ2Y9THZ9/ref=cm_cr_arp_d_rvw_ttl?ie=UTF8&ASIN=B09GJLCWLJ,,"Reviewed in the United States on January 23, 2024",Round pillow didnt shape out as well as I hoped but the cats didnt care. They love love love sleeping in it. Great furniture protectionSize was just spot on.,True,"Size: 41.0""L x 37.0""W x 6.0""ThColor: Light Grey",[],24,5540,1081,https://www.amazon.com/product-reviews/B09GJLCWLJ?pageNumber=3&filterByStar=all_stars&sortBy=helpful&formatType=all_formats,allStars,,"{'price': None, 'listPrice': None}",2024-01-23,United States,,B09GJLCWLJ,-0.8778
44,44,4,Perfect size for big dogs,RTT9AJSVCMNDH,https://www.amazon.com/gp/customer-reviews/RTT9AJSVCMNDH/ref=cm_cr_arp_d_rvw_ttl?ie=UTF8&ASIN=B09GJLCWLJ,,"Reviewed in the United States on January 23, 2024",This bed was perfect size for XL dogs. Wish it was thicker. My dogs chew beds with fluffy stuffing so wish it was better quality,True,"Size: 45.0""L x 37.0""W x 6.0""ThColor: Light Grey","['https://m.media-amazon.com/images/I/715an7uBq4L._SY88.jpg', 'https://m.media-amazon.com/images/I/717D5f0zLIL._SY88.jpg']",25,5540,1081,https://www.amazon.com/product-reviews/B09GJLCWLJ?pageNumber=3&filterByStar=all_stars&sortBy=helpful&formatType=all_formats,allStars,,"{'price': None, 'listPrice': None}",2024-01-23,United States,,B09GJLCWLJ,0.9151
45,45,5,Dogs love.,R2YV381RW6UVSF,https://www.amazon.com/gp/customer-reviews/R2YV381RW6UVSF/ref=cm_cr_arp_d_rvw_ttl?ie=UTF8&ASIN=B09GJLCWLJ,,"Reviewed in the United States on February 17, 2024",I bought 2 and use them on top of ortho beds . They wash easier than taking covers off and I mainly bought them to keep dogs away from newly painted walls. I will have to buy a 3rd as I have 3 dogs and I always have one waiting for one of them.,True,"Size: 45.0""L x 37.0""W x 6.0""ThColor: Light Grey",[],26,5540,1081,https://www.amazon.com/product-reviews/B09GJLCWLJ?pageNumber=3&filterByStar=all_stars&sortBy=helpful&formatType=all_formats,allStars,,"{'price': None, 'listPrice': None}",2024-02-17,United States,,B09GJLCWLJ,0.5574
46,46,5,Love,R3UQVTIHJVO7IX,https://www.amazon.com/gp/customer-reviews/R3UQVTIHJVO7IX/ref=cm_cr_arp_d_rvw_ttl?ie=UTF8&ASIN=B09GJLCWLJ,,"Reviewed in the United States on March 20, 2024",My dog loves this bed!,True,"Size: 45.0""L x 37.0""W x 6.0""ThColor: Dark Grey",[],27,5540,1081,https://www.amazon.com/product-reviews/B09GJLCWLJ?pageNumber=3&filterByStar=all_stars&sortBy=helpful&formatType=all_formats,allStars,,"{'price': None, 'listPrice': None}",2024-03-20,United States,,B09GJLCWLJ,0.6114
47,47,5,Doggie heaven!,R187HFHNSMUNV0,https://www.amazon.com/gp/customer-reviews/R187HFHNSMUNV0/ref=cm_cr_arp_d_rvw_ttl?ie=UTF8&ASIN=B09GJLCWLJ,,"Reviewed in the United States on February 26, 2024","They go straight to this every time! It’s so soft, inviting, and looks way better than the throw blankets I used to use. We have a golden and a black pug, no visible hair.",True,,[],28,5540,1081,https://www.amazon.com/product-reviews/B09GJLCWLJ?pageNumber=3&filterByStar=all_stars&sortBy=helpful&formatType=all_formats,allStars,,"{'price': None, 'listPrice': None}",2024-02-26,United States,,B09GJLCWLJ,0.6673
48,48,4,These are great with 1 design flaw.,R2KF2VL96O4XSC,https://www.amazon.com/gp/customer-reviews/R2KF2VL96O4XSC/ref=cm_cr_arp_d_rvw_ttl?ie=UTF8&ASIN=B09GJLCWLJ,14 people found this helpful,"Reviewed in the United States on August 18, 2023","We love these for our dogs. We have two mastiff breeds and they snuggle them at night it’s adorable. But they do have one design flaw— The tag, now aesthetically speaking it goes with design, looks cute. Practically speaking dogs love a tag. Completely sewn down or hanging, dogs know a tag when they seen them, smell them, taste them. They just know. Once discovered they must get it at all costs. We’ve been fighting this battle since purchasing. They go to bed at night I start to hear the tearing and pulling of fabric and the war is on. We go back and forth till someone falls asleep first and since our trainer said mom must be the alpha it is not I who gets to fall asleep first. We love these beds and will definitely purchase again in the future if you move the tag to a location on the bottom of the bed where our little (I use that term loosely combined they are close to 250lbs) tag lovers will have a much more difficult time finding them.",True,"Size: 45.0""L x 37.0""W x 6.0""ThColor: Light Grey",[],29,5540,1081,https://www.amazon.com/product-reviews/B09GJLCWLJ?pageNumber=3&filterByStar=all_stars&sortBy=helpful&formatType=all_formats,allStars,,"{'price': None, 'listPrice': None}",2023-08-18,United States,,B09GJLCWLJ,0.9211
49,49,5,She loves it,R2X80P6DPVJ8XR,https://www.amazon.com/gp/customer-reviews/R2X80P6DPVJ8XR/ref=cm_cr_arp_d_rvw_ttl?ie=UTF8&ASIN=B09GJLCWLJ,,"Reviewed in the United States on March 4, 2024",She loves it and it keeps my sofa hair free. Love it! I washed it when I received it and it still looks great!,True,"Size: 35.0""L x 31.0""W x 5.0""ThColor: Light Grey",['https://m.media-amazon.com/images/I/71wuv1Wun-L._SY88.jpg'],30,5540,1081,https://www.amazon.com/product-reviews/B09GJLCWLJ?pageNumber=3&filterByStar=all_stars&sortBy=helpful&formatType=all_formats,allStars,,"{'price': None, 'listPrice': None}",2024-03-04,United States,,B09GJLCWLJ,0.9508
50,50,4,Chongfa pet bed,R2L8RXHQWITWIY,https://www.amazon.com/gp/customer-reviews/R2L8RXHQWITWIY/ref=cm_cr_arp_d_rvw_ttl?ie=UTF8&ASIN=B09GJLCWLJ,6 people found this helpful,"Reviewed in the United States on September 12, 2023",My dogs love these beds. I use them as a couch cover so they don’t ruin my furniture. I bought two. Very disappointed in how they came out after 1 wash. Did everything the directions said and the bolster part is matted and no softness as before. Did not expect that after 1 wash !,True,"Size: 35.0""L x 31.0""W x 5.0""ThColor: Dark Grey",['https://m.media-amazon.com/images/I/71DljUraDkL._SY88.jpg'],71,5540,1081,https://www.amazon.com/product-reviews/B09GJLCWLJ?pageNumber=8&filterByStar=all_stars&sortBy=helpful&formatType=all_formats,allStars,,"{'price': None, 'listPrice': None}",2023-09-12,United States,,B09GJLCWLJ,-0.6955
51,51,5,Our dog loves it!,R2ZZQLDS2GTD3Y,https://www.amazon.com/gp/customer-reviews/R2ZZQLDS2GTD3Y/ref=cm_cr_arp_d_rvw_ttl?ie=UTF8&ASIN=B09GJLCWLJ,One person found this helpful,"Reviewed in the United States on December 17, 2023",Our dog sleeps on this bed all of the time and she loves it! It’s so soft and big enough for her to lay out on it. We put it on the couch and it fits perfectly. If your dog is a puller just watch out because I’m sure they could pull the fur off of it.,True,"Size: 45.0""L x 37.0""W x 6.0""ThColor: Light Grey",[],72,5540,1081,https://www.amazon.com/product-reviews/B09GJLCWLJ?pageNumber=8&filterByStar=all_stars&sortBy=helpful&formatType=all_formats,allStars,,"{'price': None, 'listPrice': None}",2023-12-17,United States,,B09GJLCWLJ,0.8883
52,52,4,Perfect for what I needed it for,R3FRJHW5RPKFWN,https://www.amazon.com/gp/customer-reviews/R3FRJHW5RPKFWN/ref=cm_cr_arp_d_rvw_ttl?ie=UTF8&ASIN=B09GJLCWLJ,6 people found this helpful,"Reviewed in the United States on March 1, 2023",I waited to review this product as initially I was extremely disappointed. The first one I ordered came in a ripped garbage bag and was VERY clearly used as it had been chewed and bits of dog food were stuck in it. I requested a return and when I received the replacement it was obviously new as it was still vacuum packed. With all that being said my dog loves it and it works for what I needed it for. My dogs are allowed on the couch and bed and I can easily transfer this bed to them so there is a barrier to try to keep some of the fur at bay. It definitely has no cushion of its own though so if placed on the floor or other hard surface you would need to put something softer under it.,True,"Size: 45.0""L x 37.0""W x 6.0""ThColor: Dark Grey",[],73,5540,1081,https://www.amazon.com/product-reviews/B09GJLCWLJ?pageNumber=8&filterByStar=all_stars&sortBy=helpful&formatType=all_formats,allStars,,"{'price': None, 'listPrice': None}",2023-03-01,United States,,B09GJLCWLJ,0.5816
53,53,3,Keeps sinking lower,R24OBT7PT0Q7NM,https://www.amazon.com/gp/customer-reviews/R24OBT7PT0Q7NM/ref=cm_cr_arp_d_rvw_ttl?ie=UTF8&ASIN=B09GJLCWLJ,,"Reviewed in the United States on January 19, 2024","The handle in the back is too short to go over the top of a sofa. Thought it would cover more , and not keep moving lower",True,"Size: 41.0""L x 37.0""W x 6.0""ThColor: Light Grey",[],74,5540,1081,https://www.amazon.com/product-reviews/B09GJLCWLJ?pageNumber=8&filterByStar=all_stars&sortBy=helpful&formatType=all_formats,allStars,,"{'price': None, 'listPrice': None}",2024-01-19,United States,,B09GJLCWLJ,0.3995
54,54,4,Keeps the couch clean,R35W56D6HNROA3,https://www.amazon.com/gp/customer-reviews/R35W56D6HNROA3/ref=cm_cr_arp_d_rvw_ttl?ie=UTF8&ASIN=B09GJLCWLJ,,"Reviewed in the United States on October 16, 2023",keeps the couch clean but hard to keep the grey furry fabric looking good not dirty looking.,True,"Size: 45.0""L x 37.0""W x 6.0""ThColor: Light Grey",[],75,5540,1081,https://www.amazon.com/product-reviews/B09GJLCWLJ?pageNumber=8&filterByStar=all_stars&sortBy=helpful&formatType=all_formats,allStars,,"{'price': None, 'listPrice': None}",2023-10-16,United States,,B09GJLCWLJ,0.8181
55,55,5,Perfect!,RG8KKGTY6T640,https://www.amazon.com/gp/customer-reviews/RG8KKGTY6T640/ref=cm_cr_arp_d_rvw_ttl?ie=UTF8&ASIN=B09GJLCWLJ,3 people found this helpful,"Reviewed in the United States on November 3, 2023","I got this because I HATE dog hair on my furniture. Historically, I've never allowed any pets on furniture. However, I now have a service dog who needs to be close enough to monitor me while I sleep. I still don't want dog  hair on my bed so this wonderful invention fills the medical requirements while preventing me from washing all of the bedding every morning.The quality is amazing for the price (I got it on sale). The bolster is soft but firm and perfectly supports his heavy head. We love this thing!",True,"Size: 45.0""L x 37.0""W x 6.0""ThColor: Dark Grey",[],76,5540,1081,https://www.amazon.com/product-reviews/B09GJLCWLJ?pageNumber=8&filterByStar=all_stars&sortBy=helpful&formatType=all_formats,allStars,,"{'price': None, 'listPrice': None}",2023-11-03,United States,,B09GJLCWLJ,0.9614
56,56,5,Soft,RNF94I47DZ8FF,https://www.amazon.com/gp/customer-reviews/RNF94I47DZ8FF/ref=cm_cr_arp_d_rvw_ttl?ie=UTF8&ASIN=B09GJLCWLJ,2 people found this helpful,"Reviewed in the United States on December 29, 2023",Our poor boy is having heart worm treatments and is benign kenneled to keeping from being active. We purchased this along with additional bedding to make him comfortable. Together they all worked very well and were a great price!,True,"Size: 45.0""L x 37.0""W x 6.0""ThColor: Light Grey",['https://m.media-amazon.com/images/I/71LMbCIaXzL._SY88.jpg'],77,5540,1081,https://www.amazon.com/product-reviews/B09GJLCWLJ?pageNumber=8&filterByStar=all_stars&sortBy=helpful&formatType=all_formats,allStars,,"{'price': None, 'listPrice': None}",2023-12-29,United States,,B09GJLCWLJ,0.8997
57,57,5,Buster loves this!,RUWVETROF4EDN,https://www.amazon.com/gp/customer-reviews/RUWVETROF4EDN/ref=cm_cr_arp_d_rvw_ttl?ie=UTF8&ASIN=B09GJLCWLJ,,"Reviewed in the United States on January 23, 2024",So soft and pretty My pup is getting older..he is 13. And I'm happy that he loves this.,True,"Size: 45.0""L x 37.0""W x 6.0""ThColor: Light Grey",[],78,5540,1081,https://www.amazon.com/product-reviews/B09GJLCWLJ?pageNumber=8&filterByStar=all_stars&sortBy=helpful&formatType=all_formats,allStars,,"{'price': None, 'listPrice': None}",2024-01-23,United States,,B09GJLCWLJ,0.8971
58,58,5,Ultimate Comfort and Versatility: Calming Dog Bed Fluffy Plush Dog Mat Review,RQYHP2XDD00,https://www.amazon.com/gp/customer-reviews/RQYHP2XDD00/ref=cm_cr_arp_d_rvw_ttl?ie=UTF8&ASIN=B09GJLCWLJ,7 people found this helpful,"Reviewed in the United States on July 6, 2023","This bed had been amazing for both my dog and me. My furry friend instantly fell in love with the cozy and plush design, making it his go-to spot for relaxation and sleep. Not only does it provide a comfortable space for him, but its generous size covers almost two couch cushions, serving as an excellent furniture protector. Additionally, the versatility of this dog bed shines through as it can be easily used in the car, ensuring a cozy and secure travel experience for my canine companion. The removable and washable cover is a practical bonus, allowing for easy maintenance and cleaning. Overall, this bed mat has exceeded my expectations in terms of comfort, protection, and adaptability, making it an essential item for any dog owner's home.**disclaimer** the mat portion is flat with little stuffing. Still amazing though!",True,"Size: 45.0""L x 37.0""W x 6.0""ThColor: Light Grey","['https://m.media-amazon.com/images/I/71X1OONHASL._SY88.jpg', 'https://m.media-amazon.com/images/I/71k0gUNWI6L._SY88.jpg', 'https://m.media-amazon.com/images/I/71yBexg8+gL._SY88.jpg']",79,5540,1081,https://www.amazon.com/product-reviews/B09GJLCWLJ?pageNumber=8&filterByStar=all_stars&sortBy=helpful&formatType=all_formats,allStars,,"{'price': None, 'listPrice': None}",2023-07-06,United States,,B09GJLCWLJ,0.9932
59,59,5,Keeps furniture  clean,R16QDQJE6AWBEI,https://www.amazon.com/gp/customer-reviews/R16QDQJE6AWBEI/ref=cm_cr_arp_d_rvw_ttl?ie=UTF8&ASIN=B09GJLCWLJ,,"Reviewed in the United States on January 23, 2024",Our 110 lb  dog loves this. He loves the couch so this keeps it clean and dry.,True,"Size: 45.0""L x 37.0""W x 6.0""ThColor: Light Grey",[],80,5540,1081,https://www.amazon.com/product-reviews/B09GJLCWLJ?pageNumber=8&filterByStar=all_stars&sortBy=helpful&formatType=all_formats,allStars,,"{'price': None, 'listPrice': None}",2024-01-23,United States,,B09GJLCWLJ,0.8779
60,60,5,My dog loves it,R34S4PBDBZ95JC,https://www.amazon.com/gp/customer-reviews/R34S4PBDBZ95JC/ref=cm_cr_arp_d_rvw_ttl?ie=UTF8&ASIN=B09GJLCWLJ,,"Reviewed in the United States on March 15, 2024",My pit loves this so much. She used to get upset when we locked her out of the upstairs during the day while we were away.  Now that we have this on the couch she’s happy.  My mom’s dogs came over and loved it too.  It’s the best dog bed I’ve ever bought because every dog has loved it so far.,True,"Size: 45.0""L x 37.0""W x 6.0""ThColor: Light Grey",[],11,5540,1081,https://www.amazon.com/product-reviews/B09GJLCWLJ?pageNumber=2&filterByStar=all_stars&sortBy=helpful&formatType=all_formats,allStars,,"{'price': None, 'listPrice': None}",2024-03-15,United States,,B09GJLCWLJ,0.9571
61,61,4,She loves it.,R2P88518QLTCZA,https://www.amazon.com/gp/customer-reviews/R2P88518QLTCZA/ref=cm_cr_arp_d_rvw_ttl?ie=UTF8&ASIN=B09GJLCWLJ,,"Reviewed in the United States on December 16, 2023","I received it the packaging was very tight. It was almost rolled up too tight. You have to be careful when you’re opening not to cut it. It’s a little smaller than I thought so I probably should’ve checked the measurements. It says it’s a dark gray but it’s actually a blue Gray. Which for me actually turned out good because I have tints of blue. We’ve been to my couches, so if you’re looking for a gray gray, this is more of a blue gray unless somehow they made a mistake and sent me the blue one in any case she loves it she jumped right on it. As soon as I put it on it. She knows that’s her spot now and I feel it’s going to help me keep my new couches clean , so I would definitely give it four stars only because the color was exactly the dark gray I was expecting",True,"Size: 41.0""L x 37.0""W x 6.0""ThColor: Dark Grey",['https://m.media-amazon.com/images/I/81Brh8z6xoL._SY88.jpg'],12,5540,1081,https://www.amazon.com/product-reviews/B09GJLCWLJ?pageNumber=2&filterByStar=all_stars&sortBy=helpful&formatType=all_formats,allStars,,"{'price': None, 'listPrice': None}",2023-12-16,United States,,B09GJLCWLJ,0.9616
62,62,4,Pup love,R2TO5XWGZJIKQF,https://www.amazon.com/gp/customer-reviews/R2TO5XWGZJIKQF/ref=cm_cr_arp_d_rvw_ttl?ie=UTF8&ASIN=B09GJLCWLJ,,"Reviewed in the United States on March 11, 2024",My dog loves the softness and comfort from what I can tell. Lol,True,"Size: 45.0""L x 37.0""W x 6.0""ThColor: Dark Grey",[],13,5540,1081,https://www.amazon.com/product-reviews/B09GJLCWLJ?pageNumber=2&filterByStar=all_stars&sortBy=helpful&formatType=all_formats,allStars,,"{'price': None, 'listPrice': None}",2024-03-11,United States,,B09GJLCWLJ,0.8402
63,63,5,Big and comfy,R3E2J6KBXV0S8G,https://www.amazon.com/gp/customer-reviews/R3E2J6KBXV0S8G/ref=cm_cr_arp_d_rvw_ttl?ie=UTF8&ASIN=B09GJLCWLJ,,"Reviewed in the United States on March 31, 2024","My pups love it, it's usually on the bed and keeps the hair and dirt off the comforter because they go straight to it",True,"Size: 45.0""L x 37.0""W x 6.0""ThColor: Light Grey",[],14,5540,1081,https://www.amazon.com/product-reviews/B09GJLCWLJ?pageNumber=2&filterByStar=all_stars&sortBy=helpful&formatType=all_formats,allStars,,"{'price': None, 'listPrice': None}",2024-03-31,United States,,B09GJLCWLJ,0.765
64,64,5,Huge,R3MTNY1N4ED75I,https://www.amazon.com/gp/customer-reviews/R3MTNY1N4ED75I/ref=cm_cr_arp_d_rvw_ttl?ie=UTF8&ASIN=B09GJLCWLJ,,"Reviewed in the United States on April 3, 2024",My dog loves it bigger than I expected though,True,"Size: 45.0""L x 37.0""W x 6.0""ThColor: Dark Grey",[],15,5540,1081,https://www.amazon.com/product-reviews/B09GJLCWLJ?pageNumber=2&filterByStar=all_stars&sortBy=helpful&formatType=all_formats,allStars,,"{'price': None, 'listPrice': None}",2024-04-03,United States,,B09GJLCWLJ,0.5719
65,65,5,Durable & great after washing,R30FD0QJAHGYOA,https://www.amazon.com/gp/customer-reviews/R30FD0QJAHGYOA/ref=cm_cr_arp_d_rvw_ttl?ie=UTF8&ASIN=B09GJLCWLJ,,"Reviewed in the United States on March 5, 2024","I don’t usually take time to write a review, but our dog loves this mat. It lays in his larger, couch-like orthopedic bed. We wash it regularly, and it’s come out looking new every time. It’s been a great solution to a furry bed he won’t chew.",True,"Size: 45.0""L x 37.0""W x 6.0""ThColor: Light Grey",[],16,5540,1081,https://www.amazon.com/product-reviews/B09GJLCWLJ?pageNumber=2&filterByStar=all_stars&sortBy=helpful&formatType=all_formats,allStars,,"{'price': None, 'listPrice': None}",2024-03-05,United States,,B09GJLCWLJ,0.9398
66,66,5,Favorite soft spot,R3UJXLROS6TDTU,https://www.amazon.com/gp/customer-reviews/R3UJXLROS6TDTU/ref=cm_cr_arp_d_rvw_ttl?ie=UTF8&ASIN=B09GJLCWLJ,,"Reviewed in the United States on March 4, 2024",I don't know about comfort but my pups love lying on this and it keeps everything under it clean with the waterproof backing. They have their own couch which they never preferred to lie on until I got this. You can see how content she is ❤️,True,,['https://m.media-amazon.com/images/I/71HqEUQSm-L._SY88.jpg'],17,5540,1081,https://www.amazon.com/product-reviews/B09GJLCWLJ?pageNumber=2&filterByStar=all_stars&sortBy=helpful&formatType=all_formats,allStars,,"{'price': None, 'listPrice': None}",2024-03-04,United States,,B09GJLCWLJ,0.6536
67,67,4,Dog Approved!,R30KPQKCEMCXR1,https://www.amazon.com/gp/customer-reviews/R30KPQKCEMCXR1/ref=cm_cr_arp_d_rvw_ttl?ie=UTF8&ASIN=B09GJLCWLJ,,"Reviewed in the United States on February 1, 2024",I was skeptical I won’t lie. But the girls gave it a 10/10  Roxy and Lexi approve 4 stars. I’d say 5 but let’s see how it holds up after a few laundry runs.,True,,"['https://m.media-amazon.com/images/I/71RksOkbzUL._SY88.jpg', 'https://m.media-amazon.com/images/I/71rJ1rWQnOL._SY88.jpg']",18,5540,1081,https://www.amazon.com/product-reviews/B09GJLCWLJ?pageNumber=2&filterByStar=all_stars&sortBy=helpful&formatType=all_formats,allStars,,"{'price': None, 'listPrice': None}",2024-02-01,United States,,B09GJLCWLJ,-0.1655
68,68,5,Awesome,RUXTXFIORWQFY,https://www.amazon.com/gp/customer-reviews/RUXTXFIORWQFY/ref=cm_cr_arp_d_rvw_ttl?ie=UTF8&ASIN=B09GJLCWLJ,,"Reviewed in the United States on March 26, 2024",He’s in love! And my couch isn’t covered in hair!,True,"Size: 45.0""L x 37.0""W x 6.0""ThColor: Light Grey",['https://m.media-amazon.com/images/I/713dEHdlzhL._SY88.jpg'],19,5540,1081,https://www.amazon.com/product-reviews/B09GJLCWLJ?pageNumber=2&filterByStar=all_stars&sortBy=helpful&formatType=all_formats,allStars,,"{'price': None, 'listPrice': None}",2024-03-26,United States,,B09GJLCWLJ,0.6988
69,69,5,Grande y suave!,R3A5YP1BO0454F,https://www.amazon.com/gp/customer-reviews/R3A5YP1BO0454F/ref=cm_cr_arp_d_rvw_ttl?ie=UTF8&ASIN=B09GJLCWLJ,,"Reviewed in the United States on March 8, 2024",Estábamos felices por haberle comprado esta cobija a mis 4 🐶🐶🐶🐶 pero como era algo extraño para ellos la sacaron de la casita y la rompieron 🥺 pero si lo recomiendo 😊,True,"Size: 45.0""L x 37.0""W x 6.0""ThColor: Light Grey",[],20,5540,1081,https://www.amazon.com/product-reviews/B09GJLCWLJ?pageNumber=2&filterByStar=all_stars&sortBy=helpful&formatType=all_formats,allStars,,"{'price': None, 'listPrice': None}",2024-03-08,United States,,B09GJLCWLJ,0.0
70,70,5,Love this - we have 2 now.,R1YYZBKE6ZO1G6,https://www.amazon.com/gp/customer-reviews/R1YYZBKE6ZO1G6/ref=cm_cr_arp_d_rvw_ttl?ie=UTF8&ASIN=B09GJLCWLJ,,"Reviewed in the United States on February 4, 2024",Our dog absolutely loves this. My mom got one for her couch when we come visit and our dog loved it so much we got her one for our couch at home too. Its so soft and comfortable wherever we place it is where she wants to be. Great tool to make your pup feel safe and comfortable while also protecting the surface it is on.,True,"Size: 45.0""L x 37.0""W x 6.0""ThColor: Light Grey",[],31,5540,1081,https://www.amazon.com/product-reviews/B09GJLCWLJ?pageNumber=4&filterByStar=all_stars&sortBy=helpful&formatType=all_formats,allStars,,"{'price': None, 'listPrice': None}",2024-02-04,United States,,B09GJLCWLJ,0.972
71,71,4,Very cute,R16IPTK2P582YV,https://www.amazon.com/gp/customer-reviews/R16IPTK2P582YV/ref=cm_cr_arp_d_rvw_ttl?ie=UTF8&ASIN=B09GJLCWLJ,,"Reviewed in the United States on January 16, 2024",This sits on my sectional and my puppy loves it but not easy to clean.,True,"Size: 35.0""L x 31.0""W x 5.0""ThColor: Light Grey",[],32,5540,1081,https://www.amazon.com/product-reviews/B09GJLCWLJ?pageNumber=4&filterByStar=all_stars&sortBy=helpful&formatType=all_formats,allStars,,"{'price': None, 'listPrice': None}",2024-01-16,United States,,B09GJLCWLJ,-0.5641
72,72,3,meh....,RYQ6BOIIAB9IH,https://www.amazon.com/gp/customer-reviews/RYQ6BOIIAB9IH/ref=cm_cr_arp_d_rvw_ttl?ie=UTF8&ASIN=B09GJLCWLJ,9 people found this helpful,"Reviewed in the United States on September 11, 2023","ok heres the deal with this, it came, and apparently had been vacuum packaged for a fairly long time as the ""arms"" did not fluff up. I worked on them quite a while and got nothing. I decided that since I had some left over stuffing from a sewing project, I would see if I could dissect this, remove the roll, stuff it, and put it back in to create what you see in the photo, you know, a supported back. So, I unzipped it and took out the roll, all it is is a nylon tube stuffed with CRAP pieces parts of foam (messy)...I worked it all down until, LITERALLY, it was filling about a third of the tube, then began stuffing....It took about a half of a large bag of polyfil, and wella, what you see in the photo! I tied the tube back up (Yes, thats right, the tube of stuffing inside is just tied at one end....by hand) and stuffed it back in and zipped it. NOW it looks like the photo. So, if you dont want to do that...........maybe choose a different one of these.As for quality, it is ok, it will wash well a few times, perhaps shed a bit. The zipper is not that great, so use a gentle hand. It does have a strap on the  back (middle) for stuffing down in a car seat to help keep it in place. But unless you doggo sits like a good dog, it will shift a bit.Im ok with this for the 27 dollars, as I had the stuffing at home already.",True,"Size: 41.0""L x 37.0""W x 6.0""ThColor: Dark Grey",[],33,5540,1081,https://www.amazon.com/product-reviews/B09GJLCWLJ?pageNumber=4&filterByStar=all_stars&sortBy=helpful&formatType=all_formats,allStars,,"{'price': None, 'listPrice': None}",2023-09-11,United States,,B09GJLCWLJ,0.9488
73,73,3,Looks nothing like the pics,R2NGPF51UWVGG7,https://www.amazon.com/gp/customer-reviews/R2NGPF51UWVGG7/ref=cm_cr_arp_d_rvw_ttl?ie=UTF8&ASIN=B09GJLCWLJ,10 people found this helpful,"Reviewed in the United States on August 17, 2023","The pictures made this look like one of those donut beds that are supposed to be good for anxious dogs, but in chaos protection form.Yeah. It's not. Idk what the roll part is stuffed with, but it's not traditional stuffing. It feels like the material that reusable shopping bags are made of. It's not real soft or cushy at all.I ordered the largest size thinking that I'd have to kind of cram it into the chair because it was just a tad big based on the measurements given, but i thought it would allow my dog to bury her face in it some. It fits thw chair, but it's smaller than the measurements said. It just barely covers the chair. The color is off too. I ordered light grey. The fur is a deeper grey on the inside but the ends of the pieces are all white. I definitely wish I had gotten the dark grey now.It comes in a vacuum sealed roll, so maybe it'll puff up some more as time goes on, but as of now I'm wholly unimpressed. My dog seems to be as well. I coaxed her up on it she tried to bury her face under a roll (something I expected her to be able to do based on the measurements) and when she couldn't, she got up and left. She's an odd dog who likes to bury her head when she sleeps. Idk, it's just her thing.I'm real glad I got this on sale, if I had paid $50 for it, I'd have been extra unhappy.Addition:My dog was so unimpressed that she's burying her head under it rather than in the rolls. There goes all protective value it might have had. Wonderful. 🙄",True,"Size: 45.0""L x 37.0""W x 6.0""ThColor: Light Grey","['https://m.media-amazon.com/images/I/813P-r4U2BL._SY88.jpg', 'https://m.media-amazon.com/images/I/919GTUh9gAL._SY88.jpg', 'https://m.media-amazon.com/images/I/91RP1d488cL._SY88.jpg']",34,5540,1081,https://www.amazon.com/product-reviews/B09GJLCWLJ?pageNumber=4&filterByStar=all_stars&sortBy=helpful&formatType=all_formats,allStars,,"{'price': None, 'listPrice': None}",2023-08-17,United States,,B09GJLCWLJ,0.9682
74,74,5,Protects Couch,R1LU8Q1MNMZ2QM,https://www.amazon.com/gp/customer-reviews/R1LU8Q1MNMZ2QM/ref=cm_cr_arp_d_rvw_ttl?ie=UTF8&ASIN=B09GJLCWLJ,One person found this helpful,"Reviewed in the United States on January 31, 2024","My dog loves her new bed/blanket. Before this, she would sleep on different areas of the sectional even when I put a blanket or other dog bed in a specific spot. It is day 2 with this bed and she goes straight to it and doesn’t go to any other area! I got the 41x37 and my dog is a slim medium 55 lb lab mix. Money well spent!",True,"Size: 41.0""L x 37.0""W x 6.0""ThColor: Light Grey",['https://m.media-amazon.com/images/I/71jYn2+P0nL._SY88.jpg'],35,5540,1081,https://www.amazon.com/product-reviews/B09GJLCWLJ?pageNumber=4&filterByStar=all_stars&sortBy=helpful&formatType=all_formats,allStars,,"{'price': None, 'listPrice': None}",2024-01-31,United States,,B09GJLCWLJ,0.8065
75,75,5,Awesome option,R11LA7D6IOD7TT,https://www.amazon.com/gp/customer-reviews/R11LA7D6IOD7TT/ref=cm_cr_arp_d_rvw_ttl?ie=UTF8&ASIN=B09GJLCWLJ,,"Reviewed in the United States on March 14, 2024",Perfect item.,True,"Size: 41.0""L x 37.0""W x 6.0""ThColor: Light Grey",[],36,5540,1081,https://www.amazon.com/product-reviews/B09GJLCWLJ?pageNumber=4&filterByStar=all_stars&sortBy=helpful&formatType=all_formats,allStars,,"{'price': None, 'listPrice': None}",2024-03-14,United States,,B09GJLCWLJ,0.5719
76,76,5,Excellent !,R1T78KT5UKZS4Q,https://www.amazon.com/gp/customer-reviews/R1T78KT5UKZS4Q/ref=cm_cr_arp_d_rvw_ttl?ie=UTF8&ASIN=B09GJLCWLJ,,"Reviewed in the United States on February 22, 2024","My big girl loves the comfort of this item. Shaggy and comfy built in pillows, oh she’s so spoiled. Best choice when I chose this. Highly recommend.",True,"Size: 45.0""L x 37.0""W x 6.0""ThColor: Light Grey",[],37,5540,1081,https://www.amazon.com/product-reviews/B09GJLCWLJ?pageNumber=4&filterByStar=all_stars&sortBy=helpful&formatType=all_formats,allStars,,"{'price': None, 'listPrice': None}",2024-02-22,United States,,B09GJLCWLJ,0.9256
77,77,4,Good but don't get white,R3NWBEBMETWLEE,https://www.amazon.com/gp/customer-reviews/R3NWBEBMETWLEE/ref=cm_cr_arp_d_rvw_ttl?ie=UTF8&ASIN=B09GJLCWLJ,,"Reviewed in the United States on December 8, 2023","I really like this bed, and so does my dog. Only problem is that I should not have gotten white. After about 2 weeks it was noticeably dirty, and even after washing it, it doesn't look as good as it first did. I would recommend getting a different color.",True,"Size: 45.0""L x 37.0""W x 6.0""ThColor: Light Grey",[],38,5540,1081,https://www.amazon.com/product-reviews/B09GJLCWLJ?pageNumber=4&filterByStar=all_stars&sortBy=helpful&formatType=all_formats,allStars,,"{'price': None, 'listPrice': None}",2023-12-08,United States,,B09GJLCWLJ,-0.4045
78,78,3,Slips off my sofa,R3J4C1J4PWA32L,https://www.amazon.com/gp/customer-reviews/R3J4C1J4PWA32L/ref=cm_cr_arp_d_rvw_ttl?ie=UTF8&ASIN=B09GJLCWLJ,,"Reviewed in the United States on March 20, 2024","Not as fluffy as it looks. The mat part has no cushioning in it. My 20# Boston jumped up on the couch onto it, and it slipped right off the couch with her on it. My other boston will use it for awhile, then she gets off the couch and goes back to bed.",True,"Size: 31.0""L x 27.5""W x 5.0""ThColor: Brown",[],39,5540,1081,https://www.amazon.com/product-reviews/B09GJLCWLJ?pageNumber=4&filterByStar=all_stars&sortBy=helpful&formatType=all_formats,allStars,,"{'price': None, 'listPrice': None}",2024-03-20,United States,,B09GJLCWLJ,-0.296
79,79,5,My dogs love it,R2LZBVN00HGZTN,https://www.amazon.com/gp/customer-reviews/R2LZBVN00HGZTN/ref=cm_cr_arp_d_rvw_ttl?ie=UTF8&ASIN=B09GJLCWLJ,,"Reviewed in the United States on February 15, 2024",My Cavaliers love this bed.  Saved my leather sofa from toenail damage.  Doesn’t slide around as much as I thought it would even though there is no grip material on the back side.,True,"Size: 45.0""L x 37.0""W x 6.0""ThColor: Dark Grey",[],40,5540,1081,https://www.amazon.com/product-reviews/B09GJLCWLJ?pageNumber=4&filterByStar=all_stars&sortBy=helpful&formatType=all_formats,allStars,,"{'price': None, 'listPrice': None}",2024-02-15,United States,,B09GJLCWLJ,0.3818
80,80,5,Amazing,R2TZMYEIHUGFTN,https://www.amazon.com/gp/customer-reviews/R2TZMYEIHUGFTN/ref=cm_cr_arp_d_rvw_ttl?ie=UTF8&ASIN=B09GJLCWLJ,,"Reviewed in the United States on January 18, 2024","Our Corgi just LOVES her new bed! The bottom is a little thin to be placed on a hard floor, but is perfect for carpets and couches. She can be a bit picky when it comes to beds, so I am thrilled she loves it ☺️",True,"Size: 45.0""L x 37.0""W x 6.0""ThColor: Light Grey","['https://m.media-amazon.com/images/I/71mcflGVStL._SY88.jpg', 'https://m.media-amazon.com/images/I/71pA0FliggL._SY88.jpg', 'https://m.media-amazon.com/images/I/81RJ+H8RnxL._SY88.jpg']",61,5540,1081,https://www.amazon.com/product-reviews/B09GJLCWLJ?pageNumber=7&filterByStar=all_stars&sortBy=helpful&formatType=all_formats,allStars,,"{'price': None, 'listPrice': None}",2024-01-18,United States,,B09GJLCWLJ,0.9594
81,81,5,Dog bed,R37A79OPJ5VF1Q,https://www.amazon.com/gp/customer-reviews/R37A79OPJ5VF1Q/ref=cm_cr_arp_d_rvw_ttl?ie=UTF8&ASIN=B09GJLCWLJ,,"Reviewed in the United States on February 11, 2024","Purchased for our German shepherd, she loves it, great size",True,"Size: 53.0""L x 39.3""W x 6.0""ThColor: Brown",[],62,5540,1081,https://www.amazon.com/product-reviews/B09GJLCWLJ?pageNumber=7&filterByStar=all_stars&sortBy=helpful&formatType=all_formats,allStars,,"{'price': None, 'listPrice': None}",2024-02-11,United States,,B09GJLCWLJ,0.8316
82,82,5,comfort and size,R2K2FID9TOTI9G,https://www.amazon.com/gp/customer-reviews/R2K2FID9TOTI9G/ref=cm_cr_arp_d_rvw_ttl?ie=UTF8&ASIN=B09GJLCWLJ,,"Reviewed in the United States on January 13, 2024","very nice my dogs love it my cat loves it and I have more room on my bed, my youngest retriever Stella use to sleep attached to my back not much room for me. Now is pefect the bed is very nice soft and comfortable.",True,"Size: 45.0""L x 37.0""W x 6.0""ThColor: Light Grey","['https://m.media-amazon.com/images/I/71L7g7WT1-L._SY88.jpg', 'https://m.media-amazon.com/images/I/71jklA-E8HL._SY88.jpg']",63,5540,1081,https://www.amazon.com/product-reviews/B09GJLCWLJ?pageNumber=7&filterByStar=all_stars&sortBy=helpful&formatType=all_formats,allStars,,"{'price': None, 'listPrice': None}",2024-01-13,United States,,B09GJLCWLJ,0.9544
83,83,5,Our Pets love this!,R9DWDRWX4HCGE,https://www.amazon.com/gp/customer-reviews/R9DWDRWX4HCGE/ref=cm_cr_arp_d_rvw_ttl?ie=UTF8&ASIN=B09GJLCWLJ,,"Reviewed in the United States on January 30, 2024","Our cats and dogs love this! Had to order a 2nd one for them, so they could both be used at the same time.",True,"Size: 45.0""L x 37.0""W x 6.0""ThColor: Light Grey",[],64,5540,1081,https://www.amazon.com/product-reviews/B09GJLCWLJ?pageNumber=7&filterByStar=all_stars&sortBy=helpful&formatType=all_formats,allStars,,"{'price': None, 'listPrice': None}",2024-01-30,United States,,B09GJLCWLJ,0.6696
84,84,3,Couch protector,R2KYDO1V45BXS0,https://www.amazon.com/gp/customer-reviews/R2KYDO1V45BXS0/ref=cm_cr_arp_d_rvw_ttl?ie=UTF8&ASIN=B09GJLCWLJ,,"Reviewed in the United States on January 27, 2024",I like this dog bed. The size and softness are good for our dogs. The only complaint I have is that the color listed was dark grey. This bed is blue.,True,"Size: 45.0""L x 37.0""W x 6.0""ThColor: Dark Grey",[],65,5540,1081,https://www.amazon.com/product-reviews/B09GJLCWLJ?pageNumber=7&filterByStar=all_stars&sortBy=helpful&formatType=all_formats,allStars,,"{'price': None, 'listPrice': None}",2024-01-27,United States,,B09GJLCWLJ,0.5267
85,85,4,Love the dog bed,R1QRZ44KTBGNZ4,https://www.amazon.com/gp/customer-reviews/R1QRZ44KTBGNZ4/ref=cm_cr_arp_d_rvw_ttl?ie=UTF8&ASIN=B09GJLCWLJ,One person found this helpful,"Reviewed in the United States on September 3, 2023","I bought this cause my elder chihuahua loves to be in comfort. He loves his bed.  I hope it will last threw washes. I know with this material you can't use clothes soap or it will mat the fur up and ruin it. So hang dry, then fluff a few mins in dryer.. no dryer sheet. I'm going to buy another for my 90lb rotty Pitt mix.",True,"Size: 45.0""L x 37.0""W x 6.0""ThColor: Light Grey",[],66,5540,1081,https://www.amazon.com/product-reviews/B09GJLCWLJ?pageNumber=7&filterByStar=all_stars&sortBy=helpful&formatType=all_formats,allStars,,"{'price': None, 'listPrice': None}",2023-09-03,United States,,B09GJLCWLJ,0.7783
86,86,4,soft and comfortable,R2YEAF5WIUIN3G,https://www.amazon.com/gp/customer-reviews/R2YEAF5WIUIN3G/ref=cm_cr_arp_d_rvw_ttl?ie=UTF8&ASIN=B09GJLCWLJ,One person found this helpful,"Reviewed in the United States on October 29, 2023",my dog loves this. soft and comfortable. easy to clean too. goes right in the wash.,True,"Size: 45.0""L x 37.0""W x 6.0""ThColor: Dark Grey",[],67,5540,1081,https://www.amazon.com/product-reviews/B09GJLCWLJ?pageNumber=7&filterByStar=all_stars&sortBy=helpful&formatType=all_formats,allStars,,"{'price': None, 'listPrice': None}",2023-10-29,United States,,B09GJLCWLJ,0.9118
87,87,5,DOGS LOVE IT,R3BFX2APEDRE7P,https://www.amazon.com/gp/customer-reviews/R3BFX2APEDRE7P/ref=cm_cr_arp_d_rvw_ttl?ie=UTF8&ASIN=B09GJLCWLJ,,"Reviewed in the United States on January 12, 2024","I bought this to protect couch dogs love to get on, especially our lab.. our little dog ended up taking over and now I bought another one do they don't fight over.  Absolute best buy!",True,"Size: 45.0""L x 37.0""W x 6.0""ThColor: Light Grey",['https://m.media-amazon.com/images/I/615x6r1SK9L._SY88.jpg'],68,5540,1081,https://www.amazon.com/product-reviews/B09GJLCWLJ?pageNumber=7&filterByStar=all_stars&sortBy=helpful&formatType=all_formats,allStars,,"{'price': None, 'listPrice': None}",2024-01-12,United States,,B09GJLCWLJ,0.9257
88,88,5,Perfect for back of Jeep with back seats down!,RUICT232FMI34,https://www.amazon.com/gp/customer-reviews/RUICT232FMI34/ref=cm_cr_arp_d_rvw_ttl?ie=UTF8&ASIN=B09GJLCWLJ,,"Reviewed in the United States on December 23, 2023",Exact measurement I needed and perfect to cover over gaps with back seats down. I put small hand towels in gap then threw this over it. Love it! I’ll be ordering another one for couch.It takes patience and time to slowly carefully cut piece by piece to open the air tight sealed package with lots of tape against the material.,True,,['https://m.media-amazon.com/images/I/81fYKh23e3L._SY88.jpg'],69,5540,1081,https://www.amazon.com/product-reviews/B09GJLCWLJ?pageNumber=7&filterByStar=all_stars&sortBy=helpful&formatType=all_formats,allStars,,"{'price': None, 'listPrice': None}",2023-12-23,United States,,B09GJLCWLJ,0.8955
89,89,5,My dog LOVES it!,R27W3OERIVBP40,https://www.amazon.com/gp/customer-reviews/R27W3OERIVBP40/ref=cm_cr_arp_d_rvw_ttl?ie=UTF8&ASIN=B09GJLCWLJ,,"Reviewed in the United States on January 14, 2024","Opened package, placed on couch, and my Boston Terrier was asleep on it in minutes (she is normally very picky and suspicious of new things).  I couldn't be happier with this purchase!",True,"Size: 31.0""L x 27.5""W x 5.0""ThColor: Brown",[],70,5540,1081,https://www.amazon.com/product-reviews/B09GJLCWLJ?pageNumber=7&filterByStar=all_stars&sortBy=helpful&formatType=all_formats,allStars,,"{'price': None, 'listPrice': None}",2024-01-14,United States,,B09GJLCWLJ,-0.7033
