,Unnamed: 0,ratingScore,reviewTitle,reviewId,reviewUrl,reviewReaction,reviewedIn,reviewDescription,isVerified,variant,reviewImages,position,totalCategoryRatings,totalCategoryReviews,reviewCategoryUrl,filterByRating,filterByKeyword,product,date,country,countryCode,productAsin,sentiment_score
0,0,5,HOOBRO End Table with Charging Station - Smart and Stylish Convenience!,R12FJBKGT3WBXW,https://www.amazon.com/gp/customer-reviews/R12FJBKGT3WBXW/ref=cm_cr_arp_d_rvw_ttl?ie=UTF8&ASIN=B09X38T3MF,3 people found this helpful,"Reviewed in the United States on January 4, 2024","The HOOBRO End Table with Charging Station is a brilliant fusion of modern convenience and timeless design. This smart end table has not only elevated the functionality of my living space but has also become an integral part of my daily routine.First and foremost, the built-in charging station with USB ports is an absolute game-changer. The ability to charge my devices directly from the end table eliminates the need for extra adapters and cords cluttering my space. The USB ports are conveniently placed, allowing me to keep my smartphone, tablet, or other gadgets powered up and within arm's reach.The design of the end table is both sleek and practical. The classic color and clean lines make it a versatile addition to any room, seamlessly blending with various decor styles. The compact size is perfect for smaller spaces, and the smooth finish adds a touch of sophistication.Assembly was a breeze, with easy-to-follow instructions and all necessary hardware included. The sturdy construction of the end table became evident as I assembled it, providing confidence in its durability.The spacious tabletop and lower shelf offer ample storage for everyday items, such as books, a lamp, or decorative accents. The added convenience of having a dedicated space for essentials enhances the overall organization and tidiness of my living space.The durability of the HOOBRO End Table is impressive. The high-quality materials used in its construction ensure that it stands up well to daily use, providing both reliability and longevity.Whether you're a tech-savvy individual or someone looking to streamline their living space, the HOOBRO End Table with Charging Station is a practical and stylish solution. Its combination of smart features, elegant design, and affordable price point make it a five-star addition to any home. Highly recommended!",True,Item Package Quantity: 1Color: Rustic Brown + Black,[],1,1777,355,https://www.amazon.com/product-reviews/B09X38T3MF?pageNumber=1&filterByStar=all_stars&sortBy=helpful&formatType=all_formats,allStars,,"{'price': None, 'listPrice': None}",2024-01-04,United States,,B09X38T3MF,0.993
1,1,5,Super handy table,R2UYUAP9632HJ3,https://www.amazon.com/gp/customer-reviews/R2UYUAP9632HJ3/ref=cm_cr_arp_d_rvw_ttl?ie=UTF8&ASIN=B09X38T3MF,,"Reviewed in the United States on March 24, 2024",Cool product for the price. You have to install the outlet to the table but super easy to do. Fits in small spaces but comes in handy for the usb charging. Would definitely buy again. I have had it for a while now and no issues.,True,Item Package Quantity: 1Color: Greige + Black,[],2,1777,355,https://www.amazon.com/product-reviews/B09X38T3MF?pageNumber=1&filterByStar=all_stars&sortBy=helpful&formatType=all_formats,allStars,,"{'price': None, 'listPrice': None}",2024-03-24,United States,,B09X38T3MF,0.9118
2,2,4,Nice But Small.....,R1GX5Z9T9HQ2H9,https://www.amazon.com/gp/customer-reviews/R1GX5Z9T9HQ2H9/ref=cm_cr_arp_d_rvw_ttl?ie=UTF8&ASIN=B09X38T3MF,3 people found this helpful,"Reviewed in the United States on January 2, 2024",Nice little night stand but it is small. Big enough for a phone and a small lamp. Maybe 2 or 3 books on the bottom shelf. Easy to assemble.,True,Item Package Quantity: 1Color: Rustic Brown + Black,[],3,1777,355,https://www.amazon.com/product-reviews/B09X38T3MF?pageNumber=1&filterByStar=all_stars&sortBy=helpful&formatType=all_formats,allStars,,"{'price': None, 'listPrice': None}",2024-01-02,United States,,B09X38T3MF,0.6956
3,3,5,Easy assembly,R2OY93I6MJBSY0,https://www.amazon.com/gp/customer-reviews/R2OY93I6MJBSY0/ref=cm_cr_arp_d_rvw_ttl?ie=UTF8&ASIN=B09X38T3MF,,"Reviewed in the United States on March 6, 2024",Perfect for the little spot next to the couch. Super easy to put together. Convenient plugs including usb ports to charge my phone. Shelves are a bonus. Great buy!,True,Item Package Quantity: 1Color: Rustic Brown + Black,['https://m.media-amazon.com/images/I/61+OFf9YELL._SY88.jpg'],4,1777,355,https://www.amazon.com/product-reviews/B09X38T3MF?pageNumber=1&filterByStar=all_stars&sortBy=helpful&formatType=all_formats,allStars,,"{'price': None, 'listPrice': None}",2024-03-06,United States,,B09X38T3MF,0.9606
4,4,5,Exactly what I needed!,R133U38F69SG6A,https://www.amazon.com/gp/customer-reviews/R133U38F69SG6A/ref=cm_cr_arp_d_rvw_ttl?ie=UTF8&ASIN=B09X38T3MF,,"Reviewed in the United States on February 25, 2024","This is a great little end table with the added plus of having USB and power outlets. Fits perfectly next to my bedroom TV where I had limited space but needed the extra shelf room. I will say it is definitely smaller than the pictures they show but I kinda went into this expecting that because I needed it to be small for my needs. But I will say if you are expecting something larger this is not it. Its very small, but if thats what you need than this is absolutely perfect.",True,Item Package Quantity: 1Color: Rustic Brown + Black,"['https://m.media-amazon.com/images/I/61Iaic1P0EL._SY88.jpg', 'https://m.media-amazon.com/images/I/61ShVxA1ElL._SY88.jpg', 'https://m.media-amazon.com/images/I/71vSL3UnN0L._SY88.jpg']",5,1777,355,https://www.amazon.com/product-reviews/B09X38T3MF?pageNumber=1&filterByStar=all_stars&sortBy=helpful&formatType=all_formats,allStars,,"{'price': None, 'listPrice': None}",2024-02-25,United States,,B09X38T3MF,0.9292
5,5,3,Small than I thought,RKBLGGTS1BLJO,https://www.amazon.com/gp/customer-reviews/RKBLGGTS1BLJO/ref=cm_cr_arp_d_rvw_ttl?ie=UTF8&ASIN=B09X38T3MF,,"Reviewed in the United States on December 9, 2023","This product is more for a bedroom stand than a living room. It's very small, other than outlets, USB plug in is a nice feature,  I'll be moving these to my granddaughters bedroom,  already reordered new stands for my living room.",True,Item Package Quantity: 1Color: Rustic Brown + Black,['https://m.media-amazon.com/images/I/71xIj8khNDL._SY88.jpg'],6,1777,355,https://www.amazon.com/product-reviews/B09X38T3MF?pageNumber=1&filterByStar=all_stars&sortBy=helpful&formatType=all_formats,allStars,,"{'price': None, 'listPrice': None}",2023-12-09,United States,,B09X38T3MF,0.4215
6,6,5,"Convienece, stylish, and sturdy",RRX3XW8TMO8TX,https://www.amazon.com/gp/customer-reviews/RRX3XW8TMO8TX/ref=cm_cr_arp_d_rvw_ttl?ie=UTF8&ASIN=B09X38T3MF,,"Reviewed in the United States on March 17, 2024",This is the second set of these tables I've ordered. The first set are used as night stands. They're perfect for this use. They hold a set of his and hers CPAPS and lamps. The ability to plug the CPAPS into the tables outlets is convient and safer then having to run extension cords. The USB ports allow me to charge my phone and use it at the same time. This set being used as end tables. They're perfect for this and stylish enough to not look out of place. It's money well spent.,True,Item Package Quantity: 2Color: Rustic Brown + Black,[],7,1777,355,https://www.amazon.com/product-reviews/B09X38T3MF?pageNumber=1&filterByStar=all_stars&sortBy=helpful&formatType=all_formats,allStars,,"{'price': None, 'listPrice': None}",2024-03-17,United States,,B09X38T3MF,0.9382
7,7,5,"Very easy to assemble,",R2W9CNP0MK7LSA,https://www.amazon.com/gp/customer-reviews/R2W9CNP0MK7LSA/ref=cm_cr_arp_d_rvw_ttl?ie=UTF8&ASIN=B09X38T3MF,,"Reviewed in the United States on February 21, 2024","Very easy to assemble, they even supplied an Allen Key to help you assemble the table. The only tool you will need is a Phillips head screwdriver. The final assembled product is very sturdy and works great",True,Item Package Quantity: 1Color: Rustic Brown + Black,[],8,1777,355,https://www.amazon.com/product-reviews/B09X38T3MF?pageNumber=1&filterByStar=all_stars&sortBy=helpful&formatType=all_formats,allStars,,"{'price': None, 'listPrice': None}",2024-02-21,United States,,B09X38T3MF,0.8832
8,8,4,Night stand or tasteful shelf,R1K3PRQ9BD6QSN,https://www.amazon.com/gp/customer-reviews/R1K3PRQ9BD6QSN/ref=cm_cr_arp_d_rvw_ttl?ie=UTF8&ASIN=B09X38T3MF,,"Reviewed in the United States on March 25, 2024","This is a pristine and effective product, have a outlet behind furniture? Perhaps you'd like some extra table space nearby? Care to have a reasonable bedside table that allows you effective and deliberate access to an outlet? Look no further, this is effective and tastefully designed.",True,Item Package Quantity: 1Color: Rustic Brown + Black,[],9,1777,355,https://www.amazon.com/product-reviews/B09X38T3MF?pageNumber=1&filterByStar=all_stars&sortBy=helpful&formatType=all_formats,allStars,,"{'price': None, 'listPrice': None}",2024-03-25,United States,,B09X38T3MF,0.9237
9,9,5,As advertised,R2BS0VNC6NBJO4,https://www.amazon.com/gp/customer-reviews/R2BS0VNC6NBJO4/ref=cm_cr_arp_d_rvw_ttl?ie=UTF8&ASIN=B09X38T3MF,One person found this helpful,"Reviewed in the United States on February 28, 2024","As advertised, easy assembly.  Good value with secure packaging.The only negative, which has absolutely nothing to do with the product itself has to do with the assembly booklet. There is absolutely nothing contained in it regarding contact information for missing parts, etc.While everything needed was included, had something been missing it would have been appropriate to at least include contact information.I use this with my basement model train layout to hold the transformer along with other controllers.Very satisfied with product and definitely recommended for purchase.",True,Item Package Quantity: 1Color: Rustic Brown + Black,[],10,1777,355,https://www.amazon.com/product-reviews/B09X38T3MF?pageNumber=1&filterByStar=all_stars&sortBy=helpful&formatType=all_formats,allStars,,"{'price': None, 'listPrice': None}",2024-02-28,United States,,B09X38T3MF,0.8316
10,10,3,Small!,R1C25Y00USPUDS,https://www.amazon.com/gp/customer-reviews/R1C25Y00USPUDS/ref=cm_cr_arp_d_rvw_ttl?ie=UTF8&ASIN=B09X38T3MF,,"Reviewed in the United States on February 4, 2024",Definitely smaller than I thought so make sure to look at dimensions! Also the power cord is short.,True,Item Package Quantity: 2Color: Greige + Black,[],71,1777,355,https://www.amazon.com/product-reviews/B09X38T3MF?pageNumber=8&filterByStar=all_stars&sortBy=helpful&formatType=all_formats,allStars,,"{'price': None, 'listPrice': None}",2024-02-04,United States,,B09X38T3MF,0.6778
11,11,5,Perfect for small area,R2EON5LQGQEZ6P,https://www.amazon.com/gp/customer-reviews/R2EON5LQGQEZ6P/ref=cm_cr_arp_d_rvw_ttl?ie=UTF8&ASIN=B09X38T3MF,One person found this helpful,"Reviewed in the United States on December 31, 2023",These are perfect for our daughters tight space! The charging ports and plugs are great for all of lights and chargers. Plenty of space with the 3 shelves. Couldn’t beat the price.,True,Item Package Quantity: 2Color: White + Gold,[],72,1777,355,https://www.amazon.com/product-reviews/B09X38T3MF?pageNumber=8&filterByStar=all_stars&sortBy=helpful&formatType=all_formats,allStars,,"{'price': None, 'listPrice': None}",2023-12-31,United States,,B09X38T3MF,0.8439
12,12,3,Check measurements before you order,R195PZUE0K1KOV,https://www.amazon.com/gp/customer-reviews/R195PZUE0K1KOV/ref=cm_cr_arp_d_rvw_ttl?ie=UTF8&ASIN=B09X38T3MF,,"Reviewed in the United States on February 24, 2024",Small and short,True,Item Package Quantity: 2Color: Rustic Brown + Black,[],73,1777,355,https://www.amazon.com/product-reviews/B09X38T3MF?pageNumber=8&filterByStar=all_stars&sortBy=helpful&formatType=all_formats,allStars,,"{'price': None, 'listPrice': None}",2024-02-24,United States,,B09X38T3MF,0.0
13,13,3,Hard to put together,R12FS60UJDLM6Y,https://www.amazon.com/gp/customer-reviews/R12FS60UJDLM6Y/ref=cm_cr_arp_d_rvw_ttl?ie=UTF8&ASIN=B09X38T3MF,,"Reviewed in the United States on January 21, 2024",They had dots for holes instead of actual holes. Had to force the screws in which hurt my arms and hands since I’m disabled.,True,Item Package Quantity: 1Color: Rustic Brown + Black,[],74,1777,355,https://www.amazon.com/product-reviews/B09X38T3MF?pageNumber=8&filterByStar=all_stars&sortBy=helpful&formatType=all_formats,allStars,,"{'price': None, 'listPrice': None}",2024-01-21,United States,,B09X38T3MF,-0.6597
14,14,5,"Great little table, was just what I was looking for. GREAT VALUE!",R38NAVMA7XZHZI,https://www.amazon.com/gp/customer-reviews/R38NAVMA7XZHZI/ref=cm_cr_arp_d_rvw_ttl?ie=UTF8&ASIN=B09X38T3MF,,"Reviewed in the United States on January 17, 2024",I wanted a small table to keep my TV remote on.,True,Item Package Quantity: 1Color: Rustic Brown + Black,[],75,1777,355,https://www.amazon.com/product-reviews/B09X38T3MF?pageNumber=8&filterByStar=all_stars&sortBy=helpful&formatType=all_formats,allStars,,"{'price': None, 'listPrice': None}",2024-01-17,United States,,B09X38T3MF,0.0
15,15,4,Functional but short,R3K1A6G1R1ADS4,https://www.amazon.com/gp/customer-reviews/R3K1A6G1R1ADS4/ref=cm_cr_arp_d_rvw_ttl?ie=UTF8&ASIN=B09X38T3MF,One person found this helpful,"Reviewed in the United States on September 4, 2023","Bought as a nightstand for 9 year old because of the plugs on the front. It’s perfect for her and her twin bed size; about the same height. Does the job, very light weight though",True,Item Package Quantity: 1Color: Rustic Brown + Black,[],76,1777,355,https://www.amazon.com/product-reviews/B09X38T3MF?pageNumber=8&filterByStar=all_stars&sortBy=helpful&formatType=all_formats,allStars,,"{'price': None, 'listPrice': None}",2023-09-04,United States,,B09X38T3MF,0.5719
16,16,5,Good price,R3FGIJJVXDTHU3,https://www.amazon.com/gp/customer-reviews/R3FGIJJVXDTHU3/ref=cm_cr_arp_d_rvw_ttl?ie=UTF8&ASIN=B09X38T3MF,,"Reviewed in the United States on January 25, 2024",Easy install,True,Item Package Quantity: 2Color: Greige + Black,[],77,1777,355,https://www.amazon.com/product-reviews/B09X38T3MF?pageNumber=8&filterByStar=all_stars&sortBy=helpful&formatType=all_formats,allStars,,"{'price': None, 'listPrice': None}",2024-01-25,United States,,B09X38T3MF,0.4404
17,17,5,Small yet sturdy,R2GPB1FQHHQBWE,https://www.amazon.com/gp/customer-reviews/R2GPB1FQHHQBWE/ref=cm_cr_arp_d_rvw_ttl?ie=UTF8&ASIN=B09X38T3MF,3 people found this helpful,"Reviewed in the United States on January 9, 2024",It's very nicely designed. The assembly was easy and all the holes and screws lined up perfectly. It's very sturdy.,True,Item Package Quantity: 1Color: Rustic Brown + Black,[],78,1777,355,https://www.amazon.com/product-reviews/B09X38T3MF?pageNumber=8&filterByStar=all_stars&sortBy=helpful&formatType=all_formats,allStars,,"{'price': None, 'listPrice': None}",2024-01-09,United States,,B09X38T3MF,0.8516
18,18,5,Great night Sam,R3H1DBDXBHP7VB,https://www.amazon.com/gp/customer-reviews/R3H1DBDXBHP7VB/ref=cm_cr_arp_d_rvw_ttl?ie=UTF8&ASIN=B09X38T3MF,,"Reviewed in the United States on January 15, 2024","Great, nightstand, charging table. It is something everyone needs.",True,Item Package Quantity: 1Color: Rustic Brown + Black,[],79,1777,355,https://www.amazon.com/product-reviews/B09X38T3MF?pageNumber=8&filterByStar=all_stars&sortBy=helpful&formatType=all_formats,allStars,,"{'price': None, 'listPrice': None}",2024-01-15,United States,,B09X38T3MF,0.6249
19,19,5,Exactly what I needed,R2HJLZ4INE8OQI,https://www.amazon.com/gp/customer-reviews/R2HJLZ4INE8OQI/ref=cm_cr_arp_d_rvw_ttl?ie=UTF8&ASIN=B09X38T3MF,,"Reviewed in the United States on January 13, 2024",Well made. Easy to put together. Worth the low price.,True,Item Package Quantity: 1Color: Rustic Brown + Black,[],80,1777,355,https://www.amazon.com/product-reviews/B09X38T3MF?pageNumber=8&filterByStar=all_stars&sortBy=helpful&formatType=all_formats,allStars,,"{'price': None, 'listPrice': None}",2024-01-13,United States,,B09X38T3MF,0.5859
20,20,5,Small,R2TZLU34EJ3JBM,https://www.amazon.com/gp/customer-reviews/R2TZLU34EJ3JBM/ref=cm_cr_arp_d_rvw_ttl?ie=UTF8&ASIN=B09X38T3MF,,"Reviewed in the United States on January 26, 2024",Seems smaller than you would think but was perfect for next to my recliner.  The power and USB ports come in really handy.  It's also very sturdy.,True,Item Package Quantity: 1Color: Rustic Brown + Black,[],51,1777,355,https://www.amazon.com/product-reviews/B09X38T3MF?pageNumber=6&filterByStar=all_stars&sortBy=helpful&formatType=all_formats,allStars,,"{'price': None, 'listPrice': None}",2024-01-26,United States,,B09X38T3MF,0.7227
21,21,4,Good,R2ACW6J1LUEUHM,https://www.amazon.com/gp/customer-reviews/R2ACW6J1LUEUHM/ref=cm_cr_arp_d_rvw_ttl?ie=UTF8&ASIN=B09X38T3MF,,"Reviewed in the United States on December 1, 2023",The electric cord was a little shorter than I needed. It is about 5 feet long..,True,Item Package Quantity: 1Color: Rustic Brown + Black,[],52,1777,355,https://www.amazon.com/product-reviews/B09X38T3MF?pageNumber=6&filterByStar=all_stars&sortBy=helpful&formatType=all_formats,allStars,,"{'price': None, 'listPrice': None}",2023-12-01,United States,,B09X38T3MF,0.0
22,22,3,Small,R10R79LFZ8HJWJ,https://www.amazon.com/gp/customer-reviews/R10R79LFZ8HJWJ/ref=cm_cr_arp_d_rvw_ttl?ie=UTF8&ASIN=B09X38T3MF,,"Reviewed in the United States on March 17, 2024",The only way you can fit a normal size printer is used to top shelf. The two bottom shelves will only be usable if you’re storing paper.,True,Item Package Quantity: 1Color: Rustic Brown + Black,[],53,1777,355,https://www.amazon.com/product-reviews/B09X38T3MF?pageNumber=6&filterByStar=all_stars&sortBy=helpful&formatType=all_formats,allStars,,"{'price': None, 'listPrice': None}",2024-03-17,United States,,B09X38T3MF,0.5106
23,23,3,Its handy.,R2I6SE6TVNWA1Z,https://www.amazon.com/gp/customer-reviews/R2I6SE6TVNWA1Z/ref=cm_cr_arp_d_rvw_ttl?ie=UTF8&ASIN=B09X38T3MF,,"Reviewed in the United States on April 3, 2024",Grand children love it.,True,Item Package Quantity: 1Color: Rustic Brown + Black,[],54,1777,355,https://www.amazon.com/product-reviews/B09X38T3MF?pageNumber=6&filterByStar=all_stars&sortBy=helpful&formatType=all_formats,allStars,,"{'price': None, 'listPrice': None}",2024-04-03,United States,,B09X38T3MF,0.802
24,24,4,Bonito,R1ZZ3XE6Q8JEMY,https://www.amazon.com/gp/customer-reviews/R1ZZ3XE6Q8JEMY/ref=cm_cr_arp_d_rvw_ttl?ie=UTF8&ASIN=B09X38T3MF,,"Reviewed in the United States on December 12, 2023","Buen producto, tamaño un poco pequeño",True,Item Package Quantity: 2Color: White + Gold,[],55,1777,355,https://www.amazon.com/product-reviews/B09X38T3MF?pageNumber=6&filterByStar=all_stars&sortBy=helpful&formatType=all_formats,allStars,,"{'price': None, 'listPrice': None}",2023-12-12,United States,,B09X38T3MF,0.0
25,25,4,Great! For kids and teenager bedroom.,R2GDJ0KEOFN8ED,https://www.amazon.com/gp/customer-reviews/R2GDJ0KEOFN8ED/ref=cm_cr_arp_d_rvw_ttl?ie=UTF8&ASIN=B09X38T3MF,One person found this helpful,"Reviewed in the United States on December 9, 2023","Good material, metal frame is fine, if you know how to put it together.",True,Item Package Quantity: 1Color: Rustic Brown + Black,"['https://m.media-amazon.com/images/I/718VcFaTuGL._SY88.jpg', 'https://m.media-amazon.com/images/I/71LcY18ky3L._SY88.jpg']",56,1777,355,https://www.amazon.com/product-reviews/B09X38T3MF?pageNumber=6&filterByStar=all_stars&sortBy=helpful&formatType=all_formats,allStars,,"{'price': None, 'listPrice': None}",2023-12-09,United States,,B09X38T3MF,0.5719
26,26,5,Outlet,REHJ4KAL65Q52,https://www.amazon.com/gp/customer-reviews/REHJ4KAL65Q52/ref=cm_cr_arp_d_rvw_ttl?ie=UTF8&ASIN=B09X38T3MF,3 people found this helpful,"Reviewed in the United States on January 1, 2024","Love this piece, very useful in my office. The only thing I don’t like is that it’s hard to insert and remove the plugs into the outlets. I don’t know if it’s supposed to be that way. The outlets are in the front, I think it would be better to find one with the outlets on the side. Overall good purchase. Sturdy and convenient for lamp, picture frame, small Christmas tree, clock, plant.",True,Item Package Quantity: 1Color: Rustic Brown + Black,[],57,1777,355,https://www.amazon.com/product-reviews/B09X38T3MF?pageNumber=6&filterByStar=all_stars&sortBy=helpful&formatType=all_formats,allStars,,"{'price': None, 'listPrice': None}",2024-01-01,United States,,B09X38T3MF,0.9359
27,27,5,"Small, sturdy end table",ROUS1452V1OV3,https://www.amazon.com/gp/customer-reviews/ROUS1452V1OV3/ref=cm_cr_arp_d_rvw_ttl?ie=UTF8&ASIN=B09X38T3MF,One person found this helpful,"Reviewed in the United States on September 30, 2023","Pleasantly surprised with this flat pack end table set. Unlike most flat packs this pair include a square tube steel frame. This makes it heavier than usual but also very sturdy. It came deceptively packed in one compact box. At first I thought I'd received only half of the pair but it was all there. A somewhat complicated assembly because of the several types of screws. It includes an Allen wrench but a Phillips screwdriver is also required. Nice quality dark wood/faux wood. While not yet tested, the front panel outlets and USB power should be handy. Slight downside, if a larger table dimension was available I might have preferred that for my purposes. An underside wire clamp for the power cable would have been nice. Pluses, extra screws were included in case one rolls off during assembly, screw adjustable feet for leveling. Good price.",True,Item Package Quantity: 2Color: Rustic Brown + Black,[],58,1777,355,https://www.amazon.com/product-reviews/B09X38T3MF?pageNumber=6&filterByStar=all_stars&sortBy=helpful&formatType=all_formats,allStars,,"{'price': None, 'listPrice': None}",2023-09-30,United States,,B09X38T3MF,0.7964
28,28,5,I love it!,R3HZU3IN6Q5R60,https://www.amazon.com/gp/customer-reviews/R3HZU3IN6Q5R60/ref=cm_cr_arp_d_rvw_ttl?ie=UTF8&ASIN=B09X38T3MF,,"Reviewed in the United States on January 30, 2024",It was very easy to assemble for me. I had my husband do it!,True,Item Package Quantity: 1Color: Greige + Black,[],59,1777,355,https://www.amazon.com/product-reviews/B09X38T3MF?pageNumber=6&filterByStar=all_stars&sortBy=helpful&formatType=all_formats,allStars,,"{'price': None, 'listPrice': None}",2024-01-30,United States,,B09X38T3MF,0.54
29,29,5,Small table wood,R1Z7QM8N3HQI96,https://www.amazon.com/gp/customer-reviews/R1Z7QM8N3HQI96/ref=cm_cr_arp_d_rvw_ttl?ie=UTF8&ASIN=B09X38T3MF,,"Reviewed in the United States on February 7, 2024",Easy to assemble,True,Item Package Quantity: 1Color: Rustic Brown + Black,[],60,1777,355,https://www.amazon.com/product-reviews/B09X38T3MF?pageNumber=6&filterByStar=all_stars&sortBy=helpful&formatType=all_formats,allStars,,"{'price': None, 'listPrice': None}",2024-02-07,United States,,B09X38T3MF,0.4404
30,30,5,Charging Table,R1IUZYO0CYQRX0,https://www.amazon.com/gp/customer-reviews/R1IUZYO0CYQRX0/ref=cm_cr_arp_d_rvw_ttl?ie=UTF8&ASIN=B09X38T3MF,,"Reviewed in the United States on March 15, 2024",Small nice charging TableEasy to assemble,True,Item Package Quantity: 1Color: Rustic Brown + Black,[],21,1777,355,https://www.amazon.com/product-reviews/B09X38T3MF?pageNumber=3&filterByStar=all_stars&sortBy=helpful&formatType=all_formats,allStars,,"{'price': None, 'listPrice': None}",2024-03-15,United States,,B09X38T3MF,0.4215
31,31,4,No instructions,R78WLCRL8W4LW,https://www.amazon.com/gp/customer-reviews/R78WLCRL8W4LW/ref=cm_cr_arp_d_rvw_ttl?ie=UTF8&ASIN=B09X38T3MF,,"Reviewed in the United States on March 30, 2024",Easy to put together,True,Item Package Quantity: 2Color: White + Gold,"['https://m.media-amazon.com/images/I/71ft2bS1fkL._SY88.jpg', 'https://m.media-amazon.com/images/I/71xSSCXwkoL._SY88.jpg']",22,1777,355,https://www.amazon.com/product-reviews/B09X38T3MF?pageNumber=3&filterByStar=all_stars&sortBy=helpful&formatType=all_formats,allStars,,"{'price': None, 'listPrice': None}",2024-03-30,United States,,B09X38T3MF,0.4404
32,32,4,It Works,R1922APY1V04AW,https://www.amazon.com/gp/customer-reviews/R1922APY1V04AW/ref=cm_cr_arp_d_rvw_ttl?ie=UTF8&ASIN=B09X38T3MF,,"Reviewed in the United States on January 19, 2024","It looks like it should in the picture. It was easy to put together, but it's genuinely not the sturdiest thing, so be mindful of how much you put on it. It looks fine, works fine. Had no problems with the outlets. It's just not as sturdy as I had hoped.",True,Item Package Quantity: 1Color: Rustic Brown + Black,[],23,1777,355,https://www.amazon.com/product-reviews/B09X38T3MF?pageNumber=3&filterByStar=all_stars&sortBy=helpful&formatType=all_formats,allStars,,"{'price': None, 'listPrice': None}",2024-01-19,United States,,B09X38T3MF,0.4854
33,33,5,Small table,R2LDXNC0NV0E55,https://www.amazon.com/gp/customer-reviews/R2LDXNC0NV0E55/ref=cm_cr_arp_d_rvw_ttl?ie=UTF8&ASIN=B09X38T3MF,,"Reviewed in the United States on March 11, 2024",Small table with convenient outlets. Works well as a side table.,True,Item Package Quantity: 1Color: Rustic Brown + Black,[],24,1777,355,https://www.amazon.com/product-reviews/B09X38T3MF?pageNumber=3&filterByStar=all_stars&sortBy=helpful&formatType=all_formats,allStars,,"{'price': None, 'listPrice': None}",2024-03-11,United States,,B09X38T3MF,0.2732
34,34,4,Good quality,R2TRNYXU0IGH7N,https://www.amazon.com/gp/customer-reviews/R2TRNYXU0IGH7N/ref=cm_cr_arp_d_rvw_ttl?ie=UTF8&ASIN=B09X38T3MF,,"Reviewed in the United States on January 23, 2024","This was very easy to set up and good quality. However, it was a bit shorter than I expected and not entirely what I was looking for and I decided I wanted drawers so I returned this for those reasons!",True,Item Package Quantity: 1Color: Greige + Black,[],25,1777,355,https://www.amazon.com/product-reviews/B09X38T3MF?pageNumber=3&filterByStar=all_stars&sortBy=helpful&formatType=all_formats,allStars,,"{'price': None, 'listPrice': None}",2024-01-23,United States,,B09X38T3MF,0.7495
35,35,5,Good Product,R6DE4TR4N0DMJ,https://www.amazon.com/gp/customer-reviews/R6DE4TR4N0DMJ/ref=cm_cr_arp_d_rvw_ttl?ie=UTF8&ASIN=B09X38T3MF,,"Reviewed in the United States on March 7, 2024",Love these side tables.  Easy to install.  Will purchase again.,True,Item Package Quantity: 2Color: Rustic Brown + Black,[],26,1777,355,https://www.amazon.com/product-reviews/B09X38T3MF?pageNumber=3&filterByStar=all_stars&sortBy=helpful&formatType=all_formats,allStars,,"{'price': None, 'listPrice': None}",2024-03-07,United States,,B09X38T3MF,0.7964
36,36,5,Perfect fit and easy to assemble,R2978IH1G2EUT1,https://www.amazon.com/gp/customer-reviews/R2978IH1G2EUT1/ref=cm_cr_arp_d_rvw_ttl?ie=UTF8&ASIN=B09X38T3MF,,"Reviewed in the United States on March 2, 2024","This nightstand was very easy to assemble, and it fits perfectly in the space I need it.",True,Item Package Quantity: 1Color: Rustic Brown + Black,[],27,1777,355,https://www.amazon.com/product-reviews/B09X38T3MF?pageNumber=3&filterByStar=all_stars&sortBy=helpful&formatType=all_formats,allStars,,"{'price': None, 'listPrice': None}",2024-03-02,United States,,B09X38T3MF,0.8122
37,37,4,Nice design but small,R19RHINSFU0JEM,https://www.amazon.com/gp/customer-reviews/R19RHINSFU0JEM/ref=cm_cr_arp_d_rvw_ttl?ie=UTF8&ASIN=B09X38T3MF,,"Reviewed in the United States on January 23, 2024",This table looks good and good design but needs to be taller and wider. Overall I like the table. I like the outlets and charging port.,True,Item Package Quantity: 1Color: Rustic Brown + Black,[],28,1777,355,https://www.amazon.com/product-reviews/B09X38T3MF?pageNumber=3&filterByStar=all_stars&sortBy=helpful&formatType=all_formats,allStars,,"{'price': None, 'listPrice': None}",2024-01-23,United States,,B09X38T3MF,0.8555
38,38,4,Little,R2CGS4MYQIGR6J,https://www.amazon.com/gp/customer-reviews/R2CGS4MYQIGR6J/ref=cm_cr_arp_d_rvw_ttl?ie=UTF8&ASIN=B09X38T3MF,,"Reviewed in the United States on February 3, 2024","I have kept it. But, really, too litty.Nice otherwise. MO",True,Item Package Quantity: 1Color: Rustic Brown + Black,[],29,1777,355,https://www.amazon.com/product-reviews/B09X38T3MF?pageNumber=3&filterByStar=all_stars&sortBy=helpful&formatType=all_formats,allStars,,"{'price': None, 'listPrice': None}",2024-02-03,United States,,B09X38T3MF,0.0
39,39,4,Small but works well for small spaces,R1O735HYQGDH0C,https://www.amazon.com/gp/customer-reviews/R1O735HYQGDH0C/ref=cm_cr_arp_d_rvw_ttl?ie=UTF8&ASIN=B09X38T3MF,,"Reviewed in the United States on February 6, 2024",Works great for our space,True,Item Package Quantity: 1Color: Rustic Brown + Black,[],30,1777,355,https://www.amazon.com/product-reviews/B09X38T3MF?pageNumber=3&filterByStar=all_stars&sortBy=helpful&formatType=all_formats,allStars,,"{'price': None, 'listPrice': None}",2024-02-06,United States,,B09X38T3MF,0.6249
40,40,5,A night  🌙 stand  for my grandson,R2NMKCU330RMJ9,https://www.amazon.com/gp/customer-reviews/R2NMKCU330RMJ9/ref=cm_cr_arp_d_rvw_ttl?ie=UTF8&ASIN=B09X38T3MF,,"Reviewed in the United States on January 8, 2024","This is a beginning nightstand for my grandson's bedroom, love it.The color and all.",True,Item Package Quantity: 1Color: Rustic Brown + Black,"['https://m.media-amazon.com/images/I/7108-tB4rAL._SY88.jpg', 'https://m.media-amazon.com/images/I/7198Fs0cXNL._SY88.jpg']",81,1777,355,https://www.amazon.com/product-reviews/B09X38T3MF?pageNumber=9&filterByStar=all_stars&sortBy=helpful&formatType=all_formats,allStars,,"{'price': None, 'listPrice': None}",2024-01-08,United States,,B09X38T3MF,0.6369
41,41,5,Nice stand,R34SLHVZBJOVD0,https://www.amazon.com/gp/customer-reviews/R34SLHVZBJOVD0/ref=cm_cr_arp_d_rvw_ttl?ie=UTF8&ASIN=B09X38T3MF,,"Reviewed in the United States on January 12, 2024","I bought it for my Nintendo switch, love it.",True,Item Package Quantity: 1Color: Rustic Brown + Black,[],82,1777,355,https://www.amazon.com/product-reviews/B09X38T3MF?pageNumber=9&filterByStar=all_stars&sortBy=helpful&formatType=all_formats,allStars,,"{'price': None, 'listPrice': None}",2024-01-12,United States,,B09X38T3MF,0.6369
42,42,5,Sturdy,RNG5DIR44J9PV,https://www.amazon.com/gp/customer-reviews/RNG5DIR44J9PV/ref=cm_cr_arp_d_rvw_ttl?ie=UTF8&ASIN=B09X38T3MF,,"Reviewed in the United States on January 15, 2024",Very sturdy and easy to assemble!,True,Item Package Quantity: 1Color: Rustic Brown + Black,[],83,1777,355,https://www.amazon.com/product-reviews/B09X38T3MF?pageNumber=9&filterByStar=all_stars&sortBy=helpful&formatType=all_formats,allStars,,"{'price': None, 'listPrice': None}",2024-01-15,United States,,B09X38T3MF,0.5355
43,43,5,Eazy assembly,R16QVXY6BIDM7B,https://www.amazon.com/gp/customer-reviews/R16QVXY6BIDM7B/ref=cm_cr_arp_d_rvw_ttl?ie=UTF8&ASIN=B09X38T3MF,One person found this helpful,"Reviewed in the United States on December 8, 2023",Had all the parts . And right size fits well in the corner of my living room a nice plant on top. Plus’s the exstra out let that comes with it .. nice,True,Item Package Quantity: 1Color: Greige + Black,[],84,1777,355,https://www.amazon.com/product-reviews/B09X38T3MF?pageNumber=9&filterByStar=all_stars&sortBy=helpful&formatType=all_formats,allStars,,"{'price': None, 'listPrice': None}",2023-12-08,United States,,B09X38T3MF,0.8176
44,44,5,PERFECT 🤩,R1XKEKA0K65RCV,https://www.amazon.com/gp/customer-reviews/R1XKEKA0K65RCV/ref=cm_cr_arp_d_rvw_ttl?ie=UTF8&ASIN=B09X38T3MF,One person found this helpful,"Reviewed in the United States on January 2, 2024",Easy to put together me and my little sister did it in about 30 mins! Soooo perfect for my space! Excellent product and great quality! Highly recommend!,True,Item Package Quantity: 2Color: White + Gold,[],85,1777,355,https://www.amazon.com/product-reviews/B09X38T3MF?pageNumber=9&filterByStar=all_stars&sortBy=helpful&formatType=all_formats,allStars,,"{'price': None, 'listPrice': None}",2024-01-02,United States,,B09X38T3MF,0.9605
45,45,5,Back to school must have,R3JAEU1INLYMFR,https://www.amazon.com/gp/customer-reviews/R3JAEU1INLYMFR/ref=cm_cr_arp_d_rvw_ttl?ie=UTF8&ASIN=B09X38T3MF,6 people found this helpful,"Reviewed in the United States on September 19, 2023","This was a perfect addition to our nightly routine. I placed it under the kids backpack hooks. They plug in their chrome books when they're done with homework, and it's with their backpack, easily seen and hard to forget! I love how compact the table is for my purpose since their back pack hooks are low, it fits nicely under their. And multi shelves help for placing other easy to forget items(I'd badge, keys, wallet or small instruments) and their shoes fit nice under it. The table I'd sturdy but not too heavy and easy to assemble for one person.",True,Item Package Quantity: 1Color: Rustic Brown + Black,[],86,1777,355,https://www.amazon.com/product-reviews/B09X38T3MF?pageNumber=9&filterByStar=all_stars&sortBy=helpful&formatType=all_formats,allStars,,"{'price': None, 'listPrice': None}",2023-09-19,United States,,B09X38T3MF,0.9266
46,46,5,Great little table,R3B472STF5H6XH,https://www.amazon.com/gp/customer-reviews/R3B472STF5H6XH/ref=cm_cr_arp_d_rvw_ttl?ie=UTF8&ASIN=B09X38T3MF,2 people found this helpful,"Reviewed in the United States on November 21, 2023","This is a nice table, very easy to set up and very clear instructions. Even down to the fact that they added spare fasteners of each size is impressive. Not many manufacturers do that anymore. Ultimately it appears to be of solid build and design.",True,Item Package Quantity: 1Color: Greige + Black,[],87,1777,355,https://www.amazon.com/product-reviews/B09X38T3MF?pageNumber=9&filterByStar=all_stars&sortBy=helpful&formatType=all_formats,allStars,,"{'price': None, 'listPrice': None}",2023-11-21,United States,,B09X38T3MF,0.915
47,47,4,Good for Price,R344DEGOPNC323,https://www.amazon.com/gp/customer-reviews/R344DEGOPNC323/ref=cm_cr_arp_d_rvw_ttl?ie=UTF8&ASIN=B09X38T3MF,,"Reviewed in the United States on August 16, 2023",I bought two of these hoping for them to be my new night stands but they were way to short. They are a good charging station table though next to a couch and easy to assemble.,True,Item Package Quantity: 1Color: Rustic Brown + Black,[],88,1777,355,https://www.amazon.com/product-reviews/B09X38T3MF?pageNumber=9&filterByStar=all_stars&sortBy=helpful&formatType=all_formats,allStars,,"{'price': None, 'listPrice': None}",2023-08-16,United States,,B09X38T3MF,0.8625
48,48,4,Easy to put together,R181NK9ALNA7YU,https://www.amazon.com/gp/customer-reviews/R181NK9ALNA7YU/ref=cm_cr_arp_d_rvw_ttl?ie=UTF8&ASIN=B09X38T3MF,,"Reviewed in the United States on October 8, 2023",Bedroom side table,True,Item Package Quantity: 1Color: Rustic Brown + Black,[],89,1777,355,https://www.amazon.com/product-reviews/B09X38T3MF?pageNumber=9&filterByStar=all_stars&sortBy=helpful&formatType=all_formats,allStars,,"{'price': None, 'listPrice': None}",2023-10-08,United States,,B09X38T3MF,0.0
49,49,5,Perfect!,R2JWKVNWC3OYOI,https://www.amazon.com/gp/customer-reviews/R2JWKVNWC3OYOI/ref=cm_cr_arp_d_rvw_ttl?ie=UTF8&ASIN=B09X38T3MF,,"Reviewed in the United States on November 6, 2023",It was a little difficult to find a stand that wasn’t bulky and large. This is perfect for my printer size and my at home work area. A good price for the size. It was easy to assemble and the convenience of the outlets in front are great.,True,Item Package Quantity: 1Color: Rustic Brown + Black,"['https://m.media-amazon.com/images/I/71S7PwUqnQL._SY88.jpg', 'https://m.media-amazon.com/images/I/814NKCCGD3L._SY88.jpg']",90,1777,355,https://www.amazon.com/product-reviews/B09X38T3MF?pageNumber=9&filterByStar=all_stars&sortBy=helpful&formatType=all_formats,allStars,,"{'price': None, 'listPrice': None}",2023-11-06,United States,,B09X38T3MF,0.908
50,50,4,Very Nice Piece,R37MM2IRB3BR4Y,https://www.amazon.com/gp/customer-reviews/R37MM2IRB3BR4Y/ref=cm_cr_arp_d_rvw_ttl?ie=UTF8&ASIN=B09X38T3MF,2 people found this helpful,"Reviewed in the United States on September 13, 2023","I gave it 4 stars because mine came with no instructions and I had to reach out to the company so they could email them to me. Beyond that, it's a pretty well-made piece. It's not huge but if you know your space and check the dimensions this is a great addition to your home. Gives me a place to set my laptop and the 2 charging ports are a nice bonus.",True,Item Package Quantity: 1Color: Rustic Brown + Black,[],61,1777,355,https://www.amazon.com/product-reviews/B09X38T3MF?pageNumber=7&filterByStar=all_stars&sortBy=helpful&formatType=all_formats,allStars,,"{'price': None, 'listPrice': None}",2023-09-13,United States,,B09X38T3MF,0.9448
51,51,5,Nice little end table.,R14025V093M2VE,https://www.amazon.com/gp/customer-reviews/R14025V093M2VE/ref=cm_cr_arp_d_rvw_ttl?ie=UTF8&ASIN=B09X38T3MF,4 people found this helpful,"Reviewed in the United States on December 27, 2023","I think this is the first ever piece of furniture that I assembled without stripping at least one screw. Everything lined up and assembly was super easy. The 120v and USB plugs on the front add extra convenience. Packaging was good with all the important pieces protected by Styrofoam. Be aware it's small, but if that's what you are looking for, it's perfect.",True,Item Package Quantity: 1Color: Greige + Black,[],62,1777,355,https://www.amazon.com/product-reviews/B09X38T3MF?pageNumber=7&filterByStar=all_stars&sortBy=helpful&formatType=all_formats,allStars,,"{'price': None, 'listPrice': None}",2023-12-27,United States,,B09X38T3MF,0.9109
52,52,4,Good size for smaller places,R2TMLPMSMGP82B,https://www.amazon.com/gp/customer-reviews/R2TMLPMSMGP82B/ref=cm_cr_arp_d_rvw_ttl?ie=UTF8&ASIN=B09X38T3MF,,"Reviewed in the United States on November 8, 2023",Easy to setup and great fit for our small place.,True,Item Package Quantity: 1Color: Rustic Brown + Black,[],63,1777,355,https://www.amazon.com/product-reviews/B09X38T3MF?pageNumber=7&filterByStar=all_stars&sortBy=helpful&formatType=all_formats,allStars,,"{'price': None, 'listPrice': None}",2023-11-08,United States,,B09X38T3MF,0.8591
53,53,5,Bedside table,R3FDKS2LBVQB03,https://www.amazon.com/gp/customer-reviews/R3FDKS2LBVQB03/ref=cm_cr_arp_d_rvw_ttl?ie=UTF8&ASIN=B09X38T3MF,,"Reviewed in the United States on January 13, 2024",I thought the table was better than I expected. It was easy for me to put together by myself which was a relief.,True,Item Package Quantity: 1Color: Rustic Brown + Black,[],64,1777,355,https://www.amazon.com/product-reviews/B09X38T3MF?pageNumber=7&filterByStar=all_stars&sortBy=helpful&formatType=all_formats,allStars,,"{'price': None, 'listPrice': None}",2024-01-13,United States,,B09X38T3MF,0.836
54,54,5,End table,R3HAL02G2QLJLA,https://www.amazon.com/gp/customer-reviews/R3HAL02G2QLJLA/ref=cm_cr_arp_d_rvw_ttl?ie=UTF8&ASIN=B09X38T3MF,,"Reviewed in the United States on January 20, 2024",I am pleased with my purchase it was easy to put together and it looks nice in my home,True,Item Package Quantity: 1Color: Rustic Brown + Black,[],65,1777,355,https://www.amazon.com/product-reviews/B09X38T3MF?pageNumber=7&filterByStar=all_stars&sortBy=helpful&formatType=all_formats,allStars,,"{'price': None, 'listPrice': None}",2024-01-20,United States,,B09X38T3MF,0.8225
55,55,4,It’s small but useful,R33TF24WDHEHUT,https://www.amazon.com/gp/customer-reviews/R33TF24WDHEHUT/ref=cm_cr_arp_d_rvw_ttl?ie=UTF8&ASIN=B09X38T3MF,,"Reviewed in the United States on September 24, 2023","We needed something to set my husband’s office printer on, so purchase this because it matches his desk. It is very very small, but it gets the job done. We do like how there is a charging area built into it. Easy to assemble.",True,Item Package Quantity: 1Color: Rustic Brown + Black,[],66,1777,355,https://www.amazon.com/product-reviews/B09X38T3MF?pageNumber=7&filterByStar=all_stars&sortBy=helpful&formatType=all_formats,allStars,,"{'price': None, 'listPrice': None}",2023-09-24,United States,,B09X38T3MF,0.7964
56,56,5,Small but perfect,R214CA2AVM8SOM,https://www.amazon.com/gp/customer-reviews/R214CA2AVM8SOM/ref=cm_cr_arp_d_rvw_ttl?ie=UTF8&ASIN=B09X38T3MF,,"Reviewed in the United States on December 31, 2023",Fits perfect in the space in my living room when I bought it for. Convenient to charge phone and plug in small lamp. Two other shelves that I put 2 small angels on for decorating,True,Item Package Quantity: 1Color: Rustic Brown + Black,[],67,1777,355,https://www.amazon.com/product-reviews/B09X38T3MF?pageNumber=7&filterByStar=all_stars&sortBy=helpful&formatType=all_formats,allStars,,"{'price': None, 'listPrice': None}",2023-12-31,United States,,B09X38T3MF,0.5719
57,57,5,Terrific table,R2MB55HNA9J5H0,https://www.amazon.com/gp/customer-reviews/R2MB55HNA9J5H0/ref=cm_cr_arp_d_rvw_ttl?ie=UTF8&ASIN=B09X38T3MF,2 people found this helpful,"Reviewed in the United States on January 3, 2024","I'm pretty well cursed when it comes to putting things together, but this table was so well designed that I assembled it with ease. It even had an extra screw of each type. Love it!",True,Item Package Quantity: 1Color: Rustic Brown + Black,"['https://m.media-amazon.com/images/I/81Mci+TtK4L._SY88.jpg', 'https://m.media-amazon.com/images/I/81xiX+hzUsL._SY88.jpg']",68,1777,355,https://www.amazon.com/product-reviews/B09X38T3MF?pageNumber=7&filterByStar=all_stars&sortBy=helpful&formatType=all_formats,allStars,,"{'price': None, 'listPrice': None}",2024-01-03,United States,,B09X38T3MF,0.933
58,58,5,Very nice small table.,R2VFP9WR8PNG6Q,https://www.amazon.com/gp/customer-reviews/R2VFP9WR8PNG6Q/ref=cm_cr_arp_d_rvw_ttl?ie=UTF8&ASIN=B09X38T3MF,3 people found this helpful,"Reviewed in the United States on January 10, 2024","Nice sturdy small table.  It is definitely small, but is just the size I needed.  Easily put together.  Very pleased",True,Item Package Quantity: 1Color: Rustic Brown + Black,[],69,1777,355,https://www.amazon.com/product-reviews/B09X38T3MF?pageNumber=7&filterByStar=all_stars&sortBy=helpful&formatType=all_formats,allStars,,"{'price': None, 'listPrice': None}",2024-01-10,United States,,B09X38T3MF,0.879
59,59,5,charging tables,R1BUKXR2YLB1G,https://www.amazon.com/gp/customer-reviews/R1BUKXR2YLB1G/ref=cm_cr_arp_d_rvw_ttl?ie=UTF8&ASIN=B09X38T3MF,,"Reviewed in the United States on January 16, 2024",these are the greatest!!! i recommend you get these and place them next to your bed,True,Item Package Quantity: 2Color: Rustic Brown + Black,[],70,1777,355,https://www.amazon.com/product-reviews/B09X38T3MF?pageNumber=7&filterByStar=all_stars&sortBy=helpful&formatType=all_formats,allStars,,"{'price': None, 'listPrice': None}",2024-01-16,United States,,B09X38T3MF,0.8213
60,60,4,Nice table ends,R26FEPM6RPE8BO,https://www.amazon.com/gp/customer-reviews/R26FEPM6RPE8BO/ref=cm_cr_arp_d_rvw_ttl?ie=UTF8&ASIN=B09X38T3MF,One person found this helpful,"Reviewed in the United States on December 5, 2023",Nice add ons to the couch ends. And with the included outlet and USB it's great! Do wish it was usb-c but oh well . The color is as stated and the material look great.,True,Item Package Quantity: 2Color: Rustic Brown + Black,[],41,1777,355,https://www.amazon.com/product-reviews/B09X38T3MF?pageNumber=5&filterByStar=all_stars&sortBy=helpful&formatType=all_formats,allStars,,"{'price': None, 'listPrice': None}",2023-12-05,United States,,B09X38T3MF,0.9312
61,61,5,Really pretty but a little short,R2BKF6JZR5J1I,https://www.amazon.com/gp/customer-reviews/R2BKF6JZR5J1I/ref=cm_cr_arp_d_rvw_ttl?ie=UTF8&ASIN=B09X38T3MF,,"Reviewed in the United States on February 9, 2024",The charging ability was great and a very good price. delivery was spot on too!,True,Item Package Quantity: 2Color: Rustic Brown + Black,[],42,1777,355,https://www.amazon.com/product-reviews/B09X38T3MF?pageNumber=5&filterByStar=all_stars&sortBy=helpful&formatType=all_formats,allStars,,"{'price': None, 'listPrice': None}",2024-02-09,United States,,B09X38T3MF,0.8716
62,62,5,A-ok,R31ZURKNJANYQB,https://www.amazon.com/gp/customer-reviews/R31ZURKNJANYQB/ref=cm_cr_arp_d_rvw_ttl?ie=UTF8&ASIN=B09X38T3MF,,"Reviewed in the United States on February 19, 2024",Super easy assembly.,True,Item Package Quantity: 1Color: Greige + Black,[],43,1777,355,https://www.amazon.com/product-reviews/B09X38T3MF?pageNumber=5&filterByStar=all_stars&sortBy=helpful&formatType=all_formats,allStars,,"{'price': None, 'listPrice': None}",2024-02-19,United States,,B09X38T3MF,0.7783
63,63,4,Small size,R2S37KC5JKCXL5,https://www.amazon.com/gp/customer-reviews/R2S37KC5JKCXL5/ref=cm_cr_arp_d_rvw_ttl?ie=UTF8&ASIN=B09X38T3MF,,"Reviewed in the United States on November 28, 2023",I would have liked them to be larger.  It is nice to have extra charging stations.  I use them in the den .  I wanted them for night stands but they just aren’t roomy enough.,True,Item Package Quantity: 2Color: Greige + Black,[],44,1777,355,https://www.amazon.com/product-reviews/B09X38T3MF?pageNumber=5&filterByStar=all_stars&sortBy=helpful&formatType=all_formats,allStars,,"{'price': None, 'listPrice': None}",2023-11-28,United States,,B09X38T3MF,0.4215
64,64,5,I would buy this again!,R1OS589GBW76TS,https://www.amazon.com/gp/customer-reviews/R1OS589GBW76TS/ref=cm_cr_arp_d_rvw_ttl?ie=UTF8&ASIN=B09X38T3MF,,"Reviewed in the United States on February 12, 2024",I had no problem assembling this bed side table!,True,Item Package Quantity: 1Color: Greige + Black,['https://m.media-amazon.com/images/I/71KIXlHE4PL._SY88.jpg'],45,1777,355,https://www.amazon.com/product-reviews/B09X38T3MF?pageNumber=5&filterByStar=all_stars&sortBy=helpful&formatType=all_formats,allStars,,"{'price': None, 'listPrice': None}",2024-02-12,United States,,B09X38T3MF,-0.636
65,65,4,Convenient for phone charging.,RD9MEBVWQB0YP,https://www.amazon.com/gp/customer-reviews/RD9MEBVWQB0YP/ref=cm_cr_arp_d_rvw_ttl?ie=UTF8&ASIN=B09X38T3MF,,"Reviewed in the United States on December 8, 2023",It's a nice small side table. Very convenient place to lay and charge phone or tablet. The shelf underneath is also nice. Worth the purchase.,True,Item Package Quantity: 1Color: Rustic Brown + Black,[],46,1777,355,https://www.amazon.com/product-reviews/B09X38T3MF?pageNumber=5&filterByStar=all_stars&sortBy=helpful&formatType=all_formats,allStars,,"{'price': None, 'listPrice': None}",2023-12-08,United States,,B09X38T3MF,0.7579
66,66,5,Easy assembly!,REWWHB1PDUXI1,https://www.amazon.com/gp/customer-reviews/REWWHB1PDUXI1/ref=cm_cr_arp_d_rvw_ttl?ie=UTF8&ASIN=B09X38T3MF,,"Reviewed in the United States on February 9, 2024",This worked perfect for our motor home. Love the plugins. Easy assembly!,True,Item Package Quantity: 1Color: Greige + Black,['https://m.media-amazon.com/images/I/81eKzxFo4eL._SY88.jpg'],47,1777,355,https://www.amazon.com/product-reviews/B09X38T3MF?pageNumber=5&filterByStar=all_stars&sortBy=helpful&formatType=all_formats,allStars,,"{'price': None, 'listPrice': None}",2024-02-09,United States,,B09X38T3MF,0.902
67,67,4,Easy to assemble,R36Y0APBX43YBA,https://www.amazon.com/gp/customer-reviews/R36Y0APBX43YBA/ref=cm_cr_arp_d_rvw_ttl?ie=UTF8&ASIN=B09X38T3MF,,"Reviewed in the United States on December 6, 2023","Easy to assemble and great value for price.  Definitely not an expensive looking piece of furniture but then again, it is not.",True,Item Package Quantity: 1Color: Greige + Black,[],48,1777,355,https://www.amazon.com/product-reviews/B09X38T3MF?pageNumber=5&filterByStar=all_stars&sortBy=helpful&formatType=all_formats,allStars,,"{'price': None, 'listPrice': None}",2023-12-06,United States,,B09X38T3MF,0.7227
68,68,4,The outlets and ports make this a bargain,RFE8NAWUK3AVX,https://www.amazon.com/gp/customer-reviews/RFE8NAWUK3AVX/ref=cm_cr_arp_d_rvw_ttl?ie=UTF8&ASIN=B09X38T3MF,7 people found this helpful,"Reviewed in the United States on January 21, 2023","This is an attractive, easy-to assemble table that is suitable for any room in the house (cat not included).The parts are clearly identified and the instructions are easy to follow. It took me about 20 minutes. There is an extra of each piece of hardware except the feet. The top is packaged with corner protectors to avoid damage during shipping. I recommend assembling this on a bath towel or similar item so you don't scratch your floors. As with any ready-to-assemble furniture, save yourself from frustration and buy a little multi purpose ratchet instead of the included Allen key that you will drop over and over.https://www.amazon.com/Ratcheting-Reversible-Screwdriver-ELECTRONIX-EXPRESS/dp/B081VXLHZ1?th=1Make sure you check the dimensions - this is a petite table that's great for a small space. Note that the description says the shelves are adjustable - the HEIGHT is not adjustable; you can switch the mesh and the solid shelf with each other. The feet are adjustable so you can level the table if it's on an uneven surface. The not-quite 5 foot power cord was just a little short for where I wanted to position the table. The screws for the charging station are only just adequate to hold it in place. I substituted longer screws and put a glob of hot glue over the little bit of point that came through the inside, so no one gets scratched.",True,Item Package Quantity: 1Color: Greige + Black,"['https://m.media-amazon.com/images/I/61208KRhZbL._SY88.jpg', 'https://m.media-amazon.com/images/I/718G4CJz4-L._SY88.jpg', 'https://m.media-amazon.com/images/I/719+ggdW+TL._SY88.jpg']",49,1777,355,https://www.amazon.com/product-reviews/B09X38T3MF?pageNumber=5&filterByStar=all_stars&sortBy=helpful&formatType=all_formats,allStars,,"{'price': None, 'listPrice': None}",2023-01-21,United States,,B09X38T3MF,0.8143
69,69,5,Functional and attractive,R2OQF947CSHEGK,https://www.amazon.com/gp/customer-reviews/R2OQF947CSHEGK/ref=cm_cr_arp_d_rvw_ttl?ie=UTF8&ASIN=B09X38T3MF,,"Reviewed in the United States on February 3, 2024",It is great as a side table and I can charge my phone or tablet while using it.,True,Item Package Quantity: 1Color: Rustic Brown + Black,[],50,1777,355,https://www.amazon.com/product-reviews/B09X38T3MF?pageNumber=5&filterByStar=all_stars&sortBy=helpful&formatType=all_formats,allStars,,"{'price': None, 'listPrice': None}",2024-02-03,United States,,B09X38T3MF,0.6249
70,70,5,Good product,R3P4M1FJQFJEW1,https://www.amazon.com/gp/customer-reviews/R3P4M1FJQFJEW1/ref=cm_cr_arp_d_rvw_ttl?ie=UTF8&ASIN=B09X38T3MF,,"Reviewed in the United States on April 3, 2024",The tables were easy to assemble and they're great with the outlets 🙂,True,Item Package Quantity: 2Color: Rustic Brown + Black,[],11,1777,355,https://www.amazon.com/product-reviews/B09X38T3MF?pageNumber=2&filterByStar=all_stars&sortBy=helpful&formatType=all_formats,allStars,,"{'price': None, 'listPrice': None}",2024-04-03,United States,,B09X38T3MF,0.7906
71,71,4,Small,R19LT2W7BRIWK2,https://www.amazon.com/gp/customer-reviews/R19LT2W7BRIWK2/ref=cm_cr_arp_d_rvw_ttl?ie=UTF8&ASIN=B09X38T3MF,,"Reviewed in the United States on March 1, 2024","Pay extra attention to the measurements.  I assumed by the pictures that this table was as large as a normal end table, but it is not.  I do like the charge ports",True,Item Package Quantity: 1Color: Black,[],12,1777,355,https://www.amazon.com/product-reviews/B09X38T3MF?pageNumber=2&filterByStar=all_stars&sortBy=helpful&formatType=all_formats,allStars,,"{'price': None, 'listPrice': None}",2024-03-01,United States,,B09X38T3MF,-0.4339
72,72,5,Nice end-table for bedroom or living room,RBQX9F531OR33,https://www.amazon.com/gp/customer-reviews/RBQX9F531OR33/ref=cm_cr_arp_d_rvw_ttl?ie=UTF8&ASIN=B09X38T3MF,,"Reviewed in the United States on March 2, 2024","I ordered one of these a few months ago, and it was easy to assemble and offered a lot of convenience as far as USB and AC outlets go.  I liked it so much, I ordered another one for the opposite end of my couch.  I did add two touch-control LED lamps to these tables and it is perfect for my living room.",True,Item Package Quantity: 1Color: Rustic Brown + Black,[],13,1777,355,https://www.amazon.com/product-reviews/B09X38T3MF?pageNumber=2&filterByStar=all_stars&sortBy=helpful&formatType=all_formats,allStars,,"{'price': None, 'listPrice': None}",2024-03-02,United States,,B09X38T3MF,0.8555
73,73,4,Good table,R3LBYC6HBKJ2XO,https://www.amazon.com/gp/customer-reviews/R3LBYC6HBKJ2XO/ref=cm_cr_arp_d_rvw_ttl?ie=UTF8&ASIN=B09X38T3MF,,"Reviewed in the United States on February 19, 2024","I think in my head, I thought the table would be taller than it was. It is pretty short, but other than that, it is great. I especially love that I can plug things right into the front of it and have essentially 3 shelves.",True,Item Package Quantity: 1Color: Rustic Brown + Black,[],14,1777,355,https://www.amazon.com/product-reviews/B09X38T3MF?pageNumber=2&filterByStar=all_stars&sortBy=helpful&formatType=all_formats,allStars,,"{'price': None, 'listPrice': None}",2024-02-19,United States,,B09X38T3MF,0.9431
74,74,5,The best!,R3GR6FGOXCSQL6,https://www.amazon.com/gp/customer-reviews/R3GR6FGOXCSQL6/ref=cm_cr_arp_d_rvw_ttl?ie=UTF8&ASIN=B09X38T3MF,,"Reviewed in the United States on March 11, 2024",It has two shelves below the top.  It is big enough to connect equipments for charging and small enough so that it doesn’t need an overwhelming space.  So satisfied I purchased it.,True,Item Package Quantity: 1Color: White + Gold,[],15,1777,355,https://www.amazon.com/product-reviews/B09X38T3MF?pageNumber=2&filterByStar=all_stars&sortBy=helpful&formatType=all_formats,allStars,,"{'price': None, 'listPrice': None}",2024-03-11,United States,,B09X38T3MF,0.5984
75,75,5,Lovely side tables,RE42WWY7OUDT6,https://www.amazon.com/gp/customer-reviews/RE42WWY7OUDT6/ref=cm_cr_arp_d_rvw_ttl?ie=UTF8&ASIN=B09X38T3MF,,"Reviewed in the United States on March 27, 2024",Perfect for small apartment!,True,Item Package Quantity: 2Color: Rustic Brown + Black,[],16,1777,355,https://www.amazon.com/product-reviews/B09X38T3MF?pageNumber=2&filterByStar=all_stars&sortBy=helpful&formatType=all_formats,allStars,,"{'price': None, 'listPrice': None}",2024-03-27,United States,,B09X38T3MF,0.6114
76,76,4,Nice table. Good value.,R18QG66XJ8KI82,https://www.amazon.com/gp/customer-reviews/R18QG66XJ8KI82/ref=cm_cr_arp_d_rvw_ttl?ie=UTF8&ASIN=B09X38T3MF,,"Reviewed in the United States on January 31, 2024","Good instructions. Wrench included for assembly. An extra screw for each type is included. (except for the feet) Feet are adjustable, allowing for a level and stable end product. Nice! I would have given a 5 star rating, but there was a defect on the top which is quite noticeable. See photos.",True,Item Package Quantity: 1Color: Rustic Brown + Black,"['https://m.media-amazon.com/images/I/61SW1ICwfeL._SY88.jpg', 'https://m.media-amazon.com/images/I/71ObA5lEbXL._SY88.jpg', 'https://m.media-amazon.com/images/I/81DM68RHwbL._SY88.jpg']",17,1777,355,https://www.amazon.com/product-reviews/B09X38T3MF?pageNumber=2&filterByStar=all_stars&sortBy=helpful&formatType=all_formats,allStars,,"{'price': None, 'listPrice': None}",2024-01-31,United States,,B09X38T3MF,0.3903
77,77,4,Smaller than expected but it works,R1DSYQ3FK08ZWK,https://www.amazon.com/gp/customer-reviews/R1DSYQ3FK08ZWK/ref=cm_cr_arp_d_rvw_ttl?ie=UTF8&ASIN=B09X38T3MF,,"Reviewed in the United States on January 23, 2024","I was able to put this together in an hour,  it only because I screwed up and put the set backwards.Make sure you have the holes lined up correctly for the plug socket to go in before you start putting it together!It is nice to have something to set my plate and water bottle on instead of the floor. Thanks.",True,Item Package Quantity: 1Color: Rustic Brown + Black,['https://m.media-amazon.com/images/I/619ofhzdcML._SY88.jpg'],18,1777,355,https://www.amazon.com/product-reviews/B09X38T3MF?pageNumber=2&filterByStar=all_stars&sortBy=helpful&formatType=all_formats,allStars,,"{'price': None, 'listPrice': None}",2024-01-23,United States,,B09X38T3MF,0.6239
78,78,5,Good height.,RIH3YFRH8TTVQ,https://www.amazon.com/gp/customer-reviews/RIH3YFRH8TTVQ/ref=cm_cr_arp_d_rvw_ttl?ie=UTF8&ASIN=B09X38T3MF,,"Reviewed in the United States on February 24, 2024",I needed a small table next to my recliner.  This table is a good height.  The power capability is a plus.  It was easy to put together.  The extra shelf comes in handy.,True,Item Package Quantity: 1Color: Rustic Brown + Black,[],19,1777,355,https://www.amazon.com/product-reviews/B09X38T3MF?pageNumber=2&filterByStar=all_stars&sortBy=helpful&formatType=all_formats,allStars,,"{'price': None, 'listPrice': None}",2024-02-24,United States,,B09X38T3MF,0.7003
79,79,4,"Check dimensions, great for the price",RLVMJOBYHHJN9,https://www.amazon.com/gp/customer-reviews/RLVMJOBYHHJN9/ref=cm_cr_arp_d_rvw_ttl?ie=UTF8&ASIN=B09X38T3MF,,"Reviewed in the United States on January 26, 2024",Was smaller than expected due to me not paying attention to the sizes listed. Turned out to be the perfect size for beside our couches. Outlets are tight and don't allow cords to fall out. Doesn't affect chargeablility for fast charging devices,True,Item Package Quantity: 2Color: Rustic Brown + Black,[],20,1777,355,https://www.amazon.com/product-reviews/B09X38T3MF?pageNumber=2&filterByStar=all_stars&sortBy=helpful&formatType=all_formats,allStars,,"{'price': None, 'listPrice': None}",2024-01-26,United States,,B09X38T3MF,0.465
80,80,5,Convenient,R2KECIPOOGR2WJ,https://www.amazon.com/gp/customer-reviews/R2KECIPOOGR2WJ/ref=cm_cr_arp_d_rvw_ttl?ie=UTF8&ASIN=B09X38T3MF,,"Reviewed in the United States on March 2, 2024",They are wonderful and very handy,True,Item Package Quantity: 2Color: Black,[],31,1777,355,https://www.amazon.com/product-reviews/B09X38T3MF?pageNumber=4&filterByStar=all_stars&sortBy=helpful&formatType=all_formats,allStars,,"{'price': None, 'listPrice': None}",2024-03-02,United States,,B09X38T3MF,0.5719
81,81,5,Amazing: Small Yet Very Sturdy,R33TKTM36OA9IS,https://www.amazon.com/gp/customer-reviews/R33TKTM36OA9IS/ref=cm_cr_arp_d_rvw_ttl?ie=UTF8&ASIN=B09X38T3MF,One person found this helpful,"Reviewed in the United States on February 5, 2024","I needed a small, sturdy table for my printer with shelves for paper and ink, etc. Having USB and electrical outlets is a huge plus. This end table fits my needs perfectly and is very sturdy with adjustable feet for leveling, if needed. Great value: I highly recommend it.",True,Item Package Quantity: 2Color: Rustic Brown + Black,['https://m.media-amazon.com/images/I/71UqgsAZjQL._SY88.jpg'],32,1777,355,https://www.amazon.com/product-reviews/B09X38T3MF?pageNumber=4&filterByStar=all_stars&sortBy=helpful&formatType=all_formats,allStars,,"{'price': None, 'listPrice': None}",2024-02-05,United States,,B09X38T3MF,0.9412
82,82,4,Considerably smaller than the photos would have you think,RSN1ONH6I5J43,https://www.amazon.com/gp/customer-reviews/RSN1ONH6I5J43/ref=cm_cr_arp_d_rvw_ttl?ie=UTF8&ASIN=B09X38T3MF,2 people found this helpful,"Reviewed in the United States on November 2, 2023","I bought the two pack and was immediately alarmed at how small the package was.  I opened it up and looked at the top board and thought to myself ""Self, this is a lot smaller than I thought it would be"".Everything seems to be decently built and engineered so I can't dock it for quality, especially considering that I will never put them together and use them.They are just so small that you would be hard pressed to put anything more than a small base lamp and your cell phone on it.  Check the measurements before you buy.  This would benefit greatly from two more inches on both length and width.",True,Item Package Quantity: 2Color: Greige + Black,[],33,1777,355,https://www.amazon.com/product-reviews/B09X38T3MF?pageNumber=4&filterByStar=all_stars&sortBy=helpful&formatType=all_formats,allStars,,"{'price': None, 'listPrice': None}",2023-11-02,United States,,B09X38T3MF,0.25
83,83,4,Nice piece!,R3IAUKSNTXF6V2,https://www.amazon.com/gp/customer-reviews/R3IAUKSNTXF6V2/ref=cm_cr_arp_d_rvw_ttl?ie=UTF8&ASIN=B09X38T3MF,,"Reviewed in the United States on January 20, 2024",Small than expected (my own error) but overall nice piece. Works well. Sturdy and attractive. Would recommend.,True,Item Package Quantity: 1Color: Rustic Brown + Black,[],34,1777,355,https://www.amazon.com/product-reviews/B09X38T3MF?pageNumber=4&filterByStar=all_stars&sortBy=helpful&formatType=all_formats,allStars,,"{'price': None, 'listPrice': None}",2024-01-20,United States,,B09X38T3MF,0.9253
84,84,4,Small,R2I2XWOOEJ3V4Y,https://www.amazon.com/gp/customer-reviews/R2I2XWOOEJ3V4Y/ref=cm_cr_arp_d_rvw_ttl?ie=UTF8&ASIN=B09X38T3MF,,"Reviewed in the United States on December 25, 2023","I like it but its so small. My fault, I should have read the dimensions first before I purchased it. Will be giving to my son since he really likes it and he would love to have as his nightstand beside his bed.",True,Item Package Quantity: 1Color: Rustic Brown + Black,[],35,1777,355,https://www.amazon.com/product-reviews/B09X38T3MF?pageNumber=4&filterByStar=all_stars&sortBy=helpful&formatType=all_formats,allStars,,"{'price': None, 'listPrice': None}",2023-12-25,United States,,B09X38T3MF,0.8967
85,85,5,So convenient,R3SNBO0NRTJ2ZZ,https://www.amazon.com/gp/customer-reviews/R3SNBO0NRTJ2ZZ/ref=cm_cr_arp_d_rvw_ttl?ie=UTF8&ASIN=B09X38T3MF,,"Reviewed in the United States on February 17, 2024",This small table is a great size and having the outlet on it levels up the value.,True,Item Package Quantity: 1Color: Rustic Brown + Black,[],36,1777,355,https://www.amazon.com/product-reviews/B09X38T3MF?pageNumber=4&filterByStar=all_stars&sortBy=helpful&formatType=all_formats,allStars,,"{'price': None, 'listPrice': None}",2024-02-17,United States,,B09X38T3MF,0.7579
86,86,4,Smaller than they look in picture,RTXXC0XP5JDCP,https://www.amazon.com/gp/customer-reviews/RTXXC0XP5JDCP/ref=cm_cr_arp_d_rvw_ttl?ie=UTF8&ASIN=B09X38T3MF,,"Reviewed in the United States on January 15, 2024",Much smaller in person than they appear. Like a lot,True,Item Package Quantity: 2Color: Rustic Brown + Black,[],37,1777,355,https://www.amazon.com/product-reviews/B09X38T3MF?pageNumber=4&filterByStar=all_stars&sortBy=helpful&formatType=all_formats,allStars,,"{'price': None, 'listPrice': None}",2024-01-15,United States,,B09X38T3MF,0.3612
87,87,4,Side table,R2ECJQ06CAHO8J,https://www.amazon.com/gp/customer-reviews/R2ECJQ06CAHO8J/ref=cm_cr_arp_d_rvw_ttl?ie=UTF8&ASIN=B09X38T3MF,,"Reviewed in the United States on January 1, 2024",I thought it was wider. The depth was ok but i would have liked it to be wider.,True,Item Package Quantity: 1Color: Rustic Brown + Black,[],38,1777,355,https://www.amazon.com/product-reviews/B09X38T3MF?pageNumber=4&filterByStar=all_stars&sortBy=helpful&formatType=all_formats,allStars,,"{'price': None, 'listPrice': None}",2024-01-01,United States,,B09X38T3MF,0.6486
88,88,5,Nice but a bit small,R2FIMAIGBIWPB6,https://www.amazon.com/gp/customer-reviews/R2FIMAIGBIWPB6/ref=cm_cr_arp_d_rvw_ttl?ie=UTF8&ASIN=B09X38T3MF,One person found this helpful,"Reviewed in the United States on January 9, 2024","My son like this table. It goes well with the platform bed he got recently. The outlets are very handy for him. I just wish it were a little bit bigger. He doesn’t mind the size at all, so it’s not an issue for me. Not a bad buy. Quality is pretty good for the price. It does look like the pictures in person. Just check the dimensions if size may be an issue for you or your space.",True,Item Package Quantity: 1Color: Rustic Brown + Black,[],39,1777,355,https://www.amazon.com/product-reviews/B09X38T3MF?pageNumber=4&filterByStar=all_stars&sortBy=helpful&formatType=all_formats,allStars,,"{'price': None, 'listPrice': None}",2024-01-09,United States,,B09X38T3MF,0.9497
89,89,4,Table,R3TXRR4F14VO8N,https://www.amazon.com/gp/customer-reviews/R3TXRR4F14VO8N/ref=cm_cr_arp_d_rvw_ttl?ie=UTF8&ASIN=B09X38T3MF,,"Reviewed in the United States on January 11, 2024",Good,True,Item Package Quantity: 1Color: Rustic Brown + Black,[],40,1777,355,https://www.amazon.com/product-reviews/B09X38T3MF?pageNumber=4&filterByStar=all_stars&sortBy=helpful&formatType=all_formats,allStars,,"{'price': None, 'listPrice': None}",2024-01-11,United States,,B09X38T3MF,0.4404
