,Unnamed: 0,ratingScore,reviewTitle,reviewId,reviewUrl,reviewReaction,reviewedIn,reviewDescription,isVerified,variant,reviewImages,position,totalCategoryRatings,totalCategoryReviews,reviewCategoryUrl,filterByRating,filterByKeyword,product,date,country,countryCode,productAsin,sentiment_score
0,0,5,LOVE it!!,R1U9GNORNQBAZN,https://www.amazon.com/gp/customer-reviews/R1U9GNORNQBAZN/ref=cm_cr_arp_d_rvw_ttl?ie=UTF8&ASIN=B0C1Y5VL8D,4 people found this helpful,"Reviewed in the United States on February 3, 2024","I am very satisfied with these 2 tables. They were easy to assemble, look great and having the outlets attached makes it very convenient. Not very big so they are perfect for smaller rooms. Love them",True,Item Package Quantity: 2Color: Rustic Brown and Black,[],1,999,242,https://www.amazon.com/product-reviews/B0C1Y5VL8D?pageNumber=1&filterByStar=all_stars&sortBy=helpful&formatType=all_formats,allStars,,"{'price': None, 'listPrice': None}",2024-02-03,United States,,B0C1Y5VL8D,0.9599
1,1,5,Easy to put together,RMTDUI84QMTZ1,https://www.amazon.com/gp/customer-reviews/RMTDUI84QMTZ1/ref=cm_cr_arp_d_rvw_ttl?ie=UTF8&ASIN=B0C1Y5VL8D,4 people found this helpful,"Reviewed in the United States on January 20, 2024",Easy to put together. Clear directions. Cute and durable. A little smaller then expected but we love them.,True,Item Package Quantity: 2Color: Rustic Brown and Black,[],2,999,242,https://www.amazon.com/product-reviews/B0C1Y5VL8D?pageNumber=1&filterByStar=all_stars&sortBy=helpful&formatType=all_formats,allStars,,"{'price': None, 'listPrice': None}",2024-01-20,United States,,B0C1Y5VL8D,0.8898
2,2,4,Its ok,REW43UBQVTQB4,https://www.amazon.com/gp/customer-reviews/REW43UBQVTQB4/ref=cm_cr_arp_d_rvw_ttl?ie=UTF8&ASIN=B0C1Y5VL8D,5 people found this helpful,"Reviewed in the United States on January 10, 2024","It's ok product, cheap, easy to put together, & size works well for us. Its just cheap with the fabric drawer that is jamming up all the time and not super sturdy.Update: Their customer service team reached out & was very kind & apologetic for the issues & provided a small credit as gesture. Great customer service team",True,Item Package Quantity: 1Color: Rustic Brown and Black,[],3,999,242,https://www.amazon.com/product-reviews/B0C1Y5VL8D?pageNumber=1&filterByStar=all_stars&sortBy=helpful&formatType=all_formats,allStars,,"{'price': None, 'listPrice': None}",2024-01-10,United States,,B0C1Y5VL8D,0.9306
3,3,5,Review,R2UFQJPYZGXR6X,https://www.amazon.com/gp/customer-reviews/R2UFQJPYZGXR6X/ref=cm_cr_arp_d_rvw_ttl?ie=UTF8&ASIN=B0C1Y5VL8D,,"Reviewed in the United States on March 22, 2024","Great size, easy to put together and love the charging station!",True,Item Package Quantity: 1Color: Rustic Brown and Black,[],4,999,242,https://www.amazon.com/product-reviews/B0C1Y5VL8D?pageNumber=1&filterByStar=all_stars&sortBy=helpful&formatType=all_formats,allStars,,"{'price': None, 'listPrice': None}",2024-03-22,United States,,B0C1Y5VL8D,0.9098
4,4,5,Loving so far!!!,R23RT736GYCINC,https://www.amazon.com/gp/customer-reviews/R23RT736GYCINC/ref=cm_cr_arp_d_rvw_ttl?ie=UTF8&ASIN=B0C1Y5VL8D,One person found this helpful,"Reviewed in the United States on March 12, 2024","These were easy to assemble, although I did get these shelves messed up and had to take them apart and redo. The drawers are nice and easy to clean out. I am loving these!",True,Item Package Quantity: 2Color: Charcoal Gray,[],5,999,242,https://www.amazon.com/product-reviews/B0C1Y5VL8D?pageNumber=1&filterByStar=all_stars&sortBy=helpful&formatType=all_formats,allStars,,"{'price': None, 'listPrice': None}",2024-03-12,United States,,B0C1Y5VL8D,0.92
5,5,5,Giving my review after two months of owning,R1N0CGXRWBTHSB,https://www.amazon.com/gp/customer-reviews/R1N0CGXRWBTHSB/ref=cm_cr_arp_d_rvw_ttl?ie=UTF8&ASIN=B0C1Y5VL8D,5 people found this helpful,"Reviewed in the United States on February 16, 2024",I have had this nightstand for two months. This nightstand is on the smaller side for side table but very handy for smaller rooms that still want to have night stands. I love the charging port on the top! It has two regular plug ins and two usb plug in spots. It only needs one outlet spot to plug it in which I love. Another thing I love is the drawers hold tons of weight between my computer and chargers. And then my makeup drawer. This thing is very sturdy. My boyfriend got another one so now we both have matching ones and he loves his. They are very durable and good for small room. The drawers are more of a fabric hard cardboard type of drawer and the top is wood and the sides are metal poles. So it is sturdy. Definitely worth the price.,True,Item Package Quantity: 1Color: Charcoal Gray,[],6,999,242,https://www.amazon.com/product-reviews/B0C1Y5VL8D?pageNumber=1&filterByStar=all_stars&sortBy=helpful&formatType=all_formats,allStars,,"{'price': None, 'listPrice': None}",2024-02-16,United States,,B0C1Y5VL8D,0.9904
6,6,3,Have a drill handy…,R2L1J5243SWV3G,https://www.amazon.com/gp/customer-reviews/R2L1J5243SWV3G/ref=cm_cr_arp_d_rvw_ttl?ie=UTF8&ASIN=B0C1Y5VL8D,,"Reviewed in the United States on April 1, 2024","This was almost easy to put together. The holes in the second board are too small for the screws. Without a drill to make the holes bigger, we ending up just setting that second board on top of the drawer. Also make sure to look at the dimensions. I measured but it still seems smaller than I thought. The only reason I’m keeping it is because my son really wants it.",True,Item Package Quantity: 1Color: Rustic Brown and Black,[],7,999,242,https://www.amazon.com/product-reviews/B0C1Y5VL8D?pageNumber=1&filterByStar=all_stars&sortBy=helpful&formatType=all_formats,allStars,,"{'price': None, 'listPrice': None}",2024-04-01,United States,,B0C1Y5VL8D,0.3299
7,7,4,Nice nightstands,R1U39I7TLYT8W7,https://www.amazon.com/gp/customer-reviews/R1U39I7TLYT8W7/ref=cm_cr_arp_d_rvw_ttl?ie=UTF8&ASIN=B0C1Y5VL8D,,"Reviewed in the United States on March 20, 2024","The instructions were pictures only, pretty easy to interpret though. My 10 year old and I put them together pretty quickly. They are sturdy and the built in usb/outlet on top is SO convenient.",True,Item Package Quantity: 2Color: Charcoal Gray,[],8,999,242,https://www.amazon.com/product-reviews/B0C1Y5VL8D?pageNumber=1&filterByStar=all_stars&sortBy=helpful&formatType=all_formats,allStars,,"{'price': None, 'listPrice': None}",2024-03-20,United States,,B0C1Y5VL8D,0.8779
8,8,4,Decent,RLUD741VEBV79,https://www.amazon.com/gp/customer-reviews/RLUD741VEBV79/ref=cm_cr_arp_d_rvw_ttl?ie=UTF8&ASIN=B0C1Y5VL8D,,"Reviewed in the United States on March 26, 2024","Smaller than I realized. Definitely wouldn’t work if you have an actual bed frame, I have just a small, short metal frame and it’s a fairly appropriate height for me. Would be better suited for a kids room I think. But the assembly is fairly easy and they look nice. Also, the drawers are not wood they are fabric",True,Item Package Quantity: 2Color: Rustic Brown,"['https://m.media-amazon.com/images/I/61PiUrf9LUL._SY88.jpg', 'https://m.media-amazon.com/images/I/61PiUrf9LUL._SY88.jpg']",9,999,242,https://www.amazon.com/product-reviews/B0C1Y5VL8D?pageNumber=1&filterByStar=all_stars&sortBy=helpful&formatType=all_formats,allStars,,"{'price': None, 'listPrice': None}",2024-03-26,United States,,B0C1Y5VL8D,0.8847
9,9,4,"Falls over easily, not cat proof",RHBYQJKJKWA1K,https://www.amazon.com/gp/customer-reviews/RHBYQJKJKWA1K/ref=cm_cr_arp_d_rvw_ttl?ie=UTF8&ASIN=B0C1Y5VL8D,,"Reviewed in the United States on March 25, 2024","Good little nightstands, they fall over so easy though. My cats climb on everything so they were knocking these things over left and right. Putting stuff in the drawers helps weigh them down, but drawers open way easy. If your cats know how to open drawers, they will get in there and steal your stuff.",True,Item Package Quantity: 1Color: Rustic Brown and Black,[],10,999,242,https://www.amazon.com/product-reviews/B0C1Y5VL8D?pageNumber=1&filterByStar=all_stars&sortBy=helpful&formatType=all_formats,allStars,,"{'price': None, 'listPrice': None}",2024-03-25,United States,,B0C1Y5VL8D,0.7125
10,10,4,Nice quality,R3C8Q5EKQB5XGY,https://www.amazon.com/gp/customer-reviews/R3C8Q5EKQB5XGY/ref=cm_cr_arp_d_rvw_ttl?ie=UTF8&ASIN=B0C1Y5VL8D,,"Reviewed in the United States on January 16, 2024","Holes for middle shelf were not drilled in frame for install. My easy fix was double sided tape. Other than that, I'm happy with my purchase.",True,Item Package Quantity: 1Color: Rustic Brown,[],41,999,242,https://www.amazon.com/product-reviews/B0C1Y5VL8D?pageNumber=5&filterByStar=all_stars&sortBy=helpful&formatType=all_formats,allStars,,"{'price': None, 'listPrice': None}",2024-01-16,United States,,B0C1Y5VL8D,0.765
11,11,5,Build extremely well for what it cost.,R19CD7V30TNU3X,https://www.amazon.com/gp/customer-reviews/R19CD7V30TNU3X/ref=cm_cr_arp_d_rvw_ttl?ie=UTF8&ASIN=B0C1Y5VL8D,2 people found this helpful,"Reviewed in the United States on January 30, 2024",Honestly I thought it would be a cheaply made piece of furniture for the money however I was wrong. All of the connection pieces where screws and bolts come thru are all reinforced to prevent the metal from bending and collapsing on itself. Would definitely recomend as it came very well packaged and went together in under 10 minutes including clean up.,True,Item Package Quantity: 1Color: Charcoal Gray,[],42,999,242,https://www.amazon.com/product-reviews/B0C1Y5VL8D?pageNumber=5&filterByStar=all_stars&sortBy=helpful&formatType=all_formats,allStars,,"{'price': None, 'listPrice': None}",2024-01-30,United States,,B0C1Y5VL8D,0.5563
12,12,5,"Easy to build, good material.",R3812MK8WYW3OI,https://www.amazon.com/gp/customer-reviews/R3812MK8WYW3OI/ref=cm_cr_arp_d_rvw_ttl?ie=UTF8&ASIN=B0C1Y5VL8D,One person found this helpful,"Reviewed in the United States on February 5, 2024",Took me about 10 minutes to build while sitting on my floor. All the bags were marked clearly and I had no confusion on what went where.  The power station is very handy and it works just as good as my wall outlets.,True,Item Package Quantity: 1Color: Charcoal Gray,[],43,999,242,https://www.amazon.com/product-reviews/B0C1Y5VL8D?pageNumber=5&filterByStar=all_stars&sortBy=helpful&formatType=all_formats,allStars,,"{'price': None, 'listPrice': None}",2024-02-05,United States,,B0C1Y5VL8D,0.296
13,13,5,Perfect,R3VHI3MVP1BQN6,https://www.amazon.com/gp/customer-reviews/R3VHI3MVP1BQN6/ref=cm_cr_arp_d_rvw_ttl?ie=UTF8&ASIN=B0C1Y5VL8D,,"Reviewed in the United States on March 1, 2024",It's beautiful ✨👏🏼,True,Item Package Quantity: 1Color: Rustic Brown and Black,['https://m.media-amazon.com/images/I/61tm92lywXL._SY88.jpg'],44,999,242,https://www.amazon.com/product-reviews/B0C1Y5VL8D?pageNumber=5&filterByStar=all_stars&sortBy=helpful&formatType=all_formats,allStars,,"{'price': None, 'listPrice': None}",2024-03-01,United States,,B0C1Y5VL8D,0.5994
14,14,5,Great looking affordable tables,R2MTR9FPRCNMKE,https://www.amazon.com/gp/customer-reviews/R2MTR9FPRCNMKE/ref=cm_cr_arp_d_rvw_ttl?ie=UTF8&ASIN=B0C1Y5VL8D,,"Reviewed in the United States on February 24, 2024",They look great. Easy to assemble. Fast shipping.,True,Item Package Quantity: 2Color: Rustic Brown and Black,[],45,999,242,https://www.amazon.com/product-reviews/B0C1Y5VL8D?pageNumber=5&filterByStar=all_stars&sortBy=helpful&formatType=all_formats,allStars,,"{'price': None, 'listPrice': None}",2024-02-24,United States,,B0C1Y5VL8D,0.7906
15,15,5,Night stand,R18S5FJZDVWNVL,https://www.amazon.com/gp/customer-reviews/R18S5FJZDVWNVL/ref=cm_cr_arp_d_rvw_ttl?ie=UTF8&ASIN=B0C1Y5VL8D,,"Reviewed in the United States on February 18, 2024",I love it. Easy to put together. Instructions very easy to follow.,True,Item Package Quantity: 1Color: Rustic Brown and Black,[],46,999,242,https://www.amazon.com/product-reviews/B0C1Y5VL8D?pageNumber=5&filterByStar=all_stars&sortBy=helpful&formatType=all_formats,allStars,,"{'price': None, 'listPrice': None}",2024-02-18,United States,,B0C1Y5VL8D,0.8832
16,16,5,"They're actually nice little tables, perfect for small spaces",R379IOAX59LGC7,https://www.amazon.com/gp/customer-reviews/R379IOAX59LGC7/ref=cm_cr_arp_d_rvw_ttl?ie=UTF8&ASIN=B0C1Y5VL8D,4 people found this helpful,"Reviewed in the United States on January 13, 2024",I had to delete my old comment because at first the little screwdriver they give you would not screw that one shelf in. No matter how hard I tried or even with a different screwdriver. I went and bought a electric drill which was still a little hard to do you really had to put all your strength into it and force it through. Once I completed it though they're absolutely perfect in my daughter's room. I would recommend them but I'm not loaning anybody my drill 😂🤣😂,True,Item Package Quantity: 2Color: Walnut,"['https://m.media-amazon.com/images/I/61khRoyk8KL._SY88.jpg', 'https://m.media-amazon.com/images/I/71rC+BijSKL._SY88.jpg']",47,999,242,https://www.amazon.com/product-reviews/B0C1Y5VL8D?pageNumber=5&filterByStar=all_stars&sortBy=helpful&formatType=all_formats,allStars,,"{'price': None, 'listPrice': None}",2024-01-13,United States,,B0C1Y5VL8D,0.5501
17,17,5,Great Organizer,R5SEBZPIKK0H5,https://www.amazon.com/gp/customer-reviews/R5SEBZPIKK0H5/ref=cm_cr_arp_d_rvw_ttl?ie=UTF8&ASIN=B0C1Y5VL8D,,"Reviewed in the United States on January 20, 2024","Before this thing came along, the area next to my bed looked like one of those electronics salvage yards in Africa. Just piles of wires, old phones, random chargers that don’t connect to anything. Thanks to this little piece of furniture, all that is finally organized and I have easy access to charging power for everything. I wish I would’ve bought one years ago!",True,Item Package Quantity: 1Color: Rustic Brown and Black,[],48,999,242,https://www.amazon.com/product-reviews/B0C1Y5VL8D?pageNumber=5&filterByStar=all_stars&sortBy=helpful&formatType=all_formats,allStars,,"{'price': None, 'listPrice': None}",2024-01-20,United States,,B0C1Y5VL8D,0.8832
18,18,5,Great product,R975W3BB2ZWEU,https://www.amazon.com/gp/customer-reviews/R975W3BB2ZWEU/ref=cm_cr_arp_d_rvw_ttl?ie=UTF8&ASIN=B0C1Y5VL8D,,"Reviewed in the United States on February 16, 2024",Perfect for space saving will buy again for other side of my bed,True,Item Package Quantity: 1Color: Rustic Brown,[],49,999,242,https://www.amazon.com/product-reviews/B0C1Y5VL8D?pageNumber=5&filterByStar=all_stars&sortBy=helpful&formatType=all_formats,allStars,,"{'price': None, 'listPrice': None}",2024-02-16,United States,,B0C1Y5VL8D,0.5719
19,19,5,Night stand,R3ECENNT7JN70N,https://www.amazon.com/gp/customer-reviews/R3ECENNT7JN70N/ref=cm_cr_arp_d_rvw_ttl?ie=UTF8&ASIN=B0C1Y5VL8D,,"Reviewed in the United States on February 17, 2024",Great product for a great price,True,Item Package Quantity: 1Color: Charcoal Gray,[],50,999,242,https://www.amazon.com/product-reviews/B0C1Y5VL8D?pageNumber=5&filterByStar=all_stars&sortBy=helpful&formatType=all_formats,allStars,,"{'price': None, 'listPrice': None}",2024-02-17,United States,,B0C1Y5VL8D,0.8481
20,20,5,Pay attention to the size,R2XLT3WT4DHRO4,https://www.amazon.com/gp/customer-reviews/R2XLT3WT4DHRO4/ref=cm_cr_arp_d_rvw_ttl?ie=UTF8&ASIN=B0C1Y5VL8D,,"Reviewed in the United States on March 26, 2024","The stands are nice and good quality just pay attention to the sizing and use the virtual feature to test it out in the area . I made the mistake of not doing that , so when they arrived they were smaller than expected.",True,Item Package Quantity: 2Color: Rustic Brown and Black,[],11,999,242,https://www.amazon.com/product-reviews/B0C1Y5VL8D?pageNumber=2&filterByStar=all_stars&sortBy=helpful&formatType=all_formats,allStars,,"{'price': None, 'listPrice': None}",2024-03-26,United States,,B0C1Y5VL8D,0.4404
21,21,4,Nice night stand,R2HM2VAJEB1HTX,https://www.amazon.com/gp/customer-reviews/R2HM2VAJEB1HTX/ref=cm_cr_arp_d_rvw_ttl?ie=UTF8&ASIN=B0C1Y5VL8D,,"Reviewed in the United States on March 22, 2024","I bought this for my extra room. It’s the perfect size, but I’m not crazy about the drawers that’s why I gave it four stars. Other than that it’s sturdy and I like the power outlet on top.",True,Item Package Quantity: 1Color: Rustic Brown and Black,[],12,999,242,https://www.amazon.com/product-reviews/B0C1Y5VL8D?pageNumber=2&filterByStar=all_stars&sortBy=helpful&formatType=all_formats,allStars,,"{'price': None, 'listPrice': None}",2024-03-22,United States,,B0C1Y5VL8D,0.8539
22,22,4,Good enough,R2WYCBM8S6HATI,https://www.amazon.com/gp/customer-reviews/R2WYCBM8S6HATI/ref=cm_cr_arp_d_rvw_ttl?ie=UTF8&ASIN=B0C1Y5VL8D,,"Reviewed in the United States on March 22, 2024","Was looking a a cheap bedside table. Its made of plastic, not wood. The fabric drawers are fine. Plug-in on top is convenient. Small overall so make sure to measure before buying",True,Item Package Quantity: 1Color: Charcoal Gray,[],13,999,242,https://www.amazon.com/product-reviews/B0C1Y5VL8D?pageNumber=2&filterByStar=all_stars&sortBy=helpful&formatType=all_formats,allStars,,"{'price': None, 'listPrice': None}",2024-03-22,United States,,B0C1Y5VL8D,0.6344
23,23,4,Looks good and you can't tell the drawer is fabric,RRD49ORV9M8SM,https://www.amazon.com/gp/customer-reviews/RRD49ORV9M8SM/ref=cm_cr_arp_d_rvw_ttl?ie=UTF8&ASIN=B0C1Y5VL8D,,"Reviewed in the United States on April 3, 2024",Easy to assemble,True,Item Package Quantity: 1Color: Charcoal Gray,[],14,999,242,https://www.amazon.com/product-reviews/B0C1Y5VL8D?pageNumber=2&filterByStar=all_stars&sortBy=helpful&formatType=all_formats,allStars,,"{'price': None, 'listPrice': None}",2024-04-03,United States,,B0C1Y5VL8D,0.4404
24,24,4,Decent product for the price point.,R17LO2YVSJ782P,https://www.amazon.com/gp/customer-reviews/R17LO2YVSJ782P/ref=cm_cr_arp_d_rvw_ttl?ie=UTF8&ASIN=B0C1Y5VL8D,,"Reviewed in the United States on February 7, 2024",All in all this is a decent end table for the money. Anyone looking at this should take notice that it is very small. I should have read the dimensions better… to sho the size I have my iPad sitting on top of it. One thing I don’t like is how bulky the cord is… it won’t bend so the end table has to be 5”-6” from the wall or the cord pushes the drawer out.PRO’s:Easy to assembleDecent color selectionsCan actually charge my iPadCON’s:SizeCord is very bulky,True,Item Package Quantity: 1Color: Rustic Brown and Black,"['https://m.media-amazon.com/images/I/71ikXEIL8NL._SY88.jpg', 'https://m.media-amazon.com/images/I/71jd9jLqHXL._SY88.jpg']",15,999,242,https://www.amazon.com/product-reviews/B0C1Y5VL8D?pageNumber=2&filterByStar=all_stars&sortBy=helpful&formatType=all_formats,allStars,,"{'price': None, 'listPrice': None}",2024-02-07,United States,,B0C1Y5VL8D,0.5106
25,25,5,Small but cute,RLT3FLLWESPGQ,https://www.amazon.com/gp/customer-reviews/RLT3FLLWESPGQ/ref=cm_cr_arp_d_rvw_ttl?ie=UTF8&ASIN=B0C1Y5VL8D,,"Reviewed in the United States on March 3, 2024",I thought it would've been a little longer in size but it is still a good fit. It was each to put together. It says two people but I did it by myself. I use it as a TV stand in my bedroom and it's great.,True,Item Package Quantity: 1Color: Rustic Brown and Black,[],16,999,242,https://www.amazon.com/product-reviews/B0C1Y5VL8D?pageNumber=2&filterByStar=all_stars&sortBy=helpful&formatType=all_formats,allStars,,"{'price': None, 'listPrice': None}",2024-03-03,United States,,B0C1Y5VL8D,0.9294
26,26,5,Very portable,RV6GHWZ4IMHE1,https://www.amazon.com/gp/customer-reviews/RV6GHWZ4IMHE1/ref=cm_cr_arp_d_rvw_ttl?ie=UTF8&ASIN=B0C1Y5VL8D,,"Reviewed in the United States on March 20, 2024",I love  the chargingvstation & the drawers in such a small portable space 👍👍💯.,True,Item Package Quantity: 1Color: Charcoal Gray,[],17,999,242,https://www.amazon.com/product-reviews/B0C1Y5VL8D?pageNumber=2&filterByStar=all_stars&sortBy=helpful&formatType=all_formats,allStars,,"{'price': None, 'listPrice': None}",2024-03-20,United States,,B0C1Y5VL8D,0.6369
27,27,4,Side Table,R1Z5L1HF9QZE8N,https://www.amazon.com/gp/customer-reviews/R1Z5L1HF9QZE8N/ref=cm_cr_arp_d_rvw_ttl?ie=UTF8&ASIN=B0C1Y5VL8D,,"Reviewed in the United States on February 26, 2024",This is a nice side table. The plugs work and are very convenient. The drawers are not super sturdy.,True,Item Package Quantity: 1Color: Rustic Brown and Black,['https://m.media-amazon.com/images/I/61STMDi3P6L._SY88.jpg'],18,999,242,https://www.amazon.com/product-reviews/B0C1Y5VL8D?pageNumber=2&filterByStar=all_stars&sortBy=helpful&formatType=all_formats,allStars,,"{'price': None, 'listPrice': None}",2024-02-26,United States,,B0C1Y5VL8D,-0.089
28,28,5,Stylish and Functional: Huuger Nightstand Review,R2Q1JIXKRYMHTL,https://www.amazon.com/gp/customer-reviews/R2Q1JIXKRYMHTL/ref=cm_cr_arp_d_rvw_ttl?ie=UTF8&ASIN=B0C1Y5VL8D,,"Reviewed in the United States on February 29, 2024","The Huuger Nightstand with Charging Station is a sleek addition to any bedroom. Its white finish and fabric drawers exude elegance while providing practical storage. The built-in charging station adds convenience, keeping devices within reach. It's a perfect blend of style and functionality for modern living spaces.",True,Item Package Quantity: 1Color: Charcoal Gray,[],19,999,242,https://www.amazon.com/product-reviews/B0C1Y5VL8D?pageNumber=2&filterByStar=all_stars&sortBy=helpful&formatType=all_formats,allStars,,"{'price': None, 'listPrice': None}",2024-02-29,United States,,B0C1Y5VL8D,0.7845
29,29,5,Great product and customer service,R3588MRZ9R7LDG,https://www.amazon.com/gp/customer-reviews/R3588MRZ9R7LDG/ref=cm_cr_arp_d_rvw_ttl?ie=UTF8&ASIN=B0C1Y5VL8D,,"Reviewed in the United States on February 26, 2024","This nightstand w/usb ports works great for me. I purchased in late December.  A month later the USB component stopped charging and I contacted the supplier who was very accommodating and professional.  I received a replacement component in a few days, plugged in and the unit is working again.",True,Item Package Quantity: 1Color: Charcoal Gray,[],20,999,242,https://www.amazon.com/product-reviews/B0C1Y5VL8D?pageNumber=2&filterByStar=all_stars&sortBy=helpful&formatType=all_formats,allStars,,"{'price': None, 'listPrice': None}",2024-02-26,United States,,B0C1Y5VL8D,0.4939
30,30,5,Excellent bedside table,R2XP1JUB0J80ET,https://www.amazon.com/gp/customer-reviews/R2XP1JUB0J80ET/ref=cm_cr_arp_d_rvw_ttl?ie=UTF8&ASIN=B0C1Y5VL8D,One person found this helpful,"Reviewed in the United States on January 11, 2024",We bought this for a spare room and it's a great bedside table. Easily enough to put together and stylish,True,Item Package Quantity: 1Color: Charcoal Gray,[],81,999,242,https://www.amazon.com/product-reviews/B0C1Y5VL8D?pageNumber=9&filterByStar=all_stars&sortBy=helpful&formatType=all_formats,allStars,,"{'price': None, 'listPrice': None}",2024-01-11,United States,,B0C1Y5VL8D,0.7579
31,31,5,Nice for the price,RWUA9AKRSJ5HX,https://www.amazon.com/gp/customer-reviews/RWUA9AKRSJ5HX/ref=cm_cr_arp_d_rvw_ttl?ie=UTF8&ASIN=B0C1Y5VL8D,,"Reviewed in the United States on January 11, 2024",Great little night stand.  Came complete with all pieces AND tools necessary to assemble.,True,Item Package Quantity: 1Color: Rustic Brown and Black,['https://m.media-amazon.com/images/I/81OZ1qLB4LL._SY88.jpg'],82,999,242,https://www.amazon.com/product-reviews/B0C1Y5VL8D?pageNumber=9&filterByStar=all_stars&sortBy=helpful&formatType=all_formats,allStars,,"{'price': None, 'listPrice': None}",2024-01-11,United States,,B0C1Y5VL8D,0.6249
32,32,5,Love,R9OVV2B6G7KDS,https://www.amazon.com/gp/customer-reviews/R9OVV2B6G7KDS/ref=cm_cr_arp_d_rvw_ttl?ie=UTF8&ASIN=B0C1Y5VL8D,,"Reviewed in the United States on January 8, 2024",Perfect side tables with fabric drawers. Easy to put together and I love that they have chargers and plug ins.,True,Item Package Quantity: 2Color: Walnut,[],83,999,242,https://www.amazon.com/product-reviews/B0C1Y5VL8D?pageNumber=9&filterByStar=all_stars&sortBy=helpful&formatType=all_formats,allStars,,"{'price': None, 'listPrice': None}",2024-01-08,United States,,B0C1Y5VL8D,0.8957
33,33,4,Easy and simple,R19PGFIWMR1FFR,https://www.amazon.com/gp/customer-reviews/R19PGFIWMR1FFR/ref=cm_cr_arp_d_rvw_ttl?ie=UTF8&ASIN=B0C1Y5VL8D,5 people found this helpful,"Reviewed in the United States on October 21, 2023",I dont know why the instructions say 2 people. This was easy and simple to put together. Nightstand for my child's room.,True,Item Package Quantity: 1Color: Charcoal Gray,[],84,999,242,https://www.amazon.com/product-reviews/B0C1Y5VL8D?pageNumber=9&filterByStar=all_stars&sortBy=helpful&formatType=all_formats,allStars,,"{'price': None, 'listPrice': None}",2023-10-21,United States,,B0C1Y5VL8D,0.4404
34,34,5,Bought another set!,R3UPYZMHMBYS68,https://www.amazon.com/gp/customer-reviews/R3UPYZMHMBYS68/ref=cm_cr_arp_d_rvw_ttl?ie=UTF8&ASIN=B0C1Y5VL8D,,"Reviewed in the United States on December 30, 2023",We got a set for our guest room as the plugin features are wonderful for charging and the drawers are big enough for extra storage,True,Item Package Quantity: 2Color: Rustic Brown and Black,[],85,999,242,https://www.amazon.com/product-reviews/B0C1Y5VL8D?pageNumber=9&filterByStar=all_stars&sortBy=helpful&formatType=all_formats,allStars,,"{'price': None, 'listPrice': None}",2023-12-30,United States,,B0C1Y5VL8D,0.5719
35,35,5,Love it!,RDB7HEI7P19XE,https://www.amazon.com/gp/customer-reviews/RDB7HEI7P19XE/ref=cm_cr_arp_d_rvw_ttl?ie=UTF8&ASIN=B0C1Y5VL8D,,"Reviewed in the United States on December 29, 2023",Exactly what we needed! I wanted to minimize the desk next to my bed and also a better access to an outlet. Makes the room feel a bit more spacious too!,True,Item Package Quantity: 1Color: Rustic Brown and Black,['https://m.media-amazon.com/images/I/81NgdqSQKOL._SY88.jpg'],86,999,242,https://www.amazon.com/product-reviews/B0C1Y5VL8D?pageNumber=9&filterByStar=all_stars&sortBy=helpful&formatType=all_formats,allStars,,"{'price': None, 'listPrice': None}",2023-12-29,United States,,B0C1Y5VL8D,0.5399
36,36,5,Great quality for the price,R1D67MQ0ELVXCG,https://www.amazon.com/gp/customer-reviews/R1D67MQ0ELVXCG/ref=cm_cr_arp_d_rvw_ttl?ie=UTF8&ASIN=B0C1Y5VL8D,,"Reviewed in the United States on December 24, 2023","For a build it yourself piece of furniture, it is great quality and looks really good. The bottoms are a little uneven, but otherwise I really enjoy my nightstands.",True,Item Package Quantity: 2Color: Rustic Brown and Black,[],87,999,242,https://www.amazon.com/product-reviews/B0C1Y5VL8D?pageNumber=9&filterByStar=all_stars&sortBy=helpful&formatType=all_formats,allStars,,"{'price': None, 'listPrice': None}",2023-12-24,United States,,B0C1Y5VL8D,0.855
37,37,5,Great product,R782R3E8EPFHM,https://www.amazon.com/gp/customer-reviews/R782R3E8EPFHM/ref=cm_cr_arp_d_rvw_ttl?ie=UTF8&ASIN=B0C1Y5VL8D,,"Reviewed in the United States on January 15, 2024",Very happy. Perfect for my use. Thank you.,True,Item Package Quantity: 1Color: Walnut,[],88,999,242,https://www.amazon.com/product-reviews/B0C1Y5VL8D?pageNumber=9&filterByStar=all_stars&sortBy=helpful&formatType=all_formats,allStars,,"{'price': None, 'listPrice': None}",2024-01-15,United States,,B0C1Y5VL8D,0.8878
38,38,5,Love these nightstands,R15FYQXK52BJB,https://www.amazon.com/gp/customer-reviews/R15FYQXK52BJB/ref=cm_cr_arp_d_rvw_ttl?ie=UTF8&ASIN=B0C1Y5VL8D,One person found this helpful,"Reviewed in the United States on September 18, 2023",I wanted A upgrade for my room and it’s really the small stuff that matters . I bought these 2 nightstands to go on both  side of the bed. I love Them . I love The USB plus plugs on top . I  love the 2 drawers AND the added space above the drawers . It’s so nice and it’s so nice to have all my handy needs in the drawer beside me . Without making the nightstand look messy . This is a solid buy . I put Both together by myself within 45 min to a hour . Not hard at all .,True,Item Package Quantity: 2Color: Rustic Brown and Black,[],89,999,242,https://www.amazon.com/product-reviews/B0C1Y5VL8D?pageNumber=9&filterByStar=all_stars&sortBy=helpful&formatType=all_formats,allStars,,"{'price': None, 'listPrice': None}",2023-09-18,United States,,B0C1Y5VL8D,0.9688
39,39,5,Perfect Functionality,R1SZFQ8VR358CP,https://www.amazon.com/gp/customer-reviews/R1SZFQ8VR358CP/ref=cm_cr_arp_d_rvw_ttl?ie=UTF8&ASIN=B0C1Y5VL8D,,"Reviewed in the United States on December 3, 2023",These are perfect for what I was needing them for. The drawers are sturdy enough to keep some books and nicknacks in them. The usb and 2 plugs on top are a life saver. So far I absolutely love them!,True,Item Package Quantity: 2Color: Walnut,[],90,999,242,https://www.amazon.com/product-reviews/B0C1Y5VL8D?pageNumber=9&filterByStar=all_stars&sortBy=helpful&formatType=all_formats,allStars,,"{'price': None, 'listPrice': None}",2023-12-03,United States,,B0C1Y5VL8D,0.8897
40,40,4,Nice little nightstand,R3F59LKPHM2PAA,https://www.amazon.com/gp/customer-reviews/R3F59LKPHM2PAA/ref=cm_cr_arp_d_rvw_ttl?ie=UTF8&ASIN=B0C1Y5VL8D,3 people found this helpful,"Reviewed in the United States on November 28, 2023","I’ll be honest, after I finished putting it together I laughed for about 5 minutes because of how small it is. Looks like something that should be in a child’s room.But now that I’ve finished setting it up, I like it. Definitely gets the job done, especially for the price.",True,Item Package Quantity: 1Color: Charcoal Gray,['https://m.media-amazon.com/images/I/71H3Zd9JfjL._SY88.jpg'],51,999,242,https://www.amazon.com/product-reviews/B0C1Y5VL8D?pageNumber=6&filterByStar=all_stars&sortBy=helpful&formatType=all_formats,allStars,,"{'price': None, 'listPrice': None}",2023-11-28,United States,,B0C1Y5VL8D,0.9186
41,41,4,It's solid,R2QRD55SK3S9KX,https://www.amazon.com/gp/customer-reviews/R2QRD55SK3S9KX/ref=cm_cr_arp_d_rvw_ttl?ie=UTF8&ASIN=B0C1Y5VL8D,One person found this helpful,"Reviewed in the United States on December 20, 2023",Overall the quality is okay. The charging port is slow charging and there's a slight buzz when it is powered which is very annoying at night.,True,Item Package Quantity: 1Color: Walnut,[],52,999,242,https://www.amazon.com/product-reviews/B0C1Y5VL8D?pageNumber=6&filterByStar=all_stars&sortBy=helpful&formatType=all_formats,allStars,,"{'price': None, 'listPrice': None}",2023-12-20,United States,,B0C1Y5VL8D,-0.2716
42,42,4,Beginner Friendly,R19J22NG6BH6B8,https://www.amazon.com/gp/customer-reviews/R19J22NG6BH6B8/ref=cm_cr_arp_d_rvw_ttl?ie=UTF8&ASIN=B0C1Y5VL8D,One person found this helpful,"Reviewed in the United States on December 30, 2023",Loving it so far. This was my first assembling furniture and I must say it was pretty easy. Love the aesthetician. Good buy.,True,Item Package Quantity: 1Color: Charcoal Gray,[],53,999,242,https://www.amazon.com/product-reviews/B0C1Y5VL8D?pageNumber=6&filterByStar=all_stars&sortBy=helpful&formatType=all_formats,allStars,,"{'price': None, 'listPrice': None}",2023-12-30,United States,,B0C1Y5VL8D,0.9524
43,43,3,It’s ok,R2BKPUMXJNGWM6,https://www.amazon.com/gp/customer-reviews/R2BKPUMXJNGWM6/ref=cm_cr_arp_d_rvw_ttl?ie=UTF8&ASIN=B0C1Y5VL8D,One person found this helpful,"Reviewed in the United States on February 17, 2024",I was debating between buying this one and a similar one that’s half the price just without the charging station. I personally feel like (although the charging station is nice) it’s a little overpriced in comparison and I could have gotten the one that’s half the price and just gotten a surge protector. I will say it is easy to put together (the instructions say you need a helper but you really don’t. I put it together by myself). It’s still nice just feel like it’s a tad bit overpriced personally.,True,Item Package Quantity: 1Color: Rustic Brown and Black,[],54,999,242,https://www.amazon.com/product-reviews/B0C1Y5VL8D?pageNumber=6&filterByStar=all_stars&sortBy=helpful&formatType=all_formats,allStars,,"{'price': None, 'listPrice': None}",2024-02-17,United States,,B0C1Y5VL8D,0.8847
44,44,5,Perfect fit,R3UH09HRHI0OC1,https://www.amazon.com/gp/customer-reviews/R3UH09HRHI0OC1/ref=cm_cr_arp_d_rvw_ttl?ie=UTF8&ASIN=B0C1Y5VL8D,,"Reviewed in the United States on January 29, 2024",My son was looking for a nightstand and we saw this one that even has power on top. He likes the look of it so I’m happy.,True,Item Package Quantity: 1Color: Walnut,[],55,999,242,https://www.amazon.com/product-reviews/B0C1Y5VL8D?pageNumber=6&filterByStar=all_stars&sortBy=helpful&formatType=all_formats,allStars,,"{'price': None, 'listPrice': None}",2024-01-29,United States,,B0C1Y5VL8D,0.8214
45,45,5,This is easy to assambly . I recommend,R2RAQKYX7EQXQK,https://www.amazon.com/gp/customer-reviews/R2RAQKYX7EQXQK/ref=cm_cr_arp_d_rvw_ttl?ie=UTF8&ASIN=B0C1Y5VL8D,2 people found this helpful,"Reviewed in the United States on February 17, 2024",,True,Item Package Quantity: 1Color: Rustic Brown and Black,['https://m.media-amazon.com/images/I/71hCAouevEL._SY88.jpg'],56,999,242,https://www.amazon.com/product-reviews/B0C1Y5VL8D?pageNumber=6&filterByStar=all_stars&sortBy=helpful&formatType=all_formats,allStars,,"{'price': None, 'listPrice': None}",2024-02-17,United States,,B0C1Y5VL8D,0.0
46,46,4,Just wish it was a lil bigger,R1O3ZZO9RUK0XG,https://www.amazon.com/gp/customer-reviews/R1O3ZZO9RUK0XG/ref=cm_cr_arp_d_rvw_ttl?ie=UTF8&ASIN=B0C1Y5VL8D,,"Reviewed in the United States on December 11, 2023",It does everything I need it for it just got me with the size,True,Item Package Quantity: 1Color: Rustic Brown and Black,[],57,999,242,https://www.amazon.com/product-reviews/B0C1Y5VL8D?pageNumber=6&filterByStar=all_stars&sortBy=helpful&formatType=all_formats,allStars,,"{'price': None, 'listPrice': None}",2023-12-11,United States,,B0C1Y5VL8D,0.0
47,47,4,It's ok,RL9X6ID628YG8,https://www.amazon.com/gp/customer-reviews/RL9X6ID628YG8/ref=cm_cr_arp_d_rvw_ttl?ie=UTF8&ASIN=B0C1Y5VL8D,,"Reviewed in the United States on December 12, 2023",Not as big as pictured.  Easy assembly.,True,Item Package Quantity: 2Color: Walnut,[],58,999,242,https://www.amazon.com/product-reviews/B0C1Y5VL8D?pageNumber=6&filterByStar=all_stars&sortBy=helpful&formatType=all_formats,allStars,,"{'price': None, 'listPrice': None}",2023-12-12,United States,,B0C1Y5VL8D,0.4404
48,48,5,Aweosme,R22JYEOT8TGURT,https://www.amazon.com/gp/customer-reviews/R22JYEOT8TGURT/ref=cm_cr_arp_d_rvw_ttl?ie=UTF8&ASIN=B0C1Y5VL8D,One person found this helpful,"Reviewed in the United States on March 24, 2024",Easy to install and looks nice. Happy with purchase .,True,Item Package Quantity: 1Color: Rustic Brown and Black,['https://m.media-amazon.com/images/I/81l-BD4DDcL._SY88.jpg'],59,999,242,https://www.amazon.com/product-reviews/B0C1Y5VL8D?pageNumber=6&filterByStar=all_stars&sortBy=helpful&formatType=all_formats,allStars,,"{'price': None, 'listPrice': None}",2024-03-24,United States,,B0C1Y5VL8D,0.8555
49,49,4,Definitely need 2 people to put together,R1FN7NO5U61HP2,https://www.amazon.com/gp/customer-reviews/R1FN7NO5U61HP2/ref=cm_cr_arp_d_rvw_ttl?ie=UTF8&ASIN=B0C1Y5VL8D,5 people found this helpful,"Reviewed in the United States on October 3, 2023",Perfect for what I needed. It definitely takes to people to put together because someone will need to hold a piece in place while the other puts thw screws in place. Fairly easy to put together. Just note that you cannot tightly screw everything other wise there will be to much tension and the other places for screws to go wont line up. Screw enough to where the bults not going to go anywhere then tighten after all 4 or so are in place.,True,Item Package Quantity: 1Color: Walnut,[],60,999,242,https://www.amazon.com/product-reviews/B0C1Y5VL8D?pageNumber=6&filterByStar=all_stars&sortBy=helpful&formatType=all_formats,allStars,,"{'price': None, 'listPrice': None}",2023-10-03,United States,,B0C1Y5VL8D,0.8268
50,50,4,Drawers are cloth,RIVBG0PJXSLI2,https://www.amazon.com/gp/customer-reviews/RIVBG0PJXSLI2/ref=cm_cr_arp_d_rvw_ttl?ie=UTF8&ASIN=B0C1Y5VL8D,,"Reviewed in the United States on January 28, 2024",The only thing I dont like is the height of drawers stops from plugging up directly behind the stand and lets it stick out from the wall 3-4 inches,True,Item Package Quantity: 2Color: Charcoal Gray,[],31,999,242,https://www.amazon.com/product-reviews/B0C1Y5VL8D?pageNumber=4&filterByStar=all_stars&sortBy=helpful&formatType=all_formats,allStars,,"{'price': None, 'listPrice': None}",2024-01-28,United States,,B0C1Y5VL8D,-0.4039
51,51,5,End table,R187ES01OE2PAB,https://www.amazon.com/gp/customer-reviews/R187ES01OE2PAB/ref=cm_cr_arp_d_rvw_ttl?ie=UTF8&ASIN=B0C1Y5VL8D,,"Reviewed in the United States on March 7, 2024",I love it and it was so easy to put together,True,Item Package Quantity: 1Color: Rustic Brown and Black,[],32,999,242,https://www.amazon.com/product-reviews/B0C1Y5VL8D?pageNumber=4&filterByStar=all_stars&sortBy=helpful&formatType=all_formats,allStars,,"{'price': None, 'listPrice': None}",2024-03-07,United States,,B0C1Y5VL8D,0.8377
52,52,4,Smaller than it looks,R3UZMKMSNFG1RF,https://www.amazon.com/gp/customer-reviews/R3UZMKMSNFG1RF/ref=cm_cr_arp_d_rvw_ttl?ie=UTF8&ASIN=B0C1Y5VL8D,,"Reviewed in the United States on February 3, 2024",Very  nice and perfect for a small corner. Fabric drawers are good for small items.,True,Item Package Quantity: 1Color: Charcoal Gray,[],33,999,242,https://www.amazon.com/product-reviews/B0C1Y5VL8D?pageNumber=4&filterByStar=all_stars&sortBy=helpful&formatType=all_formats,allStars,,"{'price': None, 'listPrice': None}",2024-02-03,United States,,B0C1Y5VL8D,0.8737
53,53,5,Love,R2RDVICV69NPR1,https://www.amazon.com/gp/customer-reviews/R2RDVICV69NPR1/ref=cm_cr_arp_d_rvw_ttl?ie=UTF8&ASIN=B0C1Y5VL8D,,"Reviewed in the United States on February 7, 2024",Rustic Brown and Black Is the one I got. Perfect for when you end up with a king bed in a small apartment lol I was able to assemble on my own with the help of an ottoman 😂 love it! It’s small but perfect for my king sized bed in a small room lol it’s exactly what I needed!,True,Item Package Quantity: 1Color: Rustic Brown and Black,[],34,999,242,https://www.amazon.com/product-reviews/B0C1Y5VL8D?pageNumber=4&filterByStar=all_stars&sortBy=helpful&formatType=all_formats,allStars,,"{'price': None, 'listPrice': None}",2024-02-07,United States,,B0C1Y5VL8D,0.9519
54,54,4,Tiny tiny,R2UM3K7L422MXC,https://www.amazon.com/gp/customer-reviews/R2UM3K7L422MXC/ref=cm_cr_arp_d_rvw_ttl?ie=UTF8&ASIN=B0C1Y5VL8D,,"Reviewed in the United States on February 10, 2024",Very small looks tiny next to the bed,True,Item Package Quantity: 1Color: Charcoal Gray,[],35,999,242,https://www.amazon.com/product-reviews/B0C1Y5VL8D?pageNumber=4&filterByStar=all_stars&sortBy=helpful&formatType=all_formats,allStars,,"{'price': None, 'listPrice': None}",2024-02-10,United States,,B0C1Y5VL8D,0.0
55,55,4,Night stand,RUHN3IHWOUS34,https://www.amazon.com/gp/customer-reviews/RUHN3IHWOUS34/ref=cm_cr_arp_d_rvw_ttl?ie=UTF8&ASIN=B0C1Y5VL8D,,"Reviewed in the United States on February 11, 2024",Easy to assemble! Nice looking for bed room!,True,Item Package Quantity: 1Color: Rustic Brown,[],36,999,242,https://www.amazon.com/product-reviews/B0C1Y5VL8D?pageNumber=4&filterByStar=all_stars&sortBy=helpful&formatType=all_formats,allStars,,"{'price': None, 'listPrice': None}",2024-02-11,United States,,B0C1Y5VL8D,0.7418
56,56,5,💕,R16XY4NREYU0SS,https://www.amazon.com/gp/customer-reviews/R16XY4NREYU0SS/ref=cm_cr_arp_d_rvw_ttl?ie=UTF8&ASIN=B0C1Y5VL8D,,"Reviewed in the United States on March 7, 2024",Love it 🥰 goes with my bed,True,Item Package Quantity: 1Color: Rustic Brown and Black,[],37,999,242,https://www.amazon.com/product-reviews/B0C1Y5VL8D?pageNumber=4&filterByStar=all_stars&sortBy=helpful&formatType=all_formats,allStars,,"{'price': None, 'listPrice': None}",2024-03-07,United States,,B0C1Y5VL8D,0.6369
57,57,5,Perfect,R1USATIHOCDZKL,https://www.amazon.com/gp/customer-reviews/R1USATIHOCDZKL/ref=cm_cr_arp_d_rvw_ttl?ie=UTF8&ASIN=B0C1Y5VL8D,,"Reviewed in the United States on March 4, 2024",Easy to put together! Great for minimizing all those power cords!,True,Item Package Quantity: 2Color: Rustic Brown,[],38,999,242,https://www.amazon.com/product-reviews/B0C1Y5VL8D?pageNumber=4&filterByStar=all_stars&sortBy=helpful&formatType=all_formats,allStars,,"{'price': None, 'listPrice': None}",2024-03-04,United States,,B0C1Y5VL8D,0.8217
58,58,5,It is as it seems.,R1FWDL1882L3EW,https://www.amazon.com/gp/customer-reviews/R1FWDL1882L3EW/ref=cm_cr_arp_d_rvw_ttl?ie=UTF8&ASIN=B0C1Y5VL8D,,"Reviewed in the United States on February 16, 2024",I like this end table. It was easy to assemble and fits in my small space. The ports for my cell charger enabled me to get rid of the power strip behind my bed.,True,Item Package Quantity: 1Color: Rustic Brown,[],39,999,242,https://www.amazon.com/product-reviews/B0C1Y5VL8D?pageNumber=4&filterByStar=all_stars&sortBy=helpful&formatType=all_formats,allStars,,"{'price': None, 'listPrice': None}",2024-02-16,United States,,B0C1Y5VL8D,0.6597
59,59,5,Perfect size,R1NFSTQXSBVUYE,https://www.amazon.com/gp/customer-reviews/R1NFSTQXSBVUYE/ref=cm_cr_arp_d_rvw_ttl?ie=UTF8&ASIN=B0C1Y5VL8D,,"Reviewed in the United States on February 17, 2024",This is the perfect size for a small area whether it’s a bedroom or sitting by recliner. The USB cord outlet is perfectly positioned and this is a very nice piece of furniture.,True,Item Package Quantity: 1Color: Rustic Brown and Black,[],40,999,242,https://www.amazon.com/product-reviews/B0C1Y5VL8D?pageNumber=4&filterByStar=all_stars&sortBy=helpful&formatType=all_formats,allStars,,"{'price': None, 'listPrice': None}",2024-02-17,United States,,B0C1Y5VL8D,0.8999
60,60,5,My son loves this.,RMNLVBUV864ID,https://www.amazon.com/gp/customer-reviews/RMNLVBUV864ID/ref=cm_cr_arp_d_rvw_ttl?ie=UTF8&ASIN=B0C1Y5VL8D,One person found this helpful,"Reviewed in the United States on January 22, 2024",Ordered this for my son’s dorm room and he loves it. He can plug up his phone and computer without going across the room to do it.,True,Item Package Quantity: 1Color: Rustic Brown and Black,[],61,999,242,https://www.amazon.com/product-reviews/B0C1Y5VL8D?pageNumber=7&filterByStar=all_stars&sortBy=helpful&formatType=all_formats,allStars,,"{'price': None, 'listPrice': None}",2024-01-22,United States,,B0C1Y5VL8D,0.5719
61,61,4,Just what I needed.,R3V2RK77E909T0,https://www.amazon.com/gp/customer-reviews/R3V2RK77E909T0/ref=cm_cr_arp_d_rvw_ttl?ie=UTF8&ASIN=B0C1Y5VL8D,One person found this helpful,"Reviewed in the United States on November 29, 2023",Easy to assemble. Perfect size for what I needed and is sturdy!,True,Item Package Quantity: 1Color: Rustic Brown and Black,[],62,999,242,https://www.amazon.com/product-reviews/B0C1Y5VL8D?pageNumber=7&filterByStar=all_stars&sortBy=helpful&formatType=all_formats,allStars,,"{'price': None, 'listPrice': None}",2023-11-29,United States,,B0C1Y5VL8D,0.784
62,62,5,Super easy assembly,R1YLC1XHCT24B5,https://www.amazon.com/gp/customer-reviews/R1YLC1XHCT24B5/ref=cm_cr_arp_d_rvw_ttl?ie=UTF8&ASIN=B0C1Y5VL8D,,"Reviewed in the United States on February 1, 2024","Great instructions, easy assembly, great product for a great price!",True,Item Package Quantity: 1Color: Rustic Brown and Black,[],63,999,242,https://www.amazon.com/product-reviews/B0C1Y5VL8D?pageNumber=7&filterByStar=all_stars&sortBy=helpful&formatType=all_formats,allStars,,"{'price': None, 'listPrice': None}",2024-02-01,United States,,B0C1Y5VL8D,0.9476
63,63,4,Just ok..,R3UP1F7CGUL872,https://www.amazon.com/gp/customer-reviews/R3UP1F7CGUL872/ref=cm_cr_arp_d_rvw_ttl?ie=UTF8&ASIN=B0C1Y5VL8D,,"Reviewed in the United States on November 20, 2023",I didn’t pay attention to the dimensions but this night table is really small.,True,Item Package Quantity: 2Color: Rustic Brown and Black,[],64,999,242,https://www.amazon.com/product-reviews/B0C1Y5VL8D?pageNumber=7&filterByStar=all_stars&sortBy=helpful&formatType=all_formats,allStars,,"{'price': None, 'listPrice': None}",2023-11-20,United States,,B0C1Y5VL8D,-0.0516
64,64,4,Nice,R3TG7CDV1FF74Q,https://www.amazon.com/gp/customer-reviews/R3TG7CDV1FF74Q/ref=cm_cr_arp_d_rvw_ttl?ie=UTF8&ASIN=B0C1Y5VL8D,,"Reviewed in the United States on November 17, 2023",Wonderful night stand. Easy to assemble and reliable,True,Item Package Quantity: 1Color: Charcoal Gray,[],65,999,242,https://www.amazon.com/product-reviews/B0C1Y5VL8D?pageNumber=7&filterByStar=all_stars&sortBy=helpful&formatType=all_formats,allStars,,"{'price': None, 'listPrice': None}",2023-11-17,United States,,B0C1Y5VL8D,0.765
65,65,4,They are okay,R2ZP27GB7K2Q9E,https://www.amazon.com/gp/customer-reviews/R2ZP27GB7K2Q9E/ref=cm_cr_arp_d_rvw_ttl?ie=UTF8&ASIN=B0C1Y5VL8D,2 people found this helpful,"Reviewed in the United States on August 26, 2023","This have a really nice look to them but I did think they would be a little bigger. I did not read look to see how big or small they are when I bought them. That’s on me. But they are nice. I gave it a 4 star because when I plug my phone in with the aux plug in for a bit it makes this high pitched squeaking. Goes away after awhile but still annoying. Overall, functional with storage and countertop space.",True,Item Package Quantity: 2Color: Rustic Brown and Black,[],66,999,242,https://www.amazon.com/product-reviews/B0C1Y5VL8D?pageNumber=7&filterByStar=all_stars&sortBy=helpful&formatType=all_formats,allStars,,"{'price': None, 'listPrice': None}",2023-08-26,United States,,B0C1Y5VL8D,0.3891
66,66,4,Eh,R18FIYMIQHJKAH,https://www.amazon.com/gp/customer-reviews/R18FIYMIQHJKAH/ref=cm_cr_arp_d_rvw_ttl?ie=UTF8&ASIN=B0C1Y5VL8D,One person found this helpful,"Reviewed in the United States on October 9, 2023","It’s a little on the smaller side and the drawers aren’t the best. If you just need something to get by, this is it, but otherwise, I would honestly keep looking. I do like the outlet on the top of the table and it was admittedly very easy to assemble.",True,Item Package Quantity: 1Color: Rustic Brown and Black,[],67,999,242,https://www.amazon.com/product-reviews/B0C1Y5VL8D?pageNumber=7&filterByStar=all_stars&sortBy=helpful&formatType=all_formats,allStars,,"{'price': None, 'listPrice': None}",2023-10-09,United States,,B0C1Y5VL8D,0.9463
67,67,5,Easy to assemble!,R3R570PKXPUT0Y,https://www.amazon.com/gp/customer-reviews/R3R570PKXPUT0Y/ref=cm_cr_arp_d_rvw_ttl?ie=UTF8&ASIN=B0C1Y5VL8D,,"Reviewed in the United States on December 13, 2023","Now it's not very often that you get furniture that is nice looking and easy to assemble. It came with everything I needed, down to the adorable tiny screwdriver, and I didn't have any issues with holes lining up. Now I've only had it for like 8 days but so far I love it and my only regret is not having room for two.",True,Item Package Quantity: 1Color: Rustic Brown and Black,[],68,999,242,https://www.amazon.com/product-reviews/B0C1Y5VL8D?pageNumber=7&filterByStar=all_stars&sortBy=helpful&formatType=all_formats,allStars,,"{'price': None, 'listPrice': None}",2023-12-13,United States,,B0C1Y5VL8D,0.8544
68,68,4,Pretty good value for the money,RVA59I1QHWC5I,https://www.amazon.com/gp/customer-reviews/RVA59I1QHWC5I/ref=cm_cr_arp_d_rvw_ttl?ie=UTF8&ASIN=B0C1Y5VL8D,,"Reviewed in the United States on August 11, 2023","Overall, it was fast and fairly easy to assemble, with one notable exception.  The middle shelf comes with ridiculously impossible screws.  I would have needed a drill to make holes in order to force the large screws they gave to make it work.  Perhaps it was supposed to have predrilled holes but was missed.  I skipped the shelf.  Otherwise, it was a fast and easy assembly.  It's a bit wobbly, but a leveling wedge cures that. We keep them handy for lots of things.",True,Item Package Quantity: 1Color: Rustic Brown and Black,[],69,999,242,https://www.amazon.com/product-reviews/B0C1Y5VL8D?pageNumber=7&filterByStar=all_stars&sortBy=helpful&formatType=all_formats,allStars,,"{'price': None, 'listPrice': None}",2023-08-11,United States,,B0C1Y5VL8D,0.0772
69,69,3,Small,RPHQVNRZJNXQP,https://www.amazon.com/gp/customer-reviews/RPHQVNRZJNXQP/ref=cm_cr_arp_d_rvw_ttl?ie=UTF8&ASIN=B0C1Y5VL8D,,"Reviewed in the United States on February 25, 2024",A lot smaller than what I thought it was going to be.,True,Item Package Quantity: 1Color: Rustic Brown,[],70,999,242,https://www.amazon.com/product-reviews/B0C1Y5VL8D?pageNumber=7&filterByStar=all_stars&sortBy=helpful&formatType=all_formats,allStars,,"{'price': None, 'listPrice': None}",2024-02-25,United States,,B0C1Y5VL8D,0.0
70,70,4,Nice small bedside table,RPGDOJVYLBG29,https://www.amazon.com/gp/customer-reviews/RPGDOJVYLBG29/ref=cm_cr_arp_d_rvw_ttl?ie=UTF8&ASIN=B0C1Y5VL8D,One person found this helpful,"Reviewed in the United States on January 29, 2024","Pros:  Mostly easy to put together, looks nice, convenient power sourcesCon:  screws for the shelf didn’t fit the holes - had to buy new screwsNot sure why some have negative comments about the size & fabric drawers because it’s description is accurate & the drawers look nice & work well.",True,Item Package Quantity: 1Color: Charcoal Gray,[],21,999,242,https://www.amazon.com/product-reviews/B0C1Y5VL8D?pageNumber=3&filterByStar=all_stars&sortBy=helpful&formatType=all_formats,allStars,,"{'price': None, 'listPrice': None}",2024-01-29,United States,,B0C1Y5VL8D,0.8271
71,71,5,Como lo enseñan para la venta es exactamente lo que desea comprar,R3ID5LR6J8SHQ9,https://www.amazon.com/gp/customer-reviews/R3ID5LR6J8SHQ9/ref=cm_cr_arp_d_rvw_ttl?ie=UTF8&ASIN=B0C1Y5VL8D,,"Reviewed in the United States on March 21, 2024",Muy Bonito y Practico Gracias,True,Item Package Quantity: 1Color: Rustic Brown,[],22,999,242,https://www.amazon.com/product-reviews/B0C1Y5VL8D?pageNumber=3&filterByStar=all_stars&sortBy=helpful&formatType=all_formats,allStars,,"{'price': None, 'listPrice': None}",2024-03-21,United States,,B0C1Y5VL8D,0.0
72,72,4,Smart purchase,RK0TVFFNQ6XGF,https://www.amazon.com/gp/customer-reviews/RK0TVFFNQ6XGF/ref=cm_cr_arp_d_rvw_ttl?ie=UTF8&ASIN=B0C1Y5VL8D,,"Reviewed in the United States on February 18, 2024",I love this table. Easy to assemble. The instructions was easy to follow.And the table fits perfectly.,True,Item Package Quantity: 1Color: Rustic Brown and Black,[],23,999,242,https://www.amazon.com/product-reviews/B0C1Y5VL8D?pageNumber=3&filterByStar=all_stars&sortBy=helpful&formatType=all_formats,allStars,,"{'price': None, 'listPrice': None}",2024-02-18,United States,,B0C1Y5VL8D,0.9349
73,73,5,Great nightstand!,R1YO3F5VC660VF,https://www.amazon.com/gp/customer-reviews/R1YO3F5VC660VF/ref=cm_cr_arp_d_rvw_ttl?ie=UTF8&ASIN=B0C1Y5VL8D,One person found this helpful,"Reviewed in the United States on March 10, 2024","Great for our guest room, sturdy, pretty, and I love that it has the outlet built in so guests can charge their devices.",True,Item Package Quantity: 1Color: Rustic Brown and Black,[],24,999,242,https://www.amazon.com/product-reviews/B0C1Y5VL8D?pageNumber=3&filterByStar=all_stars&sortBy=helpful&formatType=all_formats,allStars,,"{'price': None, 'listPrice': None}",2024-03-10,United States,,B0C1Y5VL8D,0.91
74,74,5,Very easy to put together,R26BFMFJVQX38Q,https://www.amazon.com/gp/customer-reviews/R26BFMFJVQX38Q/ref=cm_cr_arp_d_rvw_ttl?ie=UTF8&ASIN=B0C1Y5VL8D,,"Reviewed in the United States on March 4, 2024","by far, the instructions for putting this product together was the easiest I’ve ever seen and well organized. Good job! Can everybody do the same with their instructions?",True,Item Package Quantity: 1Color: Rustic Brown and Black,[],25,999,242,https://www.amazon.com/product-reviews/B0C1Y5VL8D?pageNumber=3&filterByStar=all_stars&sortBy=helpful&formatType=all_formats,allStars,,"{'price': None, 'listPrice': None}",2024-03-04,United States,,B0C1Y5VL8D,0.7959
75,75,5,Easy installation,R1SSO1458541C7,https://www.amazon.com/gp/customer-reviews/R1SSO1458541C7/ref=cm_cr_arp_d_rvw_ttl?ie=UTF8&ASIN=B0C1Y5VL8D,,"Reviewed in the United States on March 8, 2024",I purchase this item for my son's room and it was really quick and easy to assemble. Good quality,True,Item Package Quantity: 1Color: Charcoal Gray,[],26,999,242,https://www.amazon.com/product-reviews/B0C1Y5VL8D?pageNumber=3&filterByStar=all_stars&sortBy=helpful&formatType=all_formats,allStars,,"{'price': None, 'listPrice': None}",2024-03-08,United States,,B0C1Y5VL8D,0.7239
76,76,4,Small,R3RJY7IMVYUXGS,https://www.amazon.com/gp/customer-reviews/R3RJY7IMVYUXGS/ref=cm_cr_arp_d_rvw_ttl?ie=UTF8&ASIN=B0C1Y5VL8D,,"Reviewed in the United States on February 25, 2024",Way smaller then we thought 🤷‍♀️,True,Item Package Quantity: 1Color: Charcoal Gray,[],27,999,242,https://www.amazon.com/product-reviews/B0C1Y5VL8D?pageNumber=3&filterByStar=all_stars&sortBy=helpful&formatType=all_formats,allStars,,"{'price': None, 'listPrice': None}",2024-02-25,United States,,B0C1Y5VL8D,0.0
77,77,5,Easy going,R2CXST2JNPJOG7,https://www.amazon.com/gp/customer-reviews/R2CXST2JNPJOG7/ref=cm_cr_arp_d_rvw_ttl?ie=UTF8&ASIN=B0C1Y5VL8D,One person found this helpful,"Reviewed in the United States on February 26, 2024",I was able to assemble this on my own even though the instructions say it requires two people at one point. it's perfect in size for where I need it in the bedroom.,True,Item Package Quantity: 1Color: Rustic Brown and Black,[],28,999,242,https://www.amazon.com/product-reviews/B0C1Y5VL8D?pageNumber=3&filterByStar=all_stars&sortBy=helpful&formatType=all_formats,allStars,,"{'price': None, 'listPrice': None}",2024-02-26,United States,,B0C1Y5VL8D,0.5719
78,78,4,Table,R2KZ5H3RQDI0RE,https://www.amazon.com/gp/customer-reviews/R2KZ5H3RQDI0RE/ref=cm_cr_arp_d_rvw_ttl?ie=UTF8&ASIN=B0C1Y5VL8D,,"Reviewed in the United States on February 15, 2024",I like the table. Is has functionality and is hold up well.,True,Item Package Quantity: 1Color: Walnut,[],29,999,242,https://www.amazon.com/product-reviews/B0C1Y5VL8D?pageNumber=3&filterByStar=all_stars&sortBy=helpful&formatType=all_formats,allStars,,"{'price': None, 'listPrice': None}",2024-02-15,United States,,B0C1Y5VL8D,0.5574
79,79,5,Good value,R1K5KFU1MNAICD,https://www.amazon.com/gp/customer-reviews/R1K5KFU1MNAICD/ref=cm_cr_arp_d_rvw_ttl?ie=UTF8&ASIN=B0C1Y5VL8D,,"Reviewed in the United States on March 14, 2024",Great nightstands with storage and plug-ins,True,Item Package Quantity: 2Color: Rustic Brown and Black,[],30,999,242,https://www.amazon.com/product-reviews/B0C1Y5VL8D?pageNumber=3&filterByStar=all_stars&sortBy=helpful&formatType=all_formats,allStars,,"{'price': None, 'listPrice': None}",2024-03-14,United States,,B0C1Y5VL8D,0.6249
80,80,5,Great customer support.,RD92U2R2OODSD,https://www.amazon.com/gp/customer-reviews/RD92U2R2OODSD/ref=cm_cr_arp_d_rvw_ttl?ie=UTF8&ASIN=B0C1Y5VL8D,,"Reviewed in the United States on January 7, 2024",These night stands are solid when built. Mine was missing a couple screws but customer support was very helpful. Just email the address in the instruction booklet if you have any issues.,True,Item Package Quantity: 2Color: Rustic Brown and Black,[],71,999,242,https://www.amazon.com/product-reviews/B0C1Y5VL8D?pageNumber=8&filterByStar=all_stars&sortBy=helpful&formatType=all_formats,allStars,,"{'price': None, 'listPrice': None}",2024-01-07,United States,,B0C1Y5VL8D,0.7839
81,81,4,Missing and Disappointed,RO836QCDWTQ6T,https://www.amazon.com/gp/customer-reviews/RO836QCDWTQ6T/ref=cm_cr_arp_d_rvw_ttl?ie=UTF8&ASIN=B0C1Y5VL8D,,"Reviewed in the United States on October 9, 2023","Two screws i did not get, that goes in to the built in cell phone outlet  can the screws get sent to me ☹️",True,Item Package Quantity: 1Color: Walnut,[],72,999,242,https://www.amazon.com/product-reviews/B0C1Y5VL8D?pageNumber=8&filterByStar=all_stars&sortBy=helpful&formatType=all_formats,allStars,,"{'price': None, 'listPrice': None}",2023-10-09,United States,,B0C1Y5VL8D,-0.4588
82,82,3,It is very small for what it shows for a huge bed,R3YYA15Z56AYG,https://www.amazon.com/gp/customer-reviews/R3YYA15Z56AYG/ref=cm_cr_arp_d_rvw_ttl?ie=UTF8&ASIN=B0C1Y5VL8D,,"Reviewed in the United States on February 28, 2024",Small queen size bed,True,Item Package Quantity: 2Color: Rustic Brown and Black,[],73,999,242,https://www.amazon.com/product-reviews/B0C1Y5VL8D?pageNumber=8&filterByStar=all_stars&sortBy=helpful&formatType=all_formats,allStars,,"{'price': None, 'listPrice': None}",2024-02-28,United States,,B0C1Y5VL8D,0.0
83,83,4,Pretty and functional,RSWUGFAXA1IJA,https://www.amazon.com/gp/customer-reviews/RSWUGFAXA1IJA/ref=cm_cr_arp_d_rvw_ttl?ie=UTF8&ASIN=B0C1Y5VL8D,,"Reviewed in the United States on September 4, 2023","These nightstands are rather small so make sure you understand the size. They are an okay for quality for occasional use like a guest room. If they are for everyday use, you might want to look at something more sturdy. The colors are as shown and overall its pretty much what we expected.",True,Item Package Quantity: 2Color: Walnut,[],74,999,242,https://www.amazon.com/product-reviews/B0C1Y5VL8D?pageNumber=8&filterByStar=all_stars&sortBy=helpful&formatType=all_formats,allStars,,"{'price': None, 'listPrice': None}",2023-09-04,United States,,B0C1Y5VL8D,0.8583
84,84,5,Great product,RC3R8UHAGERQ6,https://www.amazon.com/gp/customer-reviews/RC3R8UHAGERQ6/ref=cm_cr_arp_d_rvw_ttl?ie=UTF8&ASIN=B0C1Y5VL8D,One person found this helpful,"Reviewed in the United States on January 21, 2024",Very nice and doesn’t look cheap. The wood looks great!,True,Item Package Quantity: 1Color: Rustic Brown and Black,[],75,999,242,https://www.amazon.com/product-reviews/B0C1Y5VL8D?pageNumber=8&filterByStar=all_stars&sortBy=helpful&formatType=all_formats,allStars,,"{'price': None, 'listPrice': None}",2024-01-21,United States,,B0C1Y5VL8D,0.8169
85,85,4,Nice,RIYFBS3O1X124,https://www.amazon.com/gp/customer-reviews/RIYFBS3O1X124/ref=cm_cr_arp_d_rvw_ttl?ie=UTF8&ASIN=B0C1Y5VL8D,,"Reviewed in the United States on October 28, 2023",A decent purchase.  Outlet on top shelf is a nice touch.,True,Item Package Quantity: 1Color: Rustic Brown and Black,[],76,999,242,https://www.amazon.com/product-reviews/B0C1Y5VL8D?pageNumber=8&filterByStar=all_stars&sortBy=helpful&formatType=all_formats,allStars,,"{'price': None, 'listPrice': None}",2023-10-28,United States,,B0C1Y5VL8D,0.5574
86,86,5,Great quality for price,R1SKFHHD0MZYSL,https://www.amazon.com/gp/customer-reviews/R1SKFHHD0MZYSL/ref=cm_cr_arp_d_rvw_ttl?ie=UTF8&ASIN=B0C1Y5VL8D,2 people found this helpful,"Reviewed in the United States on January 20, 2024",This nightstand was easy to assemble and the quality looks great especially for price.,True,Item Package Quantity: 1Color: Rustic Brown and Black,[],77,999,242,https://www.amazon.com/product-reviews/B0C1Y5VL8D?pageNumber=8&filterByStar=all_stars&sortBy=helpful&formatType=all_formats,allStars,,"{'price': None, 'listPrice': None}",2024-01-20,United States,,B0C1Y5VL8D,0.7906
87,87,5,LOVE LOVE LOVE!!!,R921EKC4FPUZL,https://www.amazon.com/gp/customer-reviews/R921EKC4FPUZL/ref=cm_cr_arp_d_rvw_ttl?ie=UTF8&ASIN=B0C1Y5VL8D,One person found this helpful,"Reviewed in the United States on December 21, 2023","Building the item was a breeze! The instructions were super easy to follow, and it didn't take long. Plus, it looks super modern and sleek. It's perfect for some extra storage space. I got it at a great price, so I'm happy with my purchase.",True,Item Package Quantity: 2Color: Charcoal Gray,[],78,999,242,https://www.amazon.com/product-reviews/B0C1Y5VL8D?pageNumber=8&filterByStar=all_stars&sortBy=helpful&formatType=all_formats,allStars,,"{'price': None, 'listPrice': None}",2023-12-21,United States,,B0C1Y5VL8D,0.9744
88,88,5,Perfect!,R1NFWPMY4QPYJS,https://www.amazon.com/gp/customer-reviews/R1NFWPMY4QPYJS/ref=cm_cr_arp_d_rvw_ttl?ie=UTF8&ASIN=B0C1Y5VL8D,,"Reviewed in the United States on January 5, 2024","I use one in the bedroom and one in the living room for end tables. Great to have so any  company can use when over, if needed.",True,Item Package Quantity: 2Color: Charcoal Gray,[],79,999,242,https://www.amazon.com/product-reviews/B0C1Y5VL8D?pageNumber=8&filterByStar=all_stars&sortBy=helpful&formatType=all_formats,allStars,,"{'price': None, 'listPrice': None}",2024-01-05,United States,,B0C1Y5VL8D,0.6249
89,89,4,Great Customer Service,RSIXFGM5U5Q0X,https://www.amazon.com/gp/customer-reviews/RSIXFGM5U5Q0X/ref=cm_cr_arp_d_rvw_ttl?ie=UTF8&ASIN=B0C1Y5VL8D,,"Reviewed in the United States on October 9, 2023",Had a part that didn’t fit. I contacted the seller and they sent me a new table 2 days later! The tables are great,True,Item Package Quantity: 2Color: Rustic Brown and Black,[],80,999,242,https://www.amazon.com/product-reviews/B0C1Y5VL8D?pageNumber=8&filterByStar=all_stars&sortBy=helpful&formatType=all_formats,allStars,,"{'price': None, 'listPrice': None}",2023-10-09,United States,,B0C1Y5VL8D,0.784
