,Unnamed: 0,ratingScore,reviewTitle,reviewId,reviewUrl,reviewReaction,reviewedIn,reviewDescription,isVerified,variant,reviewImages,position,totalCategoryRatings,totalCategoryReviews,reviewCategoryUrl,filterByRating,filterByKeyword,product,date,country,countryCode,productAsin,sentiment_score
0,0,5,Great value,R1Z4NU3GVU5Y6J,https://www.amazon.com/gp/customer-reviews/R1Z4NU3GVU5Y6J/ref=cm_cr_arp_d_rvw_ttl?ie=UTF8&ASIN=B0CLY4ZYYL,One person found this helpful,"Reviewed in the United States on March 24, 2024","I bought this for my basement which is my kids' common area with friends. I wanted it to be durable and look nice. This TV stand was very easy to put together and looks very nice. It is a lot heavier than I thought it would be, which is great as I thought it would be flimsy and weak due to the price.  I was pleasantly surprised. Would recommend this TV stand for looks and quality.",True,Style: Barn Doors TV StandColor: Gray Wash,[],1,2913,828,https://www.amazon.com/product-reviews/B0CLY4ZYYL?pageNumber=1&filterByStar=all_stars&sortBy=helpful&formatType=all_formats,allStars,,"{'price': None, 'listPrice': None}",2024-03-24,United States,,B0CLY4ZYYL,0.9617
1,1,5,Beautiful Farmhouse Stand; Solid Base for a TV,R2GYJPCT1FNB36,https://www.amazon.com/gp/customer-reviews/R2GYJPCT1FNB36/ref=cm_cr_arp_d_rvw_ttl?ie=UTF8&ASIN=B0CLY4ZYYL,One person found this helpful,"Reviewed in the United States on February 3, 2024","I purchased a new 55"" tv and discovered that the universal hanging arm I already owned would not fit it. After debating the best solution, hubby and I decided to purchase a sturdy piece of furniture to both hold the new tv and provide storage underneath. This YESHOMY Farmhouse TV Stand is both attractive and functional. While assembly is a project, and there was one piece that didn't exactly match the instructions (causing a bit of reassembly to get it placed correctly), it wasn't really difficult.  All hardware is included, with extras of some pieces, as well as small wrenches and a screwdriver. When sorting the packaging to recycle, I discovered a small piece of both the laminate top and the white shelving, presumably to facilitate repairs. Somehow, the top was dinged while we were moving it around, leaving a small depression that shows white underneath the wood finish; the provided laminate will be useful when I get around to fixing it. I love the look of the finished cabinet and the general functionality. There are only holes in the back of the middle shelves for routing cords; more would have been helpful in the other sections. I wasn't able to place my turntable or sound system base on the shelves, which are not deep enough to allow the doors to slide, but they hold plenty of decorative items and dvd's, etc. Overall, this unit feels very sturdy and solid. It's a great addition to my home for a reasonable price.",True,Style: Sliding Barn Doors TV StandColor: White and Rustic,[],2,2913,828,https://www.amazon.com/product-reviews/B0CLY4ZYYL?pageNumber=1&filterByStar=all_stars&sortBy=helpful&formatType=all_formats,allStars,,"{'price': None, 'listPrice': None}",2024-02-03,United States,,B0CLY4ZYYL,0.9601
2,2,5,Love it - beautiful quality!,R3EHMFUSBSAEUG,https://www.amazon.com/gp/customer-reviews/R3EHMFUSBSAEUG/ref=cm_cr_arp_d_rvw_ttl?ie=UTF8&ASIN=B0CLY4ZYYL,3 people found this helpful,"Reviewed in the United States on January 28, 2024",It took me 1.5 hours to assemble by myself but I took my time. Instructions were easy to follow and all the parts and pieces fit nicely together. TIP: put the wheeled brackets on the track first then screw in the doors. It does not work the other way around. I absolutely love this piece! Buy it already!,True,Style: Sliding Barn Doors TV StandColor: White and Rustic,"['https://m.media-amazon.com/images/I/81WddSE5wzL._SY88.jpg', 'https://m.media-amazon.com/images/I/81YCslKMP1L._SY88.jpg']",3,2913,828,https://www.amazon.com/product-reviews/B0CLY4ZYYL?pageNumber=1&filterByStar=all_stars&sortBy=helpful&formatType=all_formats,allStars,,"{'price': None, 'listPrice': None}",2024-01-28,United States,,B0CLY4ZYYL,0.9594
3,3,4,Great look for my teenagers room,R2P4RK1FY876JM,https://www.amazon.com/gp/customer-reviews/R2P4RK1FY876JM/ref=cm_cr_arp_d_rvw_ttl?ie=UTF8&ASIN=B0CLY4ZYYL,,"Reviewed in the United States on March 12, 2024","My son wanted this to hold his TV and gaming stuff. It looks very well built except came with a small scuff on one edge. Not enough to return it. Easily put together by son and adult. Fits nicely in bedroom. Sturdy, good color, durable.",True,Style: Barn Doors TV StandColor: Walnut,[],4,2913,828,https://www.amazon.com/product-reviews/B0CLY4ZYYL?pageNumber=1&filterByStar=all_stars&sortBy=helpful&formatType=all_formats,allStars,,"{'price': None, 'listPrice': None}",2024-03-12,United States,,B0CLY4ZYYL,0.8622
4,4,5,So cute and sturdy,RKF5SZKEKY8AL,https://www.amazon.com/gp/customer-reviews/RKF5SZKEKY8AL/ref=cm_cr_arp_d_rvw_ttl?ie=UTF8&ASIN=B0CLY4ZYYL,,"Reviewed in the United States on March 16, 2024",This entertainment center is amazing for the price it is made very well and strong and was super easy to put together.  Maybe took an hour to assemble and instructions were very easy to read. We love it and I recommend this product.,True,Style: Sliding Barn Doors TV StandColor: White and Rustic,['https://m.media-amazon.com/images/I/619jqVed6HL._SY88.jpg'],5,2913,828,https://www.amazon.com/product-reviews/B0CLY4ZYYL?pageNumber=1&filterByStar=all_stars&sortBy=helpful&formatType=all_formats,allStars,,"{'price': None, 'listPrice': None}",2024-03-16,United States,,B0CLY4ZYYL,0.9817
5,5,3,Got what i paid for,R1DHZ3ZC3GR91C,https://www.amazon.com/gp/customer-reviews/R1DHZ3ZC3GR91C/ref=cm_cr_arp_d_rvw_ttl?ie=UTF8&ASIN=B0CLY4ZYYL,,"Reviewed in the United States on March 2, 2024",Had to give this product 3 stars because of poor construction some of the accent pieces were not attached properly and fell off day one. Otherwise looks great and a good buy.,True,Style: Sliding Barn Doors TV StandColor: White and Rustic,[],6,2913,828,https://www.amazon.com/product-reviews/B0CLY4ZYYL?pageNumber=1&filterByStar=all_stars&sortBy=helpful&formatType=all_formats,allStars,,"{'price': None, 'listPrice': None}",2024-03-02,United States,,B0CLY4ZYYL,0.5994
6,6,5,"Great, sturdy buy!",RUU3D9QZPF68T,https://www.amazon.com/gp/customer-reviews/RUU3D9QZPF68T/ref=cm_cr_arp_d_rvw_ttl?ie=UTF8&ASIN=B0CLY4ZYYL,One person found this helpful,"Reviewed in the United States on March 20, 2024","I bought this for my ungrateful mud cricket ex gf, but it was easy to assemble and adds a nice touch to the home! It has a nice look. Its not to heavy either when assembled!",True,Style: Sliding Barn Doors TV StandColor: Grey,[],7,2913,828,https://www.amazon.com/product-reviews/B0CLY4ZYYL?pageNumber=1&filterByStar=all_stars&sortBy=helpful&formatType=all_formats,allStars,,"{'price': None, 'listPrice': None}",2024-03-20,United States,,B0CLY4ZYYL,0.8964
7,7,4,nice piece for tv stand,R3A8P7QM3EEOKJ,https://www.amazon.com/gp/customer-reviews/R3A8P7QM3EEOKJ/ref=cm_cr_arp_d_rvw_ttl?ie=UTF8&ASIN=B0CLY4ZYYL,One person found this helpful,"Reviewed in the United States on December 10, 2023","It is very important to check the many many parts and instructions first when assembling...no problems ...also please check your wooden pieces...ours came in with a dent in the top panel in the middle and in the front...so no hiding it...looks like it was dropped in the factory and it went through anyway...the top layer broken off above the dent. It is a heavy piece, and it is beautiful and color and style was we wanted...so we accepted the price adjustment and used the money for me to buy supplies to fix the surface damage. It is a good sound piece and looks just like the pic.  If is weren't for the damage in the point of origin it would have been a 5 star.",True,Style: Barn Doors TV StandColor: White Oak,[],8,2913,828,https://www.amazon.com/product-reviews/B0CLY4ZYYL?pageNumber=1&filterByStar=all_stars&sortBy=helpful&formatType=all_formats,allStars,,"{'price': None, 'listPrice': None}",2023-12-10,United States,,B0CLY4ZYYL,0.5095
8,8,4,Like,R1LR365HEJR99I,https://www.amazon.com/gp/customer-reviews/R1LR365HEJR99I/ref=cm_cr_arp_d_rvw_ttl?ie=UTF8&ASIN=B0CLY4ZYYL,,"Reviewed in the United States on April 2, 2024","Overall I love the tv stand, but it took me 4 hours to put together.",True,Style: Sliding Barn Doors TV StandColor: White and Rustic,[],9,2913,828,https://www.amazon.com/product-reviews/B0CLY4ZYYL?pageNumber=1&filterByStar=all_stars&sortBy=helpful&formatType=all_formats,allStars,,"{'price': None, 'listPrice': None}",2024-04-02,United States,,B0CLY4ZYYL,0.3818
9,9,5,You need patience!,R2HJBQGTKFIEQI,https://www.amazon.com/gp/customer-reviews/R2HJBQGTKFIEQI/ref=cm_cr_arp_d_rvw_ttl?ie=UTF8&ASIN=B0CLY4ZYYL,2 people found this helpful,"Reviewed in the United States on December 18, 2023","This product came in 2 boxes delivered on the same day.  One was the firebox, the other the rest of the unit.  The first thing we did was unpack the firebox, unplug it to make sure it worked, and familiarized ourselves with the controls and features. (BTW you CAN turn on the flame option without the heat.  I posted that question and no one answered).The instruction booklet says assembly in 45 minutes.  It took the 2 of us 4 hours.  However we were very careful to lay out all the pieces and make sure everything was included, which meant counting parts, so that added extra time.  The instructions are all pictures, and sometimes it took a few minutes to figure out the configuration, but we only had to reattach a piece once, and we noticed our mistake right away.Some reviews said the holes didn't line up, or the unit wasn't sturdy.  We had no problem with those things.The instructions say the remote uses AAA batteries but it doesn't, it's one of those flat round ones.  I still haven't figured out how to open the remote, but I'll worry about that when the battery dies.Overall it's a very nice unit for the price.  Let's face it, an electric fireplace will never look like a real one, but it adds ambiance and at least it has faux logs vs the crystals I've seen in other fireplaces.BTW piece #13 is a center shelf that needs to be LEFT OFF if you are inserting a firebox.  The instructions don't warn you of that but we could see right away that we needed to leave that off.",True,,[],10,2913,828,https://www.amazon.com/product-reviews/B0CLY4ZYYL?pageNumber=1&filterByStar=all_stars&sortBy=helpful&formatType=all_formats,allStars,,"{'price': None, 'listPrice': None}",2023-12-18,United States,,B0CLY4ZYYL,-0.8603
10,10,4,Country cuteness,R1G0JOC1UTG1SM,https://www.amazon.com/gp/customer-reviews/R1G0JOC1UTG1SM/ref=cm_cr_arp_d_rvw_ttl?ie=UTF8&ASIN=B0CLY4ZYYL,2 people found this helpful,"Reviewed in the United States on December 8, 2023","It was interesting to put together but achievable per the instruction booklet. Nice wood looking top, and doors side easily. The center shelf is not adjustable, the two side cubbies are adjustable.",True,Style: Sliding Barn Doors TV StandColor: White and Rustic,['https://m.media-amazon.com/images/I/61c5LRELDZL._SY88.jpg'],51,2913,828,https://www.amazon.com/product-reviews/B0CLY4ZYYL?pageNumber=6&filterByStar=all_stars&sortBy=helpful&formatType=all_formats,allStars,,"{'price': None, 'listPrice': None}",2023-12-08,United States,,B0CLY4ZYYL,0.9153
11,11,4,Instructions are awful,R26HEMBM5E924Q,https://www.amazon.com/gp/customer-reviews/R26HEMBM5E924Q/ref=cm_cr_arp_d_rvw_ttl?ie=UTF8&ASIN=B0CLY4ZYYL,,"Reviewed in the United States on December 1, 2023","Product is great, instructions are terrible. The pictures aren’t intuitive. I’m a grown man it and took me 3hrs because of the poor instructions. Follow your intuition and you’ll cut an hour off. How about have Americans do the instructions?",True,Style: Barn Doors TV StandColor: Gray Wash,[],52,2913,828,https://www.amazon.com/product-reviews/B0CLY4ZYYL?pageNumber=6&filterByStar=all_stars&sortBy=helpful&formatType=all_formats,allStars,,"{'price': None, 'listPrice': None}",2023-12-01,United States,,B0CLY4ZYYL,-0.4939
12,12,4,Drill needed,R1QB6MA00C9QK0,https://www.amazon.com/gp/customer-reviews/R1QB6MA00C9QK0/ref=cm_cr_arp_d_rvw_ttl?ie=UTF8&ASIN=B0CLY4ZYYL,,"Reviewed in the United States on December 3, 2023","TV Stand looks very nice, however during assembly process we had to drill several hole which was needed. Overall very nice product.",True,Style: Barn Doors TV StandColor: Gray Wash,[],53,2913,828,https://www.amazon.com/product-reviews/B0CLY4ZYYL?pageNumber=6&filterByStar=all_stars&sortBy=helpful&formatType=all_formats,allStars,,"{'price': None, 'listPrice': None}",2023-12-03,United States,,B0CLY4ZYYL,0.734
13,13,5,Sturdy,R1F8F9VS35P4T3,https://www.amazon.com/gp/customer-reviews/R1F8F9VS35P4T3/ref=cm_cr_arp_d_rvw_ttl?ie=UTF8&ASIN=B0CLY4ZYYL,One person found this helpful,"Reviewed in the United States on February 5, 2024",Love this. Was easy to put together and is so sturdy. Beautiful addition to my condo. Only wish they had brown dots to cover the few anchors I can see. Unless missed them in the box.,True,,"['https://m.media-amazon.com/images/I/71FJYY3OZJL._SY88.jpg', 'https://m.media-amazon.com/images/I/71u20KIDQeL._SY88.jpg']",54,2913,828,https://www.amazon.com/product-reviews/B0CLY4ZYYL?pageNumber=6&filterByStar=all_stars&sortBy=helpful&formatType=all_formats,allStars,,"{'price': None, 'listPrice': None}",2024-02-05,United States,,B0CLY4ZYYL,0.9149
14,14,5,YESHOMY TV Stand for Televisions,R2CQFIMMMKDKXG,https://www.amazon.com/gp/customer-reviews/R2CQFIMMMKDKXG/ref=cm_cr_arp_d_rvw_ttl?ie=UTF8&ASIN=B0CLY4ZYYL,,"Reviewed in the United States on January 28, 2024",YESHOMY TV Stand for Televisions is solid and well made. I believe the wood is particle board with picture over the board to represent a board of high quality. It is good for storage and Mx media. How long it will last remains to be seen.,True,,[],55,2913,828,https://www.amazon.com/product-reviews/B0CLY4ZYYL?pageNumber=6&filterByStar=all_stars&sortBy=helpful&formatType=all_formats,allStars,,"{'price': None, 'listPrice': None}",2024-01-28,United States,,B0CLY4ZYYL,0.6808
15,15,4,Great!,RK8PF7N6ZE46N,https://www.amazon.com/gp/customer-reviews/RK8PF7N6ZE46N/ref=cm_cr_arp_d_rvw_ttl?ie=UTF8&ASIN=B0CLY4ZYYL,,"Reviewed in the United States on December 27, 2023",Absolutely loved this! Came as expected easy assembly.,True,Style: Sliding Barn Doors TV StandColor: White and Rustic,[],56,2913,828,https://www.amazon.com/product-reviews/B0CLY4ZYYL?pageNumber=6&filterByStar=all_stars&sortBy=helpful&formatType=all_formats,allStars,,"{'price': None, 'listPrice': None}",2023-12-27,United States,,B0CLY4ZYYL,0.8118
16,16,5,Looks great,RD6K77UVF52MH,https://www.amazon.com/gp/customer-reviews/RD6K77UVF52MH/ref=cm_cr_arp_d_rvw_ttl?ie=UTF8&ASIN=B0CLY4ZYYL,,"Reviewed in the United States on February 19, 2024",Easy to assemble and looks great. Great value for the price.,True,Style: Barn Doors TV StandColor: Gray Wash,[],57,2913,828,https://www.amazon.com/product-reviews/B0CLY4ZYYL?pageNumber=6&filterByStar=all_stars&sortBy=helpful&formatType=all_formats,allStars,,"{'price': None, 'listPrice': None}",2024-02-19,United States,,B0CLY4ZYYL,0.926
17,17,5,Absolutely Beautiful!!!,RL8P8LDX9M0WD,https://www.amazon.com/gp/customer-reviews/RL8P8LDX9M0WD/ref=cm_cr_arp_d_rvw_ttl?ie=UTF8&ASIN=B0CLY4ZYYL,12 people found this helpful,"Reviewed in the United States on December 8, 2023","We bought this primarily for the fireplace, but after assembling it, we absolutely loved the look and quality of the TV stand. First off, I was very skeptical about the condition that it was going to be in, once it finally arrived. But to my surprise and great pleasure, it was in perfect condition. The packaging of the unit was impeccable. Foam pieces around every single piece. There was extra hardware for most items. The instructions were well done, but did take some time to put together. Once it was finished, it turned out absolutely beautiful and very sturdy. So far the fireplace unit is working perfectly. Overall, one of the best prefabricated pieces of furniture that I have ever purchased. We absolutely love it!!!  5 plus stars!!",True,,['https://m.media-amazon.com/images/I/71KJn2Z-+IL._SY88.jpg'],58,2913,828,https://www.amazon.com/product-reviews/B0CLY4ZYYL?pageNumber=6&filterByStar=all_stars&sortBy=helpful&formatType=all_formats,allStars,,"{'price': None, 'listPrice': None}",2023-12-08,United States,,B0CLY4ZYYL,0.9952
18,18,4,Pain to build but worth the price,R3C2KPTP9MUI9D,https://www.amazon.com/gp/customer-reviews/R3C2KPTP9MUI9D/ref=cm_cr_arp_d_rvw_ttl?ie=UTF8&ASIN=B0CLY4ZYYL,One person found this helpful,"Reviewed in the United States on November 17, 2023","Happy with the finished product. It’s great for a smaller living room. Took me about 2 hours to build which was pretty frustrating, the instructions could be clearer for certain steps. Seems to be worth the money",True,,[],59,2913,828,https://www.amazon.com/product-reviews/B0CLY4ZYYL?pageNumber=6&filterByStar=all_stars&sortBy=helpful&formatType=all_formats,allStars,,"{'price': None, 'listPrice': None}",2023-11-17,United States,,B0CLY4ZYYL,0.9022
19,19,3,Cute but….,R5UJLBA99IN59,https://www.amazon.com/gp/customer-reviews/R5UJLBA99IN59/ref=cm_cr_arp_d_rvw_ttl?ie=UTF8&ASIN=B0CLY4ZYYL,,"Reviewed in the United States on March 12, 2024",Definetly cute and gets the job done while being modern and affordable. However if you are looking for something sturdy you may look at the same thing just different builds!,True,,[],60,2913,828,https://www.amazon.com/product-reviews/B0CLY4ZYYL?pageNumber=6&filterByStar=all_stars&sortBy=helpful&formatType=all_formats,allStars,,"{'price': None, 'listPrice': None}",2024-03-12,United States,,B0CLY4ZYYL,0.5093
20,20,5,Love it,R2D1QGPRZMD0PX,https://www.amazon.com/gp/customer-reviews/R2D1QGPRZMD0PX/ref=cm_cr_arp_d_rvw_ttl?ie=UTF8&ASIN=B0CLY4ZYYL,,"Reviewed in the United States on December 25, 2023",Bought this for my boyfriends bedroom hes got a log cabin and a log bed and it looks great in his room fairly easy to put together you have to go step by step and its timely.. i did have one small issue with the instructions its hard to tell the front bottom from the back on the pics and i ended up having to take apart and fix it once i realized it was backwards..  but it turned out nice,True,,['https://m.media-amazon.com/images/I/61mGRZ9bYJL._SY88.jpg'],71,2913,828,https://www.amazon.com/product-reviews/B0CLY4ZYYL?pageNumber=8&filterByStar=all_stars&sortBy=helpful&formatType=all_formats,allStars,,"{'price': None, 'listPrice': None}",2023-12-25,United States,,B0CLY4ZYYL,0.7906
21,21,5,Nice stand!,R11MO5R3F04SAY,https://www.amazon.com/gp/customer-reviews/R11MO5R3F04SAY/ref=cm_cr_arp_d_rvw_ttl?ie=UTF8&ASIN=B0CLY4ZYYL,,"Reviewed in the United States on February 1, 2024","Once you get it together, it looks really nice! I do recommend two people to put it together to make it go quicker and easier.",True,Style: Sliding Barn Doors TV StandColor: White and Rustic,[],72,2913,828,https://www.amazon.com/product-reviews/B0CLY4ZYYL?pageNumber=8&filterByStar=all_stars&sortBy=helpful&formatType=all_formats,allStars,,"{'price': None, 'listPrice': None}",2024-02-01,United States,,B0CLY4ZYYL,0.838
22,22,5,"I put it together on a table,easier for me instead of on the floor.",RJAJ9GH4A1U9C,https://www.amazon.com/gp/customer-reviews/RJAJ9GH4A1U9C/ref=cm_cr_arp_d_rvw_ttl?ie=UTF8&ASIN=B0CLY4ZYYL,,"Reviewed in the United States on February 14, 2024",Assembly was easy and instructions were spot on.,True,,[],73,2913,828,https://www.amazon.com/product-reviews/B0CLY4ZYYL?pageNumber=8&filterByStar=all_stars&sortBy=helpful&formatType=all_formats,allStars,,"{'price': None, 'listPrice': None}",2024-02-14,United States,,B0CLY4ZYYL,0.4404
23,23,5,Beautiful  peace of furniture,R2216RIAC9HVN9,https://www.amazon.com/gp/customer-reviews/R2216RIAC9HVN9/ref=cm_cr_arp_d_rvw_ttl?ie=UTF8&ASIN=B0CLY4ZYYL,One person found this helpful,"Reviewed in the United States on January 17, 2024",This easy for. my friend  to put together. It took about 3 hrs. The instructions were many but clear and concise.  There were no hitches or glitches.It is a beautiful shade of grey. And is great in my space. It was also well packaged.  Thank you.,True,Style: Barn Doors TV StandColor: Gray Wash,[],74,2913,828,https://www.amazon.com/product-reviews/B0CLY4ZYYL?pageNumber=8&filterByStar=all_stars&sortBy=helpful&formatType=all_formats,allStars,,"{'price': None, 'listPrice': None}",2024-01-17,United States,,B0CLY4ZYYL,0.9714
24,24,3,B+,R3HIKU98NC1JP,https://www.amazon.com/gp/customer-reviews/R3HIKU98NC1JP/ref=cm_cr_arp_d_rvw_ttl?ie=UTF8&ASIN=B0CLY4ZYYL,,"Reviewed in the United States on March 13, 2024",The fireplace does not heat my maybe 300 square foot living room. Looks really nice though,True,,[],75,2913,828,https://www.amazon.com/product-reviews/B0CLY4ZYYL?pageNumber=8&filterByStar=all_stars&sortBy=helpful&formatType=all_formats,allStars,,"{'price': None, 'listPrice': None}",2024-03-13,United States,,B0CLY4ZYYL,0.4754
25,25,5,Nice,R3TKL9D5GPRTDJ,https://www.amazon.com/gp/customer-reviews/R3TKL9D5GPRTDJ/ref=cm_cr_arp_d_rvw_ttl?ie=UTF8&ASIN=B0CLY4ZYYL,,"Reviewed in the United States on February 1, 2024",Very nice tv stand !! Sturdy and farmhouse style. I cutrenly have my 75” tv on it and it works perfect,True,,[],76,2913,828,https://www.amazon.com/product-reviews/B0CLY4ZYYL?pageNumber=8&filterByStar=all_stars&sortBy=helpful&formatType=all_formats,allStars,,"{'price': None, 'listPrice': None}",2024-02-01,United States,,B0CLY4ZYYL,0.8114
26,26,5,Great price and great item,R1DIO8M6010JNV,https://www.amazon.com/gp/customer-reviews/R1DIO8M6010JNV/ref=cm_cr_arp_d_rvw_ttl?ie=UTF8&ASIN=B0CLY4ZYYL,One person found this helpful,"Reviewed in the United States on January 31, 2024",This was a great height and width for my TV. The doors were exactly what I wanted and it was relatively easy to put together.,True,Style: Sliding Barn Doors TV StandColor: White and Rustic,['https://m.media-amazon.com/images/I/71Ac8Dh4dcL._SY88.jpg'],77,2913,828,https://www.amazon.com/product-reviews/B0CLY4ZYYL?pageNumber=8&filterByStar=all_stars&sortBy=helpful&formatType=all_formats,allStars,,"{'price': None, 'listPrice': None}",2024-01-31,United States,,B0CLY4ZYYL,0.7906
27,27,5,10/10,RTX6L92XFKJPX,https://www.amazon.com/gp/customer-reviews/RTX6L92XFKJPX/ref=cm_cr_arp_d_rvw_ttl?ie=UTF8&ASIN=B0CLY4ZYYL,,"Reviewed in the United States on January 15, 2024","This tv stand is AMAZING! It’s very sturdy, heavy, and the wood on it doesn’t feel fake. I’ve had it for over 4 months and haven’t had a problem. The grey color is soo pretty too! I highly recommend this product! The price too! Gotta love it!",True,Style: Barn Doors TV StandColor: Gray Wash,[],78,2913,828,https://www.amazon.com/product-reviews/B0CLY4ZYYL?pageNumber=8&filterByStar=all_stars&sortBy=helpful&formatType=all_formats,allStars,,"{'price': None, 'listPrice': None}",2024-01-15,United States,,B0CLY4ZYYL,0.9061
28,28,3,Storage,R9VOGA2N8PFE2,https://www.amazon.com/gp/customer-reviews/R9VOGA2N8PFE2/ref=cm_cr_arp_d_rvw_ttl?ie=UTF8&ASIN=B0CLY4ZYYL,,"Reviewed in the United States on February 20, 2024","Quality was not what I thought. As for putting it together, was not easy.  You need 2 people. It is lower then I thought but it works for my needs.",True,Style: Barn Doors TV StandColor: Walnut,[],79,2913,828,https://www.amazon.com/product-reviews/B0CLY4ZYYL?pageNumber=8&filterByStar=all_stars&sortBy=helpful&formatType=all_formats,allStars,,"{'price': None, 'listPrice': None}",2024-02-20,United States,,B0CLY4ZYYL,-0.3189
29,29,4,Some pieces were missing,R3C3JFIHEH1P4Y,https://www.amazon.com/gp/customer-reviews/R3C3JFIHEH1P4Y/ref=cm_cr_arp_d_rvw_ttl?ie=UTF8&ASIN=B0CLY4ZYYL,2 people found this helpful,"Reviewed in the United States on December 17, 2023",,True,Style: Barn Doors TV StandColor: Gray Wash,[],80,2913,828,https://www.amazon.com/product-reviews/B0CLY4ZYYL?pageNumber=8&filterByStar=all_stars&sortBy=helpful&formatType=all_formats,allStars,,"{'price': None, 'listPrice': None}",2023-12-17,United States,,B0CLY4ZYYL,0.0
30,30,5,Beautiful,R117YPBKFMCT5R,https://www.amazon.com/gp/customer-reviews/R117YPBKFMCT5R/ref=cm_cr_arp_d_rvw_ttl?ie=UTF8&ASIN=B0CLY4ZYYL,,"Reviewed in the United States on March 19, 2024","Good quality, beautifulLove it in my living room for my 65 inch tv",True,Style: Sliding Barn Doors TV StandColor: White and Rustic,[],21,2913,828,https://www.amazon.com/product-reviews/B0CLY4ZYYL?pageNumber=3&filterByStar=all_stars&sortBy=helpful&formatType=all_formats,allStars,,"{'price': None, 'listPrice': None}",2024-03-19,United States,,B0CLY4ZYYL,0.4404
31,31,5,Love love love,RHVXSHBXLHLOS,https://www.amazon.com/gp/customer-reviews/RHVXSHBXLHLOS/ref=cm_cr_arp_d_rvw_ttl?ie=UTF8&ASIN=B0CLY4ZYYL,,"Reviewed in the United States on March 6, 2024",Instructions were easy to read and follow. The screws came in individual bags which was great. Overall love love love and have no complaints!,True,Style: Sliding Barn Doors TV StandColor: White and Rustic,['https://m.media-amazon.com/images/I/61yQj5PDLNL._SY88.jpg'],22,2913,828,https://www.amazon.com/product-reviews/B0CLY4ZYYL?pageNumber=3&filterByStar=all_stars&sortBy=helpful&formatType=all_formats,allStars,,"{'price': None, 'listPrice': None}",2024-03-06,United States,,B0CLY4ZYYL,0.9432
32,32,3,Ehh Will Do,R1D7IOH7FB9RLX,https://www.amazon.com/gp/customer-reviews/R1D7IOH7FB9RLX/ref=cm_cr_arp_d_rvw_ttl?ie=UTF8&ASIN=B0CLY4ZYYL,,"Reviewed in the United States on April 1, 2024",Love the look of it but this was so hard to put together. Says it takes 45 minutes but definitely takes longer. The measurements for the back of the stand was not perfect so my back boards would not slide in and the top of the shelf is not on properly. There’s no way I’m redoing this as in sending back and reordering. It was too much of a headache. Super disappointed because I know it will bother me but oh well.,True,Style: Sliding Barn Doors TV StandColor: White and Rustic,[],23,2913,828,https://www.amazon.com/product-reviews/B0CLY4ZYYL?pageNumber=3&filterByStar=all_stars&sortBy=helpful&formatType=all_formats,allStars,,"{'price': None, 'listPrice': None}",2024-04-01,United States,,B0CLY4ZYYL,0.0009
33,33,5,Short but great,R3F2GE2292YGUK,https://www.amazon.com/gp/customer-reviews/R3F2GE2292YGUK/ref=cm_cr_arp_d_rvw_ttl?ie=UTF8&ASIN=B0CLY4ZYYL,One person found this helpful,"Reviewed in the United States on February 17, 2024",Its small size wise but its ok.. my 22 year old brother built it in 3 hours it’s cute and stuff just smallMy babys walker is in pictures just to compare sizing it will work for now thoughSorry for messy pics we just moved into new place,True,Style: Barn Doors TV StandColor: Gray Wash,"['https://m.media-amazon.com/images/I/716NmsDiqTL._SY88.jpg', 'https://m.media-amazon.com/images/I/71RZPT63MTL._SY88.jpg', 'https://m.media-amazon.com/images/I/71ZQY41SKNL._SY88.jpg', 'https://m.media-amazon.com/images/I/71c5Bu0RqjL._SY88.jpg']",24,2913,828,https://www.amazon.com/product-reviews/B0CLY4ZYYL?pageNumber=3&filterByStar=all_stars&sortBy=helpful&formatType=all_formats,allStars,,"{'price': None, 'listPrice': None}",2024-02-17,United States,,B0CLY4ZYYL,0.4215
34,34,5,Great buy!,R1VS2X9F6AIHBA,https://www.amazon.com/gp/customer-reviews/R1VS2X9F6AIHBA/ref=cm_cr_arp_d_rvw_ttl?ie=UTF8&ASIN=B0CLY4ZYYL,,"Reviewed in the United States on March 4, 2024","Put this together over the weekend, only took a couple hour bd was a lot easier than I expected! Great product for the money!",True,Style: Sliding Barn Doors TV StandColor: White and Rustic,[],25,2913,828,https://www.amazon.com/product-reviews/B0CLY4ZYYL?pageNumber=3&filterByStar=all_stars&sortBy=helpful&formatType=all_formats,allStars,,"{'price': None, 'listPrice': None}",2024-03-04,United States,,B0CLY4ZYYL,0.8168
35,35,4,Fine,R2MZTYGNZZNAM4,https://www.amazon.com/gp/customer-reviews/R2MZTYGNZZNAM4/ref=cm_cr_arp_d_rvw_ttl?ie=UTF8&ASIN=B0CLY4ZYYL,,"Reviewed in the United States on December 15, 2023",Looks sturdy and took 4 hrs for 2 stands to be assembled one of the 2 got lil slanted on top for some reason. I have 85 inc tv on top of the 2 tv stands attached together so it’s in the middle but one just doesn’t seem straight🫤 looks nice but I don’t like the doors could be coz I didn’t put it right but doesn’t open easily or closes. All in all it’s nice,True,Style: Barn Doors TV StandColor: Gray Wash,[],26,2913,828,https://www.amazon.com/product-reviews/B0CLY4ZYYL?pageNumber=3&filterByStar=all_stars&sortBy=helpful&formatType=all_formats,allStars,,"{'price': None, 'listPrice': None}",2023-12-15,United States,,B0CLY4ZYYL,0.9387
36,36,5,As good as it looks,R2250K594HWGBS,https://www.amazon.com/gp/customer-reviews/R2250K594HWGBS/ref=cm_cr_arp_d_rvw_ttl?ie=UTF8&ASIN=B0CLY4ZYYL,,"Reviewed in the United States on February 27, 2024",We like this cabinet! It did take a little longer than it suggested to put together- about 2 hours.  Slides nicely. Sturdy. Doesn’t show dust.  Worth the purchase.,True,,[],27,2913,828,https://www.amazon.com/product-reviews/B0CLY4ZYYL?pageNumber=3&filterByStar=all_stars&sortBy=helpful&formatType=all_formats,allStars,,"{'price': None, 'listPrice': None}",2024-02-27,United States,,B0CLY4ZYYL,0.7644
37,37,5,Very nice,R2C2R99IMKRL88,https://www.amazon.com/gp/customer-reviews/R2C2R99IMKRL88/ref=cm_cr_arp_d_rvw_ttl?ie=UTF8&ASIN=B0CLY4ZYYL,,"Reviewed in the United States on March 11, 2024",I bought this for my daughter for her birthday she loves it,True,Style: Barn Doors TV StandColor: Walnut,[],28,2913,828,https://www.amazon.com/product-reviews/B0CLY4ZYYL?pageNumber=3&filterByStar=all_stars&sortBy=helpful&formatType=all_formats,allStars,,"{'price': None, 'listPrice': None}",2024-03-11,United States,,B0CLY4ZYYL,0.5719
38,38,4,Took 4 hrs to assemble!,R32DTGF170ARVS,https://www.amazon.com/gp/customer-reviews/R32DTGF170ARVS/ref=cm_cr_arp_d_rvw_ttl?ie=UTF8&ASIN=B0CLY4ZYYL,3 people found this helpful,"Reviewed in the United States on December 31, 2023","It’s beautiful, and we love it. The only reason I gave a 4 was because of the large holes in the back for wire passage. I don’t mind the ones behind the doors but not in the open middle. It took my husband over 4 hrs to assemble. But he did use wood glue also for sturdiness.",True,Style: Barn Doors TV StandColor: Gray Wash,"['https://m.media-amazon.com/images/I/71PLWwr+6VL._SY88.jpg', 'https://m.media-amazon.com/images/I/71XdjJPI5cL._SY88.jpg']",29,2913,828,https://www.amazon.com/product-reviews/B0CLY4ZYYL?pageNumber=3&filterByStar=all_stars&sortBy=helpful&formatType=all_formats,allStars,,"{'price': None, 'listPrice': None}",2023-12-31,United States,,B0CLY4ZYYL,0.6187
39,39,5,BUY IT NOW,R29ZTB9Q1XB0UV,https://www.amazon.com/gp/customer-reviews/R29ZTB9Q1XB0UV/ref=cm_cr_arp_d_rvw_ttl?ie=UTF8&ASIN=B0CLY4ZYYL,,"Reviewed in the United States on March 13, 2024",I LOVE IT I LOVE IT I LOVE IT!!!!!!!!!!!,True,Style: Sliding Barn Doors TV StandColor: White and Rustic,['https://m.media-amazon.com/images/I/81HC-KQPqkL._SY88.jpg'],30,2913,828,https://www.amazon.com/product-reviews/B0CLY4ZYYL?pageNumber=3&filterByStar=all_stars&sortBy=helpful&formatType=all_formats,allStars,,"{'price': None, 'listPrice': None}",2024-03-13,United States,,B0CLY4ZYYL,0.941
40,40,5,Love this tv stand,RYR1TA5GKIJB6,https://www.amazon.com/gp/customer-reviews/RYR1TA5GKIJB6/ref=cm_cr_arp_d_rvw_ttl?ie=UTF8&ASIN=B0CLY4ZYYL,9 people found this helpful,"Reviewed in the United States on January 26, 2024","I was a little skeptical buying this online as some of the reviews said theirs was damaged. We had no issues with ours, it came super fast with no damage and all the pieces to put it together were there. It was a little time consuming to put together but no problem fitting pieces/screws in everything lined up great. Seems super sturdy and not cheap looking at all. We have a 65 inch tv on ours and it fits perfectly. The fireplace heats up our living room efficiently.  Definitely would recommend this and great for the price!",True,,['https://m.media-amazon.com/images/I/71wnd7opSmL._SY88.jpg'],31,2913,828,https://www.amazon.com/product-reviews/B0CLY4ZYYL?pageNumber=4&filterByStar=all_stars&sortBy=helpful&formatType=all_formats,allStars,,"{'price': None, 'listPrice': None}",2024-01-26,United States,,B0CLY4ZYYL,0.9807
41,41,3,This TV stand will work But,R367DLBY97O9GN,https://www.amazon.com/gp/customer-reviews/R367DLBY97O9GN/ref=cm_cr_arp_d_rvw_ttl?ie=UTF8&ASIN=B0CLY4ZYYL,,"Reviewed in the United States on April 1, 2024",TV stand will work.. But there was a problem middle shelf the hose did not line up with the screws. So I just  set the shelf on top of the screw. Also putting it together some of the places wanted to break had to be very careful But in the end it student it's purpose..,True,Style: Barn Doors TV StandColor: Gray Wash,"['https://m.media-amazon.com/images/I/71MgxQEkvML._SY88.jpg', 'https://m.media-amazon.com/images/I/71QaxXIeEuL._SY88.jpg']",32,2913,828,https://www.amazon.com/product-reviews/B0CLY4ZYYL?pageNumber=4&filterByStar=all_stars&sortBy=helpful&formatType=all_formats,allStars,,"{'price': None, 'listPrice': None}",2024-04-01,United States,,B0CLY4ZYYL,-0.4785
42,42,5,Shopping in mo.,R3LLZEOHJLWX9G,https://www.amazon.com/gp/customer-reviews/R3LLZEOHJLWX9G/ref=cm_cr_arp_d_rvw_ttl?ie=UTF8&ASIN=B0CLY4ZYYL,,"Reviewed in the United States on March 3, 2024",Bought this for a gift to brother shipped fast he likes it fits his tv on it.,True,,[],33,2913,828,https://www.amazon.com/product-reviews/B0CLY4ZYYL?pageNumber=4&filterByStar=all_stars&sortBy=helpful&formatType=all_formats,allStars,,"{'price': None, 'listPrice': None}",2024-03-03,United States,,B0CLY4ZYYL,0.6908
43,43,4,"I love it, but damaged in shipping",R22XCDAVWEYB0N,https://www.amazon.com/gp/customer-reviews/R22XCDAVWEYB0N/ref=cm_cr_arp_d_rvw_ttl?ie=UTF8&ASIN=B0CLY4ZYYL,,"Reviewed in the United States on January 3, 2024","I love this piece! It is stylish and well made. However, it was damaged in shipping and has a scrape on the top which we didn’t notice until we were halfway through putting it together.",True,,[],34,2913,828,https://www.amazon.com/product-reviews/B0CLY4ZYYL?pageNumber=4&filterByStar=all_stars&sortBy=helpful&formatType=all_formats,allStars,,"{'price': None, 'listPrice': None}",2024-01-03,United States,,B0CLY4ZYYL,0.6696
44,44,4,Came damaged :/,R1ZFSYRX6P76N8,https://www.amazon.com/gp/customer-reviews/R1ZFSYRX6P76N8/ref=cm_cr_arp_d_rvw_ttl?ie=UTF8&ASIN=B0CLY4ZYYL,One person found this helpful,"Reviewed in the United States on January 14, 2024",I like the stand but a few pieces came damaged and was hard to put together,True,Style: Sliding Barn Doors TV StandColor: White and Rustic,['https://m.media-amazon.com/images/I/61FceAPdZNL._SY88.jpg'],35,2913,828,https://www.amazon.com/product-reviews/B0CLY4ZYYL?pageNumber=4&filterByStar=all_stars&sortBy=helpful&formatType=all_formats,allStars,,"{'price': None, 'listPrice': None}",2024-01-14,United States,,B0CLY4ZYYL,-0.5719
45,45,4,"Nice, but some issues.",R11RB98A640BOJ,https://www.amazon.com/gp/customer-reviews/R11RB98A640BOJ/ref=cm_cr_arp_d_rvw_ttl?ie=UTF8&ASIN=B0CLY4ZYYL,2 people found this helpful,"Reviewed in the United States on December 30, 2023","The assembly took awhile, but the instructions were great. Absolutely love the piece, but the back panels are a little flimsy (but do the trick] and we had some dents and scratches.",True,Style: Barn Doors TV StandColor: Walnut,[],36,2913,828,https://www.amazon.com/product-reviews/B0CLY4ZYYL?pageNumber=4&filterByStar=all_stars&sortBy=helpful&formatType=all_formats,allStars,,"{'price': None, 'listPrice': None}",2023-12-30,United States,,B0CLY4ZYYL,0.9311
46,46,5,Nice TV stand,R2J6Z6P9UFPJ4L,https://www.amazon.com/gp/customer-reviews/R2J6Z6P9UFPJ4L/ref=cm_cr_arp_d_rvw_ttl?ie=UTF8&ASIN=B0CLY4ZYYL,,"Reviewed in the United States on February 18, 2024",Very good quality for what I paid. The directions were clear and it took me less than 30 mins to get it done. Color is true to pictures.,True,Style: Barn Doors TV StandColor: Gray Wash,[],37,2913,828,https://www.amazon.com/product-reviews/B0CLY4ZYYL?pageNumber=4&filterByStar=all_stars&sortBy=helpful&formatType=all_formats,allStars,,"{'price': None, 'listPrice': None}",2024-02-18,United States,,B0CLY4ZYYL,0.8221
47,47,5,very nice,R9V9CHVCHDPGC,https://www.amazon.com/gp/customer-reviews/R9V9CHVCHDPGC/ref=cm_cr_arp_d_rvw_ttl?ie=UTF8&ASIN=B0CLY4ZYYL,,"Reviewed in the United States on February 21, 2024","It took about 1.5 hours for my inclined fiancé & i to put together. Very nice sturdy product , no complaints .",True,Style: Sliding Barn Doors TV StandColor: White and Rustic,['https://m.media-amazon.com/images/I/71XFRMQ-+hL._SY88.jpg'],38,2913,828,https://www.amazon.com/product-reviews/B0CLY4ZYYL?pageNumber=4&filterByStar=all_stars&sortBy=helpful&formatType=all_formats,allStars,,"{'price': None, 'listPrice': None}",2024-02-21,United States,,B0CLY4ZYYL,-0.204
48,48,5,This is beautiful & looks exactly like picture.,R2BPF8L7H3OZGS,https://www.amazon.com/gp/customer-reviews/R2BPF8L7H3OZGS/ref=cm_cr_arp_d_rvw_ttl?ie=UTF8&ASIN=B0CLY4ZYYL,,"Reviewed in the United States on February 5, 2024",Looks & is described as picture. Took a little bit of time to put together but that was expected. Thankfully my husband can out together anything. Overall extremely happy with this tv stand plus the storage that comes with it. The price was also very reasonable.,True,Style: Sliding Barn Doors TV StandColor: White and Rustic,[],39,2913,828,https://www.amazon.com/product-reviews/B0CLY4ZYYL?pageNumber=4&filterByStar=all_stars&sortBy=helpful&formatType=all_formats,allStars,,"{'price': None, 'listPrice': None}",2024-02-05,United States,,B0CLY4ZYYL,0.8804
49,49,4,Nice But Damaged Corner,R32GYCGEGVFKR0,https://www.amazon.com/gp/customer-reviews/R32GYCGEGVFKR0/ref=cm_cr_arp_d_rvw_ttl?ie=UTF8&ASIN=B0CLY4ZYYL,7 people found this helpful,"Reviewed in the United States on November 10, 2023","The fireplace is very nice and looks amazing in my special area. The ease of putting it together, the easy to use functions, how it heats up the room and its beauty makes me happy. It was given four stars because of the damaged corner. We evaluated the other parts and noticed no other parts were damaged, so we continued the process of putting the fireplace together. I am very stickler about purchasing high ticketed products that arrives damaged. But all in all I'm happy!",True,,"['https://m.media-amazon.com/images/I/71KAAem3kCL._SY88.jpg', 'https://m.media-amazon.com/images/I/81dAGG+aTUL._SY88.jpg']",40,2913,828,https://www.amazon.com/product-reviews/B0CLY4ZYYL?pageNumber=4&filterByStar=all_stars&sortBy=helpful&formatType=all_formats,allStars,,"{'price': None, 'listPrice': None}",2023-11-10,United States,,B0CLY4ZYYL,0.9125
50,50,4,"Nice, but took forever to put together!",R23E13U2GLOZQR,https://www.amazon.com/gp/customer-reviews/R23E13U2GLOZQR/ref=cm_cr_arp_d_rvw_ttl?ie=UTF8&ASIN=B0CLY4ZYYL,4 people found this helpful,"Reviewed in the United States on September 13, 2023","First off, I LOVE the way it looks! It's functional and the sliding doors are awesome! BUT....if you're someone like me who isn't good at putting things together, this might be a challenge. I live alone and this took me 4 hours to put together by myself! I'm sure it'll take a lot less for others, though....maybe. I lost my patience at step 10, lol....might help to have someone help, but it's not impossible. Also, the directions say to put the black medal wheel pieces on the doors first then put them on the the black bar....yeeeeah, no. That didn't work for me, so I had to take them off and put the black medal wheel pieces on the bar THAN screw them to the doors...It's also really heavy.",True,,['https://m.media-amazon.com/images/I/61HGOaFHoFL._SY88.jpg'],41,2913,828,https://www.amazon.com/product-reviews/B0CLY4ZYYL?pageNumber=5&filterByStar=all_stars&sortBy=helpful&formatType=all_formats,allStars,,"{'price': None, 'listPrice': None}",2023-09-13,United States,,B0CLY4ZYYL,0.9286
51,51,3,Only one complaint about this TV stand,R3JITFO16Q9HTG,https://www.amazon.com/gp/customer-reviews/R3JITFO16Q9HTG/ref=cm_cr_arp_d_rvw_ttl?ie=UTF8&ASIN=B0CLY4ZYYL,,"Reviewed in the United States on March 5, 2024","And that is how the shelves in the left and right side does not have a groove for the pin to hold it in place.  A horrible oversight!!  I found out when I went to put the pieces in place.  So I can't return it.Be careful, if what I found is something that bothers you, you don't need to get this.  Try another one.That being said, it is very sturdy.",True,Style: Barn Doors TV StandColor: Gray Wash,[],42,2913,828,https://www.amazon.com/product-reviews/B0CLY4ZYYL?pageNumber=5&filterByStar=all_stars&sortBy=helpful&formatType=all_formats,allStars,,"{'price': None, 'listPrice': None}",2024-03-05,United States,,B0CLY4ZYYL,-0.7452
52,52,4,Looks like it'll work,R2ITGCJV1QWYZK,https://www.amazon.com/gp/customer-reviews/R2ITGCJV1QWYZK/ref=cm_cr_arp_d_rvw_ttl?ie=UTF8&ASIN=B0CLY4ZYYL,,"Reviewed in the United States on December 29, 2023",A couple places in the instructions were slightly confusing but no big deal.  After assembly it was fairly sturdy.,True,Style: Barn Doors TV StandColor: Walnut,[],43,2913,828,https://www.amazon.com/product-reviews/B0CLY4ZYYL?pageNumber=5&filterByStar=all_stars&sortBy=helpful&formatType=all_formats,allStars,,"{'price': None, 'listPrice': None}",2023-12-29,United States,,B0CLY4ZYYL,-0.4035
53,53,5,Tv stand,R2NADEGD0UFT87,https://www.amazon.com/gp/customer-reviews/R2NADEGD0UFT87/ref=cm_cr_arp_d_rvw_ttl?ie=UTF8&ASIN=B0CLY4ZYYL,,"Reviewed in the United States on December 13, 2023","The pic shows a washed grayWhen it comes it's more gray an very little washed look.Looks basically gray more then anythingMy daughter had already put together for me or I would have sent it back.I had to buy alot of new things just to match because they recommended a coffee table an I also bought n washed gray and it was so had to redecorate everything black, gray, white & black n white plaid now to match with also new rugs now to match it allI am happy with it other then thatIf you want gray an not washed I highly recommendIt's a beautiful TV stand just wish the color n pic was rightOverall it worked out once I redecorated everything lol",True,Style: Barn Doors TV StandColor: Gray Wash,[],44,2913,828,https://www.amazon.com/product-reviews/B0CLY4ZYYL?pageNumber=5&filterByStar=all_stars&sortBy=helpful&formatType=all_formats,allStars,,"{'price': None, 'listPrice': None}",2023-12-13,United States,,B0CLY4ZYYL,0.938
54,54,5,Very spacious,R260DKMBGOLRF8,https://www.amazon.com/gp/customer-reviews/R260DKMBGOLRF8/ref=cm_cr_arp_d_rvw_ttl?ie=UTF8&ASIN=B0CLY4ZYYL,,"Reviewed in the United States on March 2, 2024",I love the color,True,,[],45,2913,828,https://www.amazon.com/product-reviews/B0CLY4ZYYL?pageNumber=5&filterByStar=all_stars&sortBy=helpful&formatType=all_formats,allStars,,"{'price': None, 'listPrice': None}",2024-03-02,United States,,B0CLY4ZYYL,0.6369
55,55,5,"Really nice looking, doesn't look cheap!",R3UYRGIOWE1EUF,https://www.amazon.com/gp/customer-reviews/R3UYRGIOWE1EUF/ref=cm_cr_arp_d_rvw_ttl?ie=UTF8&ASIN=B0CLY4ZYYL,11 people found this helpful,"Reviewed in the United States on January 5, 2024","Great price for this stand, fits our new 65"" TV perfectly. Put it together mostly alone and under the 2 hr estimation, it was easy to assemble all the parts were numbered and lettered. Cam screws make it super easy to put together and get the pieces to fit. Found it weird that the middle back panel (the one with the hole) was split into two pieces, but you can't see it or tell when it's assembled and in use. Overall it looks really good and not cheap to me, it brings the living room together with the faux wood grain finish and the magnetic doors are perfect and work with ease.",True,Style: Barn Doors TV StandColor: Walnut,[],46,2913,828,https://www.amazon.com/product-reviews/B0CLY4ZYYL?pageNumber=5&filterByStar=all_stars&sortBy=helpful&formatType=all_formats,allStars,,"{'price': None, 'listPrice': None}",2024-01-05,United States,,B0CLY4ZYYL,0.9701
56,56,4,Item came damaged,R24248SNRLIK3T,https://www.amazon.com/gp/customer-reviews/R24248SNRLIK3T/ref=cm_cr_arp_d_rvw_ttl?ie=UTF8&ASIN=B0CLY4ZYYL,,"Reviewed in the United States on November 29, 2023",Upon opening product we noticed one of the wood panels had a crack. A little frustrating. Thankfully we had wood glue but would’ve been nice to get an item with no damage. Will come back for an updated review after building. Quality isn’t that great.,True,Style: Sliding Barn Doors TV StandColor: White and Rustic,['https://m.media-amazon.com/images/I/616N3KsloEL._SY88.jpg'],47,2913,828,https://www.amazon.com/product-reviews/B0CLY4ZYYL?pageNumber=5&filterByStar=all_stars&sortBy=helpful&formatType=all_formats,allStars,,"{'price': None, 'listPrice': None}",2023-11-29,United States,,B0CLY4ZYYL,0.4952
57,57,5,Perfect,RFZXV7K7K7DR8,https://www.amazon.com/gp/customer-reviews/RFZXV7K7K7DR8/ref=cm_cr_arp_d_rvw_ttl?ie=UTF8&ASIN=B0CLY4ZYYL,,"Reviewed in the United States on March 1, 2024",Good,True,,[],48,2913,828,https://www.amazon.com/product-reviews/B0CLY4ZYYL?pageNumber=5&filterByStar=all_stars&sortBy=helpful&formatType=all_formats,allStars,,"{'price': None, 'listPrice': None}",2024-03-01,United States,,B0CLY4ZYYL,0.4404
58,58,4,Looks really nice!,R3P826R47MH8YA,https://www.amazon.com/gp/customer-reviews/R3P826R47MH8YA/ref=cm_cr_arp_d_rvw_ttl?ie=UTF8&ASIN=B0CLY4ZYYL,3 people found this helpful,"Reviewed in the United States on October 28, 2023",It took a while to assemble due to all the pieces but there were no problems with assembly.  It looks really nice.  The only reason I am not giving 5 stars is due to the sliding doors being a bit 'rough' to move.  They do not glide smoothly.  That does not take away from the appearance and ability to use as desired!  I love it.,True,,[],49,2913,828,https://www.amazon.com/product-reviews/B0CLY4ZYYL?pageNumber=5&filterByStar=all_stars&sortBy=helpful&formatType=all_formats,allStars,,"{'price': None, 'listPrice': None}",2023-10-28,United States,,B0CLY4ZYYL,0.8371
59,59,5,Beautiful!,R18Y8B7341DSA4,https://www.amazon.com/gp/customer-reviews/R18Y8B7341DSA4/ref=cm_cr_arp_d_rvw_ttl?ie=UTF8&ASIN=B0CLY4ZYYL,,"Reviewed in the United States on February 17, 2024",This piece is beautiful! It wasn’t too hard to put it together. It came three days early! Seems sturdy!,True,Style: Sliding Barn Doors TV StandColor: White and Rustic,['https://m.media-amazon.com/images/I/71WiPfvjdmL._SY88.jpg'],50,2913,828,https://www.amazon.com/product-reviews/B0CLY4ZYYL?pageNumber=5&filterByStar=all_stars&sortBy=helpful&formatType=all_formats,allStars,,"{'price': None, 'listPrice': None}",2024-02-17,United States,,B0CLY4ZYYL,0.6571
60,60,4,TV stand,R3E7BAXJ83M075,https://www.amazon.com/gp/customer-reviews/R3E7BAXJ83M075/ref=cm_cr_arp_d_rvw_ttl?ie=UTF8&ASIN=B0CLY4ZYYL,5 people found this helpful,"Reviewed in the United States on September 1, 2023","Overall, this is a great TV stand, especially for the price. The color is really nice and we were not missing any pieces to put it together. The day after ordering it ""was shipped"" however the tracking information had no updates until 8 days later which was the delivery date. Took 2 hours to put together with 2 people.  I recommend a 2nd screwdriver and a drill and LOTS of patience. The instructions can be a little lacking on certain steps as well.I won't rate it 3 stars due to shipping, but 4 stars due to the ridiculous assembly time and difficulty towards the end.",True,Style: Barn Doors TV StandColor: Gray Wash,['https://m.media-amazon.com/images/I/81E-PQRP-ML._SY88.jpg'],61,2913,828,https://www.amazon.com/product-reviews/B0CLY4ZYYL?pageNumber=7&filterByStar=all_stars&sortBy=helpful&formatType=all_formats,allStars,,"{'price': None, 'listPrice': None}",2023-09-01,United States,,B0CLY4ZYYL,-0.1509
61,61,5,Absolutely love this!,R3EKMTSPX6GR0K,https://www.amazon.com/gp/customer-reviews/R3EKMTSPX6GR0K/ref=cm_cr_arp_d_rvw_ttl?ie=UTF8&ASIN=B0CLY4ZYYL,,"Reviewed in the United States on February 18, 2024",Very easy to put together and looks amazing,True,,['https://m.media-amazon.com/images/I/71Fjl6LrzRL._SY88.jpg'],62,2913,828,https://www.amazon.com/product-reviews/B0CLY4ZYYL?pageNumber=7&filterByStar=all_stars&sortBy=helpful&formatType=all_formats,allStars,,"{'price': None, 'listPrice': None}",2024-02-18,United States,,B0CLY4ZYYL,0.7902
62,62,5,Gorgeous,RBUON6FPNNI36,https://www.amazon.com/gp/customer-reviews/RBUON6FPNNI36/ref=cm_cr_arp_d_rvw_ttl?ie=UTF8&ASIN=B0CLY4ZYYL,,"Reviewed in the United States on February 19, 2024",Everyone loves it!  So pretty,True,Style: Barn Doors TV StandColor: Gray Wash,['https://m.media-amazon.com/images/I/71jCDwr8z8L._SY88.jpg'],63,2913,828,https://www.amazon.com/product-reviews/B0CLY4ZYYL?pageNumber=7&filterByStar=all_stars&sortBy=helpful&formatType=all_formats,allStars,,"{'price': None, 'listPrice': None}",2024-02-19,United States,,B0CLY4ZYYL,0.8169
63,63,4,Fantastico,R32164Q9OVFGX,https://www.amazon.com/gp/customer-reviews/R32164Q9OVFGX/ref=cm_cr_arp_d_rvw_ttl?ie=UTF8&ASIN=B0CLY4ZYYL,One person found this helpful,"Reviewed in the United States on November 12, 2023",Me fascino!  Daria 5 ⭐️ si no fuera porque el material es demasiado sencillo. No fue muy facil de armar. Esta muy corto. Pero bueno el precio tampoco es mucho. Asi que no me quejare,True,,['https://m.media-amazon.com/images/I/71LRXsTJ1HL._SY88.jpg'],64,2913,828,https://www.amazon.com/product-reviews/B0CLY4ZYYL?pageNumber=7&filterByStar=all_stars&sortBy=helpful&formatType=all_formats,allStars,,"{'price': None, 'listPrice': None}",2023-11-12,United States,,B0CLY4ZYYL,-0.7088
64,64,5,Very quick setup and worth the price!,R3FEE2VOKU8JGA,https://www.amazon.com/gp/customer-reviews/R3FEE2VOKU8JGA/ref=cm_cr_arp_d_rvw_ttl?ie=UTF8&ASIN=B0CLY4ZYYL,,"Reviewed in the United States on February 4, 2024",This entertainment center is absolutely amazing and it was super easy to put it altogether. The instructions were spot on step by step and it came together with ease.,True,Style: Barn Doors TV StandColor: Gray Wash,[],65,2913,828,https://www.amazon.com/product-reviews/B0CLY4ZYYL?pageNumber=7&filterByStar=all_stars&sortBy=helpful&formatType=all_formats,allStars,,"{'price': None, 'listPrice': None}",2024-02-04,United States,,B0CLY4ZYYL,0.945
65,65,4,Nice for TV,RRJPGEFS44F0J,https://www.amazon.com/gp/customer-reviews/RRJPGEFS44F0J/ref=cm_cr_arp_d_rvw_ttl?ie=UTF8&ASIN=B0CLY4ZYYL,,"Reviewed in the United States on November 1, 2023",I like the protective corners and the styling. It is a good piece of furniture for a TV and tuners or Blu Ray players and video gaming systems. The shelves are sturdy and it has holes in the back to run your cables. Good for the money.,True,Style: Barn Doors TV StandColor: Gray Wash,[],66,2913,828,https://www.amazon.com/product-reviews/B0CLY4ZYYL?pageNumber=7&filterByStar=all_stars&sortBy=helpful&formatType=all_formats,allStars,,"{'price': None, 'listPrice': None}",2023-11-01,United States,,B0CLY4ZYYL,0.8074
66,66,3,Fireplace too small,R5QTRW9WEVDPF,https://www.amazon.com/gp/customer-reviews/R5QTRW9WEVDPF/ref=cm_cr_arp_d_rvw_ttl?ie=UTF8&ASIN=B0CLY4ZYYL,,"Reviewed in the United States on March 24, 2024",When I tap on my order? It takes me to a completely different product. What is happening?,True,,"['https://m.media-amazon.com/images/I/61V77u9TqQL._SY88.jpg', 'https://m.media-amazon.com/images/I/71Q7abnerNL._SY88.jpg']",67,2913,828,https://www.amazon.com/product-reviews/B0CLY4ZYYL?pageNumber=7&filterByStar=all_stars&sortBy=helpful&formatType=all_formats,allStars,,"{'price': None, 'listPrice': None}",2024-03-24,United States,,B0CLY4ZYYL,0.0
67,67,5,Very Stylish!,R1IFQFAZIZLP5Y,https://www.amazon.com/gp/customer-reviews/R1IFQFAZIZLP5Y/ref=cm_cr_arp_d_rvw_ttl?ie=UTF8&ASIN=B0CLY4ZYYL,One person found this helpful,"Reviewed in the United States on January 26, 2024",We bought this for our new tv. It does take a while to assemble. Very easy to read instructions and the finished product looks great! Looks like a very expensive tv stand without the high price!,True,Style: Barn Doors TV StandColor: Gray Wash,[],68,2913,828,https://www.amazon.com/product-reviews/B0CLY4ZYYL?pageNumber=7&filterByStar=all_stars&sortBy=helpful&formatType=all_formats,allStars,,"{'price': None, 'listPrice': None}",2024-01-26,United States,,B0CLY4ZYYL,0.8854
68,68,3,heavy,R2X3QOZHRF2EOO,https://www.amazon.com/gp/customer-reviews/R2X3QOZHRF2EOO/ref=cm_cr_arp_d_rvw_ttl?ie=UTF8&ASIN=B0CLY4ZYYL,One person found this helpful,"Reviewed in the United States on February 11, 2024","could not believe how heavy the package was.  difficult to assemble but looks Beautiful once done, very sturdy.  The problem is the front doors do not fit properly, left door unable to even close, not sure what to do with it.  Will contact company for another to try...keeping my fingers crossed as it was a gift for my mom.",True,,[],69,2913,828,https://www.amazon.com/product-reviews/B0CLY4ZYYL?pageNumber=7&filterByStar=all_stars&sortBy=helpful&formatType=all_formats,allStars,,"{'price': None, 'listPrice': None}",2024-02-11,United States,,B0CLY4ZYYL,0.1018
69,69,5,Perfect,R1FMPEW9TAPJOP,https://www.amazon.com/gp/customer-reviews/R1FMPEW9TAPJOP/ref=cm_cr_arp_d_rvw_ttl?ie=UTF8&ASIN=B0CLY4ZYYL,One person found this helpful,"Reviewed in the United States on February 23, 2024",Love it,True,,['https://m.media-amazon.com/images/I/71ESRBnEAXL._SY88.jpg'],70,2913,828,https://www.amazon.com/product-reviews/B0CLY4ZYYL?pageNumber=7&filterByStar=all_stars&sortBy=helpful&formatType=all_formats,allStars,,"{'price': None, 'listPrice': None}",2024-02-23,United States,,B0CLY4ZYYL,0.6369
70,70,5,Love!,R3HVU7U2WLD0CT,https://www.amazon.com/gp/customer-reviews/R3HVU7U2WLD0CT/ref=cm_cr_arp_d_rvw_ttl?ie=UTF8&ASIN=B0CLY4ZYYL,,"Reviewed in the United States on March 17, 2024",This fireplace combo is fantastic. It looks great in the room. There was a bit of an issue with a noticeable dent or scrape on the front left door. I did speak with someone at Amazon who was fantastic and provided a credit back for the issue.,True,,[],11,2913,828,https://www.amazon.com/product-reviews/B0CLY4ZYYL?pageNumber=2&filterByStar=all_stars&sortBy=helpful&formatType=all_formats,allStars,,"{'price': None, 'listPrice': None}",2024-03-17,United States,,B0CLY4ZYYL,0.9393
71,71,4,Love it — don’t trust machine screws,R3PDMLD5HZAV9U,https://www.amazon.com/gp/customer-reviews/R3PDMLD5HZAV9U/ref=cm_cr_arp_d_rvw_ttl?ie=UTF8&ASIN=B0CLY4ZYYL,,"Reviewed in the United States on February 2, 2024","Love the finished product. Instructions were easy to follow. Could do almost every step with just one person. Two or three steps need two people.DON’T TRUST MACHINE SCREWS (item K)! The holes are not predrilled! They drilled through the laminate, but not into the wood, so your machine screws will take a lot of torque - and the head will either strip or screw right off if you don’t predrill the holes for machine screws. (Other screws are strong and don’t need any special attention.)",True,Style: Barn Doors TV StandColor: Gray Wash,[],12,2913,828,https://www.amazon.com/product-reviews/B0CLY4ZYYL?pageNumber=2&filterByStar=all_stars&sortBy=helpful&formatType=all_formats,allStars,,"{'price': None, 'listPrice': None}",2024-02-02,United States,,B0CLY4ZYYL,0.6702
72,72,5,Beautiful fireplace TV unit.,RBG0DYWQ55T61,https://www.amazon.com/gp/customer-reviews/RBG0DYWQ55T61/ref=cm_cr_arp_d_rvw_ttl?ie=UTF8&ASIN=B0CLY4ZYYL,One person found this helpful,"Reviewed in the United States on February 15, 2024",Ordered this for a 65 inch TV in our bedroom. Was looking for a unit to match the bedroom set! Received very well packaged so no damaged parts. Kudos to this company because packaging could be hit or miss. Great instructions for a change! Easy to put together just takes time but once it’s put together it is a beautiful piece of furniture! The fireplace works great and has beautiful display of flames and colors! The color of the unit is a greige shade and goes great with our bedroom set! It is accurate to what you see in the pictures on Amazon! Highly recommendHappy,True,,[],13,2913,828,https://www.amazon.com/product-reviews/B0CLY4ZYYL?pageNumber=2&filterByStar=all_stars&sortBy=helpful&formatType=all_formats,allStars,,"{'price': None, 'listPrice': None}",2024-02-15,United States,,B0CLY4ZYYL,0.9854
73,73,5,Tv stand,RQ6KVK3EFS087,https://www.amazon.com/gp/customer-reviews/RQ6KVK3EFS087/ref=cm_cr_arp_d_rvw_ttl?ie=UTF8&ASIN=B0CLY4ZYYL,,"Reviewed in the United States on April 1, 2024",I love the way this looks in my living room! Went together really easy.,True,,[],14,2913,828,https://www.amazon.com/product-reviews/B0CLY4ZYYL?pageNumber=2&filterByStar=all_stars&sortBy=helpful&formatType=all_formats,allStars,,"{'price': None, 'listPrice': None}",2024-04-01,United States,,B0CLY4ZYYL,0.8264
74,74,4,TV Stand,R1NOGMU9B5H8XF,https://www.amazon.com/gp/customer-reviews/R1NOGMU9B5H8XF/ref=cm_cr_arp_d_rvw_ttl?ie=UTF8&ASIN=B0CLY4ZYYL,,"Reviewed in the United States on February 26, 2024","Like the size, color and storage space.  Putting it together can be tricky.  Be careful with the sides.  Nice piece of furniture for the cost.",True,Style: Barn Doors TV StandColor: Gray Wash,[],15,2913,828,https://www.amazon.com/product-reviews/B0CLY4ZYYL?pageNumber=2&filterByStar=all_stars&sortBy=helpful&formatType=all_formats,allStars,,"{'price': None, 'listPrice': None}",2024-02-26,United States,,B0CLY4ZYYL,0.6486
75,75,4,Good👍🏼,R1FK5I9D2GI5G1,https://www.amazon.com/gp/customer-reviews/R1FK5I9D2GI5G1/ref=cm_cr_arp_d_rvw_ttl?ie=UTF8&ASIN=B0CLY4ZYYL,,"Reviewed in the United States on February 3, 2024","Works as a heater to heat my whole apartment, however I did put some things together wrongly. I would recommend paying super close attention to the directions. The two pieces the go around the fireplace are the same number so I either flipped them or put them in backwards😓 still looks great though and made it work!",True,,['https://m.media-amazon.com/images/I/61UkXbrxLoL._SY88.jpg'],16,2913,828,https://www.amazon.com/product-reviews/B0CLY4ZYYL?pageNumber=2&filterByStar=all_stars&sortBy=helpful&formatType=all_formats,allStars,,"{'price': None, 'listPrice': None}",2024-02-03,United States,,B0CLY4ZYYL,0.902
76,76,5,Tv stand,R2YM7KZHLU9YJW,https://www.amazon.com/gp/customer-reviews/R2YM7KZHLU9YJW/ref=cm_cr_arp_d_rvw_ttl?ie=UTF8&ASIN=B0CLY4ZYYL,,"Reviewed in the United States on March 28, 2024",I really love it.. Easy to put together.. And fast shipping.. Love it,True,Style: Barn Doors TV StandColor: Gray Wash,[],17,2913,828,https://www.amazon.com/product-reviews/B0CLY4ZYYL?pageNumber=2&filterByStar=all_stars&sortBy=helpful&formatType=all_formats,allStars,,"{'price': None, 'listPrice': None}",2024-03-28,United States,,B0CLY4ZYYL,0.9162
77,77,5,Perfection,R1AERCQ3EU9X1C,https://www.amazon.com/gp/customer-reviews/R1AERCQ3EU9X1C/ref=cm_cr_arp_d_rvw_ttl?ie=UTF8&ASIN=B0CLY4ZYYL,,"Reviewed in the United States on April 4, 2024",Love the product!!!!!!!!,True,Style: Sliding Barn Doors TV StandColor: Grey,[],18,2913,828,https://www.amazon.com/product-reviews/B0CLY4ZYYL?pageNumber=2&filterByStar=all_stars&sortBy=helpful&formatType=all_formats,allStars,,"{'price': None, 'listPrice': None}",2024-04-04,United States,,B0CLY4ZYYL,0.7482
78,78,5,Very nice TV stand,R244DMZPKQHUAJ,https://www.amazon.com/gp/customer-reviews/R244DMZPKQHUAJ/ref=cm_cr_arp_d_rvw_ttl?ie=UTF8&ASIN=B0CLY4ZYYL,,"Reviewed in the United States on March 29, 2024",Very nice TV stand,True,Style: Barn Doors TV StandColor: Gray Wash,[],19,2913,828,https://www.amazon.com/product-reviews/B0CLY4ZYYL?pageNumber=2&filterByStar=all_stars&sortBy=helpful&formatType=all_formats,allStars,,"{'price': None, 'listPrice': None}",2024-03-29,United States,,B0CLY4ZYYL,0.4754
79,79,5,Great purchase,R2A6DAPGYT8VTO,https://www.amazon.com/gp/customer-reviews/R2A6DAPGYT8VTO/ref=cm_cr_arp_d_rvw_ttl?ie=UTF8&ASIN=B0CLY4ZYYL,,"Reviewed in the United States on March 25, 2024",It fit so good and I love it,True,,[],20,2913,828,https://www.amazon.com/product-reviews/B0CLY4ZYYL?pageNumber=2&filterByStar=all_stars&sortBy=helpful&formatType=all_formats,allStars,,"{'price': None, 'listPrice': None}",2024-03-25,United States,,B0CLY4ZYYL,0.8935
80,80,5,great,R1QYKTWPG07QEL,https://www.amazon.com/gp/customer-reviews/R1QYKTWPG07QEL/ref=cm_cr_arp_d_rvw_ttl?ie=UTF8&ASIN=B0CLY4ZYYL,,"Reviewed in the United States on January 14, 2024","I love this inexpensive piece.  I was able to install this product by myself, I did not think I could.  I was able to lift it by myself too, easy, took my time and each step slowly.  Love this-",True,,[],81,2913,828,https://www.amazon.com/product-reviews/B0CLY4ZYYL?pageNumber=9&filterByStar=all_stars&sortBy=helpful&formatType=all_formats,allStars,,"{'price': None, 'listPrice': None}",2024-01-14,United States,,B0CLY4ZYYL,0.9062
81,81,4,Great look for price point,R1E57C9Y27H6YZ,https://www.amazon.com/gp/customer-reviews/R1E57C9Y27H6YZ/ref=cm_cr_arp_d_rvw_ttl?ie=UTF8&ASIN=B0CLY4ZYYL,9 people found this helpful,"Reviewed in the United States on May 31, 2023","This media stand is a nice, affordable piece. I put it together by myself. The instructions were mostly photos and they were fair. Some pieces it was hard to tell which was the front or back of the unit. I left out the back board because I don’t like those  big circle cut outs for cords. The top part was flimsy as well. I don’t believe it takes anything away from the look. One piece arrived with a small chip. It is on the right side towards the back at the bottom. You would really have to look to notice. It was not worth it for me to return. Overall this is a medium weight TV stand that should last with care.",True,,"['https://m.media-amazon.com/images/I/71UUhOFUP2L._SY88.jpg', 'https://m.media-amazon.com/images/I/71XnHUrQeXL._SY88.jpg', 'https://m.media-amazon.com/images/I/81eCfT129SL._SY88.jpg']",82,2913,828,https://www.amazon.com/product-reviews/B0CLY4ZYYL?pageNumber=9&filterByStar=all_stars&sortBy=helpful&formatType=all_formats,allStars,,"{'price': None, 'listPrice': None}",2023-05-31,United States,,B0CLY4ZYYL,0.8602
82,82,3,Not terrible.....,R1XNMQV2UD3I4V,https://www.amazon.com/gp/customer-reviews/R1XNMQV2UD3I4V/ref=cm_cr_arp_d_rvw_ttl?ie=UTF8&ASIN=B0CLY4ZYYL,,"Reviewed in the United States on January 5, 2024","I give this stand a 3 star for good reasons. To start, it arrived in good shape, no damage. Went together nicely and looks really nice for the price. I knocked stars off because the images clearly show records standing up on the bottom shelf,  but I proved they don't fit. I stored mine behind the sliding door and had to drill new holes higher up to get the records to stand. Then it shows a record player on the shelf...... yet I had to cut the back out to get mine to fit...",True,Style: Sliding Barn Doors TV StandColor: White and Rustic,"['https://m.media-amazon.com/images/I/61H32qmYQXL._SY88.jpg', 'https://m.media-amazon.com/images/I/61q2sLs5zLL._SY88.jpg', 'https://m.media-amazon.com/images/I/71vE-ReeokL._SY88.jpg']",83,2913,828,https://www.amazon.com/product-reviews/B0CLY4ZYYL?pageNumber=9&filterByStar=all_stars&sortBy=helpful&formatType=all_formats,allStars,,"{'price': None, 'listPrice': None}",2024-01-05,United States,,B0CLY4ZYYL,-0.0692
83,83,4,Would be a 5/5 if it didn’t have damage to it,R2GYELNI42BXV3,https://www.amazon.com/gp/customer-reviews/R2GYELNI42BXV3/ref=cm_cr_arp_d_rvw_ttl?ie=UTF8&ASIN=B0CLY4ZYYL,One person found this helpful,"Reviewed in the United States on October 17, 2023",Love it overall however the top piece of mine did have a pretty significant damaged indent into the wood. I understand this could have been from transporting however it isn’t on a corner where you would typically see issues like that if it was from transporting.,True,,[],84,2913,828,https://www.amazon.com/product-reviews/B0CLY4ZYYL?pageNumber=9&filterByStar=all_stars&sortBy=helpful&formatType=all_formats,allStars,,"{'price': None, 'listPrice': None}",2023-10-17,United States,,B0CLY4ZYYL,0.8625
84,84,4,Love it,R3RRED51MVE30M,https://www.amazon.com/gp/customer-reviews/R3RRED51MVE30M/ref=cm_cr_arp_d_rvw_ttl?ie=UTF8&ASIN=B0CLY4ZYYL,,"Reviewed in the United States on October 30, 2023","Easy to assemble, another set of hands would have been helpful but I was able to get it done myself!",True,Style: Barn Doors TV StandColor: Gray Wash,[],85,2913,828,https://www.amazon.com/product-reviews/B0CLY4ZYYL?pageNumber=9&filterByStar=all_stars&sortBy=helpful&formatType=all_formats,allStars,,"{'price': None, 'listPrice': None}",2023-10-30,United States,,B0CLY4ZYYL,0.484
85,85,5,It was worth the price,R37HCXWFC6H5E6,https://www.amazon.com/gp/customer-reviews/R37HCXWFC6H5E6/ref=cm_cr_arp_d_rvw_ttl?ie=UTF8&ASIN=B0CLY4ZYYL,16 people found this helpful,"Reviewed in the United States on March 14, 2023","So I received this I believe last Friday the only thing that was a bit concerning there was rip at the bottom of the box when it got here I was hoping all pieces wore there and thanks the lord all 20+ pieces wore there. So before I begin to put the pieces together as I mention I count the pieces lay them down by the wall where it will stand and me and my daughter studied the manule making sure every pieces go where they should go and I try using my drill to begin and to be honest it was not need it I was afraid it would Crack the wood, I used a regular screw driver and it worked so well that way. Also you will need another person with you to put it together and for sure it's way much faster that way. The screws  are mostly based on CAM LOCKS, tiny woods and regular screws the holes are already all set for you. The wood is very heavy and sturdy so be very careful I don't recommend any pets or children around. In the manule it saids it takes 1hr20min but it all depends how two heads work together, I was very impressed on how me and my 16 yr old tackle this stand we wore so proud, she learns from the best. So yeah I am in love with this stand I mean for about $170.00 US dollars comparing to a $500.00 for a this beautiful tv stand is well worth it if your looking for a farm style tv stand I recommend it",True,,"['https://m.media-amazon.com/images/I/61io3ZdTJ-L._SY88.jpg', 'https://m.media-amazon.com/images/I/61sbwbyoBVL._SY88.jpg']",86,2913,828,https://www.amazon.com/product-reviews/B0CLY4ZYYL?pageNumber=9&filterByStar=all_stars&sortBy=helpful&formatType=all_formats,allStars,,"{'price': None, 'listPrice': None}",2023-03-14,United States,,B0CLY4ZYYL,0.9923
86,86,3,Heater,RIOTDUY3HGE3I,https://www.amazon.com/gp/customer-reviews/RIOTDUY3HGE3I/ref=cm_cr_arp_d_rvw_ttl?ie=UTF8&ASIN=B0CLY4ZYYL,,"Reviewed in the United States on March 9, 2024",Recommend but doesn’t change color,True,,[],87,2913,828,https://www.amazon.com/product-reviews/B0CLY4ZYYL?pageNumber=9&filterByStar=all_stars&sortBy=helpful&formatType=all_formats,allStars,,"{'price': None, 'listPrice': None}",2024-03-09,United States,,B0CLY4ZYYL,0.1901
87,87,5,Love it!,R3DO09R7X74CRC,https://www.amazon.com/gp/customer-reviews/R3DO09R7X74CRC/ref=cm_cr_arp_d_rvw_ttl?ie=UTF8&ASIN=B0CLY4ZYYL,2 people found this helpful,"Reviewed in the United States on December 4, 2023",It’s well worth the money. The fireplace works so well. I love the remote that comes with it. The piece is very sturdy and well made. Be prepared to block out at least 3 hours of your day and have a power drill handy because it is somewhat of a beast to assemble. But it’s worth it in the end,True,,['https://m.media-amazon.com/images/I/71+0czK7buL._SY88.jpg'],88,2913,828,https://www.amazon.com/product-reviews/B0CLY4ZYYL?pageNumber=9&filterByStar=all_stars&sortBy=helpful&formatType=all_formats,allStars,,"{'price': None, 'listPrice': None}",2023-12-04,United States,,B0CLY4ZYYL,0.771
88,88,5,Just do it !,R3BK1DLPZTEWR0,https://www.amazon.com/gp/customer-reviews/R3BK1DLPZTEWR0/ref=cm_cr_arp_d_rvw_ttl?ie=UTF8&ASIN=B0CLY4ZYYL,2 people found this helpful,"Reviewed in the United States on December 22, 2023","You guys I love it!It looks amazing!Only complaint is it toook forever.I don’t think it has anything to do with the product. I just think if you don’t typically put things together, it might take longer.And 2 screws were missing. but it wasn’t a big deal. I had some left over from a different project. Over all ver very impressed!",True,Style: Sliding Barn Doors TV StandColor: White and Rustic,"['https://m.media-amazon.com/images/I/71DEbG-tlQL._SY88.jpg', 'https://m.media-amazon.com/images/I/71zL3njXSvL._SY88.jpg']",89,2913,828,https://www.amazon.com/product-reviews/B0CLY4ZYYL?pageNumber=9&filterByStar=all_stars&sortBy=helpful&formatType=all_formats,allStars,,"{'price': None, 'listPrice': None}",2023-12-22,United States,,B0CLY4ZYYL,0.748
89,89,5,Love it!,RG61YILZ0HBN9,https://www.amazon.com/gp/customer-reviews/RG61YILZ0HBN9/ref=cm_cr_arp_d_rvw_ttl?ie=UTF8&ASIN=B0CLY4ZYYL,One person found this helpful,"Reviewed in the United States on January 29, 2024","I love the look and how sturdy it is, it has plenty of storage space as well. Very easy to assemble!",True,Style: Barn Doors TV StandColor: Gray Wash,"['https://m.media-amazon.com/images/I/7116MjRRzIL._SY88.jpg', 'https://m.media-amazon.com/images/I/71nycNBzSnL._SY88.jpg', 'https://m.media-amazon.com/images/I/71uFQ+6Cn+L._SY88.jpg']",90,2913,828,https://www.amazon.com/product-reviews/B0CLY4ZYYL?pageNumber=9&filterByStar=all_stars&sortBy=helpful&formatType=all_formats,allStars,,"{'price': None, 'listPrice': None}",2024-01-29,United States,,B0CLY4ZYYL,0.8685
