,Unnamed: 0,ratingScore,reviewTitle,reviewId,reviewUrl,reviewReaction,reviewedIn,reviewDescription,isVerified,variant,reviewImages,position,totalCategoryRatings,totalCategoryReviews,reviewCategoryUrl,filterByRating,filterByKeyword,product,date,country,countryCode,productAsin,sentiment_score
0,0,5,Good Value for the price,R3C6JNK9A93B9Z,https://www.amazon.com/gp/customer-reviews/R3C6JNK9A93B9Z/ref=cm_cr_arp_d_rvw_ttl?ie=UTF8&ASIN=B0CMH2VF8R,,"Reviewed in the United States on March 3, 2024","We bought this for our front porch.  Although some of the screws were difficult to get in, overall it assembled fairly easily.  My main, perhaps only, real negative thought about it is the inadequacy of the instructions.  They are almost useless.",True,Color: BlackStyle: Bistro Rocking Chairs,[],1,41,19,https://www.amazon.com/product-reviews/B0CMH2VF8R?pageNumber=1&filterByStar=all_stars&sortBy=helpful&formatType=all_formats,allStars,,"{'price': None, 'listPrice': None}",2024-03-03,United States,,B0CMH2VF8R,-0.8752
1,1,3,Assembly was hard,RHTJLO9O87BYD,https://www.amazon.com/gp/customer-reviews/RHTJLO9O87BYD/ref=cm_cr_arp_d_rvw_ttl?ie=UTF8&ASIN=B0CMH2VF8R,One person found this helpful,"Reviewed in the United States on January 6, 2024",Assembly was really hard and one of the screws came stripped but other than that these are really good chairs and they look really nice,True,Color: BlackStyle: Bistro Chairs,[],2,41,19,https://www.amazon.com/product-reviews/B0CMH2VF8R?pageNumber=1&filterByStar=all_stars&sortBy=helpful&formatType=all_formats,allStars,,"{'price': None, 'listPrice': None}",2024-01-06,United States,,B0CMH2VF8R,0.8216
2,2,5,Great product,R12VLNFM0VI4CR,https://www.amazon.com/gp/customer-reviews/R12VLNFM0VI4CR/ref=cm_cr_arp_d_rvw_ttl?ie=UTF8&ASIN=B0CMH2VF8R,,"Reviewed in the United States on March 4, 2024",Easy to put together,True,Color: BlackStyle: Bistro Rocking Chairs,[],3,41,19,https://www.amazon.com/product-reviews/B0CMH2VF8R?pageNumber=1&filterByStar=all_stars&sortBy=helpful&formatType=all_formats,allStars,,"{'price': None, 'listPrice': None}",2024-03-04,United States,,B0CMH2VF8R,0.4404
3,3,4,Style,R20XJ4B347HHTD,https://www.amazon.com/gp/customer-reviews/R20XJ4B347HHTD/ref=cm_cr_arp_d_rvw_ttl?ie=UTF8&ASIN=B0CMH2VF8R,One person found this helpful,"Reviewed in the United States on January 18, 2024",My package arrived even earlier than expected.  It was very easy to assemble and most of all very attractive.  It brings a new look to my little space.  It's very comfortable and stylish. Perfect for small spaces.,True,Color: BlackStyle: Bistro Rocking Chairs,[],4,41,19,https://www.amazon.com/product-reviews/B0CMH2VF8R?pageNumber=1&filterByStar=all_stars&sortBy=helpful&formatType=all_formats,allStars,,"{'price': None, 'listPrice': None}",2024-01-18,United States,,B0CMH2VF8R,0.9284
4,4,5,Great set,R1NP791N1PK0XG,https://www.amazon.com/gp/customer-reviews/R1NP791N1PK0XG/ref=cm_cr_arp_d_rvw_ttl?ie=UTF8&ASIN=B0CMH2VF8R,,"Reviewed in the United States on March 11, 2024","I bought this set for my son, this past Christmas and he loves it! His only problem is that he lives on the 11th floor and one of his cushions blew away. I don’t know where to purchase another one . I give it 5 stars",True,Color: BlackStyle: Bistro Rocking Chairs,[],5,41,19,https://www.amazon.com/product-reviews/B0CMH2VF8R?pageNumber=1&filterByStar=all_stars&sortBy=helpful&formatType=all_formats,allStars,,"{'price': None, 'listPrice': None}",2024-03-11,United States,,B0CMH2VF8R,0.3164
5,5,1,Missing Key Parts  and No Way to Contact Sellet,R7VB9K8WYSM8E,https://www.amazon.com/gp/customer-reviews/R7VB9K8WYSM8E/ref=cm_cr_arp_d_rvw_ttl?ie=UTF8&ASIN=B0CMH2VF8R,,"Reviewed in the United States on December 29, 2023","the set is decent for the price.  reasonably easy to assemble.  however, it’s missing several essential screws and one of the rods that provides bank support.  doesn’t seem to be any way to get these missing items sent to me.  only option seems to be trying to return the set.  what a hassle….i already paid someone to assemble what could be done.  now i guess i’ll have to pay them to disassemble and repackage in the shopping box.  it’s too heavy for me to carry so i’ll have to pay someone to physical pick up and return.  such a hassle.  i like the set and was initially excited to get it.  now only to open and find that it’s going to be such a process for something that should have been so simple.  disappointed with this purchase and seller whoever it is.",True,Color: BlackStyle: Bistro Rocking Chairs,[],6,41,19,https://www.amazon.com/product-reviews/B0CMH2VF8R?pageNumber=1&filterByStar=all_stars&sortBy=helpful&formatType=all_formats,allStars,,"{'price': None, 'listPrice': None}",2023-12-29,United States,,B0CMH2VF8R,-0.0202
6,6,5,Awesome,RO06KYA7M5CN1,https://www.amazon.com/gp/customer-reviews/RO06KYA7M5CN1/ref=cm_cr_arp_d_rvw_ttl?ie=UTF8&ASIN=B0CMH2VF8R,,"Reviewed in the United States on February 16, 2024",I am a big guy 260+ my full grown cane corso jumped up on my while I was sitting and the chair didn’t budge! Very Sturdy! Would recommend!,True,Color: GreyStyle: Bistro Rocking Chairs,[],7,41,19,https://www.amazon.com/product-reviews/B0CMH2VF8R?pageNumber=1&filterByStar=all_stars&sortBy=helpful&formatType=all_formats,allStars,,"{'price': None, 'listPrice': None}",2024-02-16,United States,,B0CMH2VF8R,0.5632
7,7,3,Nice,R34ZRU42OQR9CX,https://www.amazon.com/gp/customer-reviews/R34ZRU42OQR9CX/ref=cm_cr_arp_d_rvw_ttl?ie=UTF8&ASIN=B0CMH2VF8R,,"Reviewed in the United States on March 7, 2024","The chairs and table look beautiful , only that it’s not that high but sit low . The back is kinda flimsy but overall their nice and good for the price",True,Color: BlackStyle: Bistro Chairs,[],8,41,19,https://www.amazon.com/product-reviews/B0CMH2VF8R?pageNumber=1&filterByStar=all_stars&sortBy=helpful&formatType=all_formats,allStars,,"{'price': None, 'listPrice': None}",2024-03-07,United States,,B0CMH2VF8R,0.81
8,8,4,Very nice,R3TF84SDQPFBA4,https://www.amazon.com/gp/customer-reviews/R3TF84SDQPFBA4/ref=cm_cr_arp_d_rvw_ttl?ie=UTF8&ASIN=B0CMH2VF8R,,"Reviewed in the United States on February 25, 2024",One screw was missing but still worked well,True,Color: BlackStyle: Bistro Chairs,[],9,41,19,https://www.amazon.com/product-reviews/B0CMH2VF8R?pageNumber=1&filterByStar=all_stars&sortBy=helpful&formatType=all_formats,allStars,,"{'price': None, 'listPrice': None}",2024-02-25,United States,,B0CMH2VF8R,0.2144
9,9,4,Missing part,R3GZXLPAJZEE7,https://www.amazon.com/gp/customer-reviews/R3GZXLPAJZEE7/ref=cm_cr_arp_d_rvw_ttl?ie=UTF8&ASIN=B0CMH2VF8R,,"Reviewed in the United States on December 10, 2023","Upon arrival, there was a hole in the box. During assembly, we noticed that there was a piece missing. It was one of the ""Part 0"" pieces that we think fell out of the hole in the box, we have the other three of that part. Great set other than the missing piece!",True,Color: BlackStyle: Bistro Rocking Chairs,[],10,41,19,https://www.amazon.com/product-reviews/B0CMH2VF8R?pageNumber=1&filterByStar=all_stars&sortBy=helpful&formatType=all_formats,allStars,,"{'price': None, 'listPrice': None}",2023-12-10,United States,,B0CMH2VF8R,0.2481
10,10,5,Just as discribe.,R3N9ZL6D4UIAF7,https://www.amazon.com/gp/customer-reviews/R3N9ZL6D4UIAF7/ref=cm_cr_arp_d_rvw_ttl?ie=UTF8&ASIN=B0CMH2VF8R,,"Reviewed in the United States on March 17, 2024",,True,Color: BlackStyle: Bistro Rocking Chairs,['https://m.media-amazon.com/images/I/71QaQLUXOOL._SY88.jpg'],11,41,19,https://www.amazon.com/product-reviews/B0CMH2VF8R?pageNumber=2&filterByStar=all_stars&sortBy=helpful&formatType=all_formats,allStars,,"{'price': None, 'listPrice': None}",2024-03-17,United States,,B0CMH2VF8R,0.0
11,11,3,Check height before ordering,R3IUQOETLE0F1W,https://www.amazon.com/gp/customer-reviews/R3IUQOETLE0F1W/ref=cm_cr_arp_d_rvw_ttl?ie=UTF8&ASIN=B0CMH2VF8R,,"Reviewed in the United States on March 26, 2024",The chairs were to short not tall enough for long legged persons. Durable and eye applying.,True,Color: BlackStyle: Bistro Rocking Chairs,[],12,41,19,https://www.amazon.com/product-reviews/B0CMH2VF8R?pageNumber=2&filterByStar=all_stars&sortBy=helpful&formatType=all_formats,allStars,,"{'price': None, 'listPrice': None}",2024-03-26,United States,,B0CMH2VF8R,0.0
12,12,4,Me encanta 😻 pero tengo una inquietud,R381AZOZN6UTPY,https://www.amazon.com/gp/customer-reviews/R381AZOZN6UTPY/ref=cm_cr_arp_d_rvw_ttl?ie=UTF8&ASIN=B0CMH2VF8R,2 people found this helpful,"Reviewed in the United States on November 16, 2023","Bellísimo I love it ✨. En la parte de los asientos, debajo hay como un cuadrito el cual parece estar roto, debe ser asi a propósito o se quebró esa parte ? Ambos lo tiene",True,Color: BlackStyle: Bistro Rocking Chairs,"['https://m.media-amazon.com/images/I/71Xcku2zjRL._SY88.jpg', 'https://m.media-amazon.com/images/I/71y2EHLrMZL._SY88.jpg']",13,41,19,https://www.amazon.com/product-reviews/B0CMH2VF8R?pageNumber=2&filterByStar=all_stars&sortBy=helpful&formatType=all_formats,allStars,,"{'price': None, 'listPrice': None}",2023-11-16,United States,,B0CMH2VF8R,0.6369
13,13,4,Pretty good quality furniture. Frustrating installment of screws,R11UWN7R2SPOZK,https://www.amazon.com/gp/customer-reviews/R11UWN7R2SPOZK/ref=cm_cr_arp_d_rvw_ttl?ie=UTF8&ASIN=B0CMH2VF8R,One person found this helpful,"Reviewed in the United States on November 3, 2023","After building it, the quality is pretty good for the price. However, a lot of the pre-drilled holes were a little hard to work with. Some angles were difficult to reach.",True,Color: WhiteStyle: Bistro Chairs,[],14,41,19,https://www.amazon.com/product-reviews/B0CMH2VF8R?pageNumber=2&filterByStar=all_stars&sortBy=helpful&formatType=all_formats,allStars,,"{'price': None, 'listPrice': None}",2023-11-03,United States,,B0CMH2VF8R,0.5563
14,14,3,Terrible predrilled holes,R3SD1H0XC72FSC,https://www.amazon.com/gp/customer-reviews/R3SD1H0XC72FSC/ref=cm_cr_arp_d_rvw_ttl?ie=UTF8&ASIN=B0CMH2VF8R,,"Reviewed in the United States on February 14, 2024","The pre drilled holes were hard to work with, it will do the job. It’s ok",True,Color: BlackStyle: Bistro Chairs,[],15,41,19,https://www.amazon.com/product-reviews/B0CMH2VF8R?pageNumber=2&filterByStar=all_stars&sortBy=helpful&formatType=all_formats,allStars,,"{'price': None, 'listPrice': None}",2024-02-14,United States,,B0CMH2VF8R,0.2023
15,15,5,Beautiful set,R1PD38YYKY6QFM,https://www.amazon.com/gp/customer-reviews/R1PD38YYKY6QFM/ref=cm_cr_arp_d_rvw_ttl?ie=UTF8&ASIN=B0CMH2VF8R,,"Reviewed in the United States on January 9, 2024","This is a beautiful, durable set that lasts and holds up to any weather",True,Color: BlackStyle: Bistro Rocking Chairs,[],16,41,19,https://www.amazon.com/product-reviews/B0CMH2VF8R?pageNumber=2&filterByStar=all_stars&sortBy=helpful&formatType=all_formats,allStars,,"{'price': None, 'listPrice': None}",2024-01-09,United States,,B0CMH2VF8R,0.5994
16,16,5,Padio Furniture,R31GN300TOJCZM,https://www.amazon.com/gp/customer-reviews/R31GN300TOJCZM/ref=cm_cr_arp_d_rvw_ttl?ie=UTF8&ASIN=B0CMH2VF8R,One person found this helpful,"Reviewed in the United States on December 10, 2023",Easy to install. Comfortable to sit on. Would not use impact drill to put it together. They are Allen key heads on the screw and strip easily.,True,Color: BlackStyle: Bistro Rocking Chairs,[],17,41,19,https://www.amazon.com/product-reviews/B0CMH2VF8R?pageNumber=2&filterByStar=all_stars&sortBy=helpful&formatType=all_formats,allStars,,"{'price': None, 'listPrice': None}",2023-12-10,United States,,B0CMH2VF8R,0.802
17,17,5,Comfortable and attractive,R199BMJ4OVWT7,https://www.amazon.com/gp/customer-reviews/R199BMJ4OVWT7/ref=cm_cr_arp_d_rvw_ttl?ie=UTF8&ASIN=B0CMH2VF8R,3 people found this helpful,"Reviewed in the United States on October 21, 2023",Bought this set for my grandson’s new apartment balcony. Perfect size for the space and he had no problem with assembling. He said the rockers are comfortable,True,Color: GreyStyle: Bistro Rocking Chairs,[],18,41,19,https://www.amazon.com/product-reviews/B0CMH2VF8R?pageNumber=2&filterByStar=all_stars&sortBy=helpful&formatType=all_formats,allStars,,"{'price': None, 'listPrice': None}",2023-10-21,United States,,B0CMH2VF8R,0.4767
18,18,1,Very tiny.,R1C3TSSNB9YU6I,https://www.amazon.com/gp/customer-reviews/R1C3TSSNB9YU6I/ref=cm_cr_arp_d_rvw_ttl?ie=UTF8&ASIN=B0CMH2VF8R,,"Reviewed in the United States on February 29, 2024",Trashed it immediately,True,Color: BlackStyle: Bistro Rocking Chairs,[],19,41,19,https://www.amazon.com/product-reviews/B0CMH2VF8R?pageNumber=2&filterByStar=all_stars&sortBy=helpful&formatType=all_formats,allStars,,"{'price': None, 'listPrice': None}",2024-02-29,United States,,B0CMH2VF8R,0.0
