,Unnamed: 0,ratingScore,reviewTitle,reviewId,reviewUrl,reviewReaction,reviewedIn,reviewDescription,isVerified,variant,reviewImages,position,totalCategoryRatings,totalCategoryReviews,reviewCategoryUrl,filterByRating,filterByKeyword,product,date,country,countryCode,productAsin,sentiment_score
0,0,5,Overall great product.,R2N7YQEL4EQ38L,https://www.amazon.com/gp/customer-reviews/R2N7YQEL4EQ38L/ref=cm_cr_arp_d_rvw_ttl?ie=UTF8&ASIN=B0CNTR3CNV,,"Reviewed in the United States on March 27, 2024",They are clear so I feel like they work well with my white cabinets. The stick very well and its very good pricing for the amount that you get.,True,"Material Type: ClearSize: 128 Pcs - 0.5"" x 0.14""",[],1,6025,457,https://www.amazon.com/product-reviews/B0CNTR3CNV?pageNumber=1&filterByStar=all_stars&sortBy=helpful&formatType=all_formats,allStars,,"{'price': None, 'listPrice': None}",2024-03-27,United States,,B0CNTR3CNV,0.895
1,1,5,Perfectly wonderful and super to use,R2P8NV0CDL8SY9,https://www.amazon.com/gp/customer-reviews/R2P8NV0CDL8SY9/ref=cm_cr_arp_d_rvw_ttl?ie=UTF8&ASIN=B0CNTR3CNV,,"Reviewed in the United States on March 27, 2024",Just had my upper and lower cabinets refinished and of course the old bumpers had to be removed in order to properly refinish the doors.  The new bumpers were easily placed and did a superb job on the drawers as well.,True,"Material Type: ClearSize: 128 Pcs - 0.5"" x 0.14""",[],2,6025,457,https://www.amazon.com/product-reviews/B0CNTR3CNV?pageNumber=1&filterByStar=all_stars&sortBy=helpful&formatType=all_formats,allStars,,"{'price': None, 'listPrice': None}",2024-03-27,United States,,B0CNTR3CNV,0.7506
2,2,4,"They work, but I wish they were softer",R3LD36FCWQ6JEI,https://www.amazon.com/gp/customer-reviews/R3LD36FCWQ6JEI/ref=cm_cr_arp_d_rvw_ttl?ie=UTF8&ASIN=B0CNTR3CNV,,"Reviewed in the United States on February 11, 2024","The felt pads on my 35 year old cabinets were compressed to the point that they weren't working. Drawers and doors made a loud SLAM sound and bounced back open if I closed them carelessly. I wanted them to close more quietly and with less recoil.  These pads help with this, cutting the noise in half and reducing the amount of recoil. But I wonder: Would new felt pads be quieter and show less bounce?  The Vellax pads are made of stiff plastic. They do deaden the sound, but a softer plastic might work better.  I removed the old pads by scraping with a straight-blade Exacto knife, and the new pads do stick well.",True,"Material Type: ClearSize: 128 Pcs - 0.5"" x 0.14""",[],3,6025,457,https://www.amazon.com/product-reviews/B0CNTR3CNV?pageNumber=1&filterByStar=all_stars&sortBy=helpful&formatType=all_formats,allStars,,"{'price': None, 'listPrice': None}",2024-02-11,United States,,B0CNTR3CNV,0.6634
3,3,5,Good Quality,RD2YM5ZZFSAQL,https://www.amazon.com/gp/customer-reviews/RD2YM5ZZFSAQL/ref=cm_cr_arp_d_rvw_ttl?ie=UTF8&ASIN=B0CNTR3CNV,,"Reviewed in the United States on March 1, 2024","The silicone cabinet bumpers work great. They stick very good to the cabinet doors, and I even use them to protect walls that the door may swing into… I stick them to the wall where the door knob hits.",True,"Material Type: ClearSize: 128 Pcs - 0.5"" x 0.14""",[],4,6025,457,https://www.amazon.com/product-reviews/B0CNTR3CNV?pageNumber=1&filterByStar=all_stars&sortBy=helpful&formatType=all_formats,allStars,,"{'price': None, 'listPrice': None}",2024-03-01,United States,,B0CNTR3CNV,0.8718
4,4,5,Nice,R180JL1G7XS6MM,https://www.amazon.com/gp/customer-reviews/R180JL1G7XS6MM/ref=cm_cr_arp_d_rvw_ttl?ie=UTF8&ASIN=B0CNTR3CNV,,"Reviewed in the United States on December 12, 2023",Old bumpers were worn off and cabinets were sticking.  These work very well and solved the problem.  They stick right on to the wood cabinets and the size suited my needs.,True,"Material Type: ClearSize: 128 Pcs - 0.5"" x 0.14""",[],5,6025,457,https://www.amazon.com/product-reviews/B0CNTR3CNV?pageNumber=1&filterByStar=all_stars&sortBy=helpful&formatType=all_formats,allStars,,"{'price': None, 'listPrice': None}",2023-12-12,United States,,B0CNTR3CNV,-0.037
5,5,5,They work,R2MHN36O4MLGGA,https://www.amazon.com/gp/customer-reviews/R2MHN36O4MLGGA/ref=cm_cr_arp_d_rvw_ttl?ie=UTF8&ASIN=B0CNTR3CNV,,"Reviewed in the United States on March 16, 2024",Just repainted all of my kitchen cabinets.  All the doors and drawers originally had bumpers.  These went on easily and stuck were I put them.,True,"Material Type: ClearSize: 128 Pcs - 0.5"" x 0.14""",[],6,6025,457,https://www.amazon.com/product-reviews/B0CNTR3CNV?pageNumber=1&filterByStar=all_stars&sortBy=helpful&formatType=all_formats,allStars,,"{'price': None, 'listPrice': None}",2024-03-16,United States,,B0CNTR3CNV,0.1027
6,6,5,Very Nice - High Quality - Low Profile,R1D1KGDM9NE27W,https://www.amazon.com/gp/customer-reviews/R1D1KGDM9NE27W/ref=cm_cr_arp_d_rvw_ttl?ie=UTF8&ASIN=B0CNTR3CNV,One person found this helpful,"Reviewed in the United States on March 14, 2024","This was much better than expected. The perfect door knob/wall protector! Very small/barely noticeable, but very functional!",True,"Material Type: ClearSize: 4 Pcs - 1.97"" x 0.43""","['https://m.media-amazon.com/images/I/718rTeqb40L._SY88.jpg', 'https://m.media-amazon.com/images/I/71nY7thtyFL._SY88.jpg', 'https://m.media-amazon.com/images/I/71nkFp9BVmL._SY88.jpg', 'https://m.media-amazon.com/images/I/71ojY9-xPuL._SY88.jpg']",7,6025,457,https://www.amazon.com/product-reviews/B0CNTR3CNV?pageNumber=1&filterByStar=all_stars&sortBy=helpful&formatType=all_formats,allStars,,"{'price': None, 'listPrice': None}",2024-03-14,United States,,B0CNTR3CNV,0.5972
7,7,3,Kitchen Cabinets loud sound when closing,R3820GTFNXEI2Z,https://www.amazon.com/gp/customer-reviews/R3820GTFNXEI2Z/ref=cm_cr_arp_d_rvw_ttl?ie=UTF8&ASIN=B0CNTR3CNV,,"Reviewed in the United States on April 1, 2024","Use for kitchen cabinets.  They do not stop the cabinets from loud slam sound when closing. I'm  going to add more to the inside doors of cabinet to see if that will help. Will update...Update: I tried adding more bumpers to the cabinets (6-8 more) and the noise level is the same, will be returning.",True,"Material Type: ClearSize: 128 Pcs - 0.5"" x 0.14""",[],8,6025,457,https://www.amazon.com/product-reviews/B0CNTR3CNV?pageNumber=1&filterByStar=all_stars&sortBy=helpful&formatType=all_formats,allStars,,"{'price': None, 'listPrice': None}",2024-04-01,United States,,B0CNTR3CNV,0.2472
8,8,4,"Exactly what I wanted , but too soon to tell how long they will last",RE1IQV505R3TI,https://www.amazon.com/gp/customer-reviews/RE1IQV505R3TI/ref=cm_cr_arp_d_rvw_ttl?ie=UTF8&ASIN=B0CNTR3CNV,,"Reviewed in the United States on March 21, 2024",I have not had the bummers long enough to know how they will work out .,True,"Material Type: WhiteSize: 128 Pcs - 0.5"" x 0.14""",[],9,6025,457,https://www.amazon.com/product-reviews/B0CNTR3CNV?pageNumber=1&filterByStar=all_stars&sortBy=helpful&formatType=all_formats,allStars,,"{'price': None, 'listPrice': None}",2024-03-21,United States,,B0CNTR3CNV,0.0
9,9,4,These bumpers do the job!,R1EKD0O7BUXBH7,https://www.amazon.com/gp/customer-reviews/R1EKD0O7BUXBH7/ref=cm_cr_arp_d_rvw_ttl?ie=UTF8&ASIN=B0CNTR3CNV,,"Reviewed in the United States on January 10, 2024","I needed silicone feet for an acrylic cutting board, and found these.  I was pleased that such a large number of bumpers were included.  I have applied them to my acrylic cutting board, and they work well!  I have added them to the cabinet doors that bang shut, and they have greatly decreased their closing sounds.  The manufacturer emailed me a set of instructions without me even lifting a finger!  I thought that was an act above and beyond, and have appreciated them.  I am pleased with the product and the helpfulness of the manufacturer.",True,"Material Type: ClearSize: 128 Pcs - 0.5"" x 0.14""",[],10,6025,457,https://www.amazon.com/product-reviews/B0CNTR3CNV?pageNumber=1&filterByStar=all_stars&sortBy=helpful&formatType=all_formats,allStars,,"{'price': None, 'listPrice': None}",2024-01-10,United States,,B0CNTR3CNV,0.9183
10,10,5,Very Nice and Thick,R3RPKDV2JCYNZF,https://www.amazon.com/gp/customer-reviews/R3RPKDV2JCYNZF/ref=cm_cr_arp_d_rvw_ttl?ie=UTF8&ASIN=B0CNTR3CNV,,"Reviewed in the United States on August 4, 2023","Rubber bumpers were a great deal. These were slightly thicker than the older ones I had. Nonetheless, satisfied with the product. Would buy again if I need more.",True,"Material Type: ClearSize: 128 Pcs - 0.5"" x 0.14""",[],81,6025,457,https://www.amazon.com/product-reviews/B0CNTR3CNV?pageNumber=9&filterByStar=all_stars&sortBy=helpful&formatType=all_formats,allStars,,"{'price': None, 'listPrice': None}",2023-08-04,United States,,B0CNTR3CNV,0.7845
11,11,5,$5 @ Home Depot for only 16 of these.,RLV92D3S6HA2F,https://www.amazon.com/gp/customer-reviews/RLV92D3S6HA2F/ref=cm_cr_arp_d_rvw_ttl?ie=UTF8&ASIN=B0CNTR3CNV,One person found this helpful,"Reviewed in the United States on October 13, 2023",Great value!,True,"Material Type: ClearSize: 128 Pcs - 0.5"" x 0.14""",[],82,6025,457,https://www.amazon.com/product-reviews/B0CNTR3CNV?pageNumber=9&filterByStar=all_stars&sortBy=helpful&formatType=all_formats,allStars,,"{'price': None, 'listPrice': None}",2023-10-13,United States,,B0CNTR3CNV,0.7777
12,12,5,Works as expected,RC78AVAQXEFF8,https://www.amazon.com/gp/customer-reviews/RC78AVAQXEFF8/ref=cm_cr_arp_d_rvw_ttl?ie=UTF8&ASIN=B0CNTR3CNV,One person found this helpful,"Reviewed in the United States on May 27, 2022","I ordered these, initially, for a cutting board I bought. My old one already had pads on the bottom so it didn’t slip around. My new one is labeled as reversible, however, I knew I probably wouldn’t use both sides. Anyway, after a few days it started sliding around and I ended up cutting myself. I ordered these in hopes it would keep it still. I put one in each corner and no movement or sliding around. They’ve been on a few weeks now and all is good still. I plan on replacing the old pads on my cabinets as well, as some of them are starting to fall off.",True,"Material Type: ClearSize: 128 Pcs - 0.5"" x 0.14""",[],83,6025,457,https://www.amazon.com/product-reviews/B0CNTR3CNV?pageNumber=9&filterByStar=all_stars&sortBy=helpful&formatType=all_formats,allStars,,"{'price': None, 'listPrice': None}",2022-05-27,United States,,B0CNTR3CNV,0.5574
13,13,4,These bumpers look nice and are easy to install,R27DMNR4YQF68F,https://www.amazon.com/gp/customer-reviews/R27DMNR4YQF68F/ref=cm_cr_arp_d_rvw_ttl?ie=UTF8&ASIN=B0CNTR3CNV,One person found this helpful,"Reviewed in the United States on October 14, 2022","These cabinet door bumpers were easy to install and work very well.  It would be nice to have a bumper that is a little thicker, as my door hinges hold the door out further than the bumpers.  You do not notice it much unless you are actually the one that installed the bumpers on the door.",True,"Material Type: ClearSize: 128 Pcs - 0.5"" x 0.14""",[],84,6025,457,https://www.amazon.com/product-reviews/B0CNTR3CNV?pageNumber=9&filterByStar=all_stars&sortBy=helpful&formatType=all_formats,allStars,,"{'price': None, 'listPrice': None}",2022-10-14,United States,,B0CNTR3CNV,0.796
14,14,5,Great set of bumbers,R2X19QLFOQ6JEY,https://www.amazon.com/gp/customer-reviews/R2X19QLFOQ6JEY/ref=cm_cr_arp_d_rvw_ttl?ie=UTF8&ASIN=B0CNTR3CNV,,"Reviewed in the United States on July 17, 2023",These worked well for me.  Easy to remove and easy to install. It's been a few weeks and they all stayed in place.,True,"Material Type: ClearSize: 128 Pcs - 0.5"" x 0.14""",[],85,6025,457,https://www.amazon.com/product-reviews/B0CNTR3CNV?pageNumber=9&filterByStar=all_stars&sortBy=helpful&formatType=all_formats,allStars,,"{'price': None, 'listPrice': None}",2023-07-17,United States,,B0CNTR3CNV,0.7845
15,15,5,Quality Product,R2U1TPJVLPO3UK,https://www.amazon.com/gp/customer-reviews/R2U1TPJVLPO3UK/ref=cm_cr_arp_d_rvw_ttl?ie=UTF8&ASIN=B0CNTR3CNV,,"Reviewed in the United States on August 25, 2023","They’re a perfect size, and they stick to the cabinet well.",True,"Material Type: ClearSize: 128 Pcs - 0.5"" x 0.14""",['https://m.media-amazon.com/images/I/713yj8+fXLL._SY88.jpg'],86,6025,457,https://www.amazon.com/product-reviews/B0CNTR3CNV?pageNumber=9&filterByStar=all_stars&sortBy=helpful&formatType=all_formats,allStars,,"{'price': None, 'listPrice': None}",2023-08-25,United States,,B0CNTR3CNV,0.7003
16,16,5,Perfect,RNMM71AT4Z7TK,https://www.amazon.com/gp/customer-reviews/RNMM71AT4Z7TK/ref=cm_cr_arp_d_rvw_ttl?ie=UTF8&ASIN=B0CNTR3CNV,,"Reviewed in the United States on July 13, 2023",Perfect size bumpers for drawers and cabinets. I also ended up putting one on a door knob that hits my washer when you open it.,True,"Material Type: ClearSize: 128 Pcs - 0.5"" x 0.14""","['https://m.media-amazon.com/images/I/61cVClkvZJL._SY88.jpg', 'https://m.media-amazon.com/images/I/71KjK4DokJL._SY88.jpg', 'https://m.media-amazon.com/images/I/71zhplXIb3L._SY88.jpg']",87,6025,457,https://www.amazon.com/product-reviews/B0CNTR3CNV?pageNumber=9&filterByStar=all_stars&sortBy=helpful&formatType=all_formats,allStars,,"{'price': None, 'listPrice': None}",2023-07-13,United States,,B0CNTR3CNV,0.5719
17,17,5,Perfect for replacing worn out pads,R30K41LIE1RKF6,https://www.amazon.com/gp/customer-reviews/R30K41LIE1RKF6/ref=cm_cr_arp_d_rvw_ttl?ie=UTF8&ASIN=B0CNTR3CNV,One person found this helpful,"Reviewed in the United States on June 21, 2023",I recently had my kitchen cabinets repainted and needed to have the bumpers added again. I found these and they definitely did the trick. Easy to install and work as expected,True,"Material Type: ClearSize: 128 Pcs - 0.5"" x 0.14""",[],88,6025,457,https://www.amazon.com/product-reviews/B0CNTR3CNV?pageNumber=9&filterByStar=all_stars&sortBy=helpful&formatType=all_formats,allStars,,"{'price': None, 'listPrice': None}",2023-06-21,United States,,B0CNTR3CNV,0.6597
18,18,5,Easy use,R3OJEPLSAG1J07,https://www.amazon.com/gp/customer-reviews/R3OJEPLSAG1J07/ref=cm_cr_arp_d_rvw_ttl?ie=UTF8&ASIN=B0CNTR3CNV,,"Reviewed in the United States on September 2, 2023",Easy to use and have held up,True,"Material Type: GreySize: 128 Pcs - 0.5"" x 0.14""",[],89,6025,457,https://www.amazon.com/product-reviews/B0CNTR3CNV?pageNumber=9&filterByStar=all_stars&sortBy=helpful&formatType=all_formats,allStars,,"{'price': None, 'listPrice': None}",2023-09-02,United States,,B0CNTR3CNV,0.4404
19,19,5,Work great,R2ST8ZB1GSQHV1,https://www.amazon.com/gp/customer-reviews/R2ST8ZB1GSQHV1/ref=cm_cr_arp_d_rvw_ttl?ie=UTF8&ASIN=B0CNTR3CNV,,"Reviewed in the United States on May 27, 2023",Easy to apply. Clear does tge job. I bought these for some cabinets that are not soft close thus people had a tendency to slam them closed. Since applying things are definitely quieter.,True,"Material Type: ClearSize: 128 Pcs - 0.5"" x 0.14""",[],90,6025,457,https://www.amazon.com/product-reviews/B0CNTR3CNV?pageNumber=9&filterByStar=all_stars&sortBy=helpful&formatType=all_formats,allStars,,"{'price': None, 'listPrice': None}",2023-05-27,United States,,B0CNTR3CNV,0.6808
20,20,5,These worked great,R3TH4B7ELT566C,https://www.amazon.com/gp/customer-reviews/R3TH4B7ELT566C/ref=cm_cr_arp_d_rvw_ttl?ie=UTF8&ASIN=B0CNTR3CNV,2 people found this helpful,"Reviewed in the United States on November 11, 2023","My cabinets are at least 18 years old, so it was nice to switch the bumpers out…many had fallen off or lost their bounce.  It was super simple… Peel old bumper off. Put new bumper on… It’s awesome to have quiet cabinet doors again!",True,"Material Type: ClearSize: 128 Pcs - 0.5"" x 0.14""",[],41,6025,457,https://www.amazon.com/product-reviews/B0CNTR3CNV?pageNumber=5&filterByStar=all_stars&sortBy=helpful&formatType=all_formats,allStars,,"{'price': None, 'listPrice': None}",2023-11-11,United States,,B0CNTR3CNV,0.8203
21,21,3,Bumpers stick,R1JYN6S4P7HDSA,https://www.amazon.com/gp/customer-reviews/R1JYN6S4P7HDSA/ref=cm_cr_arp_d_rvw_ttl?ie=UTF8&ASIN=B0CNTR3CNV,,"Reviewed in the United States on January 19, 2024",They’re ok but need to be thicker. My cabinets when not closed politely still make a noise,True,"Material Type: ClearSize: 128 Pcs - 0.5"" x 0.14""",[],42,6025,457,https://www.amazon.com/product-reviews/B0CNTR3CNV?pageNumber=5&filterByStar=all_stars&sortBy=helpful&formatType=all_formats,allStars,,"{'price': None, 'listPrice': None}",2024-01-19,United States,,B0CNTR3CNV,0.1531
22,22,4,No more loud bangs.,R2EI47EMPE3FJ1,https://www.amazon.com/gp/customer-reviews/R2EI47EMPE3FJ1/ref=cm_cr_arp_d_rvw_ttl?ie=UTF8&ASIN=B0CNTR3CNV,One person found this helpful,"Reviewed in the United States on July 20, 2023",These are pretty thick and can show a larger gap between a cabinet door and the frame in some cases.  The do a great job is lessening the sound of the cabinet door on the cabinets. No more loud bangs.,True,"Material Type: ClearSize: 128 Pcs - 0.5"" x 0.14""",[],43,6025,457,https://www.amazon.com/product-reviews/B0CNTR3CNV?pageNumber=5&filterByStar=all_stars&sortBy=helpful&formatType=all_formats,allStars,,"{'price': None, 'listPrice': None}",2023-07-20,United States,,B0CNTR3CNV,0.7269
23,23,5,Does the job,R3O8454X90WKZB,https://www.amazon.com/gp/customer-reviews/R3O8454X90WKZB/ref=cm_cr_arp_d_rvw_ttl?ie=UTF8&ASIN=B0CNTR3CNV,,"Reviewed in the United States on December 15, 2023",Easy to apply and works to keep cabinets from banging the wall,True,"Material Type: ClearSize: 128 Pcs - 0.5"" x 0.14""",['https://m.media-amazon.com/images/I/61wuy03kxvL._SY88.jpg'],44,6025,457,https://www.amazon.com/product-reviews/B0CNTR3CNV?pageNumber=5&filterByStar=all_stars&sortBy=helpful&formatType=all_formats,allStars,,"{'price': None, 'listPrice': None}",2023-12-15,United States,,B0CNTR3CNV,0.4404
24,24,3,Adequate but could be better,R5LCPFV9XIJL,https://www.amazon.com/gp/customer-reviews/R5LCPFV9XIJL/ref=cm_cr_arp_d_rvw_ttl?ie=UTF8&ASIN=B0CNTR3CNV,5 people found this helpful,"Reviewed in the United States on September 28, 2023","Let me start off by saying I purchased the brown color 128 pcs.  They are NOT 1/2"" wide as stated but actually only 3/8"" wide as you can see in the photo.  I was very tempted to return them after I discovered this but decided to use them anyway.  I gave 3 stars based on the following:1 - Smaller than advertised2 - Cushioning / Sound deadening - better than wood against wood but if they were cushier it would help and I would rate higher3 - Adhesiveness was fine for me4 - Side Effects - I've noticed that some of my drawers now have a slight ""resistance"" to opening due to the bumpers but I'm hoping this will subside over time.",True,"Material Type: BrownSize: 128 Pcs - 0.5"" x 0.14""",['https://m.media-amazon.com/images/I/413WNizFVnL._SY88.jpg'],45,6025,457,https://www.amazon.com/product-reviews/B0CNTR3CNV?pageNumber=5&filterByStar=all_stars&sortBy=helpful&formatType=all_formats,allStars,,"{'price': None, 'listPrice': None}",2023-09-28,United States,,B0CNTR3CNV,0.9231
25,25,3,It works,RESJCVP2ZQSZR,https://www.amazon.com/gp/customer-reviews/RESJCVP2ZQSZR/ref=cm_cr_arp_d_rvw_ttl?ie=UTF8&ASIN=B0CNTR3CNV,,"Reviewed in the United States on January 16, 2024",It just doesn’t quiet the cabinet doors closing like I expected,True,"Material Type: ClearSize: 128 Pcs - 0.5"" x 0.14""",[],46,6025,457,https://www.amazon.com/product-reviews/B0CNTR3CNV?pageNumber=5&filterByStar=all_stars&sortBy=helpful&formatType=all_formats,allStars,,"{'price': None, 'listPrice': None}",2024-01-16,United States,,B0CNTR3CNV,0.3612
26,26,5,Work great,R3TSRVM7SLVGI5,https://www.amazon.com/gp/customer-reviews/R3TSRVM7SLVGI5/ref=cm_cr_arp_d_rvw_ttl?ie=UTF8&ASIN=B0CNTR3CNV,,"Reviewed in the United States on November 24, 2023",Work great. Used them to keep stained glass from rattling on rhe windows. Perfect.,True,"Material Type: ClearSize: 128 Pcs - 0.5"" x 0.14""",[],47,6025,457,https://www.amazon.com/product-reviews/B0CNTR3CNV?pageNumber=5&filterByStar=all_stars&sortBy=helpful&formatType=all_formats,allStars,,"{'price': None, 'listPrice': None}",2023-11-24,United States,,B0CNTR3CNV,0.8316
27,27,5,Stays stuck,R1G2S72C964IEJ,https://www.amazon.com/gp/customer-reviews/R1G2S72C964IEJ/ref=cm_cr_arp_d_rvw_ttl?ie=UTF8&ASIN=B0CNTR3CNV,,"Reviewed in the United States on November 27, 2023",Clean the surface with goo gone to remove old adhesive then apply.,True,"Material Type: ClearSize: 128 Pcs - 0.5"" x 0.14""",[],48,6025,457,https://www.amazon.com/product-reviews/B0CNTR3CNV?pageNumber=5&filterByStar=all_stars&sortBy=helpful&formatType=all_formats,allStars,,"{'price': None, 'listPrice': None}",2023-11-27,United States,,B0CNTR3CNV,0.4019
28,28,5,Bumper review,REOGMHI84VHES,https://www.amazon.com/gp/customer-reviews/REOGMHI84VHES/ref=cm_cr_arp_d_rvw_ttl?ie=UTF8&ASIN=B0CNTR3CNV,,"Reviewed in the United States on December 11, 2023",The product sticks and does the job,True,"Material Type: ClearSize: 128 Pcs - 0.5"" x 0.14""",[],49,6025,457,https://www.amazon.com/product-reviews/B0CNTR3CNV?pageNumber=5&filterByStar=all_stars&sortBy=helpful&formatType=all_formats,allStars,,"{'price': None, 'listPrice': None}",2023-12-11,United States,,B0CNTR3CNV,0.0
29,29,5,Lots of uses!,R11CX8SNB4FYO8,https://www.amazon.com/gp/customer-reviews/R11CX8SNB4FYO8/ref=cm_cr_arp_d_rvw_ttl?ie=UTF8&ASIN=B0CNTR3CNV,,"Reviewed in the United States on October 27, 2023",This are perfect for protecting kitchen walls from damage from cabinet hardware. I also use them to protect furniture from bowls and other decorative items. Way to apply and remove.,True,"Material Type: ClearSize: 128 Pcs - 0.5"" x 0.14""",[],50,6025,457,https://www.amazon.com/product-reviews/B0CNTR3CNV?pageNumber=5&filterByStar=all_stars&sortBy=helpful&formatType=all_formats,allStars,,"{'price': None, 'listPrice': None}",2023-10-27,United States,,B0CNTR3CNV,0.4767
30,30,5,they work Great. I had some old ones that had deteriorated.,R2EPQTG7B7ODBN,https://www.amazon.com/gp/customer-reviews/R2EPQTG7B7ODBN/ref=cm_cr_arp_d_rvw_ttl?ie=UTF8&ASIN=B0CNTR3CNV,,"Reviewed in the United States on January 19, 2024",they work Great. I had some old ones that had deteriorated.,True,"Material Type: ClearSize: 128 Pcs - 0.5"" x 0.14""",[],31,6025,457,https://www.amazon.com/product-reviews/B0CNTR3CNV?pageNumber=4&filterByStar=all_stars&sortBy=helpful&formatType=all_formats,allStars,,"{'price': None, 'listPrice': None}",2024-01-19,United States,,B0CNTR3CNV,0.6249
31,31,5,Good value,RS2DYYQEFWML0,https://www.amazon.com/gp/customer-reviews/RS2DYYQEFWML0/ref=cm_cr_arp_d_rvw_ttl?ie=UTF8&ASIN=B0CNTR3CNV,,"Reviewed in the United States on January 5, 2024",Tired of hearing my cabinets slam shut and also chip paint. I put this inside all my kitchen cabinets and even the drawers.,True,"Material Type: ClearSize: 128 Pcs - 0.5"" x 0.14""",[],32,6025,457,https://www.amazon.com/product-reviews/B0CNTR3CNV?pageNumber=4&filterByStar=all_stars&sortBy=helpful&formatType=all_formats,allStars,,"{'price': None, 'listPrice': None}",2024-01-05,United States,,B0CNTR3CNV,-0.6705
32,32,5,Soft and sturdy,R3VZDOVYYQLFKY,https://www.amazon.com/gp/customer-reviews/R3VZDOVYYQLFKY/ref=cm_cr_arp_d_rvw_ttl?ie=UTF8&ASIN=B0CNTR3CNV,,"Reviewed in the United States on December 22, 2023",These clear cabinet door bumpers adhere nicely. The finish is soft enough so it doesn't mark the cabinet when closed. They blend well into any color as they are clear.,True,"Material Type: ClearSize: 128 Pcs - 0.5"" x 0.14""",[],33,6025,457,https://www.amazon.com/product-reviews/B0CNTR3CNV?pageNumber=4&filterByStar=all_stars&sortBy=helpful&formatType=all_formats,allStars,,"{'price': None, 'listPrice': None}",2023-12-22,United States,,B0CNTR3CNV,0.8481
33,33,5,Does the job,R9VJCVS1KAHSQ,https://www.amazon.com/gp/customer-reviews/R9VJCVS1KAHSQ/ref=cm_cr_arp_d_rvw_ttl?ie=UTF8&ASIN=B0CNTR3CNV,,"Reviewed in the United States on January 11, 2024",Good size. Helps to minimize cabinet door noise.,True,"Material Type: ClearSize: 128 Pcs - 0.5"" x 0.14""",[],34,6025,457,https://www.amazon.com/product-reviews/B0CNTR3CNV?pageNumber=4&filterByStar=all_stars&sortBy=helpful&formatType=all_formats,allStars,,"{'price': None, 'listPrice': None}",2024-01-11,United States,,B0CNTR3CNV,0.6705
34,34,5,Damage Control in a 5th Wheel,R1YWOW2Y8E27WW,https://www.amazon.com/gp/customer-reviews/R1YWOW2Y8E27WW/ref=cm_cr_arp_d_rvw_ttl?ie=UTF8&ASIN=B0CNTR3CNV,,"Reviewed in the United States on September 11, 2023","I feel like 5th wheel and travel trailer manufacturers don't care about the details that the end user has to deal with. Such as: where the refrigerator door hits on the pantry door, or the bathroom cabinet swings open to tagging the wall or shower door with the metal handle... The list goes on. I have come to the conclusion that though these look obnoxious at times, they are lifesavers for the stuff I value and I don't have to worry that my wall will be dinged or chipped because I have these everywhere within reason!",True,"Material Type: ClearSize: 128 Pcs - 0.5"" x 0.14""",[],35,6025,457,https://www.amazon.com/product-reviews/B0CNTR3CNV?pageNumber=4&filterByStar=all_stars&sortBy=helpful&formatType=all_formats,allStars,,"{'price': None, 'listPrice': None}",2023-09-11,United States,,B0CNTR3CNV,0.2429
35,35,5,Sticks great!,R2KP1YRV3G9RMR,https://www.amazon.com/gp/customer-reviews/R2KP1YRV3G9RMR/ref=cm_cr_arp_d_rvw_ttl?ie=UTF8&ASIN=B0CNTR3CNV,,"Reviewed in the United States on December 11, 2023",These were awesome! I am a cabinet installer and these worked great for cabinets. Good amount in a pack and has 3m. I would recommend.,True,"Material Type: ClearSize: 128 Pcs - 0.5"" x 0.14""",[],36,6025,457,https://www.amazon.com/product-reviews/B0CNTR3CNV?pageNumber=4&filterByStar=all_stars&sortBy=helpful&formatType=all_formats,allStars,,"{'price': None, 'listPrice': None}",2023-12-11,United States,,B0CNTR3CNV,0.9312
36,36,4,They work,RULB363E78J3A,https://www.amazon.com/gp/customer-reviews/RULB363E78J3A/ref=cm_cr_arp_d_rvw_ttl?ie=UTF8&ASIN=B0CNTR3CNV,2 people found this helpful,"Reviewed in the United States on September 3, 2023","They make the sound of closing doors softer, but not quite as much as I hoped. Not sure if that is true of all brands out there",True,"Material Type: ClearSize: 128 Pcs - 0.5"" x 0.14""",[],37,6025,457,https://www.amazon.com/product-reviews/B0CNTR3CNV?pageNumber=4&filterByStar=all_stars&sortBy=helpful&formatType=all_formats,allStars,,"{'price': None, 'listPrice': None}",2023-09-03,United States,,B0CNTR3CNV,0.6865
37,37,5,Easy to use!,R2GJZ3RC7S01K9,https://www.amazon.com/gp/customer-reviews/R2GJZ3RC7S01K9/ref=cm_cr_arp_d_rvw_ttl?ie=UTF8&ASIN=B0CNTR3CNV,,"Reviewed in the United States on December 22, 2023",My old felt ones were wearing out and were replaced with these.  They work great!,True,"Material Type: ClearSize: 128 Pcs - 0.5"" x 0.14""",[],38,6025,457,https://www.amazon.com/product-reviews/B0CNTR3CNV?pageNumber=4&filterByStar=all_stars&sortBy=helpful&formatType=all_formats,allStars,,"{'price': None, 'listPrice': None}",2023-12-22,United States,,B0CNTR3CNV,0.6588
38,38,5,These work!,R2B502SZMHMH7R,https://www.amazon.com/gp/customer-reviews/R2B502SZMHMH7R/ref=cm_cr_arp_d_rvw_ttl?ie=UTF8&ASIN=B0CNTR3CNV,,"Reviewed in the United States on November 12, 2023","Just buy them, they work. Purchased these for my kitchen cabinets. I placed one bumper at the bottom of each cabinet (because I’m short and can’t reach the top). The noise cancellation was immediate. They arrived same day and I’m thrilled with this product, highly recommend!",True,"Material Type: ClearSize: 128 Pcs - 0.5"" x 0.14""",[],39,6025,457,https://www.amazon.com/product-reviews/B0CNTR3CNV?pageNumber=4&filterByStar=all_stars&sortBy=helpful&formatType=all_formats,allStars,,"{'price': None, 'listPrice': None}",2023-11-12,United States,,B0CNTR3CNV,0.7257
39,39,4,"It works, tackiness could be a bit better",R3RYNMJHAMNTYX,https://www.amazon.com/gp/customer-reviews/R3RYNMJHAMNTYX/ref=cm_cr_arp_d_rvw_ttl?ie=UTF8&ASIN=B0CNTR3CNV,3 people found this helpful,"Reviewed in the United States on June 22, 2023","It’s a good bumper for cabinets. If you’re replacing the felt type, this is going to be a bit thicker.  I would have liked to order some that are just a bit thinner, maybe 1/16” thinner. But they make great bumpers. It doesn’t damage paint or anything.  I wish they could be just a bit tackier though. I’ve noticed after installing, a few came off and I had to set them again.",True,"Material Type: ClearSize: 128 Pcs - 0.5"" x 0.14""",[],40,6025,457,https://www.amazon.com/product-reviews/B0CNTR3CNV?pageNumber=4&filterByStar=all_stars&sortBy=helpful&formatType=all_formats,allStars,,"{'price': None, 'listPrice': None}",2023-06-22,United States,,B0CNTR3CNV,0.8294
40,40,5,There’s so many bumpers and so easy to use… I recommend the VELLAX CABINET door bumpers,R1NOIQWRGUBG5S,https://www.amazon.com/gp/customer-reviews/R1NOIQWRGUBG5S/ref=cm_cr_arp_d_rvw_ttl?ie=UTF8&ASIN=B0CNTR3CNV,,"Reviewed in the United States on February 17, 2024","They work great, the bumpers did the job,  on more noise, momma’s happy.",True,"Material Type: ClearSize: 128 Pcs - 0.5"" x 0.14""",[],21,6025,457,https://www.amazon.com/product-reviews/B0CNTR3CNV?pageNumber=3&filterByStar=all_stars&sortBy=helpful&formatType=all_formats,allStars,,"{'price': None, 'listPrice': None}",2024-02-17,United States,,B0CNTR3CNV,0.8428
41,41,5,Door Bumpers,R2CAQFXZSOKP6K,https://www.amazon.com/gp/customer-reviews/R2CAQFXZSOKP6K/ref=cm_cr_arp_d_rvw_ttl?ie=UTF8&ASIN=B0CNTR3CNV,,"Reviewed in the United States on February 20, 2024",These door bumpers worked nicely on our cabinet doors.,True,"Material Type: ClearSize: 128 Pcs - 0.5"" x 0.14""",[],22,6025,457,https://www.amazon.com/product-reviews/B0CNTR3CNV?pageNumber=3&filterByStar=all_stars&sortBy=helpful&formatType=all_formats,allStars,,"{'price': None, 'listPrice': None}",2024-02-20,United States,,B0CNTR3CNV,0.4404
42,42,5,Last touch,R3KT9R9UW57TDZ,https://www.amazon.com/gp/customer-reviews/R3KT9R9UW57TDZ/ref=cm_cr_arp_d_rvw_ttl?ie=UTF8&ASIN=B0CNTR3CNV,,"Reviewed in the United States on February 19, 2024",Works perfectly Softens the close,True,"Material Type: WhiteSize: 128 Pcs - 0.5"" x 0.14""",[],23,6025,457,https://www.amazon.com/product-reviews/B0CNTR3CNV?pageNumber=3&filterByStar=all_stars&sortBy=helpful&formatType=all_formats,allStars,,"{'price': None, 'listPrice': None}",2024-02-19,United States,,B0CNTR3CNV,0.6369
43,43,4,Good product,R12Q0J668K0WJ4,https://www.amazon.com/gp/customer-reviews/R12Q0J668K0WJ4/ref=cm_cr_arp_d_rvw_ttl?ie=UTF8&ASIN=B0CNTR3CNV,,"Reviewed in the United States on January 17, 2024",Good for old cabinet doors and to help pictures hang straight.,True,"Material Type: ClearSize: 128 Pcs - 0.5"" x 0.14""",[],24,6025,457,https://www.amazon.com/product-reviews/B0CNTR3CNV?pageNumber=3&filterByStar=all_stars&sortBy=helpful&formatType=all_formats,allStars,,"{'price': None, 'listPrice': None}",2024-01-17,United States,,B0CNTR3CNV,0.7579
44,44,5,"Retains shape, doesn’t discolor, strong adhesive.",R1Y9ZLV27TATMX,https://www.amazon.com/gp/customer-reviews/R1Y9ZLV27TATMX/ref=cm_cr_arp_d_rvw_ttl?ie=UTF8&ASIN=B0CNTR3CNV,,"Reviewed in the United States on December 25, 2023","I have a very heavy dining table (2 stone pillars and .5” thick glass top) that uses these bumpers to separate the glass from the stone. The original bumpers had completely smashed flat and turned color to a yellowish-brown. I replaced those with these (with the adhesive side on the stone) one year ago and I can lift the glass top without any of them clinging to the glass, they plump back up to their original shape, and they have not discolored in the slightest. Also replaced all cabinet door bumpers with these and I am very happy. Great, great product!",True,"Material Type: ClearSize: 128 Pcs - 0.5"" x 0.14""",['https://m.media-amazon.com/images/I/81nGzwncx3L._SY88.jpg'],25,6025,457,https://www.amazon.com/product-reviews/B0CNTR3CNV?pageNumber=3&filterByStar=all_stars&sortBy=helpful&formatType=all_formats,allStars,,"{'price': None, 'listPrice': None}",2023-12-25,United States,,B0CNTR3CNV,0.9608
45,45,5,Works,R1CLAB841ZKTBU,https://www.amazon.com/gp/customer-reviews/R1CLAB841ZKTBU/ref=cm_cr_arp_d_rvw_ttl?ie=UTF8&ASIN=B0CNTR3CNV,,"Reviewed in the United States on February 14, 2024",Works,True,"Material Type: ClearSize: 128 Pcs - 0.5"" x 0.14""",[],26,6025,457,https://www.amazon.com/product-reviews/B0CNTR3CNV?pageNumber=3&filterByStar=all_stars&sortBy=helpful&formatType=all_formats,allStars,,"{'price': None, 'listPrice': None}",2024-02-14,United States,,B0CNTR3CNV,0.0
46,46,5,Does what it is supposed to do.,R150SUWGSEQA1S,https://www.amazon.com/gp/customer-reviews/R150SUWGSEQA1S/ref=cm_cr_arp_d_rvw_ttl?ie=UTF8&ASIN=B0CNTR3CNV,,"Reviewed in the United States on February 9, 2024",Sticks to wall very well.,True,"Material Type: ClearSize: 128 Pcs - 0.5"" x 0.14""",[],27,6025,457,https://www.amazon.com/product-reviews/B0CNTR3CNV?pageNumber=3&filterByStar=all_stars&sortBy=helpful&formatType=all_formats,allStars,,"{'price': None, 'listPrice': None}",2024-02-09,United States,,B0CNTR3CNV,0.3384
47,47,5,does what it needs to do,R19QKRDF99RIP4,https://www.amazon.com/gp/customer-reviews/R19QKRDF99RIP4/ref=cm_cr_arp_d_rvw_ttl?ie=UTF8&ASIN=B0CNTR3CNV,,"Reviewed in the United States on February 3, 2024",stuck great to newly painted cabinet doors/drawer fronts.,True,"Material Type: ClearSize: 128 Pcs - 0.5"" x 0.14""",[],28,6025,457,https://www.amazon.com/product-reviews/B0CNTR3CNV?pageNumber=3&filterByStar=all_stars&sortBy=helpful&formatType=all_formats,allStars,,"{'price': None, 'listPrice': None}",2024-02-03,United States,,B0CNTR3CNV,0.4767
48,48,4,"Good product, kind of thick",R3LDNO7O8M3VBP,https://www.amazon.com/gp/customer-reviews/R3LDNO7O8M3VBP/ref=cm_cr_arp_d_rvw_ttl?ie=UTF8&ASIN=B0CNTR3CNV,2 people found this helpful,"Reviewed in the United States on September 24, 2023","I placed these on my kitchen cabinets about 2 weeks ago and they’re working nicely. They are a bit thicker than other ones I’ve used/seen in the past and I do notice slight gapping on one or two drawers/doors. The dimensions ARE included in the product images, I didn’t check if they match up, they’re just thicker than I would  have expected.",True,"Material Type: ClearSize: 128 Pcs - 0.5"" x 0.14""",[],29,6025,457,https://www.amazon.com/product-reviews/B0CNTR3CNV?pageNumber=3&filterByStar=all_stars&sortBy=helpful&formatType=all_formats,allStars,,"{'price': None, 'listPrice': None}",2023-09-24,United States,,B0CNTR3CNV,0.4404
49,49,5,Stick well,R378ZG7R7QKSU1,https://www.amazon.com/gp/customer-reviews/R378ZG7R7QKSU1/ref=cm_cr_arp_d_rvw_ttl?ie=UTF8&ASIN=B0CNTR3CNV,,"Reviewed in the United States on January 19, 2024",The bumpers apply easily and stick well.  Excellent price.  Would recommend.,True,"Material Type: ClearSize: 128 Pcs - 0.5"" x 0.14""",[],30,6025,457,https://www.amazon.com/product-reviews/B0CNTR3CNV?pageNumber=3&filterByStar=all_stars&sortBy=helpful&formatType=all_formats,allStars,,"{'price': None, 'listPrice': None}",2024-01-19,United States,,B0CNTR3CNV,0.8658
50,50,5,Great product,R3INCECW8KLHOM,https://www.amazon.com/gp/customer-reviews/R3INCECW8KLHOM/ref=cm_cr_arp_d_rvw_ttl?ie=UTF8&ASIN=B0CNTR3CNV,,"Reviewed in the United States on September 29, 2023",Lot of stickers for the price.  Very sticky and adheres well.,True,"Material Type: ClearSize: 128 Pcs - 0.5"" x 0.14""",[],71,6025,457,https://www.amazon.com/product-reviews/B0CNTR3CNV?pageNumber=8&filterByStar=all_stars&sortBy=helpful&formatType=all_formats,allStars,,"{'price': None, 'listPrice': None}",2023-09-29,United States,,B0CNTR3CNV,0.2732
51,51,4,Not like 3M adhesion of yes gone by...,R2B0NHKYRFPJHS,https://www.amazon.com/gp/customer-reviews/R2B0NHKYRFPJHS/ref=cm_cr_arp_d_rvw_ttl?ie=UTF8&ASIN=B0CNTR3CNV,3 people found this helpful,"Reviewed in the United States on March 30, 2022","I use this tye of product in many places, for many years. I bought a  lot of various shaped bumpers 14 years ago when I moved into this house. Finally used them all up. Bought more, used as ever. Easy to use, like putting on a postage stamp but no licking. For some reason they don't adhere. I kept finding little nubs on the floor. Had to buy more, replace the replacements, and do it all again. Always prepped area w/alcohol, let dry completely. Latest attempt to stick to flat, chrome area of bath accessory involved a hair dryer. Don't stay on insideof cabinet doors,, or under glass trivet, or mirrored jewelry box...Very Disappointed. NEVER AGAIN.",True,"Material Type: ClearSize: 128 Pcs - 0.5"" x 0.14""",[],72,6025,457,https://www.amazon.com/product-reviews/B0CNTR3CNV?pageNumber=8&filterByStar=all_stars&sortBy=helpful&formatType=all_formats,allStars,,"{'price': None, 'listPrice': None}",2022-03-30,United States,,B0CNTR3CNV,-0.6428
52,52,5,"Great quality, durable and quiet.",R2OAGDPDBYC359,https://www.amazon.com/gp/customer-reviews/R2OAGDPDBYC359/ref=cm_cr_arp_d_rvw_ttl?ie=UTF8&ASIN=B0CNTR3CNV,One person found this helpful,"Reviewed in the United States on September 29, 2023","Great quality, adhesion is great and help reduce cabinet sounds",True,"Material Type: ClearSize: 128 Pcs - 0.5"" x 0.14""",[],73,6025,457,https://www.amazon.com/product-reviews/B0CNTR3CNV?pageNumber=8&filterByStar=all_stars&sortBy=helpful&formatType=all_formats,allStars,,"{'price': None, 'listPrice': None}",2023-09-29,United States,,B0CNTR3CNV,0.8979
53,53,4,bumpers,R23YBHBVQZ4R5V,https://www.amazon.com/gp/customer-reviews/R23YBHBVQZ4R5V/ref=cm_cr_arp_d_rvw_ttl?ie=UTF8&ASIN=B0CNTR3CNV,2 people found this helpful,"Reviewed in the United States on May 13, 2023",Hoped it would cut back on the noise of closing cupboards.  It does not.,True,"Material Type: ClearSize: 128 Pcs - 0.5"" x 0.14""",[],74,6025,457,https://www.amazon.com/product-reviews/B0CNTR3CNV?pageNumber=8&filterByStar=all_stars&sortBy=helpful&formatType=all_formats,allStars,,"{'price': None, 'listPrice': None}",2023-05-13,United States,,B0CNTR3CNV,0.128
54,54,5,"Exactly what i expected, good adhesive.",R4CFVH6XZ3TAC,https://www.amazon.com/gp/customer-reviews/R4CFVH6XZ3TAC/ref=cm_cr_arp_d_rvw_ttl?ie=UTF8&ASIN=B0CNTR3CNV,,"Reviewed in the United States on October 27, 2023",Just as expected,True,"Material Type: BlackSize: 128 Pcs - 0.5"" x 0.14""",[],75,6025,457,https://www.amazon.com/product-reviews/B0CNTR3CNV?pageNumber=8&filterByStar=all_stars&sortBy=helpful&formatType=all_formats,allStars,,"{'price': None, 'listPrice': None}",2023-10-27,United States,,B0CNTR3CNV,0.0
55,55,4,Silencing cabinet doors. Little “feet” for serving boards.,RUK7FSMJT9DRL,https://www.amazon.com/gp/customer-reviews/RUK7FSMJT9DRL/ref=cm_cr_arp_d_rvw_ttl?ie=UTF8&ASIN=B0CNTR3CNV,One person found this helpful,"Reviewed in the United States on September 26, 2022","Works well for the slamming of cabinet doors and drawers. These were a wee bit thicker than I really needed for my particular cabinetry. I would prefer not to have quite that much gap. But if your doors are more whopper-jawed; it could be just the thing. These are the PERFECT THICKNESS  for little feet on the bottom of my wood charcuterie board, and similar applications. I ALWAYS RUB the site clean using a little rubbing alcohol, and let it dry, to achieve the absolute best adhesion.",True,"Material Type: ClearSize: 128 Pcs - 0.5"" x 0.14""",[],76,6025,457,https://www.amazon.com/product-reviews/B0CNTR3CNV?pageNumber=8&filterByStar=all_stars&sortBy=helpful&formatType=all_formats,allStars,,"{'price': None, 'listPrice': None}",2022-09-26,United States,,B0CNTR3CNV,0.9587
56,56,4,"Easy to use, and stick well",R11I828TGPRNVW,https://www.amazon.com/gp/customer-reviews/R11I828TGPRNVW/ref=cm_cr_arp_d_rvw_ttl?ie=UTF8&ASIN=B0CNTR3CNV,2 people found this helpful,"Reviewed in the United States on January 23, 2023",These stick well and are a good size. The only improvement I would make is to make them less tacky. sometimes they’ll stick to the cabinets and make a slight noise when you open them.,True,"Material Type: ClearSize: 128 Pcs - 0.5"" x 0.14""",[],77,6025,457,https://www.amazon.com/product-reviews/B0CNTR3CNV?pageNumber=8&filterByStar=all_stars&sortBy=helpful&formatType=all_formats,allStars,,"{'price': None, 'listPrice': None}",2023-01-23,United States,,B0CNTR3CNV,0.7906
57,57,4,Thanks it's a bit quieter.,R1U82RRJHEGFJB,https://www.amazon.com/gp/customer-reviews/R1U82RRJHEGFJB/ref=cm_cr_arp_d_rvw_ttl?ie=UTF8&ASIN=B0CNTR3CNV,2 people found this helpful,"Reviewed in the United States on February 6, 2023","Slamming cupboard when I'm trying to be quiet is kinda annoying. With these bumpers all is quiet and I'm enjoying it. My husband hasn't noticed yet,he probably won't. I'm happy with my purchase.",True,"Material Type: ClearSize: 128 Pcs - 0.5"" x 0.14""",[],78,6025,457,https://www.amazon.com/product-reviews/B0CNTR3CNV?pageNumber=8&filterByStar=all_stars&sortBy=helpful&formatType=all_formats,allStars,,"{'price': None, 'listPrice': None}",2023-02-06,United States,,B0CNTR3CNV,-0.2512
58,58,5,Non-sticky side does not stick to painted surfaces! Yay!,R1IYEZ6O8120SR,https://www.amazon.com/gp/customer-reviews/R1IYEZ6O8120SR/ref=cm_cr_arp_d_rvw_ttl?ie=UTF8&ASIN=B0CNTR3CNV,5 people found this helpful,"Reviewed in the United States on May 25, 2023","We've tried two other types of cabinet door bumpers; the first one would not stay in place and the second one took the paint off of the cabinet.  These have been perfect!  They're the right size, color, strong hold, and gentle on painted surface.",True,"Material Type: BlackSize: 128 Pcs - 0.5"" x 0.14""",[],79,6025,457,https://www.amazon.com/product-reviews/B0CNTR3CNV?pageNumber=8&filterByStar=all_stars&sortBy=helpful&formatType=all_formats,allStars,,"{'price': None, 'listPrice': None}",2023-05-25,United States,,B0CNTR3CNV,0.8805
59,59,5,Excellent quality and price,R2T27SU198Y97X,https://www.amazon.com/gp/customer-reviews/R2T27SU198Y97X/ref=cm_cr_arp_d_rvw_ttl?ie=UTF8&ASIN=B0CNTR3CNV,,"Reviewed in the United States on August 10, 2023",This are good to protect the surface from doors or to put on the base of an item to protect floors. Also they avoid slipping movements,True,"Material Type: ClearSize: 128 Pcs - 0.5"" x 0.14""",[],80,6025,457,https://www.amazon.com/product-reviews/B0CNTR3CNV?pageNumber=8&filterByStar=all_stars&sortBy=helpful&formatType=all_formats,allStars,,"{'price': None, 'listPrice': None}",2023-08-10,United States,,B0CNTR3CNV,0.7096
60,60,5,"Heck, it’s just a little sticky thing.",RSCXDR225J5JH,https://www.amazon.com/gp/customer-reviews/RSCXDR225J5JH/ref=cm_cr_arp_d_rvw_ttl?ie=UTF8&ASIN=B0CNTR3CNV,,"Reviewed in the United States on December 3, 2023",What could be wrong with that? Works great.,True,"Material Type: ClearSize: 128 Pcs - 0.5"" x 0.14""",[],51,6025,457,https://www.amazon.com/product-reviews/B0CNTR3CNV?pageNumber=6&filterByStar=all_stars&sortBy=helpful&formatType=all_formats,allStars,,"{'price': None, 'listPrice': None}",2023-12-03,United States,,B0CNTR3CNV,0.25
61,61,5,Great solution for really old problem!,R3BN0Q7KF8FA2X,https://www.amazon.com/gp/customer-reviews/R3BN0Q7KF8FA2X/ref=cm_cr_arp_d_rvw_ttl?ie=UTF8&ASIN=B0CNTR3CNV,,"Reviewed in the United States on August 1, 2023",I had struggled with sticking Kitchen and bathroom cabinet doors sticking for years. They had these little cork and clue pads that always would stick. It never seemed like a big deal and never got my full attention. Last week I broke a fingernail down to the point that it bled. Not the first time but I was determined that it would be the last. These little bumpers were exactly what was needed. 10 minutes and problem solved!,True,"Material Type: ClearSize: 128 Pcs - 0.5"" x 0.14""",[],52,6025,457,https://www.amazon.com/product-reviews/B0CNTR3CNV?pageNumber=6&filterByStar=all_stars&sortBy=helpful&formatType=all_formats,allStars,,"{'price': None, 'listPrice': None}",2023-08-01,United States,,B0CNTR3CNV,-0.3065
62,62,5,Perfect,RC0D9TIN7QU7O,https://www.amazon.com/gp/customer-reviews/RC0D9TIN7QU7O/ref=cm_cr_arp_d_rvw_ttl?ie=UTF8&ASIN=B0CNTR3CNV,,"Reviewed in the United States on November 10, 2023","I didn't think I eould need that many little bumpers, but they are great and the is perfect, so as not to be very noticeable.",True,"Material Type: BlackSize: 128 Pcs - 0.5"" x 0.14""",[],53,6025,457,https://www.amazon.com/product-reviews/B0CNTR3CNV?pageNumber=6&filterByStar=all_stars&sortBy=helpful&formatType=all_formats,allStars,,"{'price': None, 'listPrice': None}",2023-11-10,United States,,B0CNTR3CNV,0.9136
63,63,5,Helps with annoying cabinets,RL3LKH9WHCF9W,https://www.amazon.com/gp/customer-reviews/RL3LKH9WHCF9W/ref=cm_cr_arp_d_rvw_ttl?ie=UTF8&ASIN=B0CNTR3CNV,2 people found this helpful,"Reviewed in the United States on August 6, 2023",I dunno if I have auditory sensory issues… but —well yes I probably do. I moved into a new place and the cabinets made this high pitch loud crack/thwack when shutting. And I have a toddler who looks for noises like that to make. He loves it. These bumpers have helped. Dampens it just enough that I’m less edgy. I mean I try to be a little edgy in a cool way. But not in my brain like that.,True,"Material Type: ClearSize: 128 Pcs - 0.5"" x 0.14""",[],54,6025,457,https://www.amazon.com/product-reviews/B0CNTR3CNV?pageNumber=6&filterByStar=all_stars&sortBy=helpful&formatType=all_formats,allStars,,"{'price': None, 'listPrice': None}",2023-08-06,United States,,B0CNTR3CNV,0.9562
64,64,5,Fast shipping. good product and quality,R3KG54XMY9P6VJ,https://www.amazon.com/gp/customer-reviews/R3KG54XMY9P6VJ/ref=cm_cr_arp_d_rvw_ttl?ie=UTF8&ASIN=B0CNTR3CNV,,"Reviewed in the United States on December 7, 2023",Fast shipping. good product and quality,True,"Material Type: ClearSize: 128 Pcs - 0.5"" x 0.14""",[],55,6025,457,https://www.amazon.com/product-reviews/B0CNTR3CNV?pageNumber=6&filterByStar=all_stars&sortBy=helpful&formatType=all_formats,allStars,,"{'price': None, 'listPrice': None}",2023-12-07,United States,,B0CNTR3CNV,0.4404
65,65,5,Just what I needed,RTWA8DESONCY8,https://www.amazon.com/gp/customer-reviews/RTWA8DESONCY8/ref=cm_cr_arp_d_rvw_ttl?ie=UTF8&ASIN=B0CNTR3CNV,,"Reviewed in the United States on October 27, 2023",I had my kitchen cabinets painted and the old bumpers came off and were is colored. These adhered easily and there are plenty left over.,True,"Material Type: ClearSize: 128 Pcs - 0.5"" x 0.14""",[],56,6025,457,https://www.amazon.com/product-reviews/B0CNTR3CNV?pageNumber=6&filterByStar=all_stars&sortBy=helpful&formatType=all_formats,allStars,,"{'price': None, 'listPrice': None}",2023-10-27,United States,,B0CNTR3CNV,0.34
66,66,5,Worked as described,R10T9CKBQIWPY8,https://www.amazon.com/gp/customer-reviews/R10T9CKBQIWPY8/ref=cm_cr_arp_d_rvw_ttl?ie=UTF8&ASIN=B0CNTR3CNV,,"Reviewed in the United States on December 11, 2023",They work!,True,"Material Type: ClearSize: 128 Pcs - 0.5"" x 0.14""",[],57,6025,457,https://www.amazon.com/product-reviews/B0CNTR3CNV?pageNumber=6&filterByStar=all_stars&sortBy=helpful&formatType=all_formats,allStars,,"{'price': None, 'listPrice': None}",2023-12-11,United States,,B0CNTR3CNV,0.0
67,67,5,Life made easy with these,R2DH0AF53N4MCA,https://www.amazon.com/gp/customer-reviews/R2DH0AF53N4MCA/ref=cm_cr_arp_d_rvw_ttl?ie=UTF8&ASIN=B0CNTR3CNV,,"Reviewed in the United States on November 25, 2023",Very easy to install,True,"Material Type: ClearSize: 128 Pcs - 0.5"" x 0.14""",[],58,6025,457,https://www.amazon.com/product-reviews/B0CNTR3CNV?pageNumber=6&filterByStar=all_stars&sortBy=helpful&formatType=all_formats,allStars,,"{'price': None, 'listPrice': None}",2023-11-25,United States,,B0CNTR3CNV,0.4927
68,68,5,Non marking feet,R1S3C92TPUOE4B,https://www.amazon.com/gp/customer-reviews/R1S3C92TPUOE4B/ref=cm_cr_arp_d_rvw_ttl?ie=UTF8&ASIN=B0CNTR3CNV,,"Reviewed in the United States on November 10, 2023",I use these as feet on the bottom of my miniature houses.,True,"Material Type: ClearSize: 128 Pcs - 0.5"" x 0.14""",['https://m.media-amazon.com/images/I/71v3SsdhKsL._SY88.jpg'],59,6025,457,https://www.amazon.com/product-reviews/B0CNTR3CNV?pageNumber=6&filterByStar=all_stars&sortBy=helpful&formatType=all_formats,allStars,,"{'price': None, 'listPrice': None}",2023-11-10,United States,,B0CNTR3CNV,0.0
69,69,5,"Put them on cabinets, picture frames, and more",R3HE5N4RU1REDJ,https://www.amazon.com/gp/customer-reviews/R3HE5N4RU1REDJ/ref=cm_cr_arp_d_rvw_ttl?ie=UTF8&ASIN=B0CNTR3CNV,4 people found this helpful,"Reviewed in the United States on July 20, 2023","I put these on all my cabinet doors in the whole house and there is no more ""banging"" when they close.  I also put them on the bottom corners of all my pictures on the walls and they no longer slide or move.  I recommend them to everyone.  Only a minor problem with one item and they didn't stick too well to it but everything else was perfect.",True,"Material Type: ClearSize: 128 Pcs - 0.5"" x 0.14""",[],60,6025,457,https://www.amazon.com/product-reviews/B0CNTR3CNV?pageNumber=6&filterByStar=all_stars&sortBy=helpful&formatType=all_formats,allStars,,"{'price': None, 'listPrice': None}",2023-07-20,United States,,B0CNTR3CNV,0.5176
70,70,5,Exactly what we were looking for,RC7ZPUJB6GPE2,https://www.amazon.com/gp/customer-reviews/RC7ZPUJB6GPE2/ref=cm_cr_arp_d_rvw_ttl?ie=UTF8&ASIN=B0CNTR3CNV,,"Reviewed in the United States on March 13, 2024",They are handy and they help with the sound of closing the cabinet doors,True,"Material Type: ClearSize: 256 Pcs - 0.5"" x 0.14""",[],11,6025,457,https://www.amazon.com/product-reviews/B0CNTR3CNV?pageNumber=2&filterByStar=all_stars&sortBy=helpful&formatType=all_formats,allStars,,"{'price': None, 'listPrice': None}",2024-03-13,United States,,B0CNTR3CNV,0.4019
71,71,5,Good product,R3NH8KOXT9GGK2,https://www.amazon.com/gp/customer-reviews/R3NH8KOXT9GGK2/ref=cm_cr_arp_d_rvw_ttl?ie=UTF8&ASIN=B0CNTR3CNV,,"Reviewed in the United States on March 15, 2024","I used these as ""feet"" for coasters.  Did the job",True,"Material Type: BlackSize: 128 Pcs - 0.5"" x 0.14""",[],12,6025,457,https://www.amazon.com/product-reviews/B0CNTR3CNV?pageNumber=2&filterByStar=all_stars&sortBy=helpful&formatType=all_formats,allStars,,"{'price': None, 'listPrice': None}",2024-03-15,United States,,B0CNTR3CNV,0.0
72,72,5,Gvidal,R10ZLCFASVTA40,https://www.amazon.com/gp/customer-reviews/R10ZLCFASVTA40/ref=cm_cr_arp_d_rvw_ttl?ie=UTF8&ASIN=B0CNTR3CNV,,"Reviewed in the United States on March 16, 2024",Item is as described. Arrive on time,True,"Material Type: ClearSize: 128 Pcs - 0.5"" x 0.14""",[],13,6025,457,https://www.amazon.com/product-reviews/B0CNTR3CNV?pageNumber=2&filterByStar=all_stars&sortBy=helpful&formatType=all_formats,allStars,,"{'price': None, 'listPrice': None}",2024-03-16,United States,,B0CNTR3CNV,0.0
73,73,5,Work well,RWDRXUA2TUYU0,https://www.amazon.com/gp/customer-reviews/RWDRXUA2TUYU0/ref=cm_cr_arp_d_rvw_ttl?ie=UTF8&ASIN=B0CNTR3CNV,,"Reviewed in the United States on March 1, 2024",We used these for bumpers on our kitchen cabinets. They make a big difference. I bought these in particular because the description said they were non-yellowing.,True,"Material Type: ClearSize: 128 Pcs - 0.5"" x 0.14""",[],14,6025,457,https://www.amazon.com/product-reviews/B0CNTR3CNV?pageNumber=2&filterByStar=all_stars&sortBy=helpful&formatType=all_formats,allStars,,"{'price': None, 'listPrice': None}",2024-03-01,United States,,B0CNTR3CNV,0.0
74,74,5,Served the Purpose,R8Y9XI3T3M2J1,https://www.amazon.com/gp/customer-reviews/R8Y9XI3T3M2J1/ref=cm_cr_arp_d_rvw_ttl?ie=UTF8&ASIN=B0CNTR3CNV,,"Reviewed in the United States on March 1, 2024",I needed these stoppers to reduce the cabinet door slamming and these stoppers provide enough cushioning and adhesive to address that issue.,True,"Material Type: ClearSize: 128 Pcs - 0.5"" x 0.14""",[],15,6025,457,https://www.amazon.com/product-reviews/B0CNTR3CNV?pageNumber=2&filterByStar=all_stars&sortBy=helpful&formatType=all_formats,allStars,,"{'price': None, 'listPrice': None}",2024-03-01,United States,,B0CNTR3CNV,0.0
75,75,5,Good product,R15T269AWAKGXY,https://www.amazon.com/gp/customer-reviews/R15T269AWAKGXY/ref=cm_cr_arp_d_rvw_ttl?ie=UTF8&ASIN=B0CNTR3CNV,,"Reviewed in the United States on March 1, 2024",They stick really well and I use them on my coasters I make and I'm sure there really good for cabinets.,True,"Material Type: ClearSize: 128 Pcs - 0.5"" x 0.14""",[],16,6025,457,https://www.amazon.com/product-reviews/B0CNTR3CNV?pageNumber=2&filterByStar=all_stars&sortBy=helpful&formatType=all_formats,allStars,,"{'price': None, 'listPrice': None}",2024-03-01,United States,,B0CNTR3CNV,0.7837
76,76,5,These little things are great,R33ARPULG0LT8D,https://www.amazon.com/gp/customer-reviews/R33ARPULG0LT8D/ref=cm_cr_arp_d_rvw_ttl?ie=UTF8&ASIN=B0CNTR3CNV,,"Reviewed in the United States on March 3, 2024",Great for the back of our kitchen cabinets. Help them not to slam.,True,"Material Type: BlackSize: 128 Pcs - 0.5"" x 0.14""",[],17,6025,457,https://www.amazon.com/product-reviews/B0CNTR3CNV?pageNumber=2&filterByStar=all_stars&sortBy=helpful&formatType=all_formats,allStars,,"{'price': None, 'listPrice': None}",2024-03-03,United States,,B0CNTR3CNV,0.8395
77,77,5,They work great,R1LXHO5BM1O0AV,https://www.amazon.com/gp/customer-reviews/R1LXHO5BM1O0AV/ref=cm_cr_arp_d_rvw_ttl?ie=UTF8&ASIN=B0CNTR3CNV,,"Reviewed in the United States on March 2, 2024",They work great,True,"Material Type: ClearSize: 128 Pcs - 0.5"" x 0.14""",[],18,6025,457,https://www.amazon.com/product-reviews/B0CNTR3CNV?pageNumber=2&filterByStar=all_stars&sortBy=helpful&formatType=all_formats,allStars,,"{'price': None, 'listPrice': None}",2024-03-02,United States,,B0CNTR3CNV,0.6249
78,78,5,Good,R3JQFDUHDW8DHO,https://www.amazon.com/gp/customer-reviews/R3JQFDUHDW8DHO/ref=cm_cr_arp_d_rvw_ttl?ie=UTF8&ASIN=B0CNTR3CNV,,"Reviewed in the United States on March 4, 2024",Good,True,"Material Type: BrownSize: 128 Pcs - 0.5"" x 0.14""",[],19,6025,457,https://www.amazon.com/product-reviews/B0CNTR3CNV?pageNumber=2&filterByStar=all_stars&sortBy=helpful&formatType=all_formats,allStars,,"{'price': None, 'listPrice': None}",2024-03-04,United States,,B0CNTR3CNV,0.4404
79,79,5,Great bumpers,R9A7RI5EA4DF3,https://www.amazon.com/gp/customer-reviews/R9A7RI5EA4DF3/ref=cm_cr_arp_d_rvw_ttl?ie=UTF8&ASIN=B0CNTR3CNV,,"Reviewed in the United States on February 2, 2024",We recently replaced our kitchen cupboard doors and needed new bumpers. These were the perfect fit as they were a perfect thickness and were white which matches the doors.  All in all a great buy.,True,"Material Type: WhiteSize: 128 Pcs - 0.5"" x 0.14""",[],20,6025,457,https://www.amazon.com/product-reviews/B0CNTR3CNV?pageNumber=2&filterByStar=all_stars&sortBy=helpful&formatType=all_formats,allStars,,"{'price': None, 'listPrice': None}",2024-02-02,United States,,B0CNTR3CNV,0.9325
80,80,5,Product was exactly as advertised,R1VV03XJM3QKYG,https://www.amazon.com/gp/customer-reviews/R1VV03XJM3QKYG/ref=cm_cr_arp_d_rvw_ttl?ie=UTF8&ASIN=B0CNTR3CNV,,"Reviewed in the United States on November 8, 2023","Product was exactly as advertised, would suggest and buy this particular item again if needed.",True,"Material Type: ClearSize: 128 Pcs - 0.5"" x 0.14""",[],61,6025,457,https://www.amazon.com/product-reviews/B0CNTR3CNV?pageNumber=7&filterByStar=all_stars&sortBy=helpful&formatType=all_formats,allStars,,"{'price': None, 'listPrice': None}",2023-11-08,United States,,B0CNTR3CNV,0.0
81,81,5,Cabinet Door Bumpers,R357BGEZ3OV5LT,https://www.amazon.com/gp/customer-reviews/R357BGEZ3OV5LT/ref=cm_cr_arp_d_rvw_ttl?ie=UTF8&ASIN=B0CNTR3CNV,One person found this helpful,"Reviewed in the United States on October 4, 2023",These door bumpers are just what I wanted and the right size to do the job of making my cabinet doors quieter when they close.,True,"Material Type: ClearSize: 128 Pcs - 0.5"" x 0.14""",[],62,6025,457,https://www.amazon.com/product-reviews/B0CNTR3CNV?pageNumber=7&filterByStar=all_stars&sortBy=helpful&formatType=all_formats,allStars,,"{'price': None, 'listPrice': None}",2023-10-04,United States,,B0CNTR3CNV,0.0
82,82,5,Adhere really well,R3EY4VD29Z934W,https://www.amazon.com/gp/customer-reviews/R3EY4VD29Z934W/ref=cm_cr_arp_d_rvw_ttl?ie=UTF8&ASIN=B0CNTR3CNV,,"Reviewed in the United States on November 2, 2023",These were priced right.  Good thickness and applied well.  Great value.,True,"Material Type: ClearSize: 128 Pcs - 0.5"" x 0.14""",[],63,6025,457,https://www.amazon.com/product-reviews/B0CNTR3CNV?pageNumber=7&filterByStar=all_stars&sortBy=helpful&formatType=all_formats,allStars,,"{'price': None, 'listPrice': None}",2023-11-02,United States,,B0CNTR3CNV,0.8885
83,83,3,Still a bit loud,R3S02Y1VR0OA23,https://www.amazon.com/gp/customer-reviews/R3S02Y1VR0OA23/ref=cm_cr_arp_d_rvw_ttl?ie=UTF8&ASIN=B0CNTR3CNV,,"Reviewed in the United States on October 29, 2023","Not sure if it's the cabinets that I have or what, but it's still a bit loud when cabinets are closing. 3 stars for me because of that, but you may have a better/worse experience - again, may be due to the cabinets/drawers themselves.",True,"Material Type: ClearSize: 128 Pcs - 0.5"" x 0.14""",[],64,6025,457,https://www.amazon.com/product-reviews/B0CNTR3CNV?pageNumber=7&filterByStar=all_stars&sortBy=helpful&formatType=all_formats,allStars,,"{'price': None, 'listPrice': None}",2023-10-29,United States,,B0CNTR3CNV,-0.1232
84,84,5,Good product!,R1USSEPM6U3VWA,https://www.amazon.com/gp/customer-reviews/R1USSEPM6U3VWA/ref=cm_cr_arp_d_rvw_ttl?ie=UTF8&ASIN=B0CNTR3CNV,,"Reviewed in the United States on October 13, 2023",Looks like it has a good adhesive and helps reduce the noise when closing the cupboards.,True,"Material Type: ClearSize: 128 Pcs - 0.5"" x 0.14""",[],65,6025,457,https://www.amazon.com/product-reviews/B0CNTR3CNV?pageNumber=7&filterByStar=all_stars&sortBy=helpful&formatType=all_formats,allStars,,"{'price': None, 'listPrice': None}",2023-10-13,United States,,B0CNTR3CNV,0.7906
85,85,5,Just what was needed,R1WHIEKJPOLDQH,https://www.amazon.com/gp/customer-reviews/R1WHIEKJPOLDQH/ref=cm_cr_arp_d_rvw_ttl?ie=UTF8&ASIN=B0CNTR3CNV,One person found this helpful,"Reviewed in the United States on October 20, 2023",Perfect size and I like the clear ones. Adhere well too.,True,"Material Type: ClearSize: 128 Pcs - 0.5"" x 0.14""",[],66,6025,457,https://www.amazon.com/product-reviews/B0CNTR3CNV?pageNumber=7&filterByStar=all_stars&sortBy=helpful&formatType=all_formats,allStars,,"{'price': None, 'listPrice': None}",2023-10-20,United States,,B0CNTR3CNV,0.872
86,86,5,As described,R1SQKA2A1TKBG3,https://www.amazon.com/gp/customer-reviews/R1SQKA2A1TKBG3/ref=cm_cr_arp_d_rvw_ttl?ie=UTF8&ASIN=B0CNTR3CNV,,"Reviewed in the United States on November 2, 2023",These worked perfect on my cabinets,True,"Material Type: ClearSize: 128 Pcs - 0.5"" x 0.14""",[],67,6025,457,https://www.amazon.com/product-reviews/B0CNTR3CNV?pageNumber=7&filterByStar=all_stars&sortBy=helpful&formatType=all_formats,allStars,,"{'price': None, 'listPrice': None}",2023-11-02,United States,,B0CNTR3CNV,0.5719
87,87,5,Nice,RWPNLI7MIT6MZ,https://www.amazon.com/gp/customer-reviews/RWPNLI7MIT6MZ/ref=cm_cr_arp_d_rvw_ttl?ie=UTF8&ASIN=B0CNTR3CNV,,"Reviewed in the United States on October 11, 2023","Good quality, nice thickness for my door cabinets",True,"Material Type: ClearSize: 128 Pcs - 0.5"" x 0.14""",[],68,6025,457,https://www.amazon.com/product-reviews/B0CNTR3CNV?pageNumber=7&filterByStar=all_stars&sortBy=helpful&formatType=all_formats,allStars,,"{'price': None, 'listPrice': None}",2023-10-11,United States,,B0CNTR3CNV,0.6908
88,88,4,worked well,R34TFHKY93FWQF,https://www.amazon.com/gp/customer-reviews/R34TFHKY93FWQF/ref=cm_cr_arp_d_rvw_ttl?ie=UTF8&ASIN=B0CNTR3CNV,One person found this helpful,"Reviewed in the United States on May 12, 2023",Nice to finally replace the old bumpers that were getting gummy.  These work well to stop door from slamming.,True,"Material Type: ClearSize: 128 Pcs - 0.5"" x 0.14""",[],69,6025,457,https://www.amazon.com/product-reviews/B0CNTR3CNV?pageNumber=7&filterByStar=all_stars&sortBy=helpful&formatType=all_formats,allStars,,"{'price': None, 'listPrice': None}",2023-05-12,United States,,B0CNTR3CNV,0.4019
89,89,5,Easy to use and install,R2CH6Y9YGGYPKX,https://www.amazon.com/gp/customer-reviews/R2CH6Y9YGGYPKX/ref=cm_cr_arp_d_rvw_ttl?ie=UTF8&ASIN=B0CNTR3CNV,,"Reviewed in the United States on September 18, 2023","Very fool proof, easy to use, and install. You can quickly remove and reinstall if you placed it wrong.",True,"Material Type: ClearSize: 128 Pcs - 0.5"" x 0.14""",[],70,6025,457,https://www.amazon.com/product-reviews/B0CNTR3CNV?pageNumber=7&filterByStar=all_stars&sortBy=helpful&formatType=all_formats,allStars,,"{'price': None, 'listPrice': None}",2023-09-18,United States,,B0CNTR3CNV,-0.4818
