,Unnamed: 0.4,Unnamed: 0.3,Unnamed: 0.2,Unnamed: 0.1,Unnamed: 0,ratingScore,reviewTitle,reviewId,reviewUrl,reviewReaction,reviewedIn,reviewDescription,isVerified,variant,reviewImages,position,totalCategoryRatings,totalCategoryReviews,reviewCategoryUrl,filterByRating,filterByKeyword,product,date,country,countryCode,productAsin,sentiment_score
0,0,0,0,0,0,5,Amazing product,R2Z0JTY07W5AO0,https://www.amazon.com/gp/customer-reviews/R2Z0JTY07W5AO0/ref=cm_cr_arp_d_rvw_ttl?ie=UTF8&ASIN=B07K4VCLLK,,"Reviewed in the United States on March 12, 2024",Bought it for a family member and They loved it.,True,Size: 64GBColor: SilverService Provider: UnlockedProduct grade: Renewed,[],1,2442,554,https://www.amazon.com/product-reviews/B07K4VCLLK?pageNumber=1&filterByStar=all_stars&sortBy=helpful&formatType=all_formats,allStars,,"{'price': None, 'listPrice': None}",2024-03-12,United States,,B07K4VCLLK,0.5994
1,1,1,1,1,1,5,Perfect,R2BOJQKMY1CG1A,https://www.amazon.com/gp/customer-reviews/R2BOJQKMY1CG1A/ref=cm_cr_arp_d_rvw_ttl?ie=UTF8&ASIN=B07K4VCLLK,,"Reviewed in the United States on February 8, 2024",Love love love the phones fast shipping easy to set up great phone over all! The oled screens are well worth the price I’ve already dropped mine a handful of times and not a single crack yet. Had I dropped the iPhone 8 I would be buying a new screen already lol,True,Size: 64GBColor: SilverService Provider: UnlockedProduct grade: Renewed,[],2,2442,554,https://www.amazon.com/product-reviews/B07K4VCLLK?pageNumber=1&filterByStar=all_stars&sortBy=helpful&formatType=all_formats,allStars,,"{'price': None, 'listPrice': None}",2024-02-08,United States,,B07K4VCLLK,0.9792
2,2,2,2,2,2,5,Good little phone but….,R2WM770CIEHVFK,https://www.amazon.com/gp/customer-reviews/R2WM770CIEHVFK/ref=cm_cr_arp_d_rvw_ttl?ie=UTF8&ASIN=B07K4VCLLK,2 people found this helpful,"Reviewed in the United States on October 5, 2023",This is my first iPhone as I balked at the prices VS androids. This phone is at a good price point that justifies the purchase. I am getting better at managing the interface and it has this solid feel to it. It has many customizations that can be done. What I Dont like is the battery goes down much faster than an android like Samsung.  I have this idea that I should remove software I Dont use like iTunes to enable space and free up cache. This isn’t gonna happen as this cannot be removed as it is part of the iOS. I would luv to get a slimmed down iOS update instead of what is called bloatware. Make the iOS less intrusive and decouple iTunes and such so phone has less devices running in background.,True,Size: 64GBColor: SilverService Provider: UnlockedProduct grade: Renewed,[],3,2442,554,https://www.amazon.com/product-reviews/B07K4VCLLK?pageNumber=1&filterByStar=all_stars&sortBy=helpful&formatType=all_formats,allStars,,"{'price': None, 'listPrice': None}",2023-10-05,United States,,B07K4VCLLK,0.6726
3,3,3,3,3,3,4,Its worth the money,R1IKTFRSI1JYL3,https://www.amazon.com/gp/customer-reviews/R1IKTFRSI1JYL3/ref=cm_cr_arp_d_rvw_ttl?ie=UTF8&ASIN=B07K4VCLLK,,"Reviewed in the United States on January 8, 2024","So I love the phone, I had an android, so I switched to an iPhone, the battery came in at 80% which isn’t bad. I was kind of expecting that, but it doesn’t stay charged for long, the battery loses its life pretty quickly. For the most part, I like it.",True,Size: 64GBColor: SilverService Provider: UnlockedProduct grade: Renewed,[],4,2442,554,https://www.amazon.com/product-reviews/B07K4VCLLK?pageNumber=1&filterByStar=all_stars&sortBy=helpful&formatType=all_formats,allStars,,"{'price': None, 'listPrice': None}",2024-01-08,United States,,B07K4VCLLK,0.6501
4,4,4,4,4,4,1,Battery defective. Amazon refused to honor replacement arrangement.,R399VQU8QG5IU3,https://www.amazon.com/gp/customer-reviews/R399VQU8QG5IU3/ref=cm_cr_arp_d_rvw_ttl?ie=UTF8&ASIN=B07K4VCLLK,49 people found this helpful,"Reviewed in the United States on February 5, 2022","I received the phone within 2 days of ordering. The packaging was fine and initially it appeared to be in great condition. However, I checked the battery health on the first day which stated “Important Battery Message: Your battery’s health is significantly degraded.”  The Maximum Capacity for the battery was 78%. No problem, I thought, because one of the reason’s I bought from Amazon is that the phone was advertised “to have a battery which exceeds 80% capacity relative to new” and was “Guaranteed by Amazon” to be “eligible for replacement or refund within 90 days of receipt if you are not satisfied. “Well clearly, I was not satisfied to receive a phone with a significantly degraded battery. So, I called Amazon Customer service to explain the problem and request a replacement. I did this on the same day I received the phone. The representative was helpful and told me he would send out a replacement immediately, and even upgrade the shipment method for no extra charge.  He also told me, both in conversation and in writing to “use the box the replacement comes in to return the original.”  That way, I would not be without a phone while waiting for the replacement to arrive.The day the replacement was scheduled to arrive and but had not, I called Amazon customer service back to inquire about the status. Much to my surprise, I was told the replacement phone order had been cancelled by the third-party seller because the original had not been returned. This irritated me for two reasons: (1) I had never been notified the replacement order had been cancelled—apparently, had I not called Amazon was simply going to drop the issue, and (2) I was specifically told by Amazon Customer Service that I did not need to return the original until the replacement was received.I told the agent this was unacceptable and wanted the replacement sent to me, as had been previously arranged. When it became clear that she would not be able to help me, I asked to speak with her manager. After providing her with my phone number, she said her manager would call me back. That phone call never happened.The following day I called Amazon customer service again, now the third time trying to get this issue resolved. I explained the steps I had taken thus far and was put on hold so the representative could verify if my replacement order “was legit.”  When I asked what “legit” meant, she said she needed to verify if this was unusual activity on the account because it was a phone purchase. I told her that of course it was legit, as I had email documentation regarding the entire process!After being on hold, she came back and told me the replacement phone would be delivered within 5 days. She also said she would personally call me on that day to verify that it was received. I asked her to clarify that I would receive the replacement first, prior to sending the original back, according to the instructions I had previously received via email. She looked up that email and saw it said: “Please feel free to use the box the replacement comes in to return the original…”  After reading that she placed me on hold again.After a minute or so, she came back on the line and asked if she could place me on hold for an additional few minutes. I asked why. She said she was trying to find out what went wrong with the first replacement order. When she came back on the line, she told me “to be on the safe side” I should return the original defective phone first to receive a replacement.  I reiterated that this was unacceptable and that I had held up my end of the bargain and done exactly as Amazon had told me to do. I wanted the replacement sent first before I returned the defective phone. She said the email I received was in error and the person who sent it made a mistake—the defective phone would need to be returned before the replacement is shipped out. I told her that while I understand that people make mistakes, I did not think I should be penalized (i.e., be without a phone for at least 5 days) for a mistake that Amazon made. She apologized for the mistake but made it clear that I would not receive a replacement until the original was returned. I informed her I would be writing a negative review.To summarize: I was sent a defective phone, was given incorrect information about how to replace it, had the replacement order silently cancelled without being notified, and Amazon refused to follow through on the terms of their agreement. One star.",True,Size: 64GBColor: SilverService Provider: UnlockedProduct grade: Renewed,['https://m.media-amazon.com/images/I/61rPrlxOEFL._SY88.jpg'],5,2442,554,https://www.amazon.com/product-reviews/B07K4VCLLK?pageNumber=1&filterByStar=all_stars&sortBy=helpful&formatType=all_formats,allStars,,"{'price': None, 'listPrice': None}",2022-02-05,United States,,B07K4VCLLK,-0.8022
5,5,5,5,5,5,5,So good!,R14J2XYSIRM4AD,https://www.amazon.com/gp/customer-reviews/R14J2XYSIRM4AD/ref=cm_cr_arp_d_rvw_ttl?ie=UTF8&ASIN=B07K4VCLLK,,"Reviewed in the United States on June 7, 2020","This Iphone arrived a day early and in a nice box, worth every penny, i know you might be hesitant as it's a lot of money  but it's so worth it. My iphone 6s stopped working so i went all in and bought this, the speed this works at is crazy fast. Glass front and back so get a good case. My phone arrived with 93% battery life and a very long cord with a plug and the cord seems to be wrapped in some metal which is so nice and makes it very sturdy. The face id works so well, in the dark, the side of my face, when i'm crying and when i have glasses on. The camera is AMAZING quality it takes really good picture. the selfie camera is so good and the flash doesnt give that weird black and white fuzzy thing my old phone did when i used flash in the dark. This phone is such good quality and worth it, also when you turn the phone on its side it plays the audio out of both top and bottom making it super easy to watch Netflix or DIsney+. thanks for reading! sincerely a very happy Amazon costumer.",True,Size: 64GBColor: SilverService Provider: UnlockedProduct grade: Renewed,[],6,2442,554,https://www.amazon.com/product-reviews/B07K4VCLLK?pageNumber=1&filterByStar=all_stars&sortBy=helpful&formatType=all_formats,allStars,,"{'price': None, 'listPrice': None}",2020-06-07,United States,,B07K4VCLLK,0.9961
6,6,6,6,6,6,5,Good phone,R1343QO80Y73FC,https://www.amazon.com/gp/customer-reviews/R1343QO80Y73FC/ref=cm_cr_arp_d_rvw_ttl?ie=UTF8&ASIN=B07K4VCLLK,,"Reviewed in the United States on February 24, 2024","Phone works fine, no complaints",True,Size: 64GBColor: SilverService Provider: UnlockedProduct grade: Renewed,[],7,2442,554,https://www.amazon.com/product-reviews/B07K4VCLLK?pageNumber=1&filterByStar=all_stars&sortBy=helpful&formatType=all_formats,allStars,,"{'price': None, 'listPrice': None}",2024-02-24,United States,,B07K4VCLLK,-0.4767
7,7,7,7,7,7,3,Excellent condition except battery,RI9D0U2BGKE9A,https://www.amazon.com/gp/customer-reviews/RI9D0U2BGKE9A/ref=cm_cr_arp_d_rvw_ttl?ie=UTF8&ASIN=B07K4VCLLK,One person found this helpful,"Reviewed in the United States on January 21, 2024","The iPhone arrived in great shape. I am disappointed that the battery is at just 79%. I am surprised that it is even  allowed to sell them with the battery as low as 80%. So when you are sold one that is actually below that 80% line, I think it is cause for disappointment. There is no point in sending it back for such a small percent of bettery usage. But you have to draw the line somewhere, and it is already low enough at 80%. That cost a few stars.Othan than that, the iPhone is as advertised.",True,Size: 64GBColor: SilverService Provider: UnlockedProduct grade: Renewed,[],8,2442,554,https://www.amazon.com/product-reviews/B07K4VCLLK?pageNumber=1&filterByStar=all_stars&sortBy=helpful&formatType=all_formats,allStars,,"{'price': None, 'listPrice': None}",2024-01-21,United States,,B07K4VCLLK,-0.6124
8,8,8,8,8,8,4,iPhone,R8UFZJ2M2TWR1,https://www.amazon.com/gp/customer-reviews/R8UFZJ2M2TWR1/ref=cm_cr_arp_d_rvw_ttl?ie=UTF8&ASIN=B07K4VCLLK,,"Reviewed in the United States on December 20, 2023",Product as described and fast shipping,True,Size: 64GBColor: SilverService Provider: UnlockedProduct grade: Renewed,[],9,2442,554,https://www.amazon.com/product-reviews/B07K4VCLLK?pageNumber=1&filterByStar=all_stars&sortBy=helpful&formatType=all_formats,allStars,,"{'price': None, 'listPrice': None}",2023-12-20,United States,,B07K4VCLLK,0.0
9,9,9,9,9,9,3,Phone works okay,R1639SXH8CILPR,https://www.amazon.com/gp/customer-reviews/R1639SXH8CILPR/ref=cm_cr_arp_d_rvw_ttl?ie=UTF8&ASIN=B07K4VCLLK,,"Reviewed in the United States on March 1, 2024",Phone works fine but I can’t hear anyone when making calls and they can’t hear me at all when making calls apart from that it’s in good condition,True,Size: 64GBColor: SilverService Provider: UnlockedProduct grade: Renewed,[],10,2442,554,https://www.amazon.com/product-reviews/B07K4VCLLK?pageNumber=1&filterByStar=all_stars&sortBy=helpful&formatType=all_formats,allStars,,"{'price': None, 'listPrice': None}",2024-03-01,United States,,B07K4VCLLK,0.6428
10,10,10,10,10,10,5,"Nervous at first, but Worth it!",R1K8XCRMLGTEEJ,https://www.amazon.com/gp/customer-reviews/R1K8XCRMLGTEEJ/ref=cm_cr_arp_d_rvw_ttl?ie=UTF8&ASIN=B07K4VCLLK,One person found this helpful,"Reviewed in the United States on July 11, 2020","I was nervous about buying a refurbished phone, but since there is an Amazon backed warrantee it made me feel better so I went for it! I’m so glad I did! I got the phone I wanted and saved big money vs buying it brand new. It works beautifully, a huge upgrade from my old phone. I wish they would let us know what was refurbished on the phone, but it works perfectly. No complaints. It does come in an unmarked box but arrived on time and the charger it came with works well.",True,Size: 64GBColor: SilverService Provider: UnlockedProduct grade: Renewed,[],81,2442,554,https://www.amazon.com/product-reviews/B07K4VCLLK?pageNumber=9&filterByStar=all_stars&sortBy=helpful&formatType=all_formats,allStars,,"{'price': None, 'listPrice': None}",2020-07-11,United States,,B07K4VCLLK,0.9845
11,11,11,11,11,11,5,Buy it!,RSTYXT09C3J4H,https://www.amazon.com/gp/customer-reviews/RSTYXT09C3J4H/ref=cm_cr_arp_d_rvw_ttl?ie=UTF8&ASIN=B07K4VCLLK,2 people found this helpful,"Reviewed in the United States on November 5, 2022",Was a bit skeptical buying a phone online as I’m sure everyone would be but I’ve had the phone for a couple months and never had any problems. It’s really great and such a good deal,True,Size: 64GBColor: SilverService Provider: UnlockedProduct grade: Renewed,[],82,2442,554,https://www.amazon.com/product-reviews/B07K4VCLLK?pageNumber=9&filterByStar=all_stars&sortBy=helpful&formatType=all_formats,allStars,,"{'price': None, 'listPrice': None}",2022-11-05,United States,,B07K4VCLLK,0.9303
12,12,12,12,12,12,5,Buen vendedor,RPW9VXAF769WS,https://www.amazon.com/gp/customer-reviews/RPW9VXAF769WS/ref=cm_cr_arp_d_rvw_ttl?ie=UTF8&ASIN=B07K4VCLLK,,"Reviewed in the United States on April 26, 2023",Fue Rapido el envio y el articulo esta muy bueno,True,Size: 64GBColor: SilverService Provider: UnlockedProduct grade: Renewed,[],83,2442,554,https://www.amazon.com/product-reviews/B07K4VCLLK?pageNumber=9&filterByStar=all_stars&sortBy=helpful&formatType=all_formats,allStars,,"{'price': None, 'listPrice': None}",2023-04-26,United States,,B07K4VCLLK,0.0
13,13,13,13,13,13,3,Bad customer service and not appropriate product labeling,R3VU183OPVQMQG,https://www.amazon.com/gp/customer-reviews/R3VU183OPVQMQG/ref=cm_cr_arp_d_rvw_ttl?ie=UTF8&ASIN=B07K4VCLLK,,"Reviewed in the United States on August 2, 2022",The product function great. It has lots of scratches to be called excellent condition. Battery life below 80%. The supplying company need to work on their customer response. There replies were not appropriate. Completely not taking responsibility when issues with delivery were risen,True,Size: 64GBColor: SilverService Provider: UnlockedProduct grade: Renewed,[],84,2442,554,https://www.amazon.com/product-reviews/B07K4VCLLK?pageNumber=9&filterByStar=all_stars&sortBy=helpful&formatType=all_formats,allStars,,"{'price': None, 'listPrice': None}",2022-08-02,United States,,B07K4VCLLK,0.8316
14,14,14,14,14,14,5,A great value!,R3H2EPAJU3AJ2Z,https://www.amazon.com/gp/customer-reviews/R3H2EPAJU3AJ2Z/ref=cm_cr_arp_d_rvw_ttl?ie=UTF8&ASIN=B07K4VCLLK,,"Reviewed in the United States on March 3, 2021","The item shipped and arrived faster than anticipated and In extremely good condition. Sure it had micro scratches and a little dusty from previous use, but you would not be able to notice it unless you had a flashlight directly at it. It came with a battery health of 86 percent which is acceptable considering how old this iPhone is. For the price this is an amazing purchase and I would actually buy this over a brand new iPhone SE.",True,Size: 64GBColor: SilverService Provider: UnlockedProduct grade: Renewed,[],85,2442,554,https://www.amazon.com/product-reviews/B07K4VCLLK?pageNumber=9&filterByStar=all_stars&sortBy=helpful&formatType=all_formats,allStars,,"{'price': None, 'listPrice': None}",2021-03-03,United States,,B07K4VCLLK,0.8238
15,15,15,15,15,15,3,"Battery Life @ 75%, not the Amazon Renewed stated minimum of 80%",R1JJG34Q8LWXBZ,https://www.amazon.com/gp/customer-reviews/R1JJG34Q8LWXBZ/ref=cm_cr_arp_d_rvw_ttl?ie=UTF8&ASIN=B07K4VCLLK,,"Reviewed in the United States on December 15, 2022","Battery Life @ 75%, not the Amazon Renewed stated minimum of 80%, else seems to be OK.I think I can get the battery replaced for $60",True,Size: 64GBColor: SilverService Provider: UnlockedProduct grade: Renewed,['https://m.media-amazon.com/images/I/71rQTRkd4tL._SY88.jpg'],86,2442,554,https://www.amazon.com/product-reviews/B07K4VCLLK?pageNumber=9&filterByStar=all_stars&sortBy=helpful&formatType=all_formats,allStars,,"{'price': None, 'listPrice': None}",2022-12-15,United States,,B07K4VCLLK,-0.1326
16,16,16,16,16,16,3,Works great but not what was promised,R2TDHRGFQ7X83Q,https://www.amazon.com/gp/customer-reviews/R2TDHRGFQ7X83Q/ref=cm_cr_arp_d_rvw_ttl?ie=UTF8&ASIN=B07K4VCLLK,,"Reviewed in the United States on July 28, 2021",Overall the phone looks almost new and works great. A few scuffs around the rim but that was to be expected. The biggest disappointment was the battery health though. I received this phone at 76% battery health when Amazon stated you will receive at least 80%. That was a big let down but this was already my 2nd phone I ordered after the 1st one not working (from swappa) so I didn’t mess with returning this one too.,True,Size: 64GBColor: SilverService Provider: UnlockedProduct grade: Renewed,['https://m.media-amazon.com/images/I/71bFPdseuFL._SY88.jpg'],87,2442,554,https://www.amazon.com/product-reviews/B07K4VCLLK?pageNumber=9&filterByStar=all_stars&sortBy=helpful&formatType=all_formats,allStars,,"{'price': None, 'listPrice': None}",2021-07-28,United States,,B07K4VCLLK,-0.6723
17,17,17,17,17,17,5,ITEM IS PERFECT!,R1984UHW5VKH0Q,https://www.amazon.com/gp/customer-reviews/R1984UHW5VKH0Q/ref=cm_cr_arp_d_rvw_ttl?ie=UTF8&ASIN=B07K4VCLLK,,"Reviewed in the United States on March 21, 2021","This item came in a few days. I was a bit sceptical when purchasing a refurbished phone however, this one came in perfect condition, not scratches or problems whatsoever. It came with a charger not the original apple charger but one that works really well nonetheless. Its been a few months and the phone is still working perfectly. All main features are operational. I have absolutely nothing negative to say about this product.",True,Size: 64GBColor: SilverService Provider: UnlockedProduct grade: Renewed,[],88,2442,554,https://www.amazon.com/product-reviews/B07K4VCLLK?pageNumber=9&filterByStar=all_stars&sortBy=helpful&formatType=all_formats,allStars,,"{'price': None, 'listPrice': None}",2021-03-21,United States,,B07K4VCLLK,0.9451
18,18,18,18,18,18,4,Good condition but sound can get laggy.,R1ZJTS97CK2DB9,https://www.amazon.com/gp/customer-reviews/R1ZJTS97CK2DB9/ref=cm_cr_arp_d_rvw_ttl?ie=UTF8&ASIN=B07K4VCLLK,,"Reviewed in the United States on May 29, 2021",good condition the sound can get a bit laggy sometimes but overall it’s good i would recommend getting but  it does not come with the original charger since it was owned by amazon before.,True,Size: 64GBColor: SilverService Provider: UnlockedProduct grade: Renewed,"['https://images-na.ssl-images-amazon.com/images/I/71saAhmeHdL._SY88.jpg', 'https://images-na.ssl-images-amazon.com/images/I/71yRn7hGKNL._SY88.jpg']",89,2442,554,https://www.amazon.com/product-reviews/B07K4VCLLK?pageNumber=9&filterByStar=all_stars&sortBy=helpful&formatType=all_formats,allStars,,"{'price': None, 'listPrice': None}",2021-05-29,United States,,B07K4VCLLK,0.9194
19,19,19,19,19,19,4,Exactly what I expected,RS7VRYBMQ2TPP,https://www.amazon.com/gp/customer-reviews/RS7VRYBMQ2TPP/ref=cm_cr_arp_d_rvw_ttl?ie=UTF8&ASIN=B07K4VCLLK,,"Reviewed in the United States on August 20, 2021","Well, it’s exactly what it says, it’s a refurbished iPhone XS, started right up, set up was easy, came clean and a day early. Pretty happy with it :)",True,Size: 64GBColor: SilverService Provider: UnlockedProduct grade: Renewed,[],90,2442,554,https://www.amazon.com/product-reviews/B07K4VCLLK?pageNumber=9&filterByStar=all_stars&sortBy=helpful&formatType=all_formats,allStars,,"{'price': None, 'listPrice': None}",2021-08-20,United States,,B07K4VCLLK,0.9485
20,20,20,20,20,20,5,Clean and good,RQLDSC001YZJQ,https://www.amazon.com/gp/customer-reviews/RQLDSC001YZJQ/ref=cm_cr_arp_d_rvw_ttl?ie=UTF8&ASIN=B07K4VCLLK,,"Reviewed in the United States on February 22, 2023","The phone is clean and looks new, bought for my 4year old son and it’s look like a new iPhone XS . I love it 🥰 no scratches",True,Size: 64GBColor: SilverService Provider: UnlockedProduct grade: Renewed,[],71,2442,554,https://www.amazon.com/product-reviews/B07K4VCLLK?pageNumber=8&filterByStar=all_stars&sortBy=helpful&formatType=all_formats,allStars,,"{'price': None, 'listPrice': None}",2023-02-22,United States,,B07K4VCLLK,0.802
21,21,21,21,21,21,4,Almost excelent,R2Z3ZT6GNI55VD,https://www.amazon.com/gp/customer-reviews/R2Z3ZT6GNI55VD/ref=cm_cr_arp_d_rvw_ttl?ie=UTF8&ASIN=B07K4VCLLK,,"Reviewed in the United States on March 15, 2021","The cellphone I bought is a renewed one, it came almost perfect, screen and back pannel PERFECT not a single scratch, BUT the bumper really showed it was a used device, not new and clearly used, however, cellphone works just fine, nor a single problem and battery status is at 86%, once again, not new but not bad.",True,Size: 64GBColor: SilverService Provider: UnlockedProduct grade: Renewed,[],72,2442,554,https://www.amazon.com/product-reviews/B07K4VCLLK?pageNumber=8&filterByStar=all_stars&sortBy=helpful&formatType=all_formats,allStars,,"{'price': None, 'listPrice': None}",2021-03-15,United States,,B07K4VCLLK,0.8719
22,22,22,22,22,22,1,PHONE SAYS IT NEEDS TO COOL DOWN,R2LL5CUT419STB,https://www.amazon.com/gp/customer-reviews/R2LL5CUT419STB/ref=cm_cr_arp_d_rvw_ttl?ie=UTF8&ASIN=B07K4VCLLK,,"Reviewed in the United States on March 16, 2024",I just turned it on and it says temperature phone needs to cool down. The phone was not even hot. Super disappointed. Returning it...,True,Size: 64GBColor: SilverService Provider: UnlockedProduct grade: Renewed,[],73,2442,554,https://www.amazon.com/product-reviews/B07K4VCLLK?pageNumber=8&filterByStar=all_stars&sortBy=helpful&formatType=all_formats,allStars,,"{'price': None, 'listPrice': None}",2024-03-16,United States,,B07K4VCLLK,-0.6054
23,23,23,23,23,23,4,Great customer service!,R8MG31W6N1CEW,https://www.amazon.com/gp/customer-reviews/R8MG31W6N1CEW/ref=cm_cr_arp_d_rvw_ttl?ie=UTF8&ASIN=B07K4VCLLK,,"Reviewed in the United States on April 13, 2021",This is the not so great because the phone quality was bad. I wouldn’t advise anyone to buy their refurbish products but I gave them a 4 star because the seller was very responsive and understanding and agreed to give me my refund. I like the seller’s attitude. Great customer service!,True,Size: 64GBColor: SilverService Provider: UnlockedProduct grade: Renewed,[],74,2442,554,https://www.amazon.com/product-reviews/B07K4VCLLK?pageNumber=8&filterByStar=all_stars&sortBy=helpful&formatType=all_formats,allStars,,"{'price': None, 'listPrice': None}",2021-04-13,United States,,B07K4VCLLK,0.9138
24,24,24,24,24,24,3,A couple pros and cons,R1SHXA4MYPXJC4,https://www.amazon.com/gp/customer-reviews/R1SHXA4MYPXJC4/ref=cm_cr_arp_d_rvw_ttl?ie=UTF8&ASIN=B07K4VCLLK,,"Reviewed in the United States on July 9, 2021","I gave it a 3 because the condition was perfect, no complaints.  However, and this is bitter sweet because the good outweighs the bad in my opinion but the only error is that its listed as an iPhone XS 64 gb and I received  the older/first model iPhone X, which its not that different but less RAM and camera upgrades (front camera can't do 60 fps at 4k).  But im not mad at all because instead of having 64gb, I got 256gb.  Everything else was perfect and would recommend.",True,Size: 64GBColor: SilverService Provider: UnlockedProduct grade: Renewed,[],75,2442,554,https://www.amazon.com/product-reviews/B07K4VCLLK?pageNumber=8&filterByStar=all_stars&sortBy=helpful&formatType=all_formats,allStars,,"{'price': None, 'listPrice': None}",2021-07-09,United States,,B07K4VCLLK,0.8356
25,25,25,25,25,25,5,So worth it,R1XCBV7GLZ2ZDN,https://www.amazon.com/gp/customer-reviews/R1XCBV7GLZ2ZDN/ref=cm_cr_arp_d_rvw_ttl?ie=UTF8&ASIN=B07K4VCLLK,,"Reviewed in the United States on February 8, 2022","Such a great Merchant through Amazon Renew. Def got lucky. Battery was at 86% on a Xs. Overall Great. Especially when looking at Apple Refurbished which is like $850 for the same phone even though it might be like 99.9% like brand new, I'd still take the $300 Amazon Renewed for it at like 90% new.",True,Size: 64GBColor: SilverService Provider: UnlockedProduct grade: Renewed,[],76,2442,554,https://www.amazon.com/product-reviews/B07K4VCLLK?pageNumber=8&filterByStar=all_stars&sortBy=helpful&formatType=all_formats,allStars,,"{'price': None, 'listPrice': None}",2022-02-08,United States,,B07K4VCLLK,0.9698
26,26,26,26,26,26,3,Ghost touching,R2J44OEIJLPINP,https://www.amazon.com/gp/customer-reviews/R2J44OEIJLPINP/ref=cm_cr_arp_d_rvw_ttl?ie=UTF8&ASIN=B07K4VCLLK,,"Reviewed in the United States on December 6, 2022",It’s a good phone generally but there’s a lot of “ghost touching” and it’s doing that as I write this review. It’s really annoying and I think whoever is considering getting this phone reconsiders.,True,Size: 64GBColor: SilverService Provider: UnlockedProduct grade: Renewed,[],77,2442,554,https://www.amazon.com/product-reviews/B07K4VCLLK?pageNumber=8&filterByStar=all_stars&sortBy=helpful&formatType=all_formats,allStars,,"{'price': None, 'listPrice': None}",2022-12-06,United States,,B07K4VCLLK,-0.4659
27,27,27,27,27,27,5,Highly recommend I bought the iPhone XS and I’m a satisfied customer!!!,R85W1P9V4AKOI,https://www.amazon.com/gp/customer-reviews/R85W1P9V4AKOI/ref=cm_cr_arp_d_rvw_ttl?ie=UTF8&ASIN=B07K4VCLLK,,"Reviewed in the United States on April 24, 2020",At first I was very skeptical of ordering a phone not from a company so I was very hesitant. First it came within two days After ordering it unboxed it and phone looks brand new Minor scratches but you really have to look to find them just had to Put my Sim in and turn it on and I had service right away highly recommend it I bought the iPhone XS only thing is doesn’t come with headphones but I’m OK with that well worth it for the price and it comes at least 84% charged THANKS AGAIN!!!,True,Size: 64GBColor: SilverService Provider: UnlockedProduct grade: Renewed,[],78,2442,554,https://www.amazon.com/product-reviews/B07K4VCLLK?pageNumber=8&filterByStar=all_stars&sortBy=helpful&formatType=all_formats,allStars,,"{'price': None, 'listPrice': None}",2020-04-24,United States,,B07K4VCLLK,0.9397
28,28,28,28,28,28,3,"Low quality, after market screen",R35213Y1M00L70,https://www.amazon.com/gp/customer-reviews/R35213Y1M00L70/ref=cm_cr_arp_d_rvw_ttl?ie=UTF8&ASIN=B07K4VCLLK,,"Reviewed in the United States on November 18, 2020","I’m returning to my iPhone X after using a “renewed” iPhone Xs from Amazon’s renewal program for a few weeks. I love the Xs, but I couldn’t stand the after market screen - it’s developed an opaque blob as the responsiveness & sensitivity continues to deteriorate. The sensitivity was arguably sub-OEM par when I started using the phone, but wasn’t problematic until the blob developed. The screen now feels a bit squishy, and the color also sucks.My request to return the Xs for my $470 refund was approved - so no harm no foul. I’ve now preordered the iPhone 12 Pro for $750, which includes a $250 discount for trading in my iPhone X.",True,Size: 64GBColor: SilverService Provider: UnlockedProduct grade: Renewed,"['https://images-na.ssl-images-amazon.com/images/I/91Yy3gYSquL._SY88.jpg', 'https://images-na.ssl-images-amazon.com/images/I/91bKk9NEALL._SY88.jpg', 'https://images-na.ssl-images-amazon.com/images/I/91hBxAvrWeL._SY88.jpg']",79,2442,554,https://www.amazon.com/product-reviews/B07K4VCLLK?pageNumber=8&filterByStar=all_stars&sortBy=helpful&formatType=all_formats,allStars,,"{'price': None, 'listPrice': None}",2020-11-18,United States,,B07K4VCLLK,-0.9302
29,29,29,29,29,29,5,Grate product,R2W3L09BEIRDMX,https://www.amazon.com/gp/customer-reviews/R2W3L09BEIRDMX/ref=cm_cr_arp_d_rvw_ttl?ie=UTF8&ASIN=B07K4VCLLK,,"Reviewed in the United States on June 29, 2023",grate phone,True,Size: 64GBColor: SilverService Provider: UnlockedProduct grade: Renewed,[],80,2442,554,https://www.amazon.com/product-reviews/B07K4VCLLK?pageNumber=8&filterByStar=all_stars&sortBy=helpful&formatType=all_formats,allStars,,"{'price': None, 'listPrice': None}",2023-06-29,United States,,B07K4VCLLK,0.0
30,30,30,30,30,30,5,hybrid it is the best!,R3B2HZZH3P1IGN,https://www.amazon.com/gp/customer-reviews/R3B2HZZH3P1IGN/ref=cm_cr_arp_d_rvw_ttl?ie=UTF8&ASIN=B07K4VCLLK,,"Reviewed in the United States on May 15, 2023","hybrid it is the only vendor to buy from in my book, straight up number 1",True,Size: 64GBColor: SilverService Provider: UnlockedProduct grade: Renewed,[],61,2442,554,https://www.amazon.com/product-reviews/B07K4VCLLK?pageNumber=7&filterByStar=all_stars&sortBy=helpful&formatType=all_formats,allStars,,"{'price': None, 'listPrice': None}",2023-05-15,United States,,B07K4VCLLK,0.296
31,31,31,31,31,31,5,GREAT BUY FOR THE PRICE!,R2UOJ4B6PQMLUU,https://www.amazon.com/gp/customer-reviews/R2UOJ4B6PQMLUU/ref=cm_cr_arp_d_rvw_ttl?ie=UTF8&ASIN=B07K4VCLLK,,"Reviewed in the United States on April 7, 2021","Of course, I was skeptical buying a preowned device that I could not physically see. However, I was pleasantly surprised when a near flawless Iphone arrived at my door. The screen and back glass are free from any scratches, they're literally in perfect condition. The stainless steel edges were a little bit roughed up however after wiping them down with a cloth they look good as new as well! My battery health was at 90% health too! Overall it was a good buy , and I am very happy with the amount of money I saved. ! !",True,Size: 64GBColor: SilverService Provider: UnlockedProduct grade: Renewed,[],62,2442,554,https://www.amazon.com/product-reviews/B07K4VCLLK?pageNumber=7&filterByStar=all_stars&sortBy=helpful&formatType=all_formats,allStars,,"{'price': None, 'listPrice': None}",2021-04-07,United States,,B07K4VCLLK,0.9815
32,32,32,32,32,32,1,Audio does not work,REGI9L1CCKHQO,https://www.amazon.com/gp/customer-reviews/REGI9L1CCKHQO/ref=cm_cr_arp_d_rvw_ttl?ie=UTF8&ASIN=B07K4VCLLK,,"Reviewed in the United States on March 24, 2024",Audio for making regular calls do not work even while on speaker . The audio ONLY works for FaceTime calls . Would like to exchange asap .,True,Size: 64GBColor: SilverService Provider: UnlockedProduct grade: Renewed,[],63,2442,554,https://www.amazon.com/product-reviews/B07K4VCLLK?pageNumber=7&filterByStar=all_stars&sortBy=helpful&formatType=all_formats,allStars,,"{'price': None, 'listPrice': None}",2024-03-24,United States,,B07K4VCLLK,0.3612
33,33,33,33,33,33,5,It’s like new,R3IT55LHJMSAHO,https://www.amazon.com/gp/customer-reviews/R3IT55LHJMSAHO/ref=cm_cr_arp_d_rvw_ttl?ie=UTF8&ASIN=B07K4VCLLK,,"Reviewed in the United States on April 14, 2022",I had mines for a little over a month now & I haven’t really had any problems it’s factory unlocked but I did have a problem with it for the first 2 days it was saying no sim but now it works great I definitely recommend it came with a charger but the charger had bad reviews so I didn’t use it,True,Size: 64GBColor: SilverService Provider: UnlockedProduct grade: Renewed,"['https://m.media-amazon.com/images/I/5156cY7lvqL._SY88.jpg', 'https://m.media-amazon.com/images/I/51NHQrGytdL._SY88.jpg', 'https://m.media-amazon.com/images/I/61mTLniR2kL._SY88.jpg']",64,2442,554,https://www.amazon.com/product-reviews/B07K4VCLLK?pageNumber=7&filterByStar=all_stars&sortBy=helpful&formatType=all_formats,allStars,,"{'price': None, 'listPrice': None}",2022-04-14,United States,,B07K4VCLLK,0.0946
34,34,34,34,34,34,5,Really pristine phone,R2ZWPYYGYGGE2P,https://www.amazon.com/gp/customer-reviews/R2ZWPYYGYGGE2P/ref=cm_cr_arp_d_rvw_ttl?ie=UTF8&ASIN=B07K4VCLLK,One person found this helpful,"Reviewed in the United States on May 24, 2020","Before ordering this phone I searched everywhere, and never thought I would order on Amazon. When I ordered the phone I was scared and thought it would be a bad phone, but I took my chances and when it came I slowly opened everything it had no scratches on it literally no scuffs, marks, nothing at all its brand new, the battery life is at 100% its GSM unlocked everything is good. People might complain about the phone not being in original box or have original charger but who cares the phone was great. And if you someone like me that’s been stressing from the reviews and deciding, just take your chances you can always return it.",True,Size: 64GBColor: SilverService Provider: UnlockedProduct grade: Renewed,[],65,2442,554,https://www.amazon.com/product-reviews/B07K4VCLLK?pageNumber=7&filterByStar=all_stars&sortBy=helpful&formatType=all_formats,allStars,,"{'price': None, 'listPrice': None}",2020-05-24,United States,,B07K4VCLLK,0.5129
35,35,35,35,35,35,5,Exactly as listed,R3B8YGMIA1XSV1,https://www.amazon.com/gp/customer-reviews/R3B8YGMIA1XSV1/ref=cm_cr_arp_d_rvw_ttl?ie=UTF8&ASIN=B07K4VCLLK,,"Reviewed in the United States on May 20, 2023",Item was exactly as listed and received a day earlier than expected.,True,Size: 64GBColor: SilverService Provider: UnlockedProduct grade: Renewed,[],66,2442,554,https://www.amazon.com/product-reviews/B07K4VCLLK?pageNumber=7&filterByStar=all_stars&sortBy=helpful&formatType=all_formats,allStars,,"{'price': None, 'listPrice': None}",2023-05-20,United States,,B07K4VCLLK,0.0
36,36,36,36,36,36,3,No fue lo que esperaba,R2JCZW9BJB5CG2,https://www.amazon.com/gp/customer-reviews/R2JCZW9BJB5CG2/ref=cm_cr_arp_d_rvw_ttl?ie=UTF8&ASIN=B07K4VCLLK,,"Reviewed in the United States on February 26, 2023","Fue devuelto por problemas físicos, y de rendimiento, no me llegó lo qué se promete al momento de comprarlo.",True,Size: 64GBColor: SilverService Provider: UnlockedProduct grade: Renewed,[],67,2442,554,https://www.amazon.com/product-reviews/B07K4VCLLK?pageNumber=7&filterByStar=all_stars&sortBy=helpful&formatType=all_formats,allStars,,"{'price': None, 'listPrice': None}",2023-02-26,United States,,B07K4VCLLK,-0.296
37,37,37,37,37,37,5,phone was great but battery was 76%,RJ5Q1TO6WGLW5,https://www.amazon.com/gp/customer-reviews/RJ5Q1TO6WGLW5/ref=cm_cr_arp_d_rvw_ttl?ie=UTF8&ASIN=B07K4VCLLK,,"Reviewed in the United States on April 8, 2023","the phone was awesome, works great.I bought It from METROTECK store. I recommend this store and this phone.",True,Size: 64GBColor: SilverService Provider: UnlockedProduct grade: Renewed,[],68,2442,554,https://www.amazon.com/product-reviews/B07K4VCLLK?pageNumber=7&filterByStar=all_stars&sortBy=helpful&formatType=all_formats,allStars,,"{'price': None, 'listPrice': None}",2023-04-08,United States,,B07K4VCLLK,0.765
38,38,38,38,38,38,4,"Economical, Smart Purchase",RLY3884O2E1Y8,https://www.amazon.com/gp/customer-reviews/RLY3884O2E1Y8/ref=cm_cr_arp_d_rvw_ttl?ie=UTF8&ASIN=B07K4VCLLK,,"Reviewed in the United States on October 10, 2020","I didn't want to be saddled with a yearly contract, nor could I afford a new phone.  This is unlocked which gives me the opportunity to choose which provider best fits my current needs.  I am presently in North Carolina, will eventually be  spending time in Massachusetts and will also be in England for up to 6 months.  I do travel quite a bit and this phone allows me many advantages.",True,Size: 64GBColor: SilverService Provider: UnlockedProduct grade: Renewed,[],69,2442,554,https://www.amazon.com/product-reviews/B07K4VCLLK?pageNumber=7&filterByStar=all_stars&sortBy=helpful&formatType=all_formats,allStars,,"{'price': None, 'listPrice': None}",2020-10-10,United States,,B07K4VCLLK,0.8511
39,39,39,39,39,39,2,Phone Bricked Within Half a Year,R2L2BFR3HP684E,https://www.amazon.com/gp/customer-reviews/R2L2BFR3HP684E/ref=cm_cr_arp_d_rvw_ttl?ie=UTF8&ASIN=B07K4VCLLK,One person found this helpful,"Reviewed in the United States on May 20, 2021","Phone was bought on April 27, 2020. Worked perfectly through out the months I had it, used it daily and never dropped it. October of 2020 I was using it for work at night and screen went black, flashed green and pink very quickly, then seemingly turned off by itself. Tried to boot it back up but was greeted by an endless loop of the Apple logo. Never got past it and when I emailed the company about the phone bricking, they said they couldn't handle the issue due to the warranty only being for NINETY DAYS. Not even for half a year did they have the warranty and not even a year which is baffling. My phone bricked after buying it for myself for my birthday within 6 months, and the company warranty couldn't even cover me. Learn from my mistake and don't buy this phone without at LEAST getting a year warranty on it from somewhere, or just better yet don't buy the phone at all. Renewed is a false statement, these phones are more than likely refurbished.",True,Size: 64GBColor: SilverService Provider: UnlockedProduct grade: Renewed,['https://images-na.ssl-images-amazon.com/images/I/81qAZgqlizL._SY88.jpg'],70,2442,554,https://www.amazon.com/product-reviews/B07K4VCLLK?pageNumber=7&filterByStar=all_stars&sortBy=helpful&formatType=all_formats,allStars,,"{'price': None, 'listPrice': None}",2021-05-20,United States,,B07K4VCLLK,0.7184
40,40,40,40,40,40,3,"scratched and the speaker dented, battery eh refund was easy",R23LK6KYWDC4Q7,https://www.amazon.com/gp/customer-reviews/R23LK6KYWDC4Q7/ref=cm_cr_arp_d_rvw_ttl?ie=UTF8&ASIN=B07K4VCLLK,,"Reviewed in the United States on May 20, 2021","I was upgrading from a 6s plus. It arrived earlier than expected, and the front screen was great looking, however…. Both aluminum sides were completely top to bottom full of scratches, there was also scratches around the camera, and the speaker on the front had a dent in it. The battery was at 84% which is lower than my current iPhone 6s Plus 😂 so for over 350 dollars I really wasn’t that impressed, I know it’s refurbished, just not worth a couple hundred dollars to me? I returned it, they were really far with my refund so I will give them that! I was worried about losing my button but the facial recognition was honestly pretty quick every time. I just ordered the iPhone XR from a different seller, let’s hope it’s a better experience!",True,Size: 64GBColor: SilverService Provider: UnlockedProduct grade: Renewed,[],51,2442,554,https://www.amazon.com/product-reviews/B07K4VCLLK?pageNumber=6&filterByStar=all_stars&sortBy=helpful&formatType=all_formats,allStars,,"{'price': None, 'listPrice': None}",2021-05-20,United States,,B07K4VCLLK,0.9614
41,41,41,41,41,41,3,Battery life is only 75% for a product that is in excellent condition,R2CHK535D53KXP,https://www.amazon.com/gp/customer-reviews/R2CHK535D53KXP/ref=cm_cr_arp_d_rvw_ttl?ie=UTF8&ASIN=B07K4VCLLK,,"Reviewed in the United States on January 4, 2023",Didn't like that have to go out and spend $50 - $75 to have a phone in good condition when it was said to be in excellent condition  cause battery life was not very good it only was at 75% so phone kept sending messages about the battery needing to be replaced,True,Size: 64GBColor: SilverService Provider: UnlockedProduct grade: Renewed,[],52,2442,554,https://www.amazon.com/product-reviews/B07K4VCLLK?pageNumber=6&filterByStar=all_stars&sortBy=helpful&formatType=all_formats,allStars,,"{'price': None, 'listPrice': None}",2023-01-04,United States,,B07K4VCLLK,0.8121
42,42,42,42,42,42,5,Enamorada,R1091CEKFTRX9C,https://www.amazon.com/gp/customer-reviews/R1091CEKFTRX9C/ref=cm_cr_arp_d_rvw_ttl?ie=UTF8&ASIN=B07K4VCLLK,,"Reviewed in the United States on April 2, 2023","En excelentes condiciones la condicion de la bateria super buena aparte de la garantia que me dieron todo excelente carga sin problemas algunos y reciste su carga, no rallones ni marcas",True,Size: 64GBColor: SilverService Provider: UnlockedProduct grade: Renewed,[],53,2442,554,https://www.amazon.com/product-reviews/B07K4VCLLK?pageNumber=6&filterByStar=all_stars&sortBy=helpful&formatType=all_formats,allStars,,"{'price': None, 'listPrice': None}",2023-04-02,United States,,B07K4VCLLK,-0.2263
43,43,43,43,43,43,5,Excellent condition,RF6CYJ6L1U9BM,https://www.amazon.com/gp/customer-reviews/RF6CYJ6L1U9BM/ref=cm_cr_arp_d_rvw_ttl?ie=UTF8&ASIN=B07K4VCLLK,One person found this helpful,"Reviewed in the United States on May 24, 2023",The device works and looks like brand new. The device arrived in very secure packaging to prevent any damage during shipping.,True,Size: 64GBColor: SilverService Provider: UnlockedProduct grade: Renewed,[],54,2442,554,https://www.amazon.com/product-reviews/B07K4VCLLK?pageNumber=6&filterByStar=all_stars&sortBy=helpful&formatType=all_formats,allStars,,"{'price': None, 'listPrice': None}",2023-05-24,United States,,B07K4VCLLK,0.2716
44,44,44,44,44,44,5,Excelent condition!,R1WNZ9YJJI6ZHT,https://www.amazon.com/gp/customer-reviews/R1WNZ9YJJI6ZHT/ref=cm_cr_arp_d_rvw_ttl?ie=UTF8&ASIN=B07K4VCLLK,2 people found this helpful,"Reviewed in the United States on December 8, 2022","The iPhone I received was in excellent condition. Not a single scratch, looked perfectly new. Battery health was at 81% which seems reasonable for a pre-owned phone. It felt like a MASSIVE upgrade from my previous iPhone 6 which I used for many years, and I am absolutely loving it.",True,Size: 64GBColor: SilverService Provider: UnlockedProduct grade: Renewed,[],55,2442,554,https://www.amazon.com/product-reviews/B07K4VCLLK?pageNumber=6&filterByStar=all_stars&sortBy=helpful&formatType=all_formats,allStars,,"{'price': None, 'listPrice': None}",2022-12-08,United States,,B07K4VCLLK,0.9392
45,45,45,45,45,45,5,Xs iPhone,RWX9LO6YPA5WK,https://www.amazon.com/gp/customer-reviews/RWX9LO6YPA5WK/ref=cm_cr_arp_d_rvw_ttl?ie=UTF8&ASIN=B07K4VCLLK,,"Reviewed in the United States on June 18, 2023","Brand new phone I got. No scratches, 100% battery Health. Works very well, loved it.",True,Size: 64GBColor: SilverService Provider: UnlockedProduct grade: Renewed,[],56,2442,554,https://www.amazon.com/product-reviews/B07K4VCLLK?pageNumber=6&filterByStar=all_stars&sortBy=helpful&formatType=all_formats,allStars,,"{'price': None, 'listPrice': None}",2023-06-18,United States,,B07K4VCLLK,0.6566
46,46,46,46,46,46,4,its what i expect,R1FCKRYW0CL3ZF,https://www.amazon.com/gp/customer-reviews/R1FCKRYW0CL3ZF/ref=cm_cr_arp_d_rvw_ttl?ie=UTF8&ASIN=B07K4VCLLK,,"Reviewed in the United States on March 24, 2021",top speaker was broken so the sound quality  is bad when talking with phone. It was so dirty that bottom mic and speaker was closed. also the mute button was stuck cause of dirt. u can easily say its used cause of the aluminum frame. there was so many scratches around it.but at the camera and performance side it is good as it says. for that money its worth it.,True,Size: 64GBColor: SilverService Provider: UnlockedProduct grade: Renewed,[],57,2442,554,https://www.amazon.com/product-reviews/B07K4VCLLK?pageNumber=6&filterByStar=all_stars&sortBy=helpful&formatType=all_formats,allStars,,"{'price': None, 'listPrice': None}",2021-03-24,United States,,B07K4VCLLK,-0.7745
47,47,47,47,47,47,5,Como nuevo!,RCM4BJC81RNQD,https://www.amazon.com/gp/customer-reviews/RCM4BJC81RNQD/ref=cm_cr_arp_d_rvw_ttl?ie=UTF8&ASIN=B07K4VCLLK,,"Reviewed in the United States on July 6, 2023",Cuesta creer que no está nuevo.. Todo perfecto!,True,Size: 64GBColor: SilverService Provider: UnlockedProduct grade: Renewed,[],58,2442,554,https://www.amazon.com/product-reviews/B07K4VCLLK?pageNumber=6&filterByStar=all_stars&sortBy=helpful&formatType=all_formats,allStars,,"{'price': None, 'listPrice': None}",2023-07-06,United States,,B07K4VCLLK,0.1007
48,48,48,48,48,48,3,No phone calls,R1R1K0VJDU5DGW,https://www.amazon.com/gp/customer-reviews/R1R1K0VJDU5DGW/ref=cm_cr_arp_d_rvw_ttl?ie=UTF8&ASIN=B07K4VCLLK,,"Reviewed in the United States on November 8, 2022","Received phone arrived in perfect condition, battery life was good. Maybe two weeks of having it, I was unable to make regular phone calls. FaceTimes work perfectly I’ve tried my SIM card in different phone and it wasn’t my service. Unfortunately at the time of purchase I couldn’t go without a phone so I was unable to return it.",True,Size: 64GBColor: SilverService Provider: UnlockedProduct grade: Renewed,[],59,2442,554,https://www.amazon.com/product-reviews/B07K4VCLLK?pageNumber=6&filterByStar=all_stars&sortBy=helpful&formatType=all_formats,allStars,,"{'price': None, 'listPrice': None}",2022-11-08,United States,,B07K4VCLLK,0.8555
49,49,49,49,49,49,5,3rd order is the charm for this renewed iphone XS!,R14AW8WHZBFS2D,https://www.amazon.com/gp/customer-reviews/R14AW8WHZBFS2D/ref=cm_cr_arp_d_rvw_ttl?ie=UTF8&ASIN=B07K4VCLLK,,"Reviewed in the United States on July 14, 2021","Yes, I had to order a 3rd to get one that worked!! First one, you could not hear people talking when held to your ear. So ordered a second one; second one was a Japanese phone that was unlocked but not capable with US Verizon network. So ordered a 3rd!! 3rd phone works great. Buyer beware, you can get a good deal but you may have issues with renewed phones. We went through the same thing with a renewed iPhone 11Pro; in that instance, 2nd time was the charm.",True,Size: 64GBColor: SilverService Provider: UnlockedProduct grade: Renewed,[],60,2442,554,https://www.amazon.com/product-reviews/B07K4VCLLK?pageNumber=6&filterByStar=all_stars&sortBy=helpful&formatType=all_formats,allStars,,"{'price': None, 'listPrice': None}",2021-07-14,United States,,B07K4VCLLK,0.9359
50,50,50,50,50,50,3,Calibration,R11MR61QWCW31A,https://www.amazon.com/gp/customer-reviews/R11MR61QWCW31A/ref=cm_cr_arp_d_rvw_ttl?ie=UTF8&ASIN=B07K4VCLLK,,"Reviewed in the United States on March 19, 2024",Calibration is off. Not able to select what’s wanted,True,Size: 64GBColor: SilverService Provider: UnlockedProduct grade: Renewed,[],11,2442,554,https://www.amazon.com/product-reviews/B07K4VCLLK?pageNumber=2&filterByStar=all_stars&sortBy=helpful&formatType=all_formats,allStars,,"{'price': None, 'listPrice': None}",2024-03-19,United States,,B07K4VCLLK,0.0
51,51,51,51,51,51,5,Buena calidad,R3AEF85TXKJ5CZ,https://www.amazon.com/gp/customer-reviews/R3AEF85TXKJ5CZ/ref=cm_cr_arp_d_rvw_ttl?ie=UTF8&ASIN=B07K4VCLLK,,"Reviewed in the United States on January 23, 2024","El equipo llenó los expectativas , lo mandé a mi país y la verdad ha funcionado al 100%",True,Size: 64GBColor: SilverService Provider: UnlockedProduct grade: Renewed,[],12,2442,554,https://www.amazon.com/product-reviews/B07K4VCLLK?pageNumber=2&filterByStar=all_stars&sortBy=helpful&formatType=all_formats,allStars,,"{'price': None, 'listPrice': None}",2024-01-23,United States,,B07K4VCLLK,0.34
52,52,52,52,52,52,5,Love,RD9FOMDJM5NTM,https://www.amazon.com/gp/customer-reviews/RD9FOMDJM5NTM/ref=cm_cr_arp_d_rvw_ttl?ie=UTF8&ASIN=B07K4VCLLK,,"Reviewed in the United States on January 21, 2024",I love this phone! I ordered it in good condition and it came lookin bran new! Definitely recommend!,True,Size: 64GBColor: SilverService Provider: UnlockedProduct grade: Renewed,[],13,2442,554,https://www.amazon.com/product-reviews/B07K4VCLLK?pageNumber=2&filterByStar=all_stars&sortBy=helpful&formatType=all_formats,allStars,,"{'price': None, 'listPrice': None}",2024-01-21,United States,,B07K4VCLLK,0.9213
53,53,53,53,53,53,5,iPhone XS what a great phone,R2T8HO0Y7UX51X,https://www.amazon.com/gp/customer-reviews/R2T8HO0Y7UX51X/ref=cm_cr_arp_d_rvw_ttl?ie=UTF8&ASIN=B07K4VCLLK,,"Reviewed in the United States on January 2, 2024",Have an iPhone 14 Pro and this older iPhone XS performs just phenomenal and new 17.2 update. User for business phone makes me reconsider buying new iPhones,True,Size: 64GBColor: SilverService Provider: UnlockedProduct grade: Renewed,[],14,2442,554,https://www.amazon.com/product-reviews/B07K4VCLLK?pageNumber=2&filterByStar=all_stars&sortBy=helpful&formatType=all_formats,allStars,,"{'price': None, 'listPrice': None}",2024-01-02,United States,,B07K4VCLLK,0.0
54,54,54,54,54,54,5,Great Value,R2PQ42TINJ15WX,https://www.amazon.com/gp/customer-reviews/R2PQ42TINJ15WX/ref=cm_cr_arp_d_rvw_ttl?ie=UTF8&ASIN=B07K4VCLLK,One person found this helpful,"Reviewed in the United States on December 16, 2023",Upgraded my wife's phone This XS model has a ESIM no physical sim needed was able to activate with ATT in less than 5 minutes !,True,Size: 64GBColor: SilverService Provider: UnlockedProduct grade: Renewed,[],15,2442,554,https://www.amazon.com/product-reviews/B07K4VCLLK?pageNumber=2&filterByStar=all_stars&sortBy=helpful&formatType=all_formats,allStars,,"{'price': None, 'listPrice': None}",2023-12-16,United States,,B07K4VCLLK,-0.3595
55,55,55,55,55,55,5,IPhone,R1IN3Q291Z8U1A,https://www.amazon.com/gp/customer-reviews/R1IN3Q291Z8U1A/ref=cm_cr_arp_d_rvw_ttl?ie=UTF8&ASIN=B07K4VCLLK,,"Reviewed in the United States on January 5, 2024",Exelente lo recomiendo quiero volver a comprar muy bueno el producto,True,Size: 64GBColor: SilverService Provider: UnlockedProduct grade: Renewed,[],16,2442,554,https://www.amazon.com/product-reviews/B07K4VCLLK?pageNumber=2&filterByStar=all_stars&sortBy=helpful&formatType=all_formats,allStars,,"{'price': None, 'listPrice': None}",2024-01-05,United States,,B07K4VCLLK,0.0
56,56,56,56,56,56,5,Excelente estado,RG0T8O8QWW9R2,https://www.amazon.com/gp/customer-reviews/RG0T8O8QWW9R2/ref=cm_cr_arp_d_rvw_ttl?ie=UTF8&ASIN=B07K4VCLLK,,"Reviewed in the United States on December 20, 2023",Es la primera vez que realizó compra por este medio de Amazon recomendable sin miedo,True,Size: 64GBColor: SilverService Provider: UnlockedProduct grade: Renewed,['https://m.media-amazon.com/images/I/61oQz3C1lVL._SY88.jpg'],17,2442,554,https://www.amazon.com/product-reviews/B07K4VCLLK?pageNumber=2&filterByStar=all_stars&sortBy=helpful&formatType=all_formats,allStars,,"{'price': None, 'listPrice': None}",2023-12-20,United States,,B07K4VCLLK,-0.4404
57,57,57,57,57,57,4,Can’t Beat Value,R1VN01CZBI8C8I,https://www.amazon.com/gp/customer-reviews/R1VN01CZBI8C8I/ref=cm_cr_arp_d_rvw_ttl?ie=UTF8&ASIN=B07K4VCLLK,,"Reviewed in the United States on July 5, 2021","I bought this phone back in May and using this as my very first iPhone has been amazing. I have the silver 64gb model and when it arrived it looked flawless (besides a couple of scuffs on the band but a case will make you forget) I was scared to buy a 2nd hand phone especially with an oled screen because of burn in but this phone came with none at all from what i can see. I got 84% battery health out of the box (wanted 90+ but hey everyone has a different experience) After almost 2 months it dropped to 83% which still isn’t bad since it’s a 2nd hand phone. Battery life is what you’d expect from an iPhone, but overall I love it and it serves me well. To anyone who’s skeptical and hesitant like i was before buying a 2nd hand phone, just buy it and save your money, it’s completely worth it. I literally bought a $1000 phone for under $400. Come on now! :D",True,Size: 64GBColor: SilverService Provider: UnlockedProduct grade: Renewed,[],18,2442,554,https://www.amazon.com/product-reviews/B07K4VCLLK?pageNumber=2&filterByStar=all_stars&sortBy=helpful&formatType=all_formats,allStars,,"{'price': None, 'listPrice': None}",2021-07-05,United States,,B07K4VCLLK,0.9835
58,58,58,58,58,58,5,It was my Grandsons First phone and now we both have the same phone  we both love or phones,RGE5IIQ77TBSZ,https://www.amazon.com/gp/customer-reviews/RGE5IIQ77TBSZ/ref=cm_cr_arp_d_rvw_ttl?ie=UTF8&ASIN=B07K4VCLLK,,"Reviewed in the United States on December 21, 2023",sorry switch this with headline  tickled and pleased,True,Size: 64GBColor: SilverService Provider: UnlockedProduct grade: Renewed,[],19,2442,554,https://www.amazon.com/product-reviews/B07K4VCLLK?pageNumber=2&filterByStar=all_stars&sortBy=helpful&formatType=all_formats,allStars,,"{'price': None, 'listPrice': None}",2023-12-21,United States,,B07K4VCLLK,0.3818
59,59,59,59,59,59,5,Overall Very Happy With My Purchase from buySPRY,R3AYV8MOC63W4K,https://www.amazon.com/gp/customer-reviews/R3AYV8MOC63W4K/ref=cm_cr_arp_d_rvw_ttl?ie=UTF8&ASIN=B07K4VCLLK,4 people found this helpful,"Reviewed in the United States on December 24, 2020","I was skeptical about this at first, but I’m glad I bought the phone in the end. I read a lot of reviews that said the phone didn’t work or had varying things wrong with it, but I think most people go into this expecting a new phone with no damage whatsoever to the outside. However, if you read the product description carefully, it’ll tell you everything you need to know. I got lucky because there are no scratches or dents anywhere on the phone I received, but even if there had been some, I don’t think I would care. You’re paying $400 for a flagship phone, so expecting some minimal cosmetic damage is not a bad idea.I love this phone. Face recognition works great, the screen is vibrant and I can see a stark contrast in the colors when compared to my old iPhone 7+. I was hoping to get a newer battery, but I only got 83%. However, I don’t have an issue with that, because worst case scenario, I get the battery replaced for $70 at the Apple store, and I’m still paying less for this phone than I would pay for a new Xs or other newer iPhone.Overall, I can really only speak for buySPRY, but I really recommend buying from them. It’s a great phone, and I plan on having it for a long time.",True,Size: 64GBColor: SilverService Provider: UnlockedProduct grade: Renewed,"['https://images-na.ssl-images-amazon.com/images/I/71VFekqODKL._SY88.jpg', 'https://images-na.ssl-images-amazon.com/images/I/71gqTrpufUL._SY88.jpg', 'https://images-na.ssl-images-amazon.com/images/I/71inbuNqt6L._SY88.jpg', 'https://images-na.ssl-images-amazon.com/images/I/81mEdROgJ2L._SY88.jpg']",20,2442,554,https://www.amazon.com/product-reviews/B07K4VCLLK?pageNumber=2&filterByStar=all_stars&sortBy=helpful&formatType=all_formats,allStars,,"{'price': None, 'listPrice': None}",2020-12-24,United States,,B07K4VCLLK,0.912
60,60,60,60,60,60,5,Very nice quality for the price,R3LCKDZ3ZSKJ2F,https://www.amazon.com/gp/customer-reviews/R3LCKDZ3ZSKJ2F/ref=cm_cr_arp_d_rvw_ttl?ie=UTF8&ASIN=B07K4VCLLK,,"Reviewed in the United States on October 9, 2021","I saw a lot of reviews that mentioned a lot of bad things involved with these phones. I received it and it was in excellent condition. It came with a screen protector and I eventually also bought a case for it. No scratches in the front and rear of the phone. Battery life is excellent from all day experience and the battery settings menu on the iPhone. I honestly love it. My fiancé has used my phone as well and loves it and I’m considering getting her as well. As a matter of a fact I might actually buy her the same phone tonight. Anywho, I love it. It’s been a month and it’s going great.",True,Size: 64GBColor: SilverService Provider: UnlockedProduct grade: Renewed,[],41,2442,554,https://www.amazon.com/product-reviews/B07K4VCLLK?pageNumber=5&filterByStar=all_stars&sortBy=helpful&formatType=all_formats,allStars,,"{'price': None, 'listPrice': None}",2021-10-09,United States,,B07K4VCLLK,0.9781
61,61,61,61,61,61,5,Very good,R1LVKVIFZDV58S,https://www.amazon.com/gp/customer-reviews/R1LVKVIFZDV58S/ref=cm_cr_arp_d_rvw_ttl?ie=UTF8&ASIN=B07K4VCLLK,,"Reviewed in the United States on October 20, 2023",I love it,True,Size: 64GBColor: SilverService Provider: UnlockedProduct grade: Renewed,[],42,2442,554,https://www.amazon.com/product-reviews/B07K4VCLLK?pageNumber=5&filterByStar=all_stars&sortBy=helpful&formatType=all_formats,allStars,,"{'price': None, 'listPrice': None}",2023-10-20,United States,,B07K4VCLLK,0.6369
62,62,62,62,62,62,4,Great phone!,R30LFQ1AJOSTCI,https://www.amazon.com/gp/customer-reviews/R30LFQ1AJOSTCI/ref=cm_cr_arp_d_rvw_ttl?ie=UTF8&ASIN=B07K4VCLLK,4 people found this helpful,"Reviewed in the United States on May 29, 2020","I purchased an iPhone XS and it finally arrived. It was nice to see that is was packaged very well to prevent damage from shipping! The phone already came with a screen protector which was really convenient for me. It does have a couple of scratches, but they aren't very noticeable unless I look at it really closely. Plus, I will have a case on this phone so they can't even be seen. The battery health is at 94% which is not bad at all for a renewed phone.  The included charger is rather short, but it does its job. I would definitely recommend giving it a shot. I did not have trouble connecting this phone with my company (I purchased a fully unlocked phone) as I did with a previous vendor.",True,Size: 64GBColor: SilverService Provider: UnlockedProduct grade: Renewed,[],43,2442,554,https://www.amazon.com/product-reviews/B07K4VCLLK?pageNumber=5&filterByStar=all_stars&sortBy=helpful&formatType=all_formats,allStars,,"{'price': None, 'listPrice': None}",2020-05-29,United States,,B07K4VCLLK,0.9554
63,63,63,63,63,63,2,Excellent Condition is a Lie,R3VQRYSY2KLBF0,https://www.amazon.com/gp/customer-reviews/R3VQRYSY2KLBF0/ref=cm_cr_arp_d_rvw_ttl?ie=UTF8&ASIN=B07K4VCLLK,,"Reviewed in the United States on November 20, 2023","I ordered a new XS that was supposedly refurbished and in ""Excellent Condition"". The screen has a crack. And the outer shell of the phone is totally beat up. Would not consider this phone to be in ""Excellent Condition"" by any standards. BEWARE!",True,Size: 64GBColor: SilverService Provider: UnlockedProduct grade: Renewed,[],44,2442,554,https://www.amazon.com/product-reviews/B07K4VCLLK?pageNumber=5&filterByStar=all_stars&sortBy=helpful&formatType=all_formats,allStars,,"{'price': None, 'listPrice': None}",2023-11-20,United States,,B07K4VCLLK,0.8268
64,64,64,64,64,64,1,Horrible,R1XB6NXP2D5B8E,https://www.amazon.com/gp/customer-reviews/R1XB6NXP2D5B8E/ref=cm_cr_arp_d_rvw_ttl?ie=UTF8&ASIN=B07K4VCLLK,,"Reviewed in the United States on March 31, 2024",As soon as I turned the device on it showed temperature. It hasn’t went away yet and won’t allow me to do anything further on it. I hate that they give false information stating that all devices have been tested and are functional because it’s not true. Very upset that I wasted my money.,True,Size: 64GBColor: SilverService Provider: UnlockedProduct grade: Renewed,['https://m.media-amazon.com/images/I/61FfyUwcKOL._SY88.jpg'],45,2442,554,https://www.amazon.com/product-reviews/B07K4VCLLK?pageNumber=5&filterByStar=all_stars&sortBy=helpful&formatType=all_formats,allStars,,"{'price': None, 'listPrice': None}",2024-03-31,United States,,B07K4VCLLK,-0.7347
65,65,65,65,65,65,4,"Pretty decent, would recommend if you’re in need of a new phone but don’t wanna break the bank.",R1GU2K8B3YX3J0,https://www.amazon.com/gp/customer-reviews/R1GU2K8B3YX3J0/ref=cm_cr_arp_d_rvw_ttl?ie=UTF8&ASIN=B07K4VCLLK,,"Reviewed in the United States on April 12, 2021","The phone was in really good condition, there were no scratches on the screen on the back glass. Battery capacity came in at 81% which was explained in the product listing.Word of caution though,I received a Japan model iPhone where they have a law that the camera shutter sound must always activate when taking photos. The phone I received works fine except for this. And seeing as I’m in the US I would’ve liked to receive a US model phone because that camera law does not exist here.",True,Size: 64GBColor: SilverService Provider: UnlockedProduct grade: Renewed,[],46,2442,554,https://www.amazon.com/product-reviews/B07K4VCLLK?pageNumber=5&filterByStar=all_stars&sortBy=helpful&formatType=all_formats,allStars,,"{'price': None, 'listPrice': None}",2021-04-12,United States,,B07K4VCLLK,0.6801
66,66,66,66,66,66,5,"Great product, great customer service",ROGB2POI0CF83,https://www.amazon.com/gp/customer-reviews/ROGB2POI0CF83/ref=cm_cr_arp_d_rvw_ttl?ie=UTF8&ASIN=B07K4VCLLK,3 people found this helpful,"Reviewed in the United States on December 1, 2021","This is the third iPhone we have purchased from Hybrid IT. Each one arrived in perfect condition and were flawless in appearance. We have had no issues from the first two but this iPhone XS battery dipped down under 80% on the battery health meter within the first month. I contacted them and received a prompt response (on a holiday weekend). They offered me the choice of refund, exchange, or replace the battery and receive a refund. No hassles. I cannot speak for other sellers, but Hybrid IT definitely cares about satisfied customers.",True,Size: 64GBColor: SilverService Provider: UnlockedProduct grade: Renewed,[],47,2442,554,https://www.amazon.com/product-reviews/B07K4VCLLK?pageNumber=5&filterByStar=all_stars&sortBy=helpful&formatType=all_formats,allStars,,"{'price': None, 'listPrice': None}",2021-12-01,United States,,B07K4VCLLK,0.9423
67,67,67,67,67,67,5,Great Buy,R16X3FO2I6ZAR4,https://www.amazon.com/gp/customer-reviews/R16X3FO2I6ZAR4/ref=cm_cr_arp_d_rvw_ttl?ie=UTF8&ASIN=B07K4VCLLK,,"Reviewed in the United States on July 16, 2023",Phone looks brand new! Works perfectly. It came with 84%  battery health.,True,Size: 64GBColor: SilverService Provider: UnlockedProduct grade: Renewed,[],48,2442,554,https://www.amazon.com/product-reviews/B07K4VCLLK?pageNumber=5&filterByStar=all_stars&sortBy=helpful&formatType=all_formats,allStars,,"{'price': None, 'listPrice': None}",2023-07-16,United States,,B07K4VCLLK,0.6696
68,68,68,68,68,68,4,Could be better,R3S11359OWMMVW,https://www.amazon.com/gp/customer-reviews/R3S11359OWMMVW/ref=cm_cr_arp_d_rvw_ttl?ie=UTF8&ASIN=B07K4VCLLK,,"Reviewed in the United States on March 2, 2022","Until now, woks great. Face recognition ok! Battery 85 . Im using the phone the whole day. I thought it would be at least 90. When putting tempered glass, screen is not responding. Ill update the review soon if there’s other changes.",True,Size: 64GBColor: SilverService Provider: UnlockedProduct grade: Renewed,[],49,2442,554,https://www.amazon.com/product-reviews/B07K4VCLLK?pageNumber=5&filterByStar=all_stars&sortBy=helpful&formatType=all_formats,allStars,,"{'price': None, 'listPrice': None}",2022-03-02,United States,,B07K4VCLLK,0.837
69,69,69,69,69,69,5,Sinply.Great.,R2XKABIB4GTCDJ,https://www.amazon.com/gp/customer-reviews/R2XKABIB4GTCDJ/ref=cm_cr_arp_d_rvw_ttl?ie=UTF8&ASIN=B07K4VCLLK,,"Reviewed in the United States on May 18, 2021","I have received two devices. The first one had a bad sounding speaker and was replaced super fast with another phone.Externally both devices have only minuscule scratches, I had to look for them. The displays on both were immature. Battery life status on both 92%.The charger is a nice gimmick but the first Quick Charger doesn’t deserve the name. Doesn’t matter in the end to me but I’d recommend to buy an additional charger if this is your first iDevice.I didn’t choose the cheapest option but HybridIT because they had the best rating and they definitely deserve that. Great customer support",True,Size: 64GBColor: SilverService Provider: UnlockedProduct grade: Renewed,[],50,2442,554,https://www.amazon.com/product-reviews/B07K4VCLLK?pageNumber=5&filterByStar=all_stars&sortBy=helpful&formatType=all_formats,allStars,,"{'price': None, 'listPrice': None}",2021-05-18,United States,,B07K4VCLLK,0.9777
70,70,70,70,70,70,5,Amazing! Perfect condition!,R160QP8FPGEAXT,https://www.amazon.com/gp/customer-reviews/R160QP8FPGEAXT/ref=cm_cr_arp_d_rvw_ttl?ie=UTF8&ASIN=B07K4VCLLK,3 people found this helpful,"Reviewed in the United States on May 14, 2020","Screen is amazing. Had to have OLED. It’s the only reason I didn’t want the XR.Feels premium in every way.Wasn’t sure if I was going to keep it but it took about a day to know I could never give it up.It came well packaged with off brand charger. But the cord is really nice considering.Minor scuffs on metal and tiny scuff on bottom back glass. I was really really happy it was in such great condition. 89% battery.I hate that I love apple so much now. I had a Mac as a kid and kinda forgot how beautiful their OS and build quality is. But damn the cult of Mac entry fee is intimidating. And tbh it doesn’t replace windows for everything. But I’m slowly but surely going to own the entire ecosystem. And felt like and iPhone 7 wasn’t going to cut it. I’m really grateful my bf let me buy this. I hope you experience buying a refurbished iOS device is as great as mine was!Also be sure to order from an amazon endorsed seller, they give you more time to decide/be sure the device isn’t faulty.",True,Size: 64GBColor: SilverService Provider: UnlockedProduct grade: Renewed,[],31,2442,554,https://www.amazon.com/product-reviews/B07K4VCLLK?pageNumber=4&filterByStar=all_stars&sortBy=helpful&formatType=all_formats,allStars,,"{'price': None, 'listPrice': None}",2020-05-14,United States,,B07K4VCLLK,0.9942
71,71,71,71,71,71,3,"Screen has odd pixel situation happening, and the phone shuts off for no reason.",R4RFY6S1BTCAF,https://www.amazon.com/gp/customer-reviews/R4RFY6S1BTCAF/ref=cm_cr_arp_d_rvw_ttl?ie=UTF8&ASIN=B07K4VCLLK,,"Reviewed in the United States on September 30, 2022","I like the phone then a few weeks in, I start seeing these marks appearing on the screen.  I checked if it was  the glass I was told it is something else.  I have had the phone maybe 5 weeks, and recently the screen goes blank.  I kept tapping the screen and it wouldn't come on.  I pressed the side button to turn it on and it came on... then it does it again.  The next day it does it twice, but it is not every day, and inconsistent and I can't find a pattern.  The battery seems to last pretty well.  I don't know what to do at this point.  I will need to get advice from the seller, Amazon or from Apple.",True,Size: 64GBColor: SilverService Provider: UnlockedProduct grade: Renewed,['https://m.media-amazon.com/images/I/61YTNyhexHL._SY88.jpg'],32,2442,554,https://www.amazon.com/product-reviews/B07K4VCLLK?pageNumber=4&filterByStar=all_stars&sortBy=helpful&formatType=all_formats,allStars,,"{'price': None, 'listPrice': None}",2022-09-30,United States,,B07K4VCLLK,0.8674
72,72,72,72,72,72,5,I can imagine how classic is that phone my son so excited about,R3Q16M3P04EEB1,https://www.amazon.com/gp/customer-reviews/R3Q16M3P04EEB1/ref=cm_cr_arp_d_rvw_ttl?ie=UTF8&ASIN=B07K4VCLLK,,"Reviewed in the United States on November 3, 2023",I like everything about it,True,Size: 64GBColor: SilverService Provider: UnlockedProduct grade: Renewed,[],33,2442,554,https://www.amazon.com/product-reviews/B07K4VCLLK?pageNumber=4&filterByStar=all_stars&sortBy=helpful&formatType=all_formats,allStars,,"{'price': None, 'listPrice': None}",2023-11-03,United States,,B07K4VCLLK,0.3612
73,73,73,73,73,73,5,great condition,R3V37LELMD1L20,https://www.amazon.com/gp/customer-reviews/R3V37LELMD1L20/ref=cm_cr_arp_d_rvw_ttl?ie=UTF8&ASIN=B07K4VCLLK,,"Reviewed in the United States on October 15, 2023","the phone is in great condition , no issues at all",True,Size: 64GBColor: SilverService Provider: UnlockedProduct grade: Renewed,[],34,2442,554,https://www.amazon.com/product-reviews/B07K4VCLLK?pageNumber=4&filterByStar=all_stars&sortBy=helpful&formatType=all_formats,allStars,,"{'price': None, 'listPrice': None}",2023-10-15,United States,,B07K4VCLLK,0.4404
74,74,74,74,74,74,5,iphone xs white,R1AFCLN18ER7HB,https://www.amazon.com/gp/customer-reviews/R1AFCLN18ER7HB/ref=cm_cr_arp_d_rvw_ttl?ie=UTF8&ASIN=B07K4VCLLK,,"Reviewed in the United States on August 27, 2023",just buy it !! been a few months since i had it must put this update my battery is having problems not sure why,True,Size: 64GBColor: SilverService Provider: UnlockedProduct grade: Renewed,[],35,2442,554,https://www.amazon.com/product-reviews/B07K4VCLLK?pageNumber=4&filterByStar=all_stars&sortBy=helpful&formatType=all_formats,allStars,,"{'price': None, 'listPrice': None}",2023-08-27,United States,,B07K4VCLLK,-0.6423
75,75,75,75,75,75,5,AWESOME,R2S1IJ5LF0LOHN,https://www.amazon.com/gp/customer-reviews/R2S1IJ5LF0LOHN/ref=cm_cr_arp_d_rvw_ttl?ie=UTF8&ASIN=B07K4VCLLK,2 people found this helpful,"Reviewed in the United States on July 7, 2023","I was a little apprehensive about ordering a refurbished phone but once I received the iPhone X I ordered I was totally amazed….  Seriously, the phone looked and functioned like it was BRAND NEW!!!",True,Size: 64GBColor: SilverService Provider: UnlockedProduct grade: Renewed,[],36,2442,554,https://www.amazon.com/product-reviews/B07K4VCLLK?pageNumber=4&filterByStar=all_stars&sortBy=helpful&formatType=all_formats,allStars,,"{'price': None, 'listPrice': None}",2023-07-07,United States,,B07K4VCLLK,0.3936
76,76,76,76,76,76,5,Easy to use with touch screen gestures,R1S0YYKR8UFKCG,https://www.amazon.com/gp/customer-reviews/R1S0YYKR8UFKCG/ref=cm_cr_arp_d_rvw_ttl?ie=UTF8&ASIN=B07K4VCLLK,,"Reviewed in the United States on July 28, 2021","The touch screen gestures are easy to use, no need for home button.Great on connections 4g lte and bluetooth.The loud speaker is awesome great for hands free listening to GPS directions, Phone calls and Music.Loud speaker not so good for playing golf clash as it won't  play gc sounds automatically,only once in a while If I connect bt headphones then disconnect while playing the loud speaker comes on.So for gc game only I use bt speaker or headphones.This is a compatibility issue as my nephew had the same phone and problem. Not a game breaker for me,Luv this phone.Wish apple would come out with an update with a fix.Update a month after this review apple put a fix in software update no problems with loud speaker with golf clash.aesome phone highly recommend",True,Size: 64GBColor: SilverService Provider: UnlockedProduct grade: Renewed,[],37,2442,554,https://www.amazon.com/product-reviews/B07K4VCLLK?pageNumber=4&filterByStar=all_stars&sortBy=helpful&formatType=all_formats,allStars,,"{'price': None, 'listPrice': None}",2021-07-28,United States,,B07K4VCLLK,0.8154
77,77,77,77,77,77,5,Great Seller Experience,R2CTKP9467AH2W,https://www.amazon.com/gp/customer-reviews/R2CTKP9467AH2W/ref=cm_cr_arp_d_rvw_ttl?ie=UTF8&ASIN=B07K4VCLLK,,"Reviewed in the United States on January 22, 2023","My phone got to me in a timely manner and works perfect. I had a problem with my battery and the seller was amazing about getting back to me and giving options for resolving the issue. My phone did not have a single imperfection on it. The phone is in perfect condition and looks brand new, even an Apple employee was surprised at how great it looks. 100% satisfied with my experience",True,Size: 64GBColor: SilverService Provider: UnlockedProduct grade: Renewed,[],38,2442,554,https://www.amazon.com/product-reviews/B07K4VCLLK?pageNumber=4&filterByStar=all_stars&sortBy=helpful&formatType=all_formats,allStars,,"{'price': None, 'listPrice': None}",2023-01-22,United States,,B07K4VCLLK,0.9694
78,78,78,78,78,78,5,It was affordable and good product,RT4IJRVA063WP,https://www.amazon.com/gp/customer-reviews/RT4IJRVA063WP/ref=cm_cr_arp_d_rvw_ttl?ie=UTF8&ASIN=B07K4VCLLK,One person found this helpful,"Reviewed in the United States on October 1, 2023",Was so easy to Connect to any celular company,True,Size: 64GBColor: SilverService Provider: UnlockedProduct grade: Renewed,[],39,2442,554,https://www.amazon.com/product-reviews/B07K4VCLLK?pageNumber=4&filterByStar=all_stars&sortBy=helpful&formatType=all_formats,allStars,,"{'price': None, 'listPrice': None}",2023-10-01,United States,,B07K4VCLLK,0.4927
79,79,79,79,79,79,4,Pretty Decent,R58JM1MB46OGP,https://www.amazon.com/gp/customer-reviews/R58JM1MB46OGP/ref=cm_cr_arp_d_rvw_ttl?ie=UTF8&ASIN=B07K4VCLLK,One person found this helpful,"Reviewed in the United States on September 2, 2022","It’s a good phone, mine came with only %86 battery life, when it hits %80 I’ll have to go pay $100 to change/fix the battery. I wish it wasn’t the case, but other than that it saved me spending more than $500 on a phone with decent quality.",True,Size: 64GBColor: SilverService Provider: UnlockedProduct grade: Renewed,[],40,2442,554,https://www.amazon.com/product-reviews/B07K4VCLLK?pageNumber=4&filterByStar=all_stars&sortBy=helpful&formatType=all_formats,allStars,,"{'price': None, 'listPrice': None}",2022-09-02,United States,,B07K4VCLLK,0.743
80,80,80,80,80,80,4,Works..,R1MVJKIDKKD3X0,https://www.amazon.com/gp/customer-reviews/R1MVJKIDKKD3X0/ref=cm_cr_arp_d_rvw_ttl?ie=UTF8&ASIN=B07K4VCLLK,6 people found this helpful,"Reviewed in the United States on August 16, 2022","So phone works and it’s only going to be used on Wi-Fi for my gyms sound system so I can stop using mine. Only slight chip on the back top which, as long as the screen isn’t damaged, I expected being a refurbished unit. But the charging brick is why I took away a star. That’s an obvious issue the prongs being bent and could of easily been replaced. Yes this is a refurbished unit but this bricks are a dime a dozen and can easily be given a good one. That’s just pure laziness and greedy in my book. But again phone works fine and one cosmetic chip on the back top.",True,Size: 64GBColor: SilverService Provider: UnlockedProduct grade: Renewed,"['https://m.media-amazon.com/images/I/612zVJatPeL._SY88.jpg', 'https://m.media-amazon.com/images/I/71GN8I6v8pL._SY88.jpg', 'https://m.media-amazon.com/images/I/71nck9vBWKL._SY88.jpg']",21,2442,554,https://www.amazon.com/product-reviews/B07K4VCLLK?pageNumber=3&filterByStar=all_stars&sortBy=helpful&formatType=all_formats,allStars,,"{'price': None, 'listPrice': None}",2022-08-16,United States,,B07K4VCLLK,0.9146
81,81,81,81,81,81,5,Excellent!,R24LSO12UMSISQ,https://www.amazon.com/gp/customer-reviews/R24LSO12UMSISQ/ref=cm_cr_arp_d_rvw_ttl?ie=UTF8&ASIN=B07K4VCLLK,,"Reviewed in the United States on December 9, 2023",Excellent Condition like new!!Fast Delivery. Likes this sellers business🤗,True,Size: 64GBColor: SilverService Provider: UnlockedProduct grade: Renewed,[],22,2442,554,https://www.amazon.com/product-reviews/B07K4VCLLK?pageNumber=3&filterByStar=all_stars&sortBy=helpful&formatType=all_formats,allStars,,"{'price': None, 'listPrice': None}",2023-12-09,United States,,B07K4VCLLK,0.8619
82,82,82,82,82,82,4,They sent me a cheap charger!!!😡,R3MBUYJWQO2347,https://www.amazon.com/gp/customer-reviews/R3MBUYJWQO2347/ref=cm_cr_arp_d_rvw_ttl?ie=UTF8&ASIN=B07K4VCLLK,8 people found this helpful,"Reviewed in the United States on January 8, 2023",The phone seems fine so far but they sent me  the phone in a huge box bubble wrapped and a cheap charger that barely works ! I’m so upset. I bought an apple phone so I should have received an apple charger. I am very particular about the charger I use. Not cool on the sellers end. It seems like they took the cheap way out. Quantity over quality I guess. I’m so upset! What is this?!,True,Size: 64GBColor: SilverService Provider: UnlockedProduct grade: Renewed,['https://m.media-amazon.com/images/I/61Crzqi00iL._SY88.jpg'],23,2442,554,https://www.amazon.com/product-reviews/B07K4VCLLK?pageNumber=3&filterByStar=all_stars&sortBy=helpful&formatType=all_formats,allStars,,"{'price': None, 'listPrice': None}",2023-01-08,United States,,B07K4VCLLK,-0.7794
83,83,83,83,83,83,5,Little to no scratches,R1W0Q4Y6KK5O8U,https://www.amazon.com/gp/customer-reviews/R1W0Q4Y6KK5O8U/ref=cm_cr_arp_d_rvw_ttl?ie=UTF8&ASIN=B07K4VCLLK,,"Reviewed in the United States on December 7, 2023",The phone looks nearly new.,True,Size: 64GBColor: SilverService Provider: UnlockedProduct grade: Renewed,[],24,2442,554,https://www.amazon.com/product-reviews/B07K4VCLLK?pageNumber=3&filterByStar=all_stars&sortBy=helpful&formatType=all_formats,allStars,,"{'price': None, 'listPrice': None}",2023-12-07,United States,,B07K4VCLLK,0.0
84,84,84,84,84,84,4,Really really good,R2PZTW5T9TN177,https://www.amazon.com/gp/customer-reviews/R2PZTW5T9TN177/ref=cm_cr_arp_d_rvw_ttl?ie=UTF8&ASIN=B07K4VCLLK,7 people found this helpful,"Reviewed in the United States on February 6, 2023","Really solid experience for a phone that isn’t brand new, it works really great. the only issue that i have is battery doesn’t last as long as i want it to, but it gets me through a 7 hour school day just fine. It heats up on facetime, but aside from that everything works amazingly",True,Size: 64GBColor: SilverService Provider: UnlockedProduct grade: Renewed,[],25,2442,554,https://www.amazon.com/product-reviews/B07K4VCLLK?pageNumber=3&filterByStar=all_stars&sortBy=helpful&formatType=all_formats,allStars,,"{'price': None, 'listPrice': None}",2023-02-06,United States,,B07K4VCLLK,0.6697
85,85,85,85,85,85,4,Iphone Quality,R20LMAQOZF1NA3,https://www.amazon.com/gp/customer-reviews/R20LMAQOZF1NA3/ref=cm_cr_arp_d_rvw_ttl?ie=UTF8&ASIN=B07K4VCLLK,5 people found this helpful,"Reviewed in the United States on December 25, 2022","The phone came in perfect condition, couldn't ask for better results. I was sad to see however that after 3-4 months of use it glitched out on me and the screen turned green. It turned out that the screen wasn't properly applied, which wasn't a problem as the repair wasn't too high. I do recommend this product though if you're on a budget as its a great deal!",True,Size: 64GBColor: SilverService Provider: UnlockedProduct grade: Renewed,[],26,2442,554,https://www.amazon.com/product-reviews/B07K4VCLLK?pageNumber=3&filterByStar=all_stars&sortBy=helpful&formatType=all_formats,allStars,,"{'price': None, 'listPrice': None}",2022-12-25,United States,,B07K4VCLLK,0.8097
86,86,86,86,86,86,5,Good product,R25IIF873ARYON,https://www.amazon.com/gp/customer-reviews/R25IIF873ARYON/ref=cm_cr_arp_d_rvw_ttl?ie=UTF8&ASIN=B07K4VCLLK,,"Reviewed in the United States on December 1, 2023",Good quality,True,Size: 64GBColor: SilverService Provider: UnlockedProduct grade: Renewed,[],27,2442,554,https://www.amazon.com/product-reviews/B07K4VCLLK?pageNumber=3&filterByStar=all_stars&sortBy=helpful&formatType=all_formats,allStars,,"{'price': None, 'listPrice': None}",2023-12-01,United States,,B07K4VCLLK,0.4404
87,87,87,87,87,87,1,BROKE AFTER FIVE MONTHS (DID NOT DROP/BREAK) HARDWARE IS FAULTY!,R3U4SRBD1EYVS9,https://www.amazon.com/gp/customer-reviews/R3U4SRBD1EYVS9/ref=cm_cr_arp_d_rvw_ttl?ie=UTF8&ASIN=B07K4VCLLK,6 people found this helpful,"Reviewed in the United States on February 20, 2022","I had a cracked/broken phone (Yea, iPhone 6) for years that worked better than this phone. However, my boyfriend felt bad that my phone was older and cracked, so he bought me a refurbished one from this site on Amazon. I have other friends and family with this phone, and they were pleased with the product. I even had a family member buy a refurbished phone from another company (we should have used them!!!)I had hesitation about this phone from the beginning of my setup and thought about sending it back. But I finally got it set up and went on. It was nice to have an updated, non-cracked phone that I could take pictures with.However, a month ago, it started with the bottom portion glitching out and unable to type. So, I researched the problem and did the recommended troubleshooting. Unfortunately, it's only got worse, and now to send one text, I have to turn the phone off and on repeatedly. Otherwise, it will text normally then start adding letters randomly and quickly or it will jump to another page.If I open an app, it will start jumping around moving pages, letters jumping (playing Works with Friends), and many more hardware issues!!The phone was not dropped or broken. I use it very little compared to other phone users. I typically use the phone to play a word game, text, take pictures, check email (work), and social media (even though I've been on a 2-week detox from that part).It is very disheartening to purchase a $400 product only to have it five months later malfunction for NO obvious reason. I understand I was bought a refurbished phone, but you would expect it to last longer than five months!!Thanks for my $400 paperweight! I would not recommend buying from this company and definitely buy the year warranty when buying refurbished products. That was shame on me, but shame on you for selling faulty products.",True,Size: 64GBColor: SilverService Provider: UnlockedProduct grade: Renewed,[],28,2442,554,https://www.amazon.com/product-reviews/B07K4VCLLK?pageNumber=3&filterByStar=all_stars&sortBy=helpful&formatType=all_formats,allStars,,"{'price': None, 'listPrice': None}",2022-02-20,United States,,B07K4VCLLK,-0.9508
88,88,88,88,88,88,4,The apple iphone xs is a good product but has some slight downfalls,R2VPOXKCQJC753,https://www.amazon.com/gp/customer-reviews/R2VPOXKCQJC753/ref=cm_cr_arp_d_rvw_ttl?ie=UTF8&ASIN=B07K4VCLLK,,"Reviewed in the United States on June 4, 2022",The phone is a good product but there are some slight downfalls for the product for example the battery life dies extremely quickly the face recognition is not that well because after a couple of weeks the face recognition will stop working and you will be forced to go to apple to fix the problem If you go into recovery mode it does not work 100% of the time. Although it has some downfalls i do recommend it to people who would like to use this product!,True,Size: 64GBColor: SilverService Provider: UnlockedProduct grade: Renewed,[],29,2442,554,https://www.amazon.com/product-reviews/B07K4VCLLK?pageNumber=3&filterByStar=all_stars&sortBy=helpful&formatType=all_formats,allStars,,"{'price': None, 'listPrice': None}",2022-06-04,United States,,B07K4VCLLK,-0.6611
89,89,89,89,89,89,2,Screen fell off,R3VFX1L3FL704V,https://www.amazon.com/gp/customer-reviews/R3VFX1L3FL704V/ref=cm_cr_arp_d_rvw_ttl?ie=UTF8&ASIN=B07K4VCLLK,,"Reviewed in the United States on November 16, 2023",Sad for my son but the screen fell off around the 90 day mark. My son lives with his mom and he did not tell me for a couple months. Probably scared. But with that being said my warranty is up. Not their fault but shoddy repair results in a shoddy product. Phone looks amazing still but screen is inoperable. Be careful who you buy from. Their communication is good that is why i gave them 2 stars. But sold a crappy “renewed” phone.,True,Size: 64GBColor: SilverService Provider: UnlockedProduct grade: Renewed,[],30,2442,554,https://www.amazon.com/product-reviews/B07K4VCLLK?pageNumber=3&filterByStar=all_stars&sortBy=helpful&formatType=all_formats,allStars,,"{'price': None, 'listPrice': None}",2023-11-16,United States,,B07K4VCLLK,0.4655
