,Unnamed: 0,ratingScore,reviewTitle,reviewId,reviewUrl,reviewReaction,reviewedIn,reviewDescription,isVerified,variant,reviewImages,position,totalCategoryRatings,totalCategoryReviews,reviewCategoryUrl,filterByRating,filterByKeyword,product,date,country,countryCode,productAsin,sentiment_score
0,0,5,iPhone,R1WR5BR7WHQVQA,https://www.amazon.com/gp/customer-reviews/R1WR5BR7WHQVQA/ref=cm_cr_arp_d_rvw_ttl?ie=UTF8&ASIN=B07T1M19VX,One person found this helpful,"Reviewed in the United States on June 7, 2023","It was a gift, but she loves. It works good.",True,,[],1,86,18,https://www.amazon.com/product-reviews/B07T1M19VX?pageNumber=1&filterByStar=all_stars&sortBy=helpful&formatType=all_formats,allStars,,"{'price': None, 'listPrice': None}",2023-06-07,United States,,B07T1M19VX,0.8968
1,1,5,Great phone,R17NPXVH5HIQ2O,https://www.amazon.com/gp/customer-reviews/R17NPXVH5HIQ2O/ref=cm_cr_arp_d_rvw_ttl?ie=UTF8&ASIN=B07T1M19VX,One person found this helpful,"Reviewed in the United States on February 28, 2024",Awesome quality,True,,[],2,86,18,https://www.amazon.com/product-reviews/B07T1M19VX?pageNumber=1&filterByStar=all_stars&sortBy=helpful&formatType=all_formats,allStars,,"{'price': None, 'listPrice': None}",2024-02-28,United States,,B07T1M19VX,0.6249
2,2,5,Great,R3LWU94Y72SPTW,https://www.amazon.com/gp/customer-reviews/R3LWU94Y72SPTW/ref=cm_cr_arp_d_rvw_ttl?ie=UTF8&ASIN=B07T1M19VX,,"Reviewed in the United States on April 3, 2024",Battery is 85% but everything works flawlessly,True,,[],3,86,18,https://www.amazon.com/product-reviews/B07T1M19VX?pageNumber=1&filterByStar=all_stars&sortBy=helpful&formatType=all_formats,allStars,,"{'price': None, 'listPrice': None}",2024-04-03,United States,,B07T1M19VX,0.296
3,3,1,POOR BATTERY,R1YEVO4R0K07DU,https://www.amazon.com/gp/customer-reviews/R1YEVO4R0K07DU/ref=cm_cr_arp_d_rvw_ttl?ie=UTF8&ASIN=B07T1M19VX,3 people found this helpful,"Reviewed in the United States on October 27, 2023",This phone doesn’t even hold a charge for a day. And that was the number one benefit I was hoping for.,True,,[],4,86,18,https://www.amazon.com/product-reviews/B07T1M19VX?pageNumber=1&filterByStar=all_stars&sortBy=helpful&formatType=all_formats,allStars,,"{'price': None, 'listPrice': None}",2023-10-27,United States,,B07T1M19VX,0.7269
4,4,5,iPhone Xr,RQ6SP04B3OX2A,https://www.amazon.com/gp/customer-reviews/RQ6SP04B3OX2A/ref=cm_cr_arp_d_rvw_ttl?ie=UTF8&ASIN=B07T1M19VX,3 people found this helpful,"Reviewed in the United States on December 19, 2023","I love it, the battery takes 4 minutes to die 1 percent unlike my old 8 plus died within 2 hours… the Xr lasted 7 hours on 1 charge! Its an amazing product, (they even give you a free screen protector pre-applied) there are no scratches on the back of the phone however there are scratches on the screen protector but who is going to complain about that. The cameras are amazing, the face id is seamless there is no lag. Its just an overall amazing phone. DEFINATELY recommend for anyone who wants a good phone for a cheap price!",True,,['https://m.media-amazon.com/images/I/61gecOLN3JL._SY88.jpg'],5,86,18,https://www.amazon.com/product-reviews/B07T1M19VX?pageNumber=1&filterByStar=all_stars&sortBy=helpful&formatType=all_formats,allStars,,"{'price': None, 'listPrice': None}",2023-12-19,United States,,B07T1M19VX,0.9142
5,5,4,Price & Vaue,R1LRHZV88658XV,https://www.amazon.com/gp/customer-reviews/R1LRHZV88658XV/ref=cm_cr_arp_d_rvw_ttl?ie=UTF8&ASIN=B07T1M19VX,One person found this helpful,"Reviewed in the United States on March 21, 2024",I like the performance & good price,True,,[],6,86,18,https://www.amazon.com/product-reviews/B07T1M19VX?pageNumber=1&filterByStar=all_stars&sortBy=helpful&formatType=all_formats,allStars,,"{'price': None, 'listPrice': None}",2024-03-21,United States,,B07T1M19VX,0.6597
6,6,5,Best phone I have had,R2DBLUQGN4FO7S,https://www.amazon.com/gp/customer-reviews/R2DBLUQGN4FO7S/ref=cm_cr_arp_d_rvw_ttl?ie=UTF8&ASIN=B07T1M19VX,One person found this helpful,"Reviewed in the United States on January 2, 2024",I love this phone,True,,[],7,86,18,https://www.amazon.com/product-reviews/B07T1M19VX?pageNumber=1&filterByStar=all_stars&sortBy=helpful&formatType=all_formats,allStars,,"{'price': None, 'listPrice': None}",2024-01-02,United States,,B07T1M19VX,0.6369
7,7,3,Battery is bad,R2ECW9TSBPV9YH,https://www.amazon.com/gp/customer-reviews/R2ECW9TSBPV9YH/ref=cm_cr_arp_d_rvw_ttl?ie=UTF8&ASIN=B07T1M19VX,5 people found this helpful,"Reviewed in the United States on October 27, 2023",Arrived in great condition on the outside. Looked brand new however the battery needs replaced. I understand it is refurbished but I feel the battery should have been tested better.,True,,[],8,86,18,https://www.amazon.com/product-reviews/B07T1M19VX?pageNumber=1&filterByStar=all_stars&sortBy=helpful&formatType=all_formats,allStars,,"{'price': None, 'listPrice': None}",2023-10-27,United States,,B07T1M19VX,0.7506
8,8,1,Not worth it ….,RB5FEW6UEDER2,https://www.amazon.com/gp/customer-reviews/RB5FEW6UEDER2/ref=cm_cr_arp_d_rvw_ttl?ie=UTF8&ASIN=B07T1M19VX,,"Reviewed in the United States on February 26, 2024","Yes it’s cheaper than going to the store.  But, at least you have more protection.  This is my first and last time buying a refurbished phone…. The phone died after 4 months.  Took it to a shop and the people told me the new battery that was put in wasn’t configured correctly.  That cause some other issues which created a situation where it would cost more to fix the phone than what it is worth. 🙄",True,,[],9,86,18,https://www.amazon.com/product-reviews/B07T1M19VX?pageNumber=1&filterByStar=all_stars&sortBy=helpful&formatType=all_formats,allStars,,"{'price': None, 'listPrice': None}",2024-02-26,United States,,B07T1M19VX,-0.0516
9,9,3,Functions fine… very scratched screen was disguised.,R3H5G209C2HK78,https://www.amazon.com/gp/customer-reviews/R3H5G209C2HK78/ref=cm_cr_arp_d_rvw_ttl?ie=UTF8&ASIN=B07T1M19VX,3 people found this helpful,"Reviewed in the United States on January 8, 2022","The iPhone worked perfectly, and looked good… until… six months later, when the screen protector had done its job well and needed to be replaced, I found that the actual screen was very scratched up and this  had been hidden by the type of adhesive used on the screen protector it came with. Great job hiding the damage they didn’t want to repair, but poor job selling a damaged phone as “reconditioned” when all they did was hide scratches with a cheap trick.",True,,[],10,86,18,https://www.amazon.com/product-reviews/B07T1M19VX?pageNumber=1&filterByStar=all_stars&sortBy=helpful&formatType=all_formats,allStars,,"{'price': None, 'listPrice': None}",2022-01-08,United States,,B07T1M19VX,-0.802
10,10,5,Great condition. Works perfect,RJZ130TYHGHJE,https://www.amazon.com/gp/customer-reviews/RJZ130TYHGHJE/ref=cm_cr_arp_d_rvw_ttl?ie=UTF8&ASIN=B07T1M19VX,3 people found this helpful,"Reviewed in the United States on April 7, 2021",We have had the phones for a week and they work great. Mini scuffs but all in all they are in great condition and work great.  Delivered a day early!!!,True,,[],11,86,18,https://www.amazon.com/product-reviews/B07T1M19VX?pageNumber=2&filterByStar=all_stars&sortBy=helpful&formatType=all_formats,allStars,,"{'price': None, 'listPrice': None}",2021-04-07,United States,,B07T1M19VX,0.9495
11,11,4,Estado físico,R22UOPL3B55E8I,https://www.amazon.com/gp/customer-reviews/R22UOPL3B55E8I/ref=cm_cr_arp_d_rvw_ttl?ie=UTF8&ASIN=B07T1M19VX,One person found this helpful,"Reviewed in the United States on December 13, 2020",Estado físico 9/10,True,,[],12,86,18,https://www.amazon.com/product-reviews/B07T1M19VX?pageNumber=2&filterByStar=all_stars&sortBy=helpful&formatType=all_formats,allStars,,"{'price': None, 'listPrice': None}",2020-12-13,United States,,B07T1M19VX,0.0
12,12,5,The ease of ordering items for me,R3CHKCL2MQN3G4,https://www.amazon.com/gp/customer-reviews/R3CHKCL2MQN3G4/ref=cm_cr_arp_d_rvw_ttl?ie=UTF8&ASIN=B07T1M19VX,,"Reviewed in the United States on May 2, 2021",I love my iPhone and the audio is crystal clear thank you delivered on time also,True,,[],13,86,18,https://www.amazon.com/product-reviews/B07T1M19VX?pageNumber=2&filterByStar=all_stars&sortBy=helpful&formatType=all_formats,allStars,,"{'price': None, 'listPrice': None}",2021-05-02,United States,,B07T1M19VX,0.8519
13,13,5,Wonderful product!,R38YNT8WG25TF6,https://www.amazon.com/gp/customer-reviews/R38YNT8WG25TF6/ref=cm_cr_arp_d_rvw_ttl?ie=UTF8&ASIN=B07T1M19VX,,"Reviewed in the United States on June 5, 2021","Keeps phone clean and dry, great for keeping your phone safe!",True,,[],14,86,18,https://www.amazon.com/product-reviews/B07T1M19VX?pageNumber=2&filterByStar=all_stars&sortBy=helpful&formatType=all_formats,allStars,,"{'price': None, 'listPrice': None}",2021-06-05,United States,,B07T1M19VX,0.8748
14,14,1,Had to return…. Phone did not work,R1ZFVNX5RRK3KP,https://www.amazon.com/gp/customer-reviews/R1ZFVNX5RRK3KP/ref=cm_cr_arp_d_rvw_ttl?ie=UTF8&ASIN=B07T1M19VX,2 people found this helpful,"Reviewed in the United States on July 11, 2021","After less than a week, phone would shut off a couple of times a day with an error stating that Apple did not recognize the battery… I contacted the seller who issued a refund authorization promptly. I give one star because the seller responded promptly but the phone did not work…",True,,[],15,86,18,https://www.amazon.com/product-reviews/B07T1M19VX?pageNumber=2&filterByStar=all_stars&sortBy=helpful&formatType=all_formats,allStars,,"{'price': None, 'listPrice': None}",2021-07-11,United States,,B07T1M19VX,-0.2144
15,15,2,Compré dos teléfonos “renovados@ y los dos venían con daños,RVVFBVP5F6FLM,https://www.amazon.com/gp/customer-reviews/RVVFBVP5F6FLM/ref=cm_cr_arp_d_rvw_ttl?ie=UTF8&ASIN=B07T1M19VX,5 people found this helpful,"Reviewed in the United States on December 6, 2020",El teléfono venía con un daño en la cámara y hubo que mandarlo a arreglar🥺👎,True,,[],16,86,18,https://www.amazon.com/product-reviews/B07T1M19VX?pageNumber=2&filterByStar=all_stars&sortBy=helpful&formatType=all_formats,allStars,,"{'price': None, 'listPrice': None}",2020-12-06,United States,,B07T1M19VX,0.0
16,16,1,It should work .,R23XYQYSTI4ZCK,https://www.amazon.com/gp/customer-reviews/R23XYQYSTI4ZCK/ref=cm_cr_arp_d_rvw_ttl?ie=UTF8&ASIN=B07T1M19VX,,"Reviewed in the United States on April 21, 2021",The speaker audio doesn't  work when you call people all you hear is static both end of the phones .,True,,[],17,86,18,https://www.amazon.com/product-reviews/B07T1M19VX?pageNumber=2&filterByStar=all_stars&sortBy=helpful&formatType=all_formats,allStars,,"{'price': None, 'listPrice': None}",2021-04-21,United States,,B07T1M19VX,0.0
17,17,1,Battery life is a pain,R3VGL0QLEWP153,https://www.amazon.com/gp/customer-reviews/R3VGL0QLEWP153/ref=cm_cr_arp_d_rvw_ttl?ie=UTF8&ASIN=B07T1M19VX,,"Reviewed in the United States on August 11, 2021",Battery max is like 70% and now have to have it replaced due to swelling,True,,[],18,86,18,https://www.amazon.com/product-reviews/B07T1M19VX?pageNumber=2&filterByStar=all_stars&sortBy=helpful&formatType=all_formats,allStars,,"{'price': None, 'listPrice': None}",2021-08-11,United States,,B07T1M19VX,0.3612
