,Unnamed: 0,ratingScore,reviewTitle,reviewId,reviewUrl,reviewReaction,reviewedIn,reviewDescription,isVerified,variant,reviewImages,position,totalCategoryRatings,totalCategoryReviews,reviewCategoryUrl,filterByRating,filterByKeyword,product,date,country,countryCode,productAsin,sentiment_score
0,0,5,My favorite phone that I’ve ever had.,R2HTH6HG9E9Q0C,https://www.amazon.com/gp/customer-reviews/R2HTH6HG9E9Q0C/ref=cm_cr_arp_d_rvw_ttl?ie=UTF8&ASIN=B0844DSHY4,23 people found this helpful,"Reviewed in the United States on January 28, 2021",I hate the new iPhone 12 square design it’s hard to hold and so I decided to get the 11 pro instead. So much better. Even the camera focuses better. I’m glad I was able to find the 512gb version here as Apple doesn’t sell it anymore.,True,Color: Space GraySize: 512GB,[],1,38,12,https://www.amazon.com/product-reviews/B0844DSHY4?pageNumber=1&filterByStar=all_stars&sortBy=helpful&formatType=all_formats,allStars,,"{'price': None, 'listPrice': None}",2021-01-28,United States,,B0844DSHY4,0.6436
1,1,5,Buenicimo,R1UAE977J3HBP3,https://www.amazon.com/gp/customer-reviews/R1UAE977J3HBP3/ref=cm_cr_arp_d_rvw_ttl?ie=UTF8&ASIN=B0844DSHY4,10 people found this helpful,"Reviewed in the United States on October 14, 2020",Tan solo unos días y asta ahora todo perfecto,True,Color: Midnight GreenSize: 64GB,[],2,38,12,https://www.amazon.com/product-reviews/B0844DSHY4?pageNumber=1&filterByStar=all_stars&sortBy=helpful&formatType=all_formats,allStars,,"{'price': None, 'listPrice': None}",2020-10-14,United States,,B0844DSHY4,0.3182
2,2,5,IPHONE 11 PRO,R37DRXM1ZSB0NQ,https://www.amazon.com/gp/customer-reviews/R37DRXM1ZSB0NQ/ref=cm_cr_arp_d_rvw_ttl?ie=UTF8&ASIN=B0844DSHY4,54 people found this helpful,"Reviewed in the United States on July 16, 2020",I Love it❤💙,True,Color: Space GraySize: 64GB,['https://images-na.ssl-images-amazon.com/images/I/61dhZqF82ZL._SY88.jpg'],3,38,12,https://www.amazon.com/product-reviews/B0844DSHY4?pageNumber=1&filterByStar=all_stars&sortBy=helpful&formatType=all_formats,allStars,,"{'price': None, 'listPrice': None}",2020-07-16,United States,,B0844DSHY4,0.6369
3,3,1,NOT WATER RESISTANT!,R1KDVGYO3RUHQC,https://www.amazon.com/gp/customer-reviews/R1KDVGYO3RUHQC/ref=cm_cr_arp_d_rvw_ttl?ie=UTF8&ASIN=B0844DSHY4,48 people found this helpful,"Reviewed in the United States on December 15, 2020","Apple advertises the IPhone 11 as water resistant to 4 meters for 30 minutes. But the fine print says its only water resistant when it leaves the factory and water damage is not covered by the warranty! Not only is it useless to the customer that it was supposedly water resistant only until it left a factory in China, but you are telling the consumer its ok to have it near the water! When it fails, BRCAUSE IT IS NOT WATER RESISTANT, they charge $399 to repair! No matter what the actual damage is it cost $399? Just enough to make the customer say ""not worth it, I'll buy a new one.""  What a scam.  Every friend I've mentioned this to has said ""the iPhone 11 is waterproof, it should be covered under the warranty."" NOPE! Shows your false advertising is misleading the consumer.",False,,[],4,38,12,https://www.amazon.com/product-reviews/B0844DSHY4?pageNumber=1&filterByStar=all_stars&sortBy=helpful&formatType=all_formats,allStars,,"{'price': None, 'listPrice': None}",2020-12-15,United States,,B0844DSHY4,-0.9723
4,4,5,10/10!,R3VNUDI33GFTN4,https://www.amazon.com/gp/customer-reviews/R3VNUDI33GFTN4/ref=cm_cr_arp_d_rvw_ttl?ie=UTF8&ASIN=B0844DSHY4,,"Reviewed in the United States on August 12, 2023","Amazing phone, amazing price. :)",False,,[],5,38,12,https://www.amazon.com/product-reviews/B0844DSHY4?pageNumber=1&filterByStar=all_stars&sortBy=helpful&formatType=all_formats,allStars,,"{'price': None, 'listPrice': None}",2023-08-12,United States,,B0844DSHY4,0.891
5,5,5,11 Pro > 12 Pro,R3O7E9SV2DB8RG,https://www.amazon.com/gp/customer-reviews/R3O7E9SV2DB8RG/ref=cm_cr_arp_d_rvw_ttl?ie=UTF8&ASIN=B0844DSHY4,21 people found this helpful,"Reviewed in the United States on October 30, 2020",(TLDR: Buy an 11 Pro)If you own an iPhone download Apple’s ‘Apple Store’ app and compare the specs of the 12 Pro and the 11 Pro. Make sure you go into the drop down menu for battery and phone size specifically. The 11 Pro has a longer battery life and is only a couple grams heavier and ~.1cm larger in most areas. Why didn’t the price of the 11 series decline like it should’ve like it has in the past. 2020 just hits different man. *deflates like a balloon*- Sent from iPhone 11 Pro,False,,[],6,38,12,https://www.amazon.com/product-reviews/B0844DSHY4?pageNumber=1&filterByStar=all_stars&sortBy=helpful&formatType=all_formats,allStars,,"{'price': None, 'listPrice': None}",2020-10-30,United States,,B0844DSHY4,0.7717
6,6,5,Great!,R3F9IQX7WOLX9I,https://www.amazon.com/gp/customer-reviews/R3F9IQX7WOLX9I/ref=cm_cr_arp_d_rvw_ttl?ie=UTF8&ASIN=B0844DSHY4,22 people found this helpful,"Reviewed in the United States on September 6, 2020",Absolutely the best phone I’ve owned,False,Color: Midnight GreenSize: 64GB,[],7,38,12,https://www.amazon.com/product-reviews/B0844DSHY4?pageNumber=1&filterByStar=all_stars&sortBy=helpful&formatType=all_formats,allStars,,"{'price': None, 'listPrice': None}",2020-09-06,United States,,B0844DSHY4,0.6682
7,7,3,"Smooth looks, shoddy operating system.",R3BZ7XEJ3GWXN3,https://www.amazon.com/gp/customer-reviews/R3BZ7XEJ3GWXN3/ref=cm_cr_arp_d_rvw_ttl?ie=UTF8&ASIN=B0844DSHY4,5 people found this helpful,"Reviewed in the United States on November 11, 2021","Apple is getting more obnoxious with software.  Operating system is glitchy.  If you don't update software it causes issues across multiple applications that weren't there prior. Owned for 2 years and updates keep eating away at memory.  Apple' claims to protect privacy are false, as they roll out back door access to your texts.",False,Color: Midnight GreenSize: 64GB,[],8,38,12,https://www.amazon.com/product-reviews/B0844DSHY4?pageNumber=1&filterByStar=all_stars&sortBy=helpful&formatType=all_formats,allStars,,"{'price': None, 'listPrice': None}",2021-11-11,United States,,B0844DSHY4,-0.1761
8,8,5,iPhone pro max 11,REUMVWTU22N5M,https://www.amazon.com/gp/customer-reviews/REUMVWTU22N5M/ref=cm_cr_arp_d_rvw_ttl?ie=UTF8&ASIN=B0844DSHY4,40 people found this helpful,"Reviewed in the United States on May 30, 2020",Muy duro!!,False,Color: Space GraySize: 64GB,[],9,38,12,https://www.amazon.com/product-reviews/B0844DSHY4?pageNumber=1&filterByStar=all_stars&sortBy=helpful&formatType=all_formats,allStars,,"{'price': None, 'listPrice': None}",2020-05-30,United States,,B0844DSHY4,0.0
9,9,5,I love my iPhone 11 pro,R13EJ8Q541E0DI,https://www.amazon.com/gp/customer-reviews/R13EJ8Q541E0DI/ref=cm_cr_arp_d_rvw_ttl?ie=UTF8&ASIN=B0844DSHY4,7 people found this helpful,"Reviewed in the United States on September 21, 2020",I love my iPhone 11 pro but it is not the iphone 11 max,False,Color: SilverSize: 512GB,[],10,38,12,https://www.amazon.com/product-reviews/B0844DSHY4?pageNumber=1&filterByStar=all_stars&sortBy=helpful&formatType=all_formats,allStars,,"{'price': None, 'listPrice': None}",2020-09-21,United States,,B0844DSHY4,0.3818
10,10,5,Very good product,R1RWEDADXD3PW7,https://www.amazon.com/gp/customer-reviews/R1RWEDADXD3PW7/ref=cm_cr_arp_d_rvw_ttl?ie=UTF8&ASIN=B0844DSHY4,One person found this helpful,"Reviewed in the United States on January 18, 2022",It does exactly what a phone should do!,False,Color: Midnight GreenSize: 512GB,[],11,38,12,https://www.amazon.com/product-reviews/B0844DSHY4?pageNumber=2&filterByStar=all_stars&sortBy=helpful&formatType=all_formats,allStars,,"{'price': None, 'listPrice': None}",2022-01-18,United States,,B0844DSHY4,0.0
11,11,5,Ok im an apple newbie,R17YGK37SAX1TV,https://www.amazon.com/gp/customer-reviews/R17YGK37SAX1TV/ref=cm_cr_arp_d_rvw_ttl?ie=UTF8&ASIN=B0844DSHY4,,"Reviewed in the United States on December 13, 2021","Well I've always been an android girl BC I kno them and it's my phone. My daughtervtakjed me into an iPhone..come on mom get w the times. I hate to admit it but I'm an apple girl now. Easy to use more functions. Keeps my small business all at the touch of my fingers.  So to all u scardy cats....go for it,  it will change the way u use yur phone.I recommend and I'm no tech person believe me.",False,Color: GoldSize: 512GB,[],12,38,12,https://www.amazon.com/product-reviews/B0844DSHY4?pageNumber=2&filterByStar=all_stars&sortBy=helpful&formatType=all_formats,allStars,,"{'price': None, 'listPrice': None}",2021-12-13,United States,,B0844DSHY4,0.5994
