,Unnamed: 0.4,Unnamed: 0.3,Unnamed: 0.2,Unnamed: 0.1,Unnamed: 0,ratingScore,reviewTitle,reviewId,reviewUrl,reviewReaction,reviewedIn,reviewDescription,isVerified,variant,reviewImages,position,totalCategoryRatings,totalCategoryReviews,reviewCategoryUrl,filterByRating,filterByKeyword,product,date,country,countryCode,productAsin,sentiment_score
0,0,0,0,0,0,5,Buen producto,R24SW423AVI8T9,https://www.amazon.com/gp/customer-reviews/R24SW423AVI8T9/ref=cm_cr_arp_d_rvw_ttl?ie=UTF8&ASIN=B09JFFR729,One person found this helpful,"Reviewed in the United States on February 20, 2023","Buen producto, no noto diferencia con uno nuevo",True,,[],1,28,6,https://www.amazon.com/product-reviews/B09JFFR729?pageNumber=1&filterByStar=all_stars&sortBy=helpful&formatType=all_formats,allStars,,"{'price': None, 'listPrice': None}",2023-02-20,United States,,B09JFFR729,-0.296
1,1,1,1,1,1,1,"Bad, bad, bad",R1QOP3MHV547UZ,https://www.amazon.com/gp/customer-reviews/R1QOP3MHV547UZ/ref=cm_cr_arp_d_rvw_ttl?ie=UTF8&ASIN=B09JFFR729,One person found this helpful,"Reviewed in the United States on October 15, 2023","I’ve had great experiences with Amazon renewed phones in the past, but in this case I bought and returned 3 phones before giving up. Two had very bad marring on the screens that were severe enough to prevent me from reading text. One had a broken camera. I ended up going with the iPhone 13 mini and got an excellent device on my first purchase, as I have every time in the past.",True,,[],2,28,6,https://www.amazon.com/product-reviews/B09JFFR729?pageNumber=1&filterByStar=all_stars&sortBy=helpful&formatType=all_formats,allStars,,"{'price': None, 'listPrice': None}",2023-10-15,United States,,B09JFFR729,-0.3694
2,2,2,2,2,2,5,MÁS QUE EXCELENTE!,RV2CAIQAODTKH,,4 people found this helpful,"Reviewed in Mexico on April 13, 2023","Estoy escribiendo esta reseña desde mi nuevo iPhone 12 mini, la verdad el reacondicionado premium es magnifico, literalmente es nuevo porque no se ve ninguna señal de uso, ningún rayón, batería al 100%, pantalla que parece sin ningún uso, impecable en todo sentido. Compré dos y los dos llegaron en excelentes condiciones. Lo recomiendo al 100%",True,,[],3,28,6,https://www.amazon.com/product-reviews/B09JFFR729?pageNumber=1&filterByStar=all_stars&sortBy=helpful&formatType=all_formats,allStars,,"{'price': None, 'listPrice': None}",2023-04-13,Mexico,,B09JFFR729,-0.4588
3,3,3,3,3,3,5,En excelentes condiciones,R2VTQ8PNEWNT1R,,2 people found this helpful,"Reviewed in Mexico on March 14, 2023","El teléfono llegó en el tiempo prometido, la estética es excelente y la vida útil de la batería superó mis expectativas, cuando me llegó era del 100%",True,,[],4,28,6,https://www.amazon.com/product-reviews/B09JFFR729?pageNumber=1&filterByStar=all_stars&sortBy=helpful&formatType=all_formats,allStars,,"{'price': None, 'listPrice': None}",2023-03-14,Mexico,,B09JFFR729,0.0
4,4,4,4,4,4,4,Buen producto,RGM2GKDER13GZ,,,"Reviewed in Mexico on June 8, 2023","Llegó en buenas condiciones, sin golpes ni rayaduras,",True,,[],5,28,6,https://www.amazon.com/product-reviews/B09JFFR729?pageNumber=1&filterByStar=all_stars&sortBy=helpful&formatType=all_formats,allStars,,"{'price': None, 'listPrice': None}",2023-06-08,Mexico,,B09JFFR729,-0.5574
5,5,5,5,5,5,3,Bien 👍,R2WEKVGNXAIWRW,,2 people found this helpful,"Reviewed in Mexico on May 4, 2023",Hasta el momento solo he notado que la batería bajó su porcentaje de vida o rendimiento de 90 a 87 % en 2 meses aproximadamente que llevo usándolo.Llego en buen estado y el tamaño es lo que esperaba.Es el segundo que compro renewed,True,,[],6,28,6,https://www.amazon.com/product-reviews/B09JFFR729?pageNumber=1&filterByStar=all_stars&sortBy=helpful&formatType=all_formats,allStars,,"{'price': None, 'listPrice': None}",2023-05-04,Mexico,,B09JFFR729,0.0
