,Unnamed: 0,ratingScore,reviewTitle,reviewId,reviewUrl,reviewReaction,reviewedIn,reviewDescription,isVerified,variant,reviewImages,position,totalCategoryRatings,totalCategoryReviews,reviewCategoryUrl,filterByRating,filterByKeyword,product,date,country,countryCode,productAsin,sentiment_score
0,0,5,Exactly as described,R28UBKGVQF7DNH,https://www.amazon.com/gp/customer-reviews/R28UBKGVQF7DNH/ref=cm_cr_arp_d_rvw_ttl?ie=UTF8&ASIN=B0BYLJVFHW,6 people found this helpful,"Reviewed in the United States on February 18, 2024","iPhone came in perfect condition, practically like new. Not a single scratch or dent on the front, back, sides or camera. Everything works so far. It’s internationally unlocked for anybody wondering, but eSIM only. Charger and cable (not Apple)  provided are good enough to use as spares, since luckily I already have an original Apple charger and cable.iPhone came with 91% battery health, which was a bit disappointing since I was expecting to be one of the lucky ones with 100%, but I got lucky with pretty much all the rest, so it wouldn’t be fair to give it less than 5 stars just because of that. Recommended.",True,Service Provider: UnlockedColor: Space BlackSize: 256GB,[],1,226,77,https://www.amazon.com/product-reviews/B0BYLJVFHW?pageNumber=1&filterByStar=all_stars&sortBy=helpful&formatType=all_formats,allStars,,"{'price': None, 'listPrice': None}",2024-02-18,United States,,B0BYLJVFHW,0.9796
1,1,5,"In great condition,  Amazon certified A+",R2NSV4FSLDW4J0,https://www.amazon.com/gp/customer-reviews/R2NSV4FSLDW4J0/ref=cm_cr_arp_d_rvw_ttl?ie=UTF8&ASIN=B0BYLJVFHW,3 people found this helpful,"Reviewed in the United States on March 24, 2024","In great condition, even has the Apple warrantyAnd AMAZON offers one year return exchangeVery happy with this  iPhone 14 Pro Max Also, AMAZON let me make payments Which made it very easy and affordable",True,Service Provider: UnlockedColor: Space BlackSize: 1TB,[],2,226,77,https://www.amazon.com/product-reviews/B0BYLJVFHW?pageNumber=1&filterByStar=all_stars&sortBy=helpful&formatType=all_formats,allStars,,"{'price': None, 'listPrice': None}",2024-03-24,United States,,B0BYLJVFHW,0.9419
2,2,1,No es lo que se ofrece,RMCDEEGD9FGTL,https://www.amazon.com/gp/customer-reviews/RMCDEEGD9FGTL/ref=cm_cr_arp_d_rvw_ttl?ie=UTF8&ASIN=B0BYLJVFHW,5 people found this helpful,"Reviewed in the United States on March 10, 2024","El teléfono en si llego bien, solo con un defecto en la Mica de pantalla que viene protegido, este llegó doblado y por tanto la pantalla descubierto. Además el equipo es un eSim y no Sim físico, algo que no se especificana en las descripciones cuando la compré.",True,Service Provider: UnlockedColor: Space BlackSize: 256GB,[],3,226,77,https://www.amazon.com/product-reviews/B0BYLJVFHW?pageNumber=1&filterByStar=all_stars&sortBy=helpful&formatType=all_formats,allStars,,"{'price': None, 'listPrice': None}",2024-03-10,United States,,B0BYLJVFHW,-0.5267
3,3,5,Premium refurbished frfr,R6GU35NAZ6RXN,https://www.amazon.com/gp/customer-reviews/R6GU35NAZ6RXN/ref=cm_cr_arp_d_rvw_ttl?ie=UTF8&ASIN=B0BYLJVFHW,4 people found this helpful,"Reviewed in the United States on February 28, 2024","Great buy overall. Was a bit disappointed having to buy it refurbished to begin with, but for what I got it was pretty much just straight out of the box level of nice. Not a scratch anywhere and it came with the charger. No fancy iPhone packaging, but the phone may as well have been brand new.",True,Service Provider: UnlockedColor: Deep PurpleSize: 256GB,[],4,226,77,https://www.amazon.com/product-reviews/B0BYLJVFHW?pageNumber=1&filterByStar=all_stars&sortBy=helpful&formatType=all_formats,allStars,,"{'price': None, 'listPrice': None}",2024-02-28,United States,,B0BYLJVFHW,0.8934
4,4,4,Would buy again!,R2UHNEPGWTJUX3,https://www.amazon.com/gp/customer-reviews/R2UHNEPGWTJUX3/ref=cm_cr_arp_d_rvw_ttl?ie=UTF8&ASIN=B0BYLJVFHW,5 people found this helpful,"Reviewed in the United States on January 25, 2024",This is amazing quality. Had a few minor scratches and along the side but nothing on the screen. Battery health was 97% when i got it and it’s running great! Price was a bit high for it but definitely got a great quality phone,True,Service Provider: UnlockedColor: Space BlackSize: 128GB,[],5,226,77,https://www.amazon.com/product-reviews/B0BYLJVFHW?pageNumber=1&filterByStar=all_stars&sortBy=helpful&formatType=all_formats,allStars,,"{'price': None, 'listPrice': None}",2024-01-25,United States,,B0BYLJVFHW,0.9615
5,5,5,Bang,R1U9R8PW13L9IQ,https://www.amazon.com/gp/customer-reviews/R1U9R8PW13L9IQ/ref=cm_cr_arp_d_rvw_ttl?ie=UTF8&ASIN=B0BYLJVFHW,One person found this helpful,"Reviewed in the United States on April 1, 2024",I’ve been using it for a few months now and it’s been working amazingly! Was a little nervous as it was dead on arrival but once it was charged we were good to go,True,Service Provider: UnlockedColor: Deep PurpleSize: 1TB,[],6,226,77,https://www.amazon.com/product-reviews/B0BYLJVFHW?pageNumber=1&filterByStar=all_stars&sortBy=helpful&formatType=all_formats,allStars,,"{'price': None, 'listPrice': None}",2024-04-01,United States,,B0BYLJVFHW,-0.2089
6,6,5,Satisfied,R7O17KP14YJPD,https://www.amazon.com/gp/customer-reviews/R7O17KP14YJPD/ref=cm_cr_arp_d_rvw_ttl?ie=UTF8&ASIN=B0BYLJVFHW,2 people found this helpful,"Reviewed in the United States on March 28, 2024",Phone in excellent condition,True,Service Provider: UnlockedColor: GoldSize: 256GB,[],7,226,77,https://www.amazon.com/product-reviews/B0BYLJVFHW?pageNumber=1&filterByStar=all_stars&sortBy=helpful&formatType=all_formats,allStars,,"{'price': None, 'listPrice': None}",2024-03-28,United States,,B0BYLJVFHW,0.5719
7,7,5,good as new!,R3UF8TYUKFNL5M,https://www.amazon.com/gp/customer-reviews/R3UF8TYUKFNL5M/ref=cm_cr_arp_d_rvw_ttl?ie=UTF8&ASIN=B0BYLJVFHW,3 people found this helpful,"Reviewed in the United States on March 23, 2024",good product,True,Service Provider: UnlockedColor: Deep PurpleSize: 512GB,[],8,226,77,https://www.amazon.com/product-reviews/B0BYLJVFHW?pageNumber=1&filterByStar=all_stars&sortBy=helpful&formatType=all_formats,allStars,,"{'price': None, 'listPrice': None}",2024-03-23,United States,,B0BYLJVFHW,0.4404
8,8,4,Phone is exactly what I ordered,R1LIM14UG1TQ1J,https://www.amazon.com/gp/customer-reviews/R1LIM14UG1TQ1J/ref=cm_cr_arp_d_rvw_ttl?ie=UTF8&ASIN=B0BYLJVFHW,,"Reviewed in the United States on March 8, 2024","I can’t complain about the phone or the procurement process at all from a purely product purchase perspective.  I just wished I had selected the Samsung Galaxy S24 instead.  I don’t get why everyone thinks iPhones are so great.  Android has so many more features and apps.  This is the last iPhone I will ever buy, but it’s because of the software, not the hardware.",True,Service Provider: UnlockedColor: Space BlackSize: 1TB,[],9,226,77,https://www.amazon.com/product-reviews/B0BYLJVFHW?pageNumber=1&filterByStar=all_stars&sortBy=helpful&formatType=all_formats,allStars,,"{'price': None, 'listPrice': None}",2024-03-08,United States,,B0BYLJVFHW,0.3336
9,9,4,Good deal,R2FAXVP7IT4SZK,https://www.amazon.com/gp/customer-reviews/R2FAXVP7IT4SZK/ref=cm_cr_arp_d_rvw_ttl?ie=UTF8&ASIN=B0BYLJVFHW,,"Reviewed in the United States on March 23, 2024",Really nice phone next to new just the 80% battery 🔋 life that’s all it meets when full charge but otherwise good phone. Fully unlocked,True,Service Provider: UnlockedColor: Space BlackSize: 1TB,"['https://m.media-amazon.com/images/I/61D0mPC4X0L._SY88.jpg', 'https://m.media-amazon.com/images/I/61XCircPAgL._SY88.jpg']",10,226,77,https://www.amazon.com/product-reviews/B0BYLJVFHW?pageNumber=1&filterByStar=all_stars&sortBy=helpful&formatType=all_formats,allStars,,"{'price': None, 'listPrice': None}",2024-03-23,United States,,B0BYLJVFHW,0.7092
10,10,5,Más que feliz,R3L0CX4ZAP12XA,https://www.amazon.com/gp/customer-reviews/R3L0CX4ZAP12XA/ref=cm_cr_arp_d_rvw_ttl?ie=UTF8&ASIN=B0BYLJVFHW,2 people found this helpful,"Reviewed in the United States on March 24, 2024","Excelente calidad, funciona perfectamente",True,Service Provider: UnlockedColor: Deep PurpleSize: 512GB,[],11,226,77,https://www.amazon.com/product-reviews/B0BYLJVFHW?pageNumber=2&filterByStar=all_stars&sortBy=helpful&formatType=all_formats,allStars,,"{'price': None, 'listPrice': None}",2024-03-24,United States,,B0BYLJVFHW,0.0
11,11,5,Gracias por todo es un excelente teléfono,R37B9CQISRNUAH,https://www.amazon.com/gp/customer-reviews/R37B9CQISRNUAH/ref=cm_cr_arp_d_rvw_ttl?ie=UTF8&ASIN=B0BYLJVFHW,3 people found this helpful,"Reviewed in the United States on March 15, 2024",Todo perfecto gracias es una buena condición,True,Service Provider: UnlockedColor: Space BlackSize: 256GB,[],12,226,77,https://www.amazon.com/product-reviews/B0BYLJVFHW?pageNumber=2&filterByStar=all_stars&sortBy=helpful&formatType=all_formats,allStars,,"{'price': None, 'listPrice': None}",2024-03-15,United States,,B0BYLJVFHW,0.3182
12,12,5,Very good,R18947WTFNGI0D,https://www.amazon.com/gp/customer-reviews/R18947WTFNGI0D/ref=cm_cr_arp_d_rvw_ttl?ie=UTF8&ASIN=B0BYLJVFHW,2 people found this helpful,"Reviewed in the United States on March 17, 2024",Very good,True,Service Provider: UnlockedColor: GoldSize: 256GB,[],13,226,77,https://www.amazon.com/product-reviews/B0BYLJVFHW?pageNumber=2&filterByStar=all_stars&sortBy=helpful&formatType=all_formats,allStars,,"{'price': None, 'listPrice': None}",2024-03-17,United States,,B0BYLJVFHW,0.4927
13,13,5,Like new and 100% berries,R2XPH688W151E9,https://www.amazon.com/gp/customer-reviews/R2XPH688W151E9/ref=cm_cr_arp_d_rvw_ttl?ie=UTF8&ASIN=B0BYLJVFHW,3 people found this helpful,"Reviewed in the United States on March 2, 2024","The phone is like new very perfect,and great price",True,Service Provider: UnlockedColor: GoldSize: 256GB,[],14,226,77,https://www.amazon.com/product-reviews/B0BYLJVFHW?pageNumber=2&filterByStar=all_stars&sortBy=helpful&formatType=all_formats,allStars,,"{'price': None, 'listPrice': None}",2024-03-02,United States,,B0BYLJVFHW,0.7832
14,14,4,Iphone pro max 14,RF17WG54ZCPHL,https://www.amazon.com/gp/customer-reviews/RF17WG54ZCPHL/ref=cm_cr_arp_d_rvw_ttl?ie=UTF8&ASIN=B0BYLJVFHW,3 people found this helpful,"Reviewed in the United States on December 15, 2023",Refurbished iphone works wellBut a bit pricey,True,Service Provider: UnlockedColor: Space BlackSize: 128GB,[],15,226,77,https://www.amazon.com/product-reviews/B0BYLJVFHW?pageNumber=2&filterByStar=all_stars&sortBy=helpful&formatType=all_formats,allStars,,"{'price': None, 'listPrice': None}",2023-12-15,United States,,B0BYLJVFHW,0.0
15,15,3,"inaccurate web description, no sim tray and the network rely on sim",R2X6ZM3BPZ71VZ,https://www.amazon.com/gp/customer-reviews/R2X6ZM3BPZ71VZ/ref=cm_cr_arp_d_rvw_ttl?ie=UTF8&ASIN=B0BYLJVFHW,8 people found this helpful,"Reviewed in the United States on September 13, 2023","I purchase it because I wanna try new iPhone. when I received, I found there is no sim tray. I was embarrassed because the web site states they will provide 'SIM tray removal tool' and there is no sim tray in the iPhone. it is very inconvenience to me because I have several SIM cards with different countries network and some don't provide esim function.moreover, another inconvenience such be multiscreen. I use Samsung galaxy s21 ultra in pass and multiscreen is one of the important function for searching when I need two browsers in one screen at the same time. I can't believe that iPhone do not support this function but only provide pic-in-pic for YouTube only.screen is beautiful and shape, battery is good and can last for whole day and more, and some apps are good such as to-do list. but that's not enough for me to switch to apple phone.just beware when you purchase",True,Service Provider: UnlockedColor: SilverSize: 1TB,[],16,226,77,https://www.amazon.com/product-reviews/B0BYLJVFHW?pageNumber=2&filterByStar=all_stars&sortBy=helpful&formatType=all_formats,allStars,,"{'price': None, 'listPrice': None}",2023-09-13,United States,,B0BYLJVFHW,0.8433
16,16,4,Great buy!,R2ZYHN096WL2VO,https://www.amazon.com/gp/customer-reviews/R2ZYHN096WL2VO/ref=cm_cr_arp_d_rvw_ttl?ie=UTF8&ASIN=B0BYLJVFHW,4 people found this helpful,"Reviewed in the United States on October 23, 2023","Amazing quality just as i was buying from Apple. The only reason for the 4stars is because the iPhone doesn't come in the original Apple packaging. Otherwise, great product!",True,Service Provider: UnlockedColor: Space BlackSize: 256GB,[],17,226,77,https://www.amazon.com/product-reviews/B0BYLJVFHW?pageNumber=2&filterByStar=all_stars&sortBy=helpful&formatType=all_formats,allStars,,"{'price': None, 'listPrice': None}",2023-10-23,United States,,B0BYLJVFHW,0.8883
17,17,4,Practically Brand New!,R2YQ8MKPNHNDP4,https://www.amazon.com/gp/customer-reviews/R2YQ8MKPNHNDP4/ref=cm_cr_arp_d_rvw_ttl?ie=UTF8&ASIN=B0BYLJVFHW,6 people found this helpful,"Reviewed in the United States on September 23, 2023","This is my second renewed iPhone I purchased from Amazon. The first one was an iPhone X and it worked great, no complaints. This renewed iPhone 14 Pro Max is excellent too. It is basically brand new! Mine had no cosmetic damages or scratches. The battery health is at or near basically 100% health. Works amazing! I’m definitely a happy customer right now.",True,Service Provider: UnlockedColor: SilverSize: 256GB,[],18,226,77,https://www.amazon.com/product-reviews/B0BYLJVFHW?pageNumber=2&filterByStar=all_stars&sortBy=helpful&formatType=all_formats,allStars,,"{'price': None, 'listPrice': None}",2023-09-23,United States,,B0BYLJVFHW,0.9059
18,18,5,Great phone,RGRZ322XUV6TO,https://www.amazon.com/gp/customer-reviews/RGRZ322XUV6TO/ref=cm_cr_arp_d_rvw_ttl?ie=UTF8&ASIN=B0BYLJVFHW,2 people found this helpful,"Reviewed in the United States on January 22, 2024","My fiance bought this and although he struggled transferring his stuff from him iPhone 12 to this phone, he was able to transfer everything over. It was more complicated than it typically is when moving from one iPhone to another, but he loves his phone.",True,Service Provider: UnlockedColor: Space BlackSize: 128GB,[],19,226,77,https://www.amazon.com/product-reviews/B0BYLJVFHW?pageNumber=2&filterByStar=all_stars&sortBy=helpful&formatType=all_formats,allStars,,"{'price': None, 'listPrice': None}",2024-01-22,United States,,B0BYLJVFHW,0.6542
19,19,5,Darley,R27GWE5FL2T2J7,https://www.amazon.com/gp/customer-reviews/R27GWE5FL2T2J7/ref=cm_cr_arp_d_rvw_ttl?ie=UTF8&ASIN=B0BYLJVFHW,2 people found this helpful,"Reviewed in the United States on March 17, 2024",Wow unbelievable I'm not disappointedNot a single scratch100% battery 🔋Love it,True,Service Provider: UnlockedColor: Deep PurpleSize: 256GB,[],20,226,77,https://www.amazon.com/product-reviews/B0BYLJVFHW?pageNumber=2&filterByStar=all_stars&sortBy=helpful&formatType=all_formats,allStars,,"{'price': None, 'listPrice': None}",2024-03-17,United States,,B0BYLJVFHW,0.6808
20,20,5,It’s The Real Thing!,REH2AI4IUO6D7,https://www.amazon.com/gp/customer-reviews/REH2AI4IUO6D7/ref=cm_cr_arp_d_rvw_ttl?ie=UTF8&ASIN=B0BYLJVFHW,17 people found this helpful,"Reviewed in the United States on October 9, 2023","I overall really like the product. One thing I should touch on is that since it is obviously not coming from Apple, it will not arrive in your typical Apple Box just so you guys are aware. It does in fact come with its own charger though amongst other things! I am very pleased and was extremely surprised how fast it arrived. I waited about a month before writing a review just to test and see if everything works, and I do in fact have to say It’s the real thing!Highly recommend this especially since you are supporting our environment as well. Thank you Seller!",True,Service Provider: UnlockedColor: Space BlackSize: 512GB,[],21,226,77,https://www.amazon.com/product-reviews/B0BYLJVFHW?pageNumber=3&filterByStar=all_stars&sortBy=helpful&formatType=all_formats,allStars,,"{'price': None, 'listPrice': None}",2023-10-09,United States,,B0BYLJVFHW,0.9521
21,21,5,Quick. Everything I needed.,R1DLFG8UQYSID5,https://www.amazon.com/gp/customer-reviews/R1DLFG8UQYSID5/ref=cm_cr_arp_d_rvw_ttl?ie=UTF8&ASIN=B0BYLJVFHW,2 people found this helpful,"Reviewed in the United States on February 6, 2024",Quick fast service. Phone works great.,True,Service Provider: UnlockedColor: Space BlackSize: 128GB,[],22,226,77,https://www.amazon.com/product-reviews/B0BYLJVFHW?pageNumber=3&filterByStar=all_stars&sortBy=helpful&formatType=all_formats,allStars,,"{'price': None, 'listPrice': None}",2024-02-06,United States,,B0BYLJVFHW,0.6249
22,22,5,Lo mejor,R21VBQZE00RIGB,https://www.amazon.com/gp/customer-reviews/R21VBQZE00RIGB/ref=cm_cr_arp_d_rvw_ttl?ie=UTF8&ASIN=B0BYLJVFHW,One person found this helpful,"Reviewed in the United States on February 9, 2024",Excelente,True,Service Provider: UnlockedColor: Space BlackSize: 256GB,[],23,226,77,https://www.amazon.com/product-reviews/B0BYLJVFHW?pageNumber=3&filterByStar=all_stars&sortBy=helpful&formatType=all_formats,allStars,,"{'price': None, 'listPrice': None}",2024-02-09,United States,,B0BYLJVFHW,0.0
23,23,2,Disgusting,R2WBO9K7SI6J34,https://www.amazon.com/gp/customer-reviews/R2WBO9K7SI6J34/ref=cm_cr_arp_d_rvw_ttl?ie=UTF8&ASIN=B0BYLJVFHW,One person found this helpful,"Reviewed in the United States on March 10, 2024",I received my iPhone 14 Pro max completely filthy greasy and nasty out the box 🤢🤢I had to sanitize it with antibacterial wipes the phone does over heat often so I think I’ll be returning it soon trying to give it a chance,True,Service Provider: UnlockedColor: GoldSize: 256GB,"['https://m.media-amazon.com/images/I/61PszOj8NpL._SY88.jpg', 'https://m.media-amazon.com/images/I/61ZmII+3zOL._SY88.jpg']",24,226,77,https://www.amazon.com/product-reviews/B0BYLJVFHW?pageNumber=3&filterByStar=all_stars&sortBy=helpful&formatType=all_formats,allStars,,"{'price': None, 'listPrice': None}",2024-03-10,United States,,B0BYLJVFHW,-0.3818
24,24,5,apple iphone,R3BTBK6IYMKN1R,https://www.amazon.com/gp/customer-reviews/R3BTBK6IYMKN1R/ref=cm_cr_arp_d_rvw_ttl?ie=UTF8&ASIN=B0BYLJVFHW,3 people found this helpful,"Reviewed in the United States on January 18, 2024",so far so good. love the phone,True,Service Provider: UnlockedColor: Deep PurpleSize: 128GB,[],25,226,77,https://www.amazon.com/product-reviews/B0BYLJVFHW?pageNumber=3&filterByStar=all_stars&sortBy=helpful&formatType=all_formats,allStars,,"{'price': None, 'listPrice': None}",2024-01-18,United States,,B0BYLJVFHW,0.8608
25,25,4,No damage.,R9XPLOO9G8R2J,https://www.amazon.com/gp/customer-reviews/R9XPLOO9G8R2J/ref=cm_cr_arp_d_rvw_ttl?ie=UTF8&ASIN=B0BYLJVFHW,2 people found this helpful,"Reviewed in the United States on September 8, 2023",Great item highly recommend.,True,Service Provider: UnlockedColor: Deep PurpleSize: 256GB,[],26,226,77,https://www.amazon.com/product-reviews/B0BYLJVFHW?pageNumber=3&filterByStar=all_stars&sortBy=helpful&formatType=all_formats,allStars,,"{'price': None, 'listPrice': None}",2023-09-08,United States,,B0BYLJVFHW,0.7841
26,26,5,PERFECT,RM4QJBWIY0VZQ,https://www.amazon.com/gp/customer-reviews/RM4QJBWIY0VZQ/ref=cm_cr_arp_d_rvw_ttl?ie=UTF8&ASIN=B0BYLJVFHW,17 people found this helpful,"Reviewed in the United States on September 22, 2023",This phone came in perfect condition! No scratches and 100% battery. It gotta be brand new which is what I expected anyways for the price. I was going to get the 15 pro max but the 14 pro max silver looked wayy prettier to me with the glossy sides and I was not a fan of the usb-c. Overall I am very excited about this purchase.,True,Service Provider: UnlockedColor: SilverSize: 256GB,[],27,226,77,https://www.amazon.com/product-reviews/B0BYLJVFHW?pageNumber=3&filterByStar=all_stars&sortBy=helpful&formatType=all_formats,allStars,,"{'price': None, 'listPrice': None}",2023-09-22,United States,,B0BYLJVFHW,0.8068
27,27,5,Excelente batería al 100/:,R2LETY6B2Y5W8Y,https://www.amazon.com/gp/customer-reviews/R2LETY6B2Y5W8Y/ref=cm_cr_arp_d_rvw_ttl?ie=UTF8&ASIN=B0BYLJVFHW,2 people found this helpful,"Reviewed in the United States on February 17, 2024",,True,Service Provider: UnlockedColor: GoldSize: 128GB,[],28,226,77,https://www.amazon.com/product-reviews/B0BYLJVFHW?pageNumber=3&filterByStar=all_stars&sortBy=helpful&formatType=all_formats,allStars,,"{'price': None, 'listPrice': None}",2024-02-17,United States,,B0BYLJVFHW,0.0
28,28,5,New phone?,R19643VODT2VSX,https://www.amazon.com/gp/customer-reviews/R19643VODT2VSX/ref=cm_cr_arp_d_rvw_ttl?ie=UTF8&ASIN=B0BYLJVFHW,16 people found this helpful,"Reviewed in the United States on August 10, 2023",Very impressed by Amazon renewed. If you can save a couple bucks by going this route- do it.Mine is basically new. Only imperfections are two very minor scratches on the screen near the dynamic island. I’m about a month in and yet to find any other issues. Battery health at 100% and has been working flawlessly. I’d be looking for more renewed items if I can.,True,Service Provider: UnlockedColor: SilverSize: 256GB,[],29,226,77,https://www.amazon.com/product-reviews/B0BYLJVFHW?pageNumber=3&filterByStar=all_stars&sortBy=helpful&formatType=all_formats,allStars,,"{'price': None, 'listPrice': None}",2023-08-10,United States,,B0BYLJVFHW,0.8991
29,29,5,So far no prob,R3ISBDXTDU98OB,https://www.amazon.com/gp/customer-reviews/R3ISBDXTDU98OB/ref=cm_cr_arp_d_rvw_ttl?ie=UTF8&ASIN=B0BYLJVFHW,10 people found this helpful,"Reviewed in the United States on September 12, 2023",This phone works as stated above. I like it. I switched from android. It’s been a decade since my last iPhone. Thought I’d try it again. Got it for the camera battery life and media capabilities. I’ll update after 6 months of use,True,Service Provider: UnlockedColor: Space BlackSize: 256GB,[],30,226,77,https://www.amazon.com/product-reviews/B0BYLJVFHW?pageNumber=3&filterByStar=all_stars&sortBy=helpful&formatType=all_formats,allStars,,"{'price': None, 'listPrice': None}",2023-09-12,United States,,B0BYLJVFHW,0.3612
30,30,5,Mom's favorite new phone,RR6TIDS3HYFOD,https://www.amazon.com/gp/customer-reviews/RR6TIDS3HYFOD/ref=cm_cr_arp_d_rvw_ttl?ie=UTF8&ASIN=B0BYLJVFHW,6 people found this helpful,"Reviewed in the United States on October 28, 2023",Upgraded my mom from the 12. She loves it. The contrast and screen resolution is so much improved. The phone is faster and overall she says she has a much happier experience.,True,Service Provider: UnlockedColor: Space BlackSize: 128GB,[],31,226,77,https://www.amazon.com/product-reviews/B0BYLJVFHW?pageNumber=4&filterByStar=all_stars&sortBy=helpful&formatType=all_formats,allStars,,"{'price': None, 'listPrice': None}",2023-10-28,United States,,B0BYLJVFHW,0.888
31,31,5,Great IPhone and barely used,R1XVWH6LM17E48,https://www.amazon.com/gp/customer-reviews/R1XVWH6LM17E48/ref=cm_cr_arp_d_rvw_ttl?ie=UTF8&ASIN=B0BYLJVFHW,4 people found this helpful,"Reviewed in the United States on August 10, 2023",I saved a ton on this refurbished IPhone 14 pro max. Arrived quickly and was as advertised in “excellent “ condition. Setting up the new phone was quick and painless with the eSim through my chosen carrier. Highly recommend this seller.,True,Service Provider: UnlockedColor: Space BlackSize: 512GB,[],32,226,77,https://www.amazon.com/product-reviews/B0BYLJVFHW?pageNumber=4&filterByStar=all_stars&sortBy=helpful&formatType=all_formats,allStars,,"{'price': None, 'listPrice': None}",2023-08-10,United States,,B0BYLJVFHW,0.7778
32,32,5,Best phone ever!,R9T40CANWJWTQ,https://www.amazon.com/gp/customer-reviews/R9T40CANWJWTQ/ref=cm_cr_arp_d_rvw_ttl?ie=UTF8&ASIN=B0BYLJVFHW,15 people found this helpful,"Reviewed in the United States on September 10, 2023","The battery health was 100 percent when I got it, and there wasn't a single scratch on this phone. ""Premium renewed""? More like brand new! I highly recommend amazon premium renewed! :D",True,Service Provider: UnlockedColor: GoldSize: 512GB,"['https://m.media-amazon.com/images/I/71KyzDRVxrL._SY88.jpg', 'https://m.media-amazon.com/images/I/71XUwrCYoqL._SY88.jpg', 'https://m.media-amazon.com/images/I/71jvUW6OlTL._SY88.jpg']",33,226,77,https://www.amazon.com/product-reviews/B0BYLJVFHW?pageNumber=4&filterByStar=all_stars&sortBy=helpful&formatType=all_formats,allStars,,"{'price': None, 'listPrice': None}",2023-09-10,United States,,B0BYLJVFHW,0.9038
33,33,2,Microphone defective,R2BTT65XAZQSG0,https://www.amazon.com/gp/customer-reviews/R2BTT65XAZQSG0/ref=cm_cr_arp_d_rvw_ttl?ie=UTF8&ASIN=B0BYLJVFHW,23 people found this helpful,"Reviewed in the United States on May 31, 2023","Iphone 14 Pro Max, 512 gb.  Unfortunately the Renewed Premium phone I received has a defective microphone.  So I will return it after only having the phone for 10 days.  Other than the faulty microphone I do like the phone overall.Being a Renewed PREMIUM, I expected the phone to be in near perfect condition.  The battery life was still 100 percent and there was a slight scratch on the front glass that was barely noticable.  Other  than the faulty microphone that affected Siri, phone calls , voice memo, speaking texts messages. I was overall happy with the phone.  The advantage of the Renewed PREMIUM is the ability to return the phone after fully becoming aquainted with it.",True,Service Provider: UnlockedColor: Deep PurpleSize: 512GB,[],34,226,77,https://www.amazon.com/product-reviews/B0BYLJVFHW?pageNumber=4&filterByStar=all_stars&sortBy=helpful&formatType=all_formats,allStars,,"{'price': None, 'listPrice': None}",2023-05-31,United States,,B0BYLJVFHW,0.5719
34,34,3,Not unlocked,R26LHIJ80STYEF,https://www.amazon.com/gp/customer-reviews/R26LHIJ80STYEF/ref=cm_cr_arp_d_rvw_ttl?ie=UTF8&ASIN=B0BYLJVFHW,37 people found this helpful,"Reviewed in the United States on June 3, 2023",Instantly returned mine when I found out it is not truly “unlocked”  you cannot use straight talk with it.,True,Service Provider: UnlockedColor: Space BlackSize: 128GB,[],35,226,77,https://www.amazon.com/product-reviews/B0BYLJVFHW?pageNumber=4&filterByStar=all_stars&sortBy=helpful&formatType=all_formats,allStars,,"{'price': None, 'listPrice': None}",2023-06-03,United States,,B0BYLJVFHW,-0.4717
35,35,5,Excelente,R1QKFQVNYFR5DB,https://www.amazon.com/gp/customer-reviews/R1QKFQVNYFR5DB/ref=cm_cr_arp_d_rvw_ttl?ie=UTF8&ASIN=B0BYLJVFHW,3 people found this helpful,"Reviewed in the United States on October 8, 2023","Se encontraba en excelentes condiciones, funciona perfecto, como nuevo de verdad",True,Service Provider: UnlockedColor: Space BlackSize: 512GB,[],36,226,77,https://www.amazon.com/product-reviews/B0BYLJVFHW?pageNumber=4&filterByStar=all_stars&sortBy=helpful&formatType=all_formats,allStars,,"{'price': None, 'listPrice': None}",2023-10-08,United States,,B0BYLJVFHW,0.3182
36,36,5,Excelente,R1P2GYZDY74C7T,https://www.amazon.com/gp/customer-reviews/R1P2GYZDY74C7T/ref=cm_cr_arp_d_rvw_ttl?ie=UTF8&ASIN=B0BYLJVFHW,4 people found this helpful,"Reviewed in the United States on October 24, 2023",Muy bien su servicio,True,Service Provider: UnlockedColor: Deep PurpleSize: 512GB,[],37,226,77,https://www.amazon.com/product-reviews/B0BYLJVFHW?pageNumber=4&filterByStar=all_stars&sortBy=helpful&formatType=all_formats,allStars,,"{'price': None, 'listPrice': None}",2023-10-24,United States,,B0BYLJVFHW,0.0
37,37,5,Excellent iPhone,R1GMAQCIBSEU3T,https://www.amazon.com/gp/customer-reviews/R1GMAQCIBSEU3T/ref=cm_cr_arp_d_rvw_ttl?ie=UTF8&ASIN=B0BYLJVFHW,2 people found this helpful,"Reviewed in the United States on August 30, 2023",I’m not sure what the improvements are over my 11 pro plus IPhone are?,True,Service Provider: UnlockedColor: SilverSize: 256GB,[],38,226,77,https://www.amazon.com/product-reviews/B0BYLJVFHW?pageNumber=4&filterByStar=all_stars&sortBy=helpful&formatType=all_formats,allStars,,"{'price': None, 'listPrice': None}",2023-08-30,United States,,B0BYLJVFHW,0.0869
38,38,5,coverage,RNUUYPBT825MV,https://www.amazon.com/gp/customer-reviews/RNUUYPBT825MV/ref=cm_cr_arp_d_rvw_ttl?ie=UTF8&ASIN=B0BYLJVFHW,,"Reviewed in the United States on September 6, 2023",love how it fits on the screen easy to install,True,Service Provider: UnlockedColor: Space BlackSize: 128GB,[],39,226,77,https://www.amazon.com/product-reviews/B0BYLJVFHW?pageNumber=4&filterByStar=all_stars&sortBy=helpful&formatType=all_formats,allStars,,"{'price': None, 'listPrice': None}",2023-09-06,United States,,B0BYLJVFHW,0.7964
39,39,5,iPhone 14 max pro,RYDBM2CQ3KL0B,https://www.amazon.com/gp/customer-reviews/RYDBM2CQ3KL0B/ref=cm_cr_arp_d_rvw_ttl?ie=UTF8&ASIN=B0BYLJVFHW,One person found this helpful,"Reviewed in the United States on September 29, 2023",Great shipping love the phone,True,Service Provider: UnlockedColor: Deep PurpleSize: 1TB,[],40,226,77,https://www.amazon.com/product-reviews/B0BYLJVFHW?pageNumber=4&filterByStar=all_stars&sortBy=helpful&formatType=all_formats,allStars,,"{'price': None, 'listPrice': None}",2023-09-29,United States,,B0BYLJVFHW,0.8519
40,40,5,Excellent Condition,R1K1HI10UABTCL,https://www.amazon.com/gp/customer-reviews/R1K1HI10UABTCL/ref=cm_cr_arp_d_rvw_ttl?ie=UTF8&ASIN=B0BYLJVFHW,4 people found this helpful,"Reviewed in the United States on August 6, 2023",iPhone14 Pro Max reconditioned phone arrived in excellent condition. Highly recommend!,True,Service Provider: UnlockedColor: Deep PurpleSize: 256GB,[],41,226,77,https://www.amazon.com/product-reviews/B0BYLJVFHW?pageNumber=5&filterByStar=all_stars&sortBy=helpful&formatType=all_formats,allStars,,"{'price': None, 'listPrice': None}",2023-08-06,United States,,B0BYLJVFHW,0.7773
41,41,5,Es como nuevo,R2A6C3PRKGSVH6,https://www.amazon.com/gp/customer-reviews/R2A6C3PRKGSVH6/ref=cm_cr_arp_d_rvw_ttl?ie=UTF8&ASIN=B0BYLJVFHW,7 people found this helpful,"Reviewed in the United States on July 22, 2023",El producto está igual a uno nuevo. Funciona perfectamente,True,Service Provider: UnlockedColor: SilverSize: 256GB,[],42,226,77,https://www.amazon.com/product-reviews/B0BYLJVFHW?pageNumber=5&filterByStar=all_stars&sortBy=helpful&formatType=all_formats,allStars,,"{'price': None, 'listPrice': None}",2023-07-22,United States,,B0BYLJVFHW,0.0
42,42,5,pro maxxx gangggg,R3TSE9SONYS5YN,https://www.amazon.com/gp/customer-reviews/R3TSE9SONYS5YN/ref=cm_cr_arp_d_rvw_ttl?ie=UTF8&ASIN=B0BYLJVFHW,2 people found this helpful,"Reviewed in the United States on August 14, 2023",LOVE IT THANKS!!!,True,Service Provider: UnlockedColor: GoldSize: 128GB,[],43,226,77,https://www.amazon.com/product-reviews/B0BYLJVFHW?pageNumber=5&filterByStar=all_stars&sortBy=helpful&formatType=all_formats,allStars,,"{'price': None, 'listPrice': None}",2023-08-14,United States,,B0BYLJVFHW,0.8392
43,43,5,Love this,R3PDF7I49XNO35,https://www.amazon.com/gp/customer-reviews/R3PDF7I49XNO35/ref=cm_cr_arp_d_rvw_ttl?ie=UTF8&ASIN=B0BYLJVFHW,13 people found this helpful,"Reviewed in the United States on June 9, 2023",Phone and the photos are they besttttt I’m mean really great photos,True,Service Provider: UnlockedColor: Deep PurpleSize: 128GB,[],44,226,77,https://www.amazon.com/product-reviews/B0BYLJVFHW?pageNumber=5&filterByStar=all_stars&sortBy=helpful&formatType=all_formats,allStars,,"{'price': None, 'listPrice': None}",2023-06-09,United States,,B0BYLJVFHW,0.659
44,44,1,Renewed Premium had huge visible scratch,R2Q8ZMYZYPBO1I,https://www.amazon.com/gp/customer-reviews/R2Q8ZMYZYPBO1I/ref=cm_cr_arp_d_rvw_ttl?ie=UTF8&ASIN=B0BYLJVFHW,One person found this helpful,"Reviewed in the United States on March 30, 2024",Says no visible scratches but has a very visible scratch right in the middle of the screen,True,Service Provider: UnlockedColor: Deep PurpleSize: 256GB,['https://m.media-amazon.com/images/I/51Au53FyGJL._SY88.jpg'],45,226,77,https://www.amazon.com/product-reviews/B0BYLJVFHW?pageNumber=5&filterByStar=all_stars&sortBy=helpful&formatType=all_formats,allStars,,"{'price': None, 'listPrice': None}",2024-03-30,United States,,B0BYLJVFHW,-0.1531
45,45,5,Nice,RKUCTKMXC01BI,https://www.amazon.com/gp/customer-reviews/RKUCTKMXC01BI/ref=cm_cr_arp_d_rvw_ttl?ie=UTF8&ASIN=B0BYLJVFHW,21 people found this helpful,"Reviewed in the United States on May 14, 2023",I like it but no have sim card place to use the phone,True,Service Provider: UnlockedColor: Space BlackSize: 128GB,['https://m.media-amazon.com/images/I/61g8YArCL+L._SY88.jpg'],46,226,77,https://www.amazon.com/product-reviews/B0BYLJVFHW?pageNumber=5&filterByStar=all_stars&sortBy=helpful&formatType=all_formats,allStars,,"{'price': None, 'listPrice': None}",2023-05-14,United States,,B0BYLJVFHW,-0.2617
46,46,5,Excelente Teléfono,R2AZBEYOMMHD3S,https://www.amazon.com/gp/customer-reviews/R2AZBEYOMMHD3S/ref=cm_cr_arp_d_rvw_ttl?ie=UTF8&ASIN=B0BYLJVFHW,9 people found this helpful,"Reviewed in the United States on May 18, 2023","Llegó como nuevo en caja original y todo, esta impecable",True,Service Provider: UnlockedColor: Space BlackSize: 128GB,[],47,226,77,https://www.amazon.com/product-reviews/B0BYLJVFHW?pageNumber=5&filterByStar=all_stars&sortBy=helpful&formatType=all_formats,allStars,,"{'price': None, 'listPrice': None}",2023-05-18,United States,,B0BYLJVFHW,0.3182
47,47,2,Just stay with the ten,R28RPXWJXSM02G,https://www.amazon.com/gp/customer-reviews/R28RPXWJXSM02G/ref=cm_cr_arp_d_rvw_ttl?ie=UTF8&ASIN=B0BYLJVFHW,8 people found this helpful,"Reviewed in the United States on July 6, 2023","I am not real impressed. This was an upgrade from my ten, but honestly other than the added storage, I prefer my old phone.",True,Service Provider: UnlockedColor: Deep PurpleSize: 1TB,[],48,226,77,https://www.amazon.com/product-reviews/B0BYLJVFHW?pageNumber=5&filterByStar=all_stars&sortBy=helpful&formatType=all_formats,allStars,,"{'price': None, 'listPrice': None}",2023-07-06,United States,,B0BYLJVFHW,0.4978
48,48,1,Absolutely horrible,R1H42Z8OSCITEW,https://www.amazon.com/gp/customer-reviews/R1H42Z8OSCITEW/ref=cm_cr_arp_d_rvw_ttl?ie=UTF8&ASIN=B0BYLJVFHW,8 people found this helpful,"Reviewed in the United States on February 20, 2024",The phone was blacklisted and reported stolen and customer service didn’t fix Amazons own mistake.,True,Service Provider: UnlockedColor: SilverSize: 512GB,[],49,226,77,https://www.amazon.com/product-reviews/B0BYLJVFHW?pageNumber=5&filterByStar=all_stars&sortBy=helpful&formatType=all_formats,allStars,,"{'price': None, 'listPrice': None}",2024-02-20,United States,,B0BYLJVFHW,-0.6908
49,49,1,unlocked,R267P2TNUFE8YU,https://www.amazon.com/gp/customer-reviews/R267P2TNUFE8YU/ref=cm_cr_arp_d_rvw_ttl?ie=UTF8&ASIN=B0BYLJVFHW,19 people found this helpful,"Reviewed in the United States on October 26, 2023","Received the item in a sealed box as you would expect on a renewed product such as this. However, after trying to activate phone with my carrier, I found out the phone was still locked to a previous carrier and could not activate it. Very disappointment that such a critical aspect of an UNLOCKED phone could be overlooked in the description. Especially at this price point of product.",True,Service Provider: UnlockedColor: Deep PurpleSize: 128GB,[],50,226,77,https://www.amazon.com/product-reviews/B0BYLJVFHW?pageNumber=5&filterByStar=all_stars&sortBy=helpful&formatType=all_formats,allStars,,"{'price': None, 'listPrice': None}",2023-10-26,United States,,B0BYLJVFHW,-0.7178
50,50,1,It is broken,R345MLU8JDIVAD,https://www.amazon.com/gp/customer-reviews/R345MLU8JDIVAD/ref=cm_cr_arp_d_rvw_ttl?ie=UTF8&ASIN=B0BYLJVFHW,4 people found this helpful,"Reviewed in the United States on June 30, 2023",It is broken,True,Service Provider: UnlockedColor: Space BlackSize: 256GB,[],61,226,77,https://www.amazon.com/product-reviews/B0BYLJVFHW?pageNumber=7&filterByStar=all_stars&sortBy=helpful&formatType=all_formats,allStars,,"{'price': None, 'listPrice': None}",2023-06-30,United States,,B0BYLJVFHW,-0.4767
51,51,1,It is not UNLOCKED,RPXC83S78YI4Q,https://www.amazon.com/gp/customer-reviews/RPXC83S78YI4Q/ref=cm_cr_arp_d_rvw_ttl?ie=UTF8&ASIN=B0BYLJVFHW,11 people found this helpful,"Reviewed in the United States on May 26, 2023",It is not UNLOCKED,True,Service Provider: UnlockedColor: Deep PurpleSize: 128GB,[],62,226,77,https://www.amazon.com/product-reviews/B0BYLJVFHW?pageNumber=7&filterByStar=all_stars&sortBy=helpful&formatType=all_formats,allStars,,"{'price': None, 'listPrice': None}",2023-05-26,United States,,B0BYLJVFHW,0.0
52,52,1,Bed 😔,R3R2DC9Z8SS6NN,https://www.amazon.com/gp/customer-reviews/R3R2DC9Z8SS6NN/ref=cm_cr_arp_d_rvw_ttl?ie=UTF8&ASIN=B0BYLJVFHW,8 people found this helpful,"Reviewed in the United States on May 12, 2023",It’s no original,True,Service Provider: UnlockedColor: Deep PurpleSize: 512GB,[],63,226,77,https://www.amazon.com/product-reviews/B0BYLJVFHW?pageNumber=7&filterByStar=all_stars&sortBy=helpful&formatType=all_formats,allStars,,"{'price': None, 'listPrice': None}",2023-05-12,United States,,B0BYLJVFHW,0.0258
53,53,5,No SIM Card Slot!!,R2C8N9IG0WYMVL,https://www.amazon.com/gp/customer-reviews/R2C8N9IG0WYMVL/ref=cm_cr_arp_d_rvw_ttl?ie=UTF8&ASIN=B0BYLJVFHW,3 people found this helpful,"Reviewed in the United States on January 8, 2024","Good price,  Delivery on time, phone very clean, Looks very new, no scratch. I was happy going to give to my mom. I didn’t not press any button yet And I just learned that Apple started removed SIM card slot. But you can use e-sim. Which I don’t.sadly have to return.",False,Service Provider: UnlockedColor: GoldSize: 256GB,"['https://m.media-amazon.com/images/I/61DS5rR7oWL._SY88.jpg', 'https://m.media-amazon.com/images/I/61mSRGOavML._SY88.jpg', 'https://m.media-amazon.com/images/I/71xg4y99tUL._SY88.jpg']",64,226,77,https://www.amazon.com/product-reviews/B0BYLJVFHW?pageNumber=7&filterByStar=all_stars&sortBy=helpful&formatType=all_formats,allStars,,"{'price': None, 'listPrice': None}",2024-01-08,United States,,B0BYLJVFHW,0.551
54,54,5,The best iPhone thumbs up!,R3CCIBMKMBTUE7,https://www.amazon.com/gp/customer-reviews/R3CCIBMKMBTUE7/ref=cm_cr_arp_d_rvw_ttl?ie=UTF8&ASIN=B0BYLJVFHW,One person found this helpful,"Reviewed in the United States on November 3, 2023",You need to get the iPhone 14 Pro Max for sure and ditch all the negativity about the weight and the BS period! This phone feels and looks premium compare to the 15 and with a good weight to it. The 15 feels like a toy in my opinion for 1200? Pls! I intend to rock this for years to come and I just feel like that titanium BS is a mistake by Apple. Good luck folks!,False,Service Provider: UnlockedColor: Deep PurpleSize: 128GB,[],65,226,77,https://www.amazon.com/product-reviews/B0BYLJVFHW?pageNumber=7&filterByStar=all_stars&sortBy=helpful&formatType=all_formats,allStars,,"{'price': None, 'listPrice': None}",2023-11-03,United States,,B0BYLJVFHW,0.8904
55,55,2,Yall cannot be serious,R19FWB3YQ9DR4F,https://www.amazon.com/gp/customer-reviews/R19FWB3YQ9DR4F/ref=cm_cr_arp_d_rvw_ttl?ie=UTF8&ASIN=B0BYLJVFHW,One person found this helpful,"Reviewed in the United States on September 17, 2023","Are yall serious with these prices? First of all, this is more expensive than the new 15 pro max..... Its also $300 MORE EXPENSIVE than the Iphone 14 Pro BRAND NEW",False,Service Provider: UnlockedColor: Deep PurpleSize: 512GB,[],66,226,77,https://www.amazon.com/product-reviews/B0BYLJVFHW?pageNumber=7&filterByStar=all_stars&sortBy=helpful&formatType=all_formats,allStars,,"{'price': None, 'listPrice': None}",2023-09-17,United States,,B0BYLJVFHW,-0.0772
56,56,1,Es de segunda mano con precio de nuevo,R3E8PWET7H8MCY,https://www.amazon.com/gp/customer-reviews/R3E8PWET7H8MCY/ref=cm_cr_arp_d_rvw_ttl?ie=UTF8&ASIN=B0BYLJVFHW,,"Reviewed in the United States on November 9, 2023",De segunda con precio de nuevo,False,Service Provider: UnlockedColor: Deep PurpleSize: 256GB,[],67,226,77,https://www.amazon.com/product-reviews/B0BYLJVFHW?pageNumber=7&filterByStar=all_stars&sortBy=helpful&formatType=all_formats,allStars,,"{'price': None, 'listPrice': None}",2023-11-09,United States,,B0BYLJVFHW,0.0
57,57,1,Not durable and expensive to repair,R2UQLJJRCAW44P,https://www.amazon.com/gp/customer-reviews/R2UQLJJRCAW44P/ref=cm_cr_arp_d_rvw_ttl?ie=UTF8&ASIN=B0BYLJVFHW,One person found this helpful,"Reviewed in the United States on September 21, 2023","Upgraded from an iPhone 8 and this has to be the worst designed and least durable iPhone ever!!! Less than 6 months after purchase, the back of the phone shattered. Not sure even how this happened. Case shows no marks on it, no damage at all yet the entire back is shattered. On top of this, the repair basically requires Apple to replace basically half the phone- back glass, side panels, battery, external camera parts, speakers, etc. at a wonderful cost of $500 plus tax. In fact the new 15 pro is designed differently so the back glass can be replaced easier. It’s insane. I would NEVER purchase this phone again. Next upgrade will be to a Samsung until apple makes durable phones. I expect more for 1200!!",False,Service Provider: UnlockedColor: Deep PurpleSize: 512GB,[],68,226,77,https://www.amazon.com/product-reviews/B0BYLJVFHW?pageNumber=7&filterByStar=all_stars&sortBy=helpful&formatType=all_formats,allStars,,"{'price': None, 'listPrice': None}",2023-09-21,United States,,B0BYLJVFHW,-0.9375
58,58,1,Battery life is unbelievably bad! Don’t recommend,RW1RYWD72C09U,https://www.amazon.com/gp/customer-reviews/RW1RYWD72C09U/ref=cm_cr_arp_d_rvw_ttl?ie=UTF8&ASIN=B0BYLJVFHW,3 people found this helpful,"Reviewed in the United States on July 28, 2023","I’ve had this phone for four months, and absolutely hate it and regret purchasing. The battery started out great, but now heats up and runs out after, oh, maybe 30 minutes of intermittent use. It’s always dead when I need it, in spite of following all Apple website advice. Google iPhone 14 pro max battery life and read all the complaints. Don’t spend you money on this expensive piece of garbage.",False,Service Provider: UnlockedColor: Space BlackSize: 256GB,[],69,226,77,https://www.amazon.com/product-reviews/B0BYLJVFHW?pageNumber=7&filterByStar=all_stars&sortBy=helpful&formatType=all_formats,allStars,,"{'price': None, 'listPrice': None}",2023-07-28,United States,,B0BYLJVFHW,-0.9513
59,59,1,Apple made better phones a decade ago,R2Z48OJ7O5GDII,https://www.amazon.com/gp/customer-reviews/R2Z48OJ7O5GDII/ref=cm_cr_arp_d_rvw_ttl?ie=UTF8&ASIN=B0BYLJVFHW,2 people found this helpful,"Reviewed in the United States on July 11, 2023",Camera bump. It’s not compatible with wireless charging. Experts will disagree. Rectangular phones are better than this retarded shape. Even when it is charged its slow. I went from an Iphone SE 2020 to this. Worst piece of technology ive ever purchased.,False,Service Provider: UnlockedColor: Space BlackSize: 256GB,[],70,226,77,https://www.amazon.com/product-reviews/B0BYLJVFHW?pageNumber=7&filterByStar=all_stars&sortBy=helpful&formatType=all_formats,allStars,,"{'price': None, 'listPrice': None}",2023-07-11,United States,,B0BYLJVFHW,-0.8772
60,60,1,Piece of crap,R1CV6VJ6NWT0YS,https://www.amazon.com/gp/customer-reviews/R1CV6VJ6NWT0YS/ref=cm_cr_arp_d_rvw_ttl?ie=UTF8&ASIN=B0BYLJVFHW,4 people found this helpful,"Reviewed in the United States on June 23, 2023","The phone is a piece of crap! Slow, doesn’t give text notifications, pictures are sent properly and so on!!",False,Service Provider: UnlockedColor: Space BlackSize: 128GB,[],71,226,77,https://www.amazon.com/product-reviews/B0BYLJVFHW?pageNumber=8&filterByStar=all_stars&sortBy=helpful&formatType=all_formats,allStars,,"{'price': None, 'listPrice': None}",2023-06-23,United States,,B0BYLJVFHW,-0.5386
61,61,1,Surpsingly Deficient Phone,R1XNG09NT5CC2D,https://www.amazon.com/gp/customer-reviews/R1XNG09NT5CC2D/ref=cm_cr_arp_d_rvw_ttl?ie=UTF8&ASIN=B0BYLJVFHW,3 people found this helpful,"Reviewed in the United States on July 3, 2023","They asked me to contact Microsoft to fix an Apple software probloem. Itunes backup didn't work on Windows 11. They don't even have a PDF manual that you can download. As a comparison, the Samsung S23 has a very comprehensive manual and costs less.  . . . . . . Lots of money for very little!",False,Service Provider: UnlockedColor: GoldSize: 1TB,[],72,226,77,https://www.amazon.com/product-reviews/B0BYLJVFHW?pageNumber=8&filterByStar=all_stars&sortBy=helpful&formatType=all_formats,allStars,,"{'price': None, 'listPrice': None}",2023-07-03,United States,,B0BYLJVFHW,0.3788
62,62,5,Excellent !!!!,R15DTKOTUZITL1,https://www.amazon.com/gp/customer-reviews/R15DTKOTUZITL1/ref=cm_cr_arp_d_rvw_ttl?ie=UTF8&ASIN=B0BYLJVFHW,,"Reviewed in the United States on March 7, 2024","Highly recommended, it is practically new. Battery 100% and without any detail. I had previously bought one in another store and had to return it because it arrived in terrible condition, I took a chance with this one and definitely great!",True,Service Provider: UnlockedColor: Deep PurpleSize: 128GB,['https://m.media-amazon.com/images/I/71A4qzqPbOL._SY88.jpg'],73,226,77,https://www.amazon.com/product-reviews/B0BYLJVFHW?pageNumber=8&filterByStar=all_stars&sortBy=helpful&formatType=all_formats,allStars,,"{'price': None, 'listPrice': None}",2024-03-07,United States,,B0BYLJVFHW,0.7955
63,63,5,Easy,R32BWHW3C3CSW4,https://www.amazon.com/gp/customer-reviews/R32BWHW3C3CSW4/ref=cm_cr_arp_d_rvw_ttl?ie=UTF8&ASIN=B0BYLJVFHW,,"Reviewed in the United States on August 13, 2023",For my future wife,False,Service Provider: UnlockedColor: Space BlackSize: 128GB,[],74,226,77,https://www.amazon.com/product-reviews/B0BYLJVFHW?pageNumber=8&filterByStar=all_stars&sortBy=helpful&formatType=all_formats,allStars,,"{'price': None, 'listPrice': None}",2023-08-13,United States,,B0BYLJVFHW,0.0
64,64,3,Good condition,RY76OAH95FXKL,https://www.amazon.com/gp/customer-reviews/RY76OAH95FXKL/ref=cm_cr_arp_d_rvw_ttl?ie=UTF8&ASIN=B0BYLJVFHW,,"Reviewed in the United States on February 22, 2024",This look new in condition but a little scratch on the edges but when you will see with more focus: otherwise very good. I just used few days yet let’s see,True,Service Provider: UnlockedColor: Space BlackSize: 256GB,[],75,226,77,https://www.amazon.com/product-reviews/B0BYLJVFHW?pageNumber=8&filterByStar=all_stars&sortBy=helpful&formatType=all_formats,allStars,,"{'price': None, 'listPrice': None}",2024-02-22,United States,,B0BYLJVFHW,0.6474
65,65,5,Gran oportunidad por el precio,RJ72W9CFQHH1N,,15 people found this helpful,"Reviewed in Mexico on March 12, 2024","La verdad es que leí algunos comentarios que me hicieron dudar de esta compra, pero yo ya he adquirido un producto de este tipo previamente y no tuve ningún problema, todo lo contrario, fue por eso que me animé con este iPhone.Estética: 10/10,  ningún detalle, rasguño o desperfecto.Batería: Más del 90%, cumple lo prometido.Envío: Llegó un día antes de lo esperado, pero Amazon no me avisó en esta ocasión que llegaría ese día, fue pura suerte que estuve en mi domicilio cuando llegó el envío, considero deberían mejorar esto, es algo que siempre les ha caracterizado y ya van un par de veces que sucede con distintas entregas.Funcionamiento: Todo en orden hasta ahora, se desempeña de maravilla el dispositivo.Recomiendo ampliamente, es una gran adquisición.",True,Service Provider: UnlockedColor: Deep PurpleSize: 512GB,[],76,226,77,https://www.amazon.com/product-reviews/B0BYLJVFHW?pageNumber=8&filterByStar=all_stars&sortBy=helpful&formatType=all_formats,allStars,,"{'price': None, 'listPrice': None}",2024-03-12,Mexico,,B0BYLJVFHW,-0.0772
66,66,5,Superó mis expectativas,RJ9O4Z049O1Y,,3 people found this helpful,"Reviewed in Mexico on March 25, 2024","Ni un sólo detalle, podría confundirse con uno nuevo. Batería al 100%, no encontré ni un sólo detalle estético, y por ese precio, vale por completo la pena!",True,Service Provider: UnlockedColor: Deep PurpleSize: 512GB,[],77,226,77,https://www.amazon.com/product-reviews/B0BYLJVFHW?pageNumber=8&filterByStar=all_stars&sortBy=helpful&formatType=all_formats,allStars,,"{'price': None, 'listPrice': None}",2024-03-25,Mexico,,B0BYLJVFHW,-0.3595
67,67,1,Does Not Work,R2KHLLIZN9FJHV,https://www.amazon.com/gp/customer-reviews/R2KHLLIZN9FJHV/ref=cm_cr_arp_d_rvw_ttl?ie=UTF8&ASIN=B0BYLJVFHW,12 people found this helpful,"Reviewed in the United States on July 8, 2023",Seent phone overseas to military member with apple watch and phone does not work.It took 3 weels to get there and now i'am waiting for phone to be returned to me . And waiting for Amazon to send instructions to me to send back .to Amazon and shipping label.When i contacted Amazon the woman got it all wrong not easy to understand her.So she sent me a shipping label and UPS showed up to pick up phone i told him i have to wait for it to arrive.I cannot find out number to Amazon Customer Service????????,True,Service Provider: UnlockedColor: Space BlackSize: 128GB,[],51,226,77,https://www.amazon.com/product-reviews/B0BYLJVFHW?pageNumber=6&filterByStar=all_stars&sortBy=helpful&formatType=all_formats,allStars,,"{'price': None, 'listPrice': None}",2023-07-08,United States,,B0BYLJVFHW,-0.4382
68,68,1,low quality,R31HF1VGV2SA55,https://www.amazon.com/gp/customer-reviews/R31HF1VGV2SA55/ref=cm_cr_arp_d_rvw_ttl?ie=UTF8&ASIN=B0BYLJVFHW,4 people found this helpful,"Reviewed in the United States on November 27, 2023",It show with the serial number purchase Date April 1978seller not trusted at all,True,Service Provider: UnlockedColor: Space BlackSize: 256GB,[],52,226,77,https://www.amazon.com/product-reviews/B0BYLJVFHW?pageNumber=6&filterByStar=all_stars&sortBy=helpful&formatType=all_formats,allStars,,"{'price': None, 'listPrice': None}",2023-11-27,United States,,B0BYLJVFHW,-0.308
69,69,1,I received an empty box.,R2DUYGJI07295D,https://www.amazon.com/gp/customer-reviews/R2DUYGJI07295D/ref=cm_cr_arp_d_rvw_ttl?ie=UTF8&ASIN=B0BYLJVFHW,2 people found this helpful,"Reviewed in the United States on September 12, 2023",I received a box labeled Apple iPhone PRO MAX 256GB.  The only thing in the box was a plastic wrapped charging cable and adaptor along with a SIM removal tool.,True,Service Provider: UnlockedColor: Space BlackSize: 256GB,[],53,226,77,https://www.amazon.com/product-reviews/B0BYLJVFHW?pageNumber=6&filterByStar=all_stars&sortBy=helpful&formatType=all_formats,allStars,,"{'price': None, 'listPrice': None}",2023-09-12,United States,,B0BYLJVFHW,0.0
70,70,1,Very poor quality,RIGVDYJYSNL6U,https://www.amazon.com/gp/customer-reviews/RIGVDYJYSNL6U/ref=cm_cr_arp_d_rvw_ttl?ie=UTF8&ASIN=B0BYLJVFHW,One person found this helpful,"Reviewed in the United States on October 8, 2023",Very poor quality and I regret buying from the merchant there is no help from Amazon and not any contact info for the seller,True,Service Provider: UnlockedColor: GoldSize: 256GB,[],54,226,77,https://www.amazon.com/product-reviews/B0BYLJVFHW?pageNumber=6&filterByStar=all_stars&sortBy=helpful&formatType=all_formats,allStars,,"{'price': None, 'listPrice': None}",2023-10-08,United States,,B0BYLJVFHW,-0.6115
71,71,1,That’s all received instead of the phone.,R9HHW84XK0ZYK,https://www.amazon.com/gp/customer-reviews/R9HHW84XK0ZYK/ref=cm_cr_arp_d_rvw_ttl?ie=UTF8&ASIN=B0BYLJVFHW,,"Reviewed in the United States on December 9, 2023",,True,Service Provider: UnlockedColor: Space BlackSize: 256GB,['https://m.media-amazon.com/images/I/81AjeEPmPiL._SY88.jpg'],55,226,77,https://www.amazon.com/product-reviews/B0BYLJVFHW?pageNumber=6&filterByStar=all_stars&sortBy=helpful&formatType=all_formats,allStars,,"{'price': None, 'listPrice': None}",2023-12-09,United States,,B0BYLJVFHW,0.0
72,72,1,Can’t get the phone connected to my service provider,R4NZMULRIKHBF,https://www.amazon.com/gp/customer-reviews/R4NZMULRIKHBF/ref=cm_cr_arp_d_rvw_ttl?ie=UTF8&ASIN=B0BYLJVFHW,2 people found this helpful,"Reviewed in the United States on October 30, 2023",Cost is outrageous and phone is still connected to Verizon Wireless,True,Service Provider: UnlockedColor: Deep PurpleSize: 128GB,[],56,226,77,https://www.amazon.com/product-reviews/B0BYLJVFHW?pageNumber=6&filterByStar=all_stars&sortBy=helpful&formatType=all_formats,allStars,,"{'price': None, 'listPrice': None}",2023-10-30,United States,,B0BYLJVFHW,-0.4588
73,73,1,Phone came with a cracked scren,R31XVRZ60TR62M,https://www.amazon.com/gp/customer-reviews/R31XVRZ60TR62M/ref=cm_cr_arp_d_rvw_ttl?ie=UTF8&ASIN=B0BYLJVFHW,9 people found this helpful,"Reviewed in the United States on July 1, 2023",I received a phone with a cracked screen and dusty. You can only return the product. There is no support whatsoever. More expensive than brand new.,True,Service Provider: UnlockedColor: Deep PurpleSize: 128GB,[],57,226,77,https://www.amazon.com/product-reviews/B0BYLJVFHW?pageNumber=6&filterByStar=all_stars&sortBy=helpful&formatType=all_formats,allStars,,"{'price': None, 'listPrice': None}",2023-07-01,United States,,B0BYLJVFHW,0.128
74,74,1,Don’t get it and return,R4C297LQY6492,https://www.amazon.com/gp/customer-reviews/R4C297LQY6492/ref=cm_cr_arp_d_rvw_ttl?ie=UTF8&ASIN=B0BYLJVFHW,2 people found this helpful,"Reviewed in the United States on September 23, 2023",I still haven’t gotten my refund 😡😡😡,True,Service Provider: UnlockedColor: GoldSize: 256GB,[],58,226,77,https://www.amazon.com/product-reviews/B0BYLJVFHW?pageNumber=6&filterByStar=all_stars&sortBy=helpful&formatType=all_formats,allStars,,"{'price': None, 'listPrice': None}",2023-09-23,United States,,B0BYLJVFHW,0.0
75,75,1,IPhone missing,R2FYRSD8EL8RU7,https://www.amazon.com/gp/customer-reviews/R2FYRSD8EL8RU7/ref=cm_cr_arp_d_rvw_ttl?ie=UTF8&ASIN=B0BYLJVFHW,One person found this helpful,"Reviewed in the United States on September 1, 2023",The r very product I ordered is missing from the package,True,Service Provider: UnlockedColor: Space BlackSize: 256GB,[],59,226,77,https://www.amazon.com/product-reviews/B0BYLJVFHW?pageNumber=6&filterByStar=all_stars&sortBy=helpful&formatType=all_formats,allStars,,"{'price': None, 'listPrice': None}",2023-09-01,United States,,B0BYLJVFHW,-0.296
76,76,1,I can’t understand it,RL0ZMVSYBL2E1,https://www.amazon.com/gp/customer-reviews/RL0ZMVSYBL2E1/ref=cm_cr_arp_d_rvw_ttl?ie=UTF8&ASIN=B0BYLJVFHW,2 people found this helpful,"Reviewed in the United States on October 3, 2023",I can’t understand it,True,Service Provider: UnlockedColor: Deep PurpleSize: 256GB,[],60,226,77,https://www.amazon.com/product-reviews/B0BYLJVFHW?pageNumber=6&filterByStar=all_stars&sortBy=helpful&formatType=all_formats,allStars,,"{'price': None, 'listPrice': None}",2023-10-03,United States,,B0BYLJVFHW,0.0
