,Unnamed: 0.4,Unnamed: 0.3,Unnamed: 0.2,Unnamed: 0.1,Unnamed: 0,ratingScore,reviewTitle,reviewId,reviewUrl,reviewReaction,reviewedIn,reviewDescription,isVerified,variant,reviewImages,position,totalCategoryRatings,totalCategoryReviews,reviewCategoryUrl,filterByRating,filterByKeyword,product,date,country,countryCode,productAsin,sentiment_score
0,0,0,0,0,0,5,Wow! This is a great deal!!,R2TVRM4B7GD8MP,https://www.amazon.com/gp/customer-reviews/R2TVRM4B7GD8MP/ref=cm_cr_arp_d_rvw_ttl?ie=UTF8&ASIN=B0CHBPTX1P,2 people found this helpful,"Reviewed in the United States on March 29, 2024","I have had every kind of Apple phone and iPad over the years, love them all. This iphone 15 plus is what I expected. It was a simple transfer through icloud for me. It was a tiny hassle to transfer my number from Verizon, (esim), but once I put in the acct/transfer pin it said transferring for 10 minutes... I was nervous and impatient like I am with everything and got on chat with Infinite, a nice person helped me, we were about to give up and go to tech help and I went back to settings/cellular and saw ""cellular service"" pop up to set it up, it was only a matter of delay and waiting then it was absolutely no problem and no issues. So far love it and can't imagine why I was giving Verizon so much money. Wow...I recommend this all. Of course Apple phone is reliable. Together this seems great.",True,Digital Storage Capacity: 256 GBColor: Pink,[],1,10,9,https://www.amazon.com/product-reviews/B0CHBPTX1P?pageNumber=1&filterByStar=all_stars&sortBy=helpful&formatType=all_formats,allStars,,"{'price': None, 'listPrice': None}",2024-03-29,United States,,B0CHBPTX1P,0.9366
1,1,1,1,1,1,5,Huge!,R17W6ZAAH5Y69P,https://www.amazon.com/gp/customer-reviews/R17W6ZAAH5Y69P/ref=cm_cr_arp_d_rvw_ttl?ie=UTF8&ASIN=B0CHBPTX1P,3 people found this helpful,"Reviewed in the United States on March 27, 2024","Order my new phone and it arrives within 24 hours, real easy to set up right out the box. Boost Infinite customer service was amazing! The rep was very knowledgeable and walked me right through the set up process and the service is good quality",True,Digital Storage Capacity: 128 GBColor: Pink,['https://m.media-amazon.com/images/I/71zGjRDqB8L._SY88.jpg'],2,10,9,https://www.amazon.com/product-reviews/B0CHBPTX1P?pageNumber=1&filterByStar=all_stars&sortBy=helpful&formatType=all_formats,allStars,,"{'price': None, 'listPrice': None}",2024-03-27,United States,,B0CHBPTX1P,0.9117
2,2,2,2,2,2,1,Disappointed,R1IA8AG4RFSATB,https://www.amazon.com/gp/customer-reviews/R1IA8AG4RFSATB/ref=cm_cr_arp_d_rvw_ttl?ie=UTF8&ASIN=B0CHBPTX1P,2 people found this helpful,"Reviewed in the United States on March 20, 2024","This phone has lots of issues. Something wrong with the display…shows  type on top of type so you can’t read it, flickers on and off, Bluetooth disconnects. I’ve only had it a month and return window is closed",True,Digital Storage Capacity: 128 GBColor: Pink,[],3,10,9,https://www.amazon.com/product-reviews/B0CHBPTX1P?pageNumber=1&filterByStar=all_stars&sortBy=helpful&formatType=all_formats,allStars,,"{'price': None, 'listPrice': None}",2024-03-20,United States,,B0CHBPTX1P,-0.3182
3,3,3,3,3,3,5,iPhone 15 plus,R2ITQVSGHD666B,https://www.amazon.com/gp/customer-reviews/R2ITQVSGHD666B/ref=cm_cr_arp_d_rvw_ttl?ie=UTF8&ASIN=B0CHBPTX1P,One person found this helpful,"Reviewed in the United States on April 1, 2024",Omg love the pink n great taking pictures and perfect sound I give 5 stars any day,True,Digital Storage Capacity: 128 GBColor: Pink,[],4,10,9,https://www.amazon.com/product-reviews/B0CHBPTX1P?pageNumber=1&filterByStar=all_stars&sortBy=helpful&formatType=all_formats,allStars,,"{'price': None, 'listPrice': None}",2024-04-01,United States,,B0CHBPTX1P,0.9186
4,4,4,4,4,4,2,I like the phone not the service,R1P49O08F5ZZAP,https://www.amazon.com/gp/customer-reviews/R1P49O08F5ZZAP/ref=cm_cr_arp_d_rvw_ttl?ie=UTF8&ASIN=B0CHBPTX1P,21 people found this helpful,"Reviewed in the United States on February 7, 2024",Boost mobile is the slowest phone service to ever exist. Even with WiFi connected it’s slow. If I needed to look up directions if I was in danger I’d be dead. that’s how slow the service is. The phone is nice it’s just boost mobile is horrible.,False,Digital Storage Capacity: 128 GBColor: Pink,[],5,10,9,https://www.amazon.com/product-reviews/B0CHBPTX1P?pageNumber=1&filterByStar=all_stars&sortBy=helpful&formatType=all_formats,allStars,,"{'price': None, 'listPrice': None}",2024-02-07,United States,,B0CHBPTX1P,-0.6124
5,5,5,5,5,5,5,Love my new phone,RCM28IX3RO6IC,https://www.amazon.com/gp/customer-reviews/RCM28IX3RO6IC/ref=cm_cr_arp_d_rvw_ttl?ie=UTF8&ASIN=B0CHBPTX1P,3 people found this helpful,"Reviewed in the United States on March 14, 2024",The phone was delivered fast and the activation process was so easy and quick. I ordered the green one and it is so pretty. I love it.,True,Digital Storage Capacity: 256 GBColor: Green,[],6,10,9,https://www.amazon.com/product-reviews/B0CHBPTX1P?pageNumber=1&filterByStar=all_stars&sortBy=helpful&formatType=all_formats,allStars,,"{'price': None, 'listPrice': None}",2024-03-14,United States,,B0CHBPTX1P,0.9237
6,6,6,6,6,6,5,Very Easy Set Up and Activation IPhone 15 Plus,R17JZRZ51SWHJ3,https://www.amazon.com/gp/customer-reviews/R17JZRZ51SWHJ3/ref=cm_cr_arp_d_rvw_ttl?ie=UTF8&ASIN=B0CHBPTX1P,6 people found this helpful,"Reviewed in the United States on January 13, 2024","Super fast delivery & account interaction with  Boost. I was able to get my phone info transferred and set up in 45 min ,Very happy with Boost asking if I needed any assistance while doing the transfer. Afterwards they followed up again to make sure I was happy .",False,Digital Storage Capacity: 256 GBColor: Black,[],7,10,9,https://www.amazon.com/product-reviews/B0CHBPTX1P?pageNumber=1&filterByStar=all_stars&sortBy=helpful&formatType=all_formats,allStars,,"{'price': None, 'listPrice': None}",2024-01-13,United States,,B0CHBPTX1P,0.9617
7,7,7,7,7,7,5,Great iphone,R3JDUUORQP1HEG,https://www.amazon.com/gp/customer-reviews/R3JDUUORQP1HEG/ref=cm_cr_arp_d_rvw_ttl?ie=UTF8&ASIN=B0CHBPTX1P,18 people found this helpful,"Reviewed in the United States on December 23, 2023","Until this purchase I have always gone for the top end phones. I have had the pro max 13 and 14 as well as the Google Pixel Pro 8 and can honestly say the 15 Plus is easily on par with them all.What I like: The larger screen is great and the display is more than I was expecting. The camera, in spite of not having all the bells and whistles you get with the pro models is more than most people will need and pictures/video are really quite nice. The Plus uses the A16 while the Pro has the A17 but having done numerous speed tests I can say the “slower” speeds are not noticeable. I still clock download speeds in the 200+ mbps range and upload speeds typically hover around the 175 range. The Dynamic Island (no weird notch) is nice and easier on the eyes as opposed to the notch on the older Plus models. The rounded edges look good and the phone feels better in hand. I was surprised how light it is and you can definitely feel that when holding the phone…it’s just more comfortable than its pro max predecessors. Moving on, the battery life is what really impressed me. When I took the phone out of the box it was at 74%. After set up, downloading all my apps, setting those up, and using my phone for 38 hours I still have 34% battery charge left. I should note my usage during that time isn’t what I would call heavy….moderate usage plus set up but still excellent battery drain vs usage. This is a phone you won’t have to keep charging all day. I would also note that in spite of my worries about all the reports of the pro models overheating, this phone has stayed perfectly cool even through the set up and downloading a ton of apps at once. I don’t notice much of difference in using this phone compared to past pro models and for me the user experience simply beats my Google Pixel Pro 8 and the Samsung Ultra. I have always loved how Apple has incorporated biometrics, specifically the Face ID. It makes using the phone so much more fluid when compared to Android’s Face ID and finger print ID. The C charger…all I can say there is FINALLY!!! Love that!What I didn’t like: I got the blue phone and it is more white than blue. While I like the weight and hand feel of the phone it does feel a little less high end than the pro models. That’s being really picky and just posting it for the review purposes to try to give anyone reading this a complete picture. The Plus model has the 60 refresh rate while the pro has the 120. I am in cybersecurity and obviously work with tech daily so I do tend to notice things like that when using devices but again it’s so minor and I would suspect the average user to not notice it in the course of most of their daily usage….gamers on the other hand may notice it a bit more. The camera is probably the biggest difference next to the price. I mention that because the price and the camera features go hand in hand. The lack of pro camera features is probably the most noticeable user experience difference if you are thinking of switching from a pro model but truthfully (unless you use the camera in a professional capacity) it shouldn’t matter much. Comparable pictures look similar in quality but definitely a tier below the pro models and the zoom feature is significantly less on the Plus.With all this being said, for the price difference at the cost of the pro features  and the physical differences is a decision for the individual buyer, but for my review I feel there is more value in the Plus model unless you need the specific feature upgrades (or just want them) and don’t mind shelling out another $300+. This phone easily balance the features offered with a pretty good price for the average user and I highly recommend checking it out!",False,Digital Storage Capacity: 128 GBColor: Pink,[],8,10,9,https://www.amazon.com/product-reviews/B0CHBPTX1P?pageNumber=1&filterByStar=all_stars&sortBy=helpful&formatType=all_formats,allStars,,"{'price': None, 'listPrice': None}",2023-12-23,United States,,B0CHBPTX1P,0.9989
8,8,8,8,8,8,5,Happy Customer 🥰,RGX4Q6MZP2XJL,https://www.amazon.com/gp/customer-reviews/RGX4Q6MZP2XJL/ref=cm_cr_arp_d_rvw_ttl?ie=UTF8&ASIN=B0CHBPTX1P,19 people found this helpful,"Reviewed in the United States on January 9, 2024","I received my phone for exactly $0.01, which I thought was a scam but it wasn't and I'm enjoying it 🤗",False,Digital Storage Capacity: 256 GBColor: Pink,['https://m.media-amazon.com/images/I/71VcwXraIwL._SY88.jpg'],9,10,9,https://www.amazon.com/product-reviews/B0CHBPTX1P?pageNumber=1&filterByStar=all_stars&sortBy=helpful&formatType=all_formats,allStars,,"{'price': None, 'listPrice': None}",2024-01-09,United States,,B0CHBPTX1P,-0.7196
