,Unnamed: 0,ratingScore,reviewTitle,reviewId,reviewUrl,reviewReaction,reviewedIn,reviewDescription,isVerified,variant,reviewImages,position,totalCategoryRatings,totalCategoryReviews,reviewCategoryUrl,filterByRating,filterByKeyword,product,date,country,countryCode,productAsin,sentiment_score
0,0,5,Worth the extra $$,R1O1L0DFKIN8TN,https://www.amazon.com/gp/customer-reviews/R1O1L0DFKIN8TN/ref=cm_cr_arp_d_rvw_ttl?ie=UTF8&ASIN=B01DKHGVVG,5 people found this helpful,"Reviewed in the United States on January 31, 2024",I usually buy cheapie reading glasses but since I have to wear them all day at work now decided to invest a little more. Well worth it!  The spring hinges are sturdy and add comfort. These have better lenses than the cheaper options. I have definitely noticed my eyes are less tired at the end of the workday. Also love the way they look!,True,Color: Gray Tortoise/PinkMagnification Strength: 1.25 x,[],1,2004,343,https://www.amazon.com/product-reviews/B01DKHGVVG?pageNumber=1&filterByStar=all_stars&sortBy=helpful&formatType=all_formats,allStars,,"{'price': None, 'listPrice': None}",2024-01-31,United States,,B01DKHGVVG,0.9621
1,1,5,Great readers!!,RIR9GV32ARBR5,https://www.amazon.com/gp/customer-reviews/RIR9GV32ARBR5/ref=cm_cr_arp_d_rvw_ttl?ie=UTF8&ASIN=B01DKHGVVG,One person found this helpful,"Reviewed in the United States on March 20, 2024","The quality of these readers is second to none!  I'm new to readers, but had to give a few cheap ones a try since I'm a frugal gal.  The lens quality was awful!  My eye Dr. recommended Peepers, so I thought I'd give them a try.  If I couldn't tell a big difference, no loss, I'd just return them.  No need for that!  The peepers are so much better than any of the other brands I'd tried.  So much sturdier/lens quality was night and day better/ overall build quality was far superior!  Sometimes you get what you pay for and the peepers were a great, still very affordable, option!",True,Color: Tortoise/AquaMagnification Strength: 1.25 x,[],2,2004,343,https://www.amazon.com/product-reviews/B01DKHGVVG?pageNumber=1&filterByStar=all_stars&sortBy=helpful&formatType=all_formats,allStars,,"{'price': None, 'listPrice': None}",2024-03-20,United States,,B01DKHGVVG,0.7836
2,2,5,My Faves,R12EJ9H6NRVLS,https://www.amazon.com/gp/customer-reviews/R12EJ9H6NRVLS/ref=cm_cr_arp_d_rvw_ttl?ie=UTF8&ASIN=B01DKHGVVG,One person found this helpful,"Reviewed in the United States on March 21, 2024","Love these reading glasses. Great quality, they’re resilient and stylish. I have several pair.",True,Color: Gray Tortoise/PinkMagnification Strength: 2.5 x,[],3,2004,343,https://www.amazon.com/product-reviews/B01DKHGVVG?pageNumber=1&filterByStar=all_stars&sortBy=helpful&formatType=all_formats,allStars,,"{'price': None, 'listPrice': None}",2024-03-21,United States,,B01DKHGVVG,0.8519
3,3,4,love the frames,R3SMPL1QAFO9T0,https://www.amazon.com/gp/customer-reviews/R3SMPL1QAFO9T0/ref=cm_cr_arp_d_rvw_ttl?ie=UTF8&ASIN=B01DKHGVVG,One person found this helpful,"Reviewed in the United States on March 6, 2024",I like the glasses over all the magnification that i bought was correct however the glasses are more foggy like they are kind of dirty.  (they aren't). But they are readers so maybe it more normal for readers to be like this?  I did buy the cheap ones at Target and they seem more sharp less foggy than these however the frames are crap and crooked these aren't.  They are sturdy and they are very nice so that is the biggest plus.  I would buy them again it is hard to find glasses that fit my fat face where i don't look like a granny in them.,True,Color: Gray Tortoise/PinkMagnification Strength: 1.25 x,[],4,2004,343,https://www.amazon.com/product-reviews/B01DKHGVVG?pageNumber=1&filterByStar=all_stars&sortBy=helpful&formatType=all_formats,allStars,,"{'price': None, 'listPrice': None}",2024-03-06,United States,,B01DKHGVVG,0.8955
4,4,5,Great fit,R2XZRULXLA1KX9,https://www.amazon.com/gp/customer-reviews/R2XZRULXLA1KX9/ref=cm_cr_arp_d_rvw_ttl?ie=UTF8&ASIN=B01DKHGVVG,,"Reviewed in the United States on April 5, 2024","Great fit, super cute",True,Color: Gray Tortoise/PinkMagnification Strength: 1.25 x,[],5,2004,343,https://www.amazon.com/product-reviews/B01DKHGVVG?pageNumber=1&filterByStar=all_stars&sortBy=helpful&formatType=all_formats,allStars,,"{'price': None, 'listPrice': None}",2024-04-05,United States,,B01DKHGVVG,0.926
5,5,5,Great quality!,R32DIGJ72SHPZ0,https://www.amazon.com/gp/customer-reviews/R32DIGJ72SHPZ0/ref=cm_cr_arp_d_rvw_ttl?ie=UTF8&ASIN=B01DKHGVVG,One person found this helpful,"Reviewed in the United States on February 28, 2024","Love the substantial feel of these. Definitely a quality product. Love that it’s a family company, and they’re made in America. Just wish they were available in powers lower than 1. Definitely worth the purchase if you need a +1.00 or stronger!",True,Color: Tortoise/AquaMagnification Strength: 1 x,[],6,2004,343,https://www.amazon.com/product-reviews/B01DKHGVVG?pageNumber=1&filterByStar=all_stars&sortBy=helpful&formatType=all_formats,allStars,,"{'price': None, 'listPrice': None}",2024-02-28,United States,,B01DKHGVVG,0.9633
6,6,5,Cute glasses,R5BJ07AH4OSB,https://www.amazon.com/gp/customer-reviews/R5BJ07AH4OSB/ref=cm_cr_arp_d_rvw_ttl?ie=UTF8&ASIN=B01DKHGVVG,One person found this helpful,"Reviewed in the United States on March 19, 2024","I invested in this pair of glasses. They look great, and are a good value. They are super trendy right now with perky colors and the shape is great for my face. I have loved wearing them and I get a lot of compliments.",True,Color: Gray Tortoise/PinkMagnification Strength: 1.25 x,[],7,2004,343,https://www.amazon.com/product-reviews/B01DKHGVVG?pageNumber=1&filterByStar=all_stars&sortBy=helpful&formatType=all_formats,allStars,,"{'price': None, 'listPrice': None}",2024-03-19,United States,,B01DKHGVVG,0.975
7,7,1,Every pair has broken,R23OMYOFM7RL7J,https://www.amazon.com/gp/customer-reviews/R23OMYOFM7RL7J/ref=cm_cr_arp_d_rvw_ttl?ie=UTF8&ASIN=B01DKHGVVG,7 people found this helpful,"Reviewed in the United States on February 4, 2024","I will admit that because I liked them and they were cute, I gave this company 5 tries.  Every single pair I have purchased has broken around the rim holding in the lenses rendering them useless.  I have worn readers over a decade and I usually have to replace them when either the lenses have become too scratched or they fail at the hinges, although I can usually get a good year or two out of a pair of readers.  These failed within two to three months of use and not in the usual place.  These have a manufacturing defect that makes them snap at the rim- the area with the least amount of wear and tear.  Don’t waste your money like I did.  I’m going back to Walgreen’s.",True,Color: Tortoise/AquaMagnification Strength: 2.5 x,"['https://m.media-amazon.com/images/I/61OzWYgaOfL._SY88.jpg', 'https://m.media-amazon.com/images/I/61RVXLEBo7L._SY88.jpg', 'https://m.media-amazon.com/images/I/61WKzVOkyOL._SY88.jpg']",8,2004,343,https://www.amazon.com/product-reviews/B01DKHGVVG?pageNumber=1&filterByStar=all_stars&sortBy=helpful&formatType=all_formats,allStars,,"{'price': None, 'listPrice': None}",2024-02-04,United States,,B01DKHGVVG,-0.7964
8,8,4,Sketchy packaging,R7DDTD0K4F6TL,https://www.amazon.com/gp/customer-reviews/R7DDTD0K4F6TL/ref=cm_cr_arp_d_rvw_ttl?ie=UTF8&ASIN=B01DKHGVVG,,"Reviewed in the United States on February 18, 2024","If you are buying glasses, do not expect them to be packaged in a way to protect them. Mine were in an envelope.  This could have gone horribly wrong depending on your delivery person.  The glasses are nice though.",True,Color: Tortoise/AquaMagnification Strength: 1 x,[],9,2004,343,https://www.amazon.com/product-reviews/B01DKHGVVG?pageNumber=1&filterByStar=all_stars&sortBy=helpful&formatType=all_formats,allStars,,"{'price': None, 'listPrice': None}",2024-02-18,United States,,B01DKHGVVG,-0.2732
9,9,5,Great,RJQKN3N9LDNIC,https://www.amazon.com/gp/customer-reviews/RJQKN3N9LDNIC/ref=cm_cr_arp_d_rvw_ttl?ie=UTF8&ASIN=B01DKHGVVG,,"Reviewed in the United States on April 1, 2024",Love these,True,Color: Tortoise/AquaMagnification Strength: 2.25 x,[],10,2004,343,https://www.amazon.com/product-reviews/B01DKHGVVG?pageNumber=1&filterByStar=all_stars&sortBy=helpful&formatType=all_formats,allStars,,"{'price': None, 'listPrice': None}",2024-04-01,United States,,B01DKHGVVG,0.6369
10,10,2,NOT DURABLE,RQALEI282UN01,https://www.amazon.com/gp/customer-reviews/RQALEI282UN01/ref=cm_cr_arp_d_rvw_ttl?ie=UTF8&ASIN=B01DKHGVVG,2 people found this helpful,"Reviewed in the United States on December 3, 2023",I purchased the glasses on October 30th and they were broken by December 3rd (just outside of the return window of 30 days).  They are not durable for reading glasses and taking them off an  putting back on for routine use.  Very disappointing.  I'm not inclined to buy this brand again.,True,Color: Tortoise/AquaMagnification Strength: 2.5 x,[],61,2004,343,https://www.amazon.com/product-reviews/B01DKHGVVG?pageNumber=7&filterByStar=all_stars&sortBy=helpful&formatType=all_formats,allStars,,"{'price': None, 'listPrice': None}",2023-12-03,United States,,B01DKHGVVG,-0.7645
11,11,4,Wearability,R3FC720BMR6PAW,https://www.amazon.com/gp/customer-reviews/R3FC720BMR6PAW/ref=cm_cr_arp_d_rvw_ttl?ie=UTF8&ASIN=B01DKHGVVG,One person found this helpful,"Reviewed in the United States on January 15, 2023","Light weight, sturdy, stays on without slipping, good quality and looks great",True,Color: Tortoise/AquaMagnification Strength: 3 x,[],62,2004,343,https://www.amazon.com/product-reviews/B01DKHGVVG?pageNumber=7&filterByStar=all_stars&sortBy=helpful&formatType=all_formats,allStars,,"{'price': None, 'listPrice': None}",2023-01-15,United States,,B01DKHGVVG,0.4007
12,12,5,Great Buy!,R1MPV8M4NSL7OX,https://www.amazon.com/gp/customer-reviews/R1MPV8M4NSL7OX/ref=cm_cr_arp_d_rvw_ttl?ie=UTF8&ASIN=B01DKHGVVG,One person found this helpful,"Reviewed in the United States on February 20, 2023","I love these glasses. They look great. They fit great best of all I can see really well out of them. These are high-quality lenses and frames. The frames are nicer than Warby Parker frames. I buy a lot of brand-name frames like Coach, and thes really aren’t too far different than those.",True,Color: Tortoise/AquaMagnification Strength: 1.25 x,[],63,2004,343,https://www.amazon.com/product-reviews/B01DKHGVVG?pageNumber=7&filterByStar=all_stars&sortBy=helpful&formatType=all_formats,allStars,,"{'price': None, 'listPrice': None}",2023-02-20,United States,,B01DKHGVVG,0.9796
13,13,5,Reading Glasses,R2PMT890KX7E05,https://www.amazon.com/gp/customer-reviews/R2PMT890KX7E05/ref=cm_cr_arp_d_rvw_ttl?ie=UTF8&ASIN=B01DKHGVVG,One person found this helpful,"Reviewed in the United States on April 12, 2023",Liked these glasses very much! I was afraid the aqua would be over the top but was pleasantly surprised that it was subtle an near the ear part of the stem of the glasses!,True,Color: Tortoise/AquaMagnification Strength: 2.5 x,[],64,2004,343,https://www.amazon.com/product-reviews/B01DKHGVVG?pageNumber=7&filterByStar=all_stars&sortBy=helpful&formatType=all_formats,allStars,,"{'price': None, 'listPrice': None}",2023-04-12,United States,,B01DKHGVVG,0.855
14,14,3,Same as the 4 for the same price,RRH6WMS9ICWPZ,https://www.amazon.com/gp/customer-reviews/RRH6WMS9ICWPZ/ref=cm_cr_arp_d_rvw_ttl?ie=UTF8&ASIN=B01DKHGVVG,3 people found this helpful,"Reviewed in the United States on June 2, 2023","I thought I was getting an high end reader, but honestly I sent them back because they are the same quality as the 4 for $20",True,Color: Gray Tortoise/PinkMagnification Strength: 2.5 x,[],65,2004,343,https://www.amazon.com/product-reviews/B01DKHGVVG?pageNumber=7&filterByStar=all_stars&sortBy=helpful&formatType=all_formats,allStars,,"{'price': None, 'listPrice': None}",2023-06-02,United States,,B01DKHGVVG,0.6124
15,15,2,Not super sturdy,R22FQZZOM61WWV,https://www.amazon.com/gp/customer-reviews/R22FQZZOM61WWV/ref=cm_cr_arp_d_rvw_ttl?ie=UTF8&ASIN=B01DKHGVVG,3 people found this helpful,"Reviewed in the United States on November 21, 2023","These glasses are super cute and I thought they would be better than the cheap ones I have bought for a fraction of the price. Unfortunately, the frame around the eye broke after just two months. I expected them to last a little longer for the price.",True,Color: Gray Tortoise/PinkMagnification Strength: 1.25 x,[],66,2004,343,https://www.amazon.com/product-reviews/B01DKHGVVG?pageNumber=7&filterByStar=all_stars&sortBy=helpful&formatType=all_formats,allStars,,"{'price': None, 'listPrice': None}",2023-11-21,United States,,B01DKHGVVG,0.6808
16,16,5,"Perfect for me,",R31ZBSSCBHEJ6N,https://www.amazon.com/gp/customer-reviews/R31ZBSSCBHEJ6N/ref=cm_cr_arp_d_rvw_ttl?ie=UTF8&ASIN=B01DKHGVVG,One person found this helpful,"Reviewed in the United States on September 19, 2022","I wear progressive lenses, and I like big glasses. These glasses (3.0) give me good vision for everything but reading-- they're lighter, I can drive with them, go to the gym with them, and I trip less on the stairs. Wish I could wear them when I go shopping, or to the library, sigh... and they look ok too. Almost everything a pair of glasses should be and do.",True,Color: Tortoise/AquaMagnification Strength: 3 x,[],67,2004,343,https://www.amazon.com/product-reviews/B01DKHGVVG?pageNumber=7&filterByStar=all_stars&sortBy=helpful&formatType=all_formats,allStars,,"{'price': None, 'listPrice': None}",2022-09-19,United States,,B01DKHGVVG,0.8608
17,17,5,"Excellent quality, arrived on time",R1BLZOTP21VUO6,https://www.amazon.com/gp/customer-reviews/R1BLZOTP21VUO6/ref=cm_cr_arp_d_rvw_ttl?ie=UTF8&ASIN=B01DKHGVVG,,"Reviewed in the United States on August 17, 2023",Great fit very comfortable on,True,Color: Gray Tortoise/PinkMagnification Strength: 2.5 x,[],68,2004,343,https://www.amazon.com/product-reviews/B01DKHGVVG?pageNumber=7&filterByStar=all_stars&sortBy=helpful&formatType=all_formats,allStars,,"{'price': None, 'listPrice': None}",2023-08-17,United States,,B01DKHGVVG,0.8805
18,18,5,Excellent Quality,R36MC58I9K7LIL,https://www.amazon.com/gp/customer-reviews/R36MC58I9K7LIL/ref=cm_cr_arp_d_rvw_ttl?ie=UTF8&ASIN=B01DKHGVVG,One person found this helpful,"Reviewed in the United States on January 29, 2023",Excellent quality.  Exactly as shown.  Flexible joints.  I have bought this brand before and still have them. They're 15 years old and still no problems with them. As opposed to cheaper ones I have bought at dollar stores that break and fall apart after a years use.,True,Color: Tortoise/AquaMagnification Strength: 2.5 x,[],69,2004,343,https://www.amazon.com/product-reviews/B01DKHGVVG?pageNumber=7&filterByStar=all_stars&sortBy=helpful&formatType=all_formats,allStars,,"{'price': None, 'listPrice': None}",2023-01-29,United States,,B01DKHGVVG,0.1779
19,19,5,Comfortable,R3NPE4ZDQNMD8B,https://www.amazon.com/gp/customer-reviews/R3NPE4ZDQNMD8B/ref=cm_cr_arp_d_rvw_ttl?ie=UTF8&ASIN=B01DKHGVVG,,"Reviewed in the United States on July 12, 2023",Glasses fit well and seem as if they will last.,True,Color: Tortoise/AquaMagnification Strength: 3 x,[],70,2004,343,https://www.amazon.com/product-reviews/B01DKHGVVG?pageNumber=7&filterByStar=all_stars&sortBy=helpful&formatType=all_formats,allStars,,"{'price': None, 'listPrice': None}",2023-07-12,United States,,B01DKHGVVG,0.5574
20,20,5,Peepers,R1V0ZLKX9HGEYE,https://www.amazon.com/gp/customer-reviews/R1V0ZLKX9HGEYE/ref=cm_cr_arp_d_rvw_ttl?ie=UTF8&ASIN=B01DKHGVVG,One person found this helpful,"Reviewed in the United States on January 23, 2024","These are super cute readers! Well made, stylish and comfortable!",True,Color: Tortoise/AquaMagnification Strength: 2 x,[],21,2004,343,https://www.amazon.com/product-reviews/B01DKHGVVG?pageNumber=3&filterByStar=all_stars&sortBy=helpful&formatType=all_formats,allStars,,"{'price': None, 'listPrice': None}",2024-01-23,United States,,B01DKHGVVG,0.9167
21,21,5,Fits a smaller head & very lightweight,RVTK33ZX5LYE6,https://www.amazon.com/gp/customer-reviews/RVTK33ZX5LYE6/ref=cm_cr_arp_d_rvw_ttl?ie=UTF8&ASIN=B01DKHGVVG,3 people found this helpful,"Reviewed in the United States on December 30, 2023","I ordered the Peepers in Nature Walk, 3+and I love them! They fit snug on my face, are not too big of frames & the plastic is very lightweight.I will order these again!!",True,Color: Gray Tortoise/PinkMagnification Strength: 3 x,[],22,2004,343,https://www.amazon.com/product-reviews/B01DKHGVVG?pageNumber=3&filterByStar=all_stars&sortBy=helpful&formatType=all_formats,allStars,,"{'price': None, 'listPrice': None}",2023-12-30,United States,,B01DKHGVVG,0.8213
22,22,5,Best fit,R2VMGYO9CSFGE1,https://www.amazon.com/gp/customer-reviews/R2VMGYO9CSFGE1/ref=cm_cr_arp_d_rvw_ttl?ie=UTF8&ASIN=B01DKHGVVG,One person found this helpful,"Reviewed in the United States on January 18, 2024","I love peepers, well made and the fit is perfect.",True,Color: Tortoise/AquaMagnification Strength: 2 x,[],23,2004,343,https://www.amazon.com/product-reviews/B01DKHGVVG?pageNumber=3&filterByStar=all_stars&sortBy=helpful&formatType=all_formats,allStars,,"{'price': None, 'listPrice': None}",2024-01-18,United States,,B01DKHGVVG,0.91
23,23,5,Love peepers,R31848RE8HTC6Y,https://www.amazon.com/gp/customer-reviews/R31848RE8HTC6Y/ref=cm_cr_arp_d_rvw_ttl?ie=UTF8&ASIN=B01DKHGVVG,,"Reviewed in the United States on January 21, 2024",I love peepers!,True,Color: Gray Tortoise/PinkMagnification Strength: 1.75 x,[],24,2004,343,https://www.amazon.com/product-reviews/B01DKHGVVG?pageNumber=3&filterByStar=all_stars&sortBy=helpful&formatType=all_formats,allStars,,"{'price': None, 'listPrice': None}",2024-01-21,United States,,B01DKHGVVG,0.6696
24,24,4,"Look fantastic, but the lenses could be clearer",R3A69YOGPA8TAZ,https://www.amazon.com/gp/customer-reviews/R3A69YOGPA8TAZ/ref=cm_cr_arp_d_rvw_ttl?ie=UTF8&ASIN=B01DKHGVVG,5 people found this helpful,"Reviewed in the United States on September 4, 2023",I LOVE the shape and color of these. I do wish the lenses were a bit clearer. I think this is due to the material used for the lenses.,True,Color: Tortoise/AquaMagnification Strength: 1 x,[],25,2004,343,https://www.amazon.com/product-reviews/B01DKHGVVG?pageNumber=3&filterByStar=all_stars&sortBy=helpful&formatType=all_formats,allStars,,"{'price': None, 'listPrice': None}",2023-09-04,United States,,B01DKHGVVG,0.824
25,25,5,Very comfortable!,R1B00JD8HBGK2S,https://www.amazon.com/gp/customer-reviews/R1B00JD8HBGK2S/ref=cm_cr_arp_d_rvw_ttl?ie=UTF8&ASIN=B01DKHGVVG,,"Reviewed in the United States on January 6, 2024",These are great readers! They are very comfortable and arrived quickly!,True,Color: Tortoise/AquaMagnification Strength: 1.75 x,[],26,2004,343,https://www.amazon.com/product-reviews/B01DKHGVVG?pageNumber=3&filterByStar=all_stars&sortBy=helpful&formatType=all_formats,allStars,,"{'price': None, 'listPrice': None}",2024-01-06,United States,,B01DKHGVVG,0.851
26,26,3,Not lightweight and too tight.,R31932G45IUZF8,https://www.amazon.com/gp/customer-reviews/R31932G45IUZF8/ref=cm_cr_arp_d_rvw_ttl?ie=UTF8&ASIN=B01DKHGVVG,One person found this helpful,"Reviewed in the United States on December 4, 2023",I wanted to like these and have tried them on several times since purchasing but they are simply too tight-fitting and feel much heavier than my usual lightweight pair.  I should have returned within the window time frame but was hoping I would get used to them.,True,Color: Tortoise/AquaMagnification Strength: 2 x,[],27,2004,343,https://www.amazon.com/product-reviews/B01DKHGVVG?pageNumber=3&filterByStar=all_stars&sortBy=helpful&formatType=all_formats,allStars,,"{'price': None, 'listPrice': None}",2023-12-04,United States,,B01DKHGVVG,0.6652
27,27,5,Reading Glasses,R3LUESCFY1L670,https://www.amazon.com/gp/customer-reviews/R3LUESCFY1L670/ref=cm_cr_arp_d_rvw_ttl?ie=UTF8&ASIN=B01DKHGVVG,,"Reviewed in the United States on December 1, 2023",After recent cataract surgery on both eyes all I needed was reading glasses. Glasses are perfect and price was just right. No more paying $800 a year for glasses.,True,Color: Gray Tortoise/PinkMagnification Strength: 2.5 x,[],28,2004,343,https://www.amazon.com/product-reviews/B01DKHGVVG?pageNumber=3&filterByStar=all_stars&sortBy=helpful&formatType=all_formats,allStars,,"{'price': None, 'listPrice': None}",2023-12-01,United States,,B01DKHGVVG,0.3612
28,28,4,"Purchased March 31, 23.  Ear piece fell off.  Barely worn.",R1NE99HNX7ZUXO,https://www.amazon.com/gp/customer-reviews/R1NE99HNX7ZUXO/ref=cm_cr_arp_d_rvw_ttl?ie=UTF8&ASIN=B01DKHGVVG,10 people found this helpful,"Reviewed in the United States on July 1, 2023","I purchased the third pair of these glasses  from you because I like them so well but the last pair I purchased  from you was on March 31,2023 and the screw has already fallen out of the ear piece and I have no idea where the screw went. Very  disappointed.",True,Color: Tortoise/AquaMagnification Strength: 2.5 x,[],29,2004,343,https://www.amazon.com/product-reviews/B01DKHGVVG?pageNumber=3&filterByStar=all_stars&sortBy=helpful&formatType=all_formats,allStars,,"{'price': None, 'listPrice': None}",2023-07-01,United States,,B01DKHGVVG,-0.8858
29,29,3,Lens chipped within a few weeks,RU8IYH7X87EWU,https://www.amazon.com/gp/customer-reviews/RU8IYH7X87EWU/ref=cm_cr_arp_d_rvw_ttl?ie=UTF8&ASIN=B01DKHGVVG,2 people found this helpful,"Reviewed in the United States on September 30, 2023","I like the style and weight of these glasses.  They tend to slip down a bit on my nose, but that is probably just due to personal fit.  The problem I have is that one of the lenses formed a circular fracture at the nose bridge.  This happened to me once before with some less expensive readers, too.  It appears to be a stress fracture, but it's noticeable and makes the glasses less appealing to wear out.  Slight disappointment. They are cute glasses, but I don't recommend.",True,Color: Gray Tortoise/PinkMagnification Strength: 2.5 x,[],30,2004,343,https://www.amazon.com/product-reviews/B01DKHGVVG?pageNumber=3&filterByStar=all_stars&sortBy=helpful&formatType=all_formats,allStars,,"{'price': None, 'listPrice': None}",2023-09-30,United States,,B01DKHGVVG,-0.748
30,30,5,Love these frames,R1JUD4269XT9UU,https://www.amazon.com/gp/customer-reviews/R1JUD4269XT9UU/ref=cm_cr_arp_d_rvw_ttl?ie=UTF8&ASIN=B01DKHGVVG,3 people found this helpful,"Reviewed in the United States on November 29, 2023",These glasses are strong and sturdy. They fit really well and the style is perfect for me.,True,Color: Tortoise/AquaMagnification Strength: 2.75 x,[],31,2004,343,https://www.amazon.com/product-reviews/B01DKHGVVG?pageNumber=4&filterByStar=all_stars&sortBy=helpful&formatType=all_formats,allStars,,"{'price': None, 'listPrice': None}",2023-11-29,United States,,B01DKHGVVG,0.8977
31,31,5,Great Reading Glasses,R6ECMF400YOIR,https://www.amazon.com/gp/customer-reviews/R6ECMF400YOIR/ref=cm_cr_arp_d_rvw_ttl?ie=UTF8&ASIN=B01DKHGVVG,One person found this helpful,"Reviewed in the United States on November 9, 2023",These reading glasses are both sturdy and very wearable.  I highly recommend using these glasses for both reading and used an iPad and iPhone.,True,Color: Tortoise/AquaMagnification Strength: 2.25 x,[],32,2004,343,https://www.amazon.com/product-reviews/B01DKHGVVG?pageNumber=4&filterByStar=all_stars&sortBy=helpful&formatType=all_formats,allStars,,"{'price': None, 'listPrice': None}",2023-11-09,United States,,B01DKHGVVG,0.469
32,32,5,I like these glasses very much.,R14FR9TGVXMSK3,https://www.amazon.com/gp/customer-reviews/R14FR9TGVXMSK3/ref=cm_cr_arp_d_rvw_ttl?ie=UTF8&ASIN=B01DKHGVVG,,"Reviewed in the United States on December 6, 2023","I like these glasses, they are lightweight and comfortable.",True,Color: Tortoise/AquaMagnification Strength: 2.25 x,[],33,2004,343,https://www.amazon.com/product-reviews/B01DKHGVVG?pageNumber=4&filterByStar=all_stars&sortBy=helpful&formatType=all_formats,allStars,,"{'price': None, 'listPrice': None}",2023-12-06,United States,,B01DKHGVVG,0.7003
33,33,5,Love these glasses,R2555C158RQV97,https://www.amazon.com/gp/customer-reviews/R2555C158RQV97/ref=cm_cr_arp_d_rvw_ttl?ie=UTF8&ASIN=B01DKHGVVG,One person found this helpful,"Reviewed in the United States on November 6, 2023",The glasses are great quality and have flexible ear pieces to prevent breakage and fit you your face better.  I bought another pair,True,Color: Gray Tortoise/PinkMagnification Strength: 3 x,[],34,2004,343,https://www.amazon.com/product-reviews/B01DKHGVVG?pageNumber=4&filterByStar=all_stars&sortBy=helpful&formatType=all_formats,allStars,,"{'price': None, 'listPrice': None}",2023-11-06,United States,,B01DKHGVVG,0.8885
34,34,5,Obsessed,R1UGEATCONFDWX,https://www.amazon.com/gp/customer-reviews/R1UGEATCONFDWX/ref=cm_cr_arp_d_rvw_ttl?ie=UTF8&ASIN=B01DKHGVVG,One person found this helpful,"Reviewed in the United States on November 13, 2023","These glasses are beautiful! The durability, the design, the colors are all so wonderful! Will be buying more from Peepers.",True,Color: Gray Tortoise/PinkMagnification Strength: 1.25 x,[],35,2004,343,https://www.amazon.com/product-reviews/B01DKHGVVG?pageNumber=4&filterByStar=all_stars&sortBy=helpful&formatType=all_formats,allStars,,"{'price': None, 'listPrice': None}",2023-11-13,United States,,B01DKHGVVG,0.8814
35,35,4,Cute,R27N56IQ210BJA,https://www.amazon.com/gp/customer-reviews/R27N56IQ210BJA/ref=cm_cr_arp_d_rvw_ttl?ie=UTF8&ASIN=B01DKHGVVG,2 people found this helpful,"Reviewed in the United States on August 12, 2023",Cute,True,Color: Gray Tortoise/PinkMagnification Strength: 2.75 x,[],36,2004,343,https://www.amazon.com/product-reviews/B01DKHGVVG?pageNumber=4&filterByStar=all_stars&sortBy=helpful&formatType=all_formats,allStars,,"{'price': None, 'listPrice': None}",2023-08-12,United States,,B01DKHGVVG,0.4588
36,36,5,Stylish glasses,R2O8ARNAHOT2YZ,https://www.amazon.com/gp/customer-reviews/R2O8ARNAHOT2YZ/ref=cm_cr_arp_d_rvw_ttl?ie=UTF8&ASIN=B01DKHGVVG,One person found this helpful,"Reviewed in the United States on October 25, 2023",They seem sturdy...though time will tell. They are very stylish and I think i see better with them than my drug store readers.,True,Color: Gray Tortoise/PinkMagnification Strength: 1.75 x,[],37,2004,343,https://www.amazon.com/product-reviews/B01DKHGVVG?pageNumber=4&filterByStar=all_stars&sortBy=helpful&formatType=all_formats,allStars,,"{'price': None, 'listPrice': None}",2023-10-25,United States,,B01DKHGVVG,0.4404
37,37,5,Very excellent quality,R2J9RRDDYRNS9U,https://www.amazon.com/gp/customer-reviews/R2J9RRDDYRNS9U/ref=cm_cr_arp_d_rvw_ttl?ie=UTF8&ASIN=B01DKHGVVG,,"Reviewed in the United States on November 5, 2023","These readers are made with lots of additional features that make them safe, sturdy and effective",True,Color: Tortoise/AquaMagnification Strength: 2 x,[],38,2004,343,https://www.amazon.com/product-reviews/B01DKHGVVG?pageNumber=4&filterByStar=all_stars&sortBy=helpful&formatType=all_formats,allStars,,"{'price': None, 'listPrice': None}",2023-11-05,United States,,B01DKHGVVG,0.7184
38,38,5,Readers,R36S6VPBKENT1U,https://www.amazon.com/gp/customer-reviews/R36S6VPBKENT1U/ref=cm_cr_arp_d_rvw_ttl?ie=UTF8&ASIN=B01DKHGVVG,,"Reviewed in the United States on September 29, 2023",I love my peeps readers. I have four pairs I recently broke and I had to buy a new one. They always fit well and comfortable to wear for long periods of time.,True,Color: Tortoise/AquaMagnification Strength: 2.5 x,[],39,2004,343,https://www.amazon.com/product-reviews/B01DKHGVVG?pageNumber=4&filterByStar=all_stars&sortBy=helpful&formatType=all_formats,allStars,,"{'price': None, 'listPrice': None}",2023-09-29,United States,,B01DKHGVVG,0.8519
39,39,3,Flimsy,R9CE8IIWHIQDA,https://www.amazon.com/gp/customer-reviews/R9CE8IIWHIQDA/ref=cm_cr_arp_d_rvw_ttl?ie=UTF8&ASIN=B01DKHGVVG,One person found this helpful,"Reviewed in the United States on September 15, 2023","I ordered this brand because the old pair I had was solid they are still holding up.  Needed a stronger magnification so thought I’d stick with Peepers.  This pair is nowhere near the quality.  They feel like something you’d buy in a discount store.  The styling is nice and they “work”, hence the three stars",True,Color: Tortoise/AquaMagnification Strength: 1.75 x,[],40,2004,343,https://www.amazon.com/product-reviews/B01DKHGVVG?pageNumber=4&filterByStar=all_stars&sortBy=helpful&formatType=all_formats,allStars,,"{'price': None, 'listPrice': None}",2023-09-15,United States,,B01DKHGVVG,0.8591
40,40,5,Beautifully designed reading glasses,R11QDKTDQBTGXN,https://www.amazon.com/gp/customer-reviews/R11QDKTDQBTGXN/ref=cm_cr_arp_d_rvw_ttl?ie=UTF8&ASIN=B01DKHGVVG,One person found this helpful,"Reviewed in the United States on August 4, 2023",Love my new reading glasses!  I plan to buy some more in the future because I like to have a pair on each level of my house.  I've only had them a short time but expect them to last longer than some of the others I've used in the past.,True,Color: Tortoise/AquaMagnification Strength: 1 x,[],41,2004,343,https://www.amazon.com/product-reviews/B01DKHGVVG?pageNumber=5&filterByStar=all_stars&sortBy=helpful&formatType=all_formats,allStars,,"{'price': None, 'listPrice': None}",2023-08-04,United States,,B01DKHGVVG,0.5635
41,41,5,Perfect,RYENIOBIHFBUW,https://www.amazon.com/gp/customer-reviews/RYENIOBIHFBUW/ref=cm_cr_arp_d_rvw_ttl?ie=UTF8&ASIN=B01DKHGVVG,,"Reviewed in the United States on October 8, 2023",Very sturdy.  Nice pouch for throwing in your purse. Stylish.  I’m very glad I bought them and would recommend.,True,Color: Tortoise/AquaMagnification Strength: 1.5 x,[],42,2004,343,https://www.amazon.com/product-reviews/B01DKHGVVG?pageNumber=5&filterByStar=all_stars&sortBy=helpful&formatType=all_formats,allStars,,"{'price': None, 'listPrice': None}",2023-10-08,United States,,B01DKHGVVG,0.8347
42,42,3,Broken frame,RRDMT1743X4W2,https://www.amazon.com/gp/customer-reviews/RRDMT1743X4W2/ref=cm_cr_arp_d_rvw_ttl?ie=UTF8&ASIN=B01DKHGVVG,2 people found this helpful,"Reviewed in the United States on October 24, 2023","I love the clarity of these glasses, but after only a few weeks, a chip broke out of the arm and they are not usable anymore.",True,Color: Tortoise/AquaMagnification Strength: 2.5 x,[],43,2004,343,https://www.amazon.com/product-reviews/B01DKHGVVG?pageNumber=5&filterByStar=all_stars&sortBy=helpful&formatType=all_formats,allStars,,"{'price': None, 'listPrice': None}",2023-10-24,United States,,B01DKHGVVG,-0.0644
43,43,5,Love these,R2J6F52PFA946U,https://www.amazon.com/gp/customer-reviews/R2J6F52PFA946U/ref=cm_cr_arp_d_rvw_ttl?ie=UTF8&ASIN=B01DKHGVVG,,"Reviewed in the United States on October 19, 2023","My head is a bit wider, not by much, and these are a fantastic fit",True,Color: Tortoise/AquaMagnification Strength: 2.5 x,[],44,2004,343,https://www.amazon.com/product-reviews/B01DKHGVVG?pageNumber=5&filterByStar=all_stars&sortBy=helpful&formatType=all_formats,allStars,,"{'price': None, 'listPrice': None}",2023-10-19,United States,,B01DKHGVVG,0.7269
44,44,5,Favorites so far,R3M49U410VK3UN,https://www.amazon.com/gp/customer-reviews/R3M49U410VK3UN/ref=cm_cr_arp_d_rvw_ttl?ie=UTF8&ASIN=B01DKHGVVG,6 people found this helpful,"Reviewed in the United States on August 31, 2023",Love these cheaters!  They are by far the favorite ones I have purchased in the last 4 years!!  The cover that comes with them is also great.  I am very happy with this purchase!,True,Color: Tortoise/AquaMagnification Strength: 2 x,[],45,2004,343,https://www.amazon.com/product-reviews/B01DKHGVVG?pageNumber=5&filterByStar=all_stars&sortBy=helpful&formatType=all_formats,allStars,,"{'price': None, 'listPrice': None}",2023-08-31,United States,,B01DKHGVVG,0.9389
45,45,2,Broken frame,R4WS6EPVSDHRV,https://www.amazon.com/gp/customer-reviews/R4WS6EPVSDHRV/ref=cm_cr_arp_d_rvw_ttl?ie=UTF8&ASIN=B01DKHGVVG,,"Reviewed in the United States on March 10, 2024",I bought these glasses in October 2023 and after only 4 months the frame broke  while I was wearing them.  They were never dropped or damaged.,True,Color: Gray Tortoise/PinkMagnification Strength: 1.75 x,[],46,2004,343,https://www.amazon.com/product-reviews/B01DKHGVVG?pageNumber=5&filterByStar=all_stars&sortBy=helpful&formatType=all_formats,allStars,,"{'price': None, 'listPrice': None}",2024-03-10,United States,,B01DKHGVVG,-0.1012
46,46,5,Good quality,R2IHALSXHTD452,https://www.amazon.com/gp/customer-reviews/R2IHALSXHTD452/ref=cm_cr_arp_d_rvw_ttl?ie=UTF8&ASIN=B01DKHGVVG,4 people found this helpful,"Reviewed in the United States on August 29, 2023",Wasn't sure if I wanted to spend this much on reading glasses but I'm glad I did. They are cute and very well made and come with a nice holder. I would recommend.,True,Color: Tortoise/AquaMagnification Strength: 2 x,[],47,2004,343,https://www.amazon.com/product-reviews/B01DKHGVVG?pageNumber=5&filterByStar=all_stars&sortBy=helpful&formatType=all_formats,allStars,,"{'price': None, 'listPrice': None}",2023-08-29,United States,,B01DKHGVVG,0.9556
47,47,5,"Love these, back for another pair",R1P8PQ6W1PH6W8,https://www.amazon.com/gp/customer-reviews/R1P8PQ6W1PH6W8/ref=cm_cr_arp_d_rvw_ttl?ie=UTF8&ASIN=B01DKHGVVG,3 people found this helpful,"Reviewed in the United States on August 24, 2023","I have bought glasses from 4 different vendors off of Amazon and I only end up wearing these, they are lightweight, pretty and great clear view out of them. I am back for another pair.",True,Color: Tortoise/AquaMagnification Strength: 1.5 x,[],48,2004,343,https://www.amazon.com/product-reviews/B01DKHGVVG?pageNumber=5&filterByStar=all_stars&sortBy=helpful&formatType=all_formats,allStars,,"{'price': None, 'listPrice': None}",2023-08-24,United States,,B01DKHGVVG,0.891
48,48,4,Good value,R2L5GO6I30S4GD,https://www.amazon.com/gp/customer-reviews/R2L5GO6I30S4GD/ref=cm_cr_arp_d_rvw_ttl?ie=UTF8&ASIN=B01DKHGVVG,,"Reviewed in the United States on June 2, 2023",Decent quality and design for the money,True,Color: Gray Tortoise/PinkMagnification Strength: 2 x,[],49,2004,343,https://www.amazon.com/product-reviews/B01DKHGVVG?pageNumber=5&filterByStar=all_stars&sortBy=helpful&formatType=all_formats,allStars,,"{'price': None, 'listPrice': None}",2023-06-02,United States,,B01DKHGVVG,0.0
49,49,5,Peepers,R2HWJ1VHYDLW5Z,https://www.amazon.com/gp/customer-reviews/R2HWJ1VHYDLW5Z/ref=cm_cr_arp_d_rvw_ttl?ie=UTF8&ASIN=B01DKHGVVG,,"Reviewed in the United States on October 18, 2023",Love the way these glasses fit.,True,Color: Gray Tortoise/PinkMagnification Strength: 2.75 x,[],50,2004,343,https://www.amazon.com/product-reviews/B01DKHGVVG?pageNumber=5&filterByStar=all_stars&sortBy=helpful&formatType=all_formats,allStars,,"{'price': None, 'listPrice': None}",2023-10-18,United States,,B01DKHGVVG,0.7717
50,50,5,Look at them peepers,R2DQ0UO3VNBOHY,https://www.amazon.com/gp/customer-reviews/R2DQ0UO3VNBOHY/ref=cm_cr_arp_d_rvw_ttl?ie=UTF8&ASIN=B01DKHGVVG,,"Reviewed in the United States on October 21, 2023",Love the look! Fit is good.,True,Color: Gray Tortoise/PinkMagnification Strength: 1.75 x,[],51,2004,343,https://www.amazon.com/product-reviews/B01DKHGVVG?pageNumber=6&filterByStar=all_stars&sortBy=helpful&formatType=all_formats,allStars,,"{'price': None, 'listPrice': None}",2023-10-21,United States,,B01DKHGVVG,0.8718
51,51,5,Well made and attractive!,RC7BQ83YZI4ZK,https://www.amazon.com/gp/customer-reviews/RC7BQ83YZI4ZK/ref=cm_cr_arp_d_rvw_ttl?ie=UTF8&ASIN=B01DKHGVVG,5 people found this helpful,"Reviewed in the United States on April 6, 2023","I had just tried on a version of these at a local dept. store. They didn't have them in the strength I needed so I found them on Amazon and I am so glad I did. I went with tortoise/aqua color frames and they are soooo stylish. Also, they look and feel like professional prescription glasses.. And, thanks to Amazon, I ordered them on Tuesday and received them today (Thursday): 2 days! So pleased!",True,Color: Tortoise/AquaMagnification Strength: 1.5 x,[],52,2004,343,https://www.amazon.com/product-reviews/B01DKHGVVG?pageNumber=6&filterByStar=all_stars&sortBy=helpful&formatType=all_formats,allStars,,"{'price': None, 'listPrice': None}",2023-04-06,United States,,B01DKHGVVG,0.9561
52,52,5,Stylish and good quality,R34DZWZF3BYCS7,https://www.amazon.com/gp/customer-reviews/R34DZWZF3BYCS7/ref=cm_cr_arp_d_rvw_ttl?ie=UTF8&ASIN=B01DKHGVVG,,"Reviewed in the United States on September 17, 2023","These are comfortable, sturdy, and stylish readers. Definitely worth the price and I will buy more!",True,Color: Gray Tortoise/PinkMagnification Strength: 2 x,[],53,2004,343,https://www.amazon.com/product-reviews/B01DKHGVVG?pageNumber=6&filterByStar=all_stars&sortBy=helpful&formatType=all_formats,allStars,,"{'price': None, 'listPrice': None}",2023-09-17,United States,,B01DKHGVVG,0.8016
53,53,5,Love these glasses,RPYAV4VGIYL0L,https://www.amazon.com/gp/customer-reviews/RPYAV4VGIYL0L/ref=cm_cr_arp_d_rvw_ttl?ie=UTF8&ASIN=B01DKHGVVG,,"Reviewed in the United States on October 10, 2023","Clearance accurate prescription.  Sturdy, light frame.",True,Color: Gray Tortoise/PinkMagnification Strength: 2.75 x,[],54,2004,343,https://www.amazon.com/product-reviews/B01DKHGVVG?pageNumber=6&filterByStar=all_stars&sortBy=helpful&formatType=all_formats,allStars,,"{'price': None, 'listPrice': None}",2023-10-10,United States,,B01DKHGVVG,0.0
54,54,5,great readers!,R2XQD9Q4VAMMLQ,https://www.amazon.com/gp/customer-reviews/R2XQD9Q4VAMMLQ/ref=cm_cr_arp_d_rvw_ttl?ie=UTF8&ASIN=B01DKHGVVG,,"Reviewed in the United States on September 24, 2023",Very Nice Readers.....nicer than other competing brands.... I will order again from this line.,True,Color: Tortoise/AquaMagnification Strength: 2.5 x,[],55,2004,343,https://www.amazon.com/product-reviews/B01DKHGVVG?pageNumber=6&filterByStar=all_stars&sortBy=helpful&formatType=all_formats,allStars,,"{'price': None, 'listPrice': None}",2023-09-24,United States,,B01DKHGVVG,0.4754
55,55,5,Great peeps,R2SN2UROUVUHN2,https://www.amazon.com/gp/customer-reviews/R2SN2UROUVUHN2/ref=cm_cr_arp_d_rvw_ttl?ie=UTF8&ASIN=B01DKHGVVG,,"Reviewed in the United States on October 19, 2023",Fast and fine,True,Color: Gray Tortoise/PinkMagnification Strength: 2 x,[],56,2004,343,https://www.amazon.com/product-reviews/B01DKHGVVG?pageNumber=6&filterByStar=all_stars&sortBy=helpful&formatType=all_formats,allStars,,"{'price': None, 'listPrice': None}",2023-10-19,United States,,B01DKHGVVG,0.2023
56,56,5,Most favorite cheaters,RB282F07YHKNZ,https://www.amazon.com/gp/customer-reviews/RB282F07YHKNZ/ref=cm_cr_arp_d_rvw_ttl?ie=UTF8&ASIN=B01DKHGVVG,,"Reviewed in the United States on September 30, 2023","So cute, comfy bought a second pair",True,Color: Tortoise/AquaMagnification Strength: 1.25 x,[],57,2004,343,https://www.amazon.com/product-reviews/B01DKHGVVG?pageNumber=6&filterByStar=all_stars&sortBy=helpful&formatType=all_formats,allStars,,"{'price': None, 'listPrice': None}",2023-09-30,United States,,B01DKHGVVG,0.5095
57,57,5,Clear vision,R1S6ZU9YIDTYMM,https://www.amazon.com/gp/customer-reviews/R1S6ZU9YIDTYMM/ref=cm_cr_arp_d_rvw_ttl?ie=UTF8&ASIN=B01DKHGVVG,One person found this helpful,"Reviewed in the United States on December 17, 2022","These Readers are amazing.  I went to our local drug store and spent $23 on a pair of Foster & Grant readers and wished I would have waited.  The clearness of these Readers for $15 is so much better.  I almost bit on the ""multi pack of 4 readers"" for about the same but as we have all heard ""you get what you pay for"" still applies.  Plus...you have nothing to lose as the free returns if not happy.  Do not think you will want to returnthese tho.",True,Color: Tortoise/AquaMagnification Strength: 2 x,[],58,2004,343,https://www.amazon.com/product-reviews/B01DKHGVVG?pageNumber=6&filterByStar=all_stars&sortBy=helpful&formatType=all_formats,allStars,,"{'price': None, 'listPrice': None}",2022-12-17,United States,,B01DKHGVVG,0.8141
58,58,5,High Quality Readers,R1R9OD7XE36F9Y,https://www.amazon.com/gp/customer-reviews/R1R9OD7XE36F9Y/ref=cm_cr_arp_d_rvw_ttl?ie=UTF8&ASIN=B01DKHGVVG,2 people found this helpful,"Reviewed in the United States on May 19, 2022","I love these! I was struggling to find a pair of 1X readers and hated to have to buy online because I wanted to physically test the fit and quality; but based on other reviews, I took a chance on these. I'm glad I did because the quality of the glass is very good, it has the perfect amount of strength without having blurry edges or spots. The frames are also very pretty and overall they seem to be a step up from the quality of basic store-bought reader glasses. The only negative is that they don't come with a case, so I've had to improvise there. But I would definitely buy this brand again.",True,Color: Tortoise/AquaMagnification Strength: 1 x,[],59,2004,343,https://www.amazon.com/product-reviews/B01DKHGVVG?pageNumber=6&filterByStar=all_stars&sortBy=helpful&formatType=all_formats,allStars,,"{'price': None, 'listPrice': None}",2022-05-19,United States,,B01DKHGVVG,0.9775
59,59,3,WAS SENT A PAIR OF USED GLASSES,R2Y2M0IFOY5TOQ,https://www.amazon.com/gp/customer-reviews/R2Y2M0IFOY5TOQ/ref=cm_cr_arp_d_rvw_ttl?ie=UTF8&ASIN=B01DKHGVVG,4 people found this helpful,"Reviewed in the United States on May 10, 2023","I bought two pairs of glasses. One was brand new; the other was definitely used. The glass lenses are dirty and the frame is stretched out. They came without a zipped plastic case, as the other pair came.I have cleaned them & will keep them. But definitely disappointed that a used pair was sent to me on purpose.",True,Color: Tortoise/AquaMagnification Strength: 2 x,[],60,2004,343,https://www.amazon.com/product-reviews/B01DKHGVVG?pageNumber=6&filterByStar=all_stars&sortBy=helpful&formatType=all_formats,allStars,,"{'price': None, 'listPrice': None}",2023-05-10,United States,,B01DKHGVVG,-0.1779
60,60,2,Not very durable,R1PTKWEBTDEVB5,https://www.amazon.com/gp/customer-reviews/R1PTKWEBTDEVB5/ref=cm_cr_arp_d_rvw_ttl?ie=UTF8&ASIN=B01DKHGVVG,One person found this helpful,"Reviewed in the United States on December 11, 2023",This frame broke after using for only a few weeks. Return window closed. These are more expensive than Foster Grants and not as durable. Cute but not worth it.,True,Color: Gray Tortoise/PinkMagnification Strength: 1.5 x,[],71,2004,343,https://www.amazon.com/product-reviews/B01DKHGVVG?pageNumber=8&filterByStar=all_stars&sortBy=helpful&formatType=all_formats,allStars,,"{'price': None, 'listPrice': None}",2023-12-11,United States,,B01DKHGVVG,-0.492
61,61,3,Nice but a little cheap feeling,R16OM0X1S9MAHG,https://www.amazon.com/gp/customer-reviews/R16OM0X1S9MAHG/ref=cm_cr_arp_d_rvw_ttl?ie=UTF8&ASIN=B01DKHGVVG,3 people found this helpful,"Reviewed in the United States on April 30, 2023",For some reason I have a hard time keeping these glasses clean.  They get smudged easily and are hard to then get clear even with glasses cleaning spray.,True,Color: Gray Tortoise/PinkMagnification Strength: 1.75 x,[],72,2004,343,https://www.amazon.com/product-reviews/B01DKHGVVG?pageNumber=8&filterByStar=all_stars&sortBy=helpful&formatType=all_formats,allStars,,"{'price': None, 'listPrice': None}",2023-04-30,United States,,B01DKHGVVG,0.7096
62,62,5,Stylish,R39MRHISQJRJAI,https://www.amazon.com/gp/customer-reviews/R39MRHISQJRJAI/ref=cm_cr_arp_d_rvw_ttl?ie=UTF8&ASIN=B01DKHGVVG,One person found this helpful,"Reviewed in the United States on July 3, 2023",Not all readers have to be frumpy looking. These aren’t.,True,Color: Tortoise/AquaMagnification Strength: 2.5 x,[],73,2004,343,https://www.amazon.com/product-reviews/B01DKHGVVG?pageNumber=8&filterByStar=all_stars&sortBy=helpful&formatType=all_formats,allStars,,"{'price': None, 'listPrice': None}",2023-07-03,United States,,B01DKHGVVG,0.0
63,63,5,Good value for stylish readers,R6QE1F86FU6LT,https://www.amazon.com/gp/customer-reviews/R6QE1F86FU6LT/ref=cm_cr_arp_d_rvw_ttl?ie=UTF8&ASIN=B01DKHGVVG,2 people found this helpful,"Reviewed in the United States on May 2, 2023","Nice looking, study, comfortable readers at a good price.  I've been buying Peepers for many years; I keep one near every phone.",True,Color: Tortoise/AquaMagnification Strength: 1.5 x,[],74,2004,343,https://www.amazon.com/product-reviews/B01DKHGVVG?pageNumber=8&filterByStar=all_stars&sortBy=helpful&formatType=all_formats,allStars,,"{'price': None, 'listPrice': None}",2023-05-02,United States,,B01DKHGVVG,0.8402
64,64,5,Cleared up my bluriness,R3CSCV2OP2O5ZD,https://www.amazon.com/gp/customer-reviews/R3CSCV2OP2O5ZD/ref=cm_cr_arp_d_rvw_ttl?ie=UTF8&ASIN=B01DKHGVVG,2 people found this helpful,"Reviewed in the United States on October 30, 2022","I've thought for a few weeks that I probably needed to move up in strength to 3.0, but I didn't want a heavy frame. I purchased two pairs labeled for women, and I like them very much. My husband tried on a pair, and they look great on him also. I will be buying more.",True,Color: Tortoise/AquaMagnification Strength: 3 x,[],75,2004,343,https://www.amazon.com/product-reviews/B01DKHGVVG?pageNumber=8&filterByStar=all_stars&sortBy=helpful&formatType=all_formats,allStars,,"{'price': None, 'listPrice': None}",2022-10-30,United States,,B01DKHGVVG,0.8926
65,65,3,I was really loving these glasses,R3M8P2RJEHDQT3,https://www.amazon.com/gp/customer-reviews/R3M8P2RJEHDQT3/ref=cm_cr_arp_d_rvw_ttl?ie=UTF8&ASIN=B01DKHGVVG,2 people found this helpful,"Reviewed in the United States on April 14, 2023","These are really comfortable glasses and they look nice. Then the lense popped out. And it keeps popping out. I really like them, disappointed in quantity.",True,Color: Tortoise/AquaMagnification Strength: 2.25 x,[],76,2004,343,https://www.amazon.com/product-reviews/B01DKHGVVG?pageNumber=8&filterByStar=all_stars&sortBy=helpful&formatType=all_formats,allStars,,"{'price': None, 'listPrice': None}",2023-04-14,United States,,B01DKHGVVG,0.7024
66,66,5,I love these glasses. I now have TWO pair!,R3TDXL557PVNAA,https://www.amazon.com/gp/customer-reviews/R3TDXL557PVNAA/ref=cm_cr_arp_d_rvw_ttl?ie=UTF8&ASIN=B01DKHGVVG,,"Reviewed in the United States on July 1, 2023",Comfortable and durable. I love them!,True,Color: Gray Tortoise/PinkMagnification Strength: 2.5 x,[],77,2004,343,https://www.amazon.com/product-reviews/B01DKHGVVG?pageNumber=8&filterByStar=all_stars&sortBy=helpful&formatType=all_formats,allStars,,"{'price': None, 'listPrice': None}",2023-07-01,United States,,B01DKHGVVG,0.8313
67,67,1,Not as described,R10ONXSQ8035A5,https://www.amazon.com/gp/customer-reviews/R10ONXSQ8035A5/ref=cm_cr_arp_d_rvw_ttl?ie=UTF8&ASIN=B01DKHGVVG,,"Reviewed in the United States on March 30, 2024",These are simply readers. The upper portion is NOT clear. So you still have to take them off or slide down your nose to see distance. This misses the whole point of buying them in the first place.,True,Color: Tortoise/AquaMagnification Strength: 2 x,[],78,2004,343,https://www.amazon.com/product-reviews/B01DKHGVVG?pageNumber=8&filterByStar=all_stars&sortBy=helpful&formatType=all_formats,allStars,,"{'price': None, 'listPrice': None}",2024-03-30,United States,,B01DKHGVVG,-0.4738
68,68,5,my new favorites!,RYXDNUW8VPTKF,https://www.amazon.com/gp/customer-reviews/RYXDNUW8VPTKF/ref=cm_cr_arp_d_rvw_ttl?ie=UTF8&ASIN=B01DKHGVVG,,"Reviewed in the United States on June 29, 2023",these are my new favorite reading glasses!,True,Color: Tortoise/AquaMagnification Strength: 2.75 x,[],79,2004,343,https://www.amazon.com/product-reviews/B01DKHGVVG?pageNumber=8&filterByStar=all_stars&sortBy=helpful&formatType=all_formats,allStars,,"{'price': None, 'listPrice': None}",2023-06-29,United States,,B01DKHGVVG,0.5093
69,69,4,Bigger than I expected,RYWI24HVWLBX0,https://www.amazon.com/gp/customer-reviews/RYWI24HVWLBX0/ref=cm_cr_arp_d_rvw_ttl?ie=UTF8&ASIN=B01DKHGVVG,,"Reviewed in the United States on July 14, 2021",I think Peepers overall or the frames I choose are middle of the road in quality. I do not like cheap or flimsy glasses so prefer them to be sturdy and last. My favorites are Kate Spade but changing magnification so didn't want to spend a lot until I determined which strength I needed. Happy with the fit but they are bigger than I expected. Sturdy enough too!,True,Color: Tortoise/AquaMagnification Strength: 2 x,[],80,2004,343,https://www.amazon.com/product-reviews/B01DKHGVVG?pageNumber=8&filterByStar=all_stars&sortBy=helpful&formatType=all_formats,allStars,,"{'price': None, 'listPrice': None}",2021-07-14,United States,,B01DKHGVVG,0.9589
70,70,5,Love these!!!,R1HM53XCJJERJV,https://www.amazon.com/gp/customer-reviews/R1HM53XCJJERJV/ref=cm_cr_arp_d_rvw_ttl?ie=UTF8&ASIN=B01DKHGVVG,One person found this helpful,"Reviewed in the United States on February 23, 2024",I've been buying cheap readers for a long time.  I decided to splurge a bit and I am so glad I did.  These are much more substantial and seem to stand up to my abuse of them,True,Color: Tortoise/AquaMagnification Strength: 3 x,[],11,2004,343,https://www.amazon.com/product-reviews/B01DKHGVVG?pageNumber=2&filterByStar=all_stars&sortBy=helpful&formatType=all_formats,allStars,,"{'price': None, 'listPrice': None}",2024-02-23,United States,,B01DKHGVVG,0.1924
71,71,5,Love peepers.,R1OBBBX4BMG554,https://www.amazon.com/gp/customer-reviews/R1OBBBX4BMG554/ref=cm_cr_arp_d_rvw_ttl?ie=UTF8&ASIN=B01DKHGVVG,,"Reviewed in the United States on March 16, 2024",Cute. Love peepers brand readers.,True,Color: Gray Tortoise/PinkMagnification Strength: 1.75 x,[],12,2004,343,https://www.amazon.com/product-reviews/B01DKHGVVG?pageNumber=2&filterByStar=all_stars&sortBy=helpful&formatType=all_formats,allStars,,"{'price': None, 'listPrice': None}",2024-03-16,United States,,B01DKHGVVG,0.802
72,72,5,Peepers reading glasses,RYVIFVR296QTN,https://www.amazon.com/gp/customer-reviews/RYVIFVR296QTN/ref=cm_cr_arp_d_rvw_ttl?ie=UTF8&ASIN=B01DKHGVVG,One person found this helpful,"Reviewed in the United States on February 25, 2024",I have several pairs of Peepers and love the colors and fit! They’re high quality and fun to wear!,True,Color: Gray Tortoise/PinkMagnification Strength: 1.5 x,[],13,2004,343,https://www.amazon.com/product-reviews/B01DKHGVVG?pageNumber=2&filterByStar=all_stars&sortBy=helpful&formatType=all_formats,allStars,,"{'price': None, 'listPrice': None}",2024-02-25,United States,,B01DKHGVVG,0.8906
73,73,4,They were great until recently,R2F3VDJ5EN95OI,https://www.amazon.com/gp/customer-reviews/R2F3VDJ5EN95OI/ref=cm_cr_arp_d_rvw_ttl?ie=UTF8&ASIN=B01DKHGVVG,3 people found this helpful,"Reviewed in the United States on December 8, 2023","I have several pairs of these readers and love them.  My mother also tried them recently and thought they were very comfortable, so I came back to order a couple more pairs.  Unfortunately, they must have recently made changes because the glasses are slightly heavier now and not as comfortable (a bit too tight in the temples).  It’s so disappointing and hopefully something they will address.",True,Color: Tortoise/AquaMagnification Strength: 1.25 x,[],14,2004,343,https://www.amazon.com/product-reviews/B01DKHGVVG?pageNumber=2&filterByStar=all_stars&sortBy=helpful&formatType=all_formats,allStars,,"{'price': None, 'listPrice': None}",2023-12-08,United States,,B01DKHGVVG,0.8203
74,74,5,Classic Look,R18R5AFECDRN2L,https://www.amazon.com/gp/customer-reviews/R18R5AFECDRN2L/ref=cm_cr_arp_d_rvw_ttl?ie=UTF8&ASIN=B01DKHGVVG,3 people found this helpful,"Reviewed in the United States on February 18, 2024",Great fit and I’m a bit full-faced. They look great,True,Color: Tortoise/AquaMagnification Strength: 1.25 x,[],15,2004,343,https://www.amazon.com/product-reviews/B01DKHGVVG?pageNumber=2&filterByStar=all_stars&sortBy=helpful&formatType=all_formats,allStars,,"{'price': None, 'listPrice': None}",2024-02-18,United States,,B01DKHGVVG,0.8934
75,75,5,Comfortable fit and clear lenses,R1UI3DNYMW0O7Z,https://www.amazon.com/gp/customer-reviews/R1UI3DNYMW0O7Z/ref=cm_cr_arp_d_rvw_ttl?ie=UTF8&ASIN=B01DKHGVVG,,"Reviewed in the United States on January 19, 2024",I love these glasses and don’t need to get the blue light blocker to see well.I spend 8 hours in front of a computer and wear my glasses.I’ve had them for a month and they seem to be scratch resistant.,True,Color: Tortoise/AquaMagnification Strength: 2 x,[],16,2004,343,https://www.amazon.com/product-reviews/B01DKHGVVG?pageNumber=2&filterByStar=all_stars&sortBy=helpful&formatType=all_formats,allStars,,"{'price': None, 'listPrice': None}",2024-01-19,United States,,B01DKHGVVG,0.6369
76,76,5,Peepers Readers,R39EPMZTW4MVOP,https://www.amazon.com/gp/customer-reviews/R39EPMZTW4MVOP/ref=cm_cr_arp_d_rvw_ttl?ie=UTF8&ASIN=B01DKHGVVG,,"Reviewed in the United States on February 10, 2024","Great quality, fashionable & lightweight",True,Color: Tortoise/AquaMagnification Strength: 2.5 x,[],17,2004,343,https://www.amazon.com/product-reviews/B01DKHGVVG?pageNumber=2&filterByStar=all_stars&sortBy=helpful&formatType=all_formats,allStars,,"{'price': None, 'listPrice': None}",2024-02-10,United States,,B01DKHGVVG,0.6249
77,77,3,Sad,R1YEP466U23AAK,https://www.amazon.com/gp/customer-reviews/R1YEP466U23AAK/ref=cm_cr_arp_d_rvw_ttl?ie=UTF8&ASIN=B01DKHGVVG,2 people found this helpful,"Reviewed in the United States on February 14, 2024","These are the nicest looking, lightest, most comfortable readers I’ve ever owned. That’s why I’ve bothered to replace them 3 times due to breakage. I just can’t anymore. I have to move on. They are incredibly fragile, just know that!",True,Color: Gray Tortoise/PinkMagnification Strength: 2.75 x,['https://m.media-amazon.com/images/I/71zdKc8qHyL._SY88.jpg'],18,2004,343,https://www.amazon.com/product-reviews/B01DKHGVVG?pageNumber=2&filterByStar=all_stars&sortBy=helpful&formatType=all_formats,allStars,,"{'price': None, 'listPrice': None}",2024-02-14,United States,,B01DKHGVVG,0.6989
78,78,5,Best reading glasses,R2IYJ7FS5ELG95,https://www.amazon.com/gp/customer-reviews/R2IYJ7FS5ELG95/ref=cm_cr_arp_d_rvw_ttl?ie=UTF8&ASIN=B01DKHGVVG,,"Reviewed in the United States on February 1, 2024",Glasses are durable and lightweight. I love them!,True,Color: Tortoise/AquaMagnification Strength: 1.75 x,[],19,2004,343,https://www.amazon.com/product-reviews/B01DKHGVVG?pageNumber=2&filterByStar=all_stars&sortBy=helpful&formatType=all_formats,allStars,,"{'price': None, 'listPrice': None}",2024-02-01,United States,,B01DKHGVVG,0.6696
79,79,3,Loved these until they broke,R1V5EF0ZVF84XM,https://www.amazon.com/gp/customer-reviews/R1V5EF0ZVF84XM/ref=cm_cr_arp_d_rvw_ttl?ie=UTF8&ASIN=B01DKHGVVG,,"Reviewed in the United States on January 6, 2024","Bought these on Oct 27 and they broke on January 4 so I didn't have them very long. Unfortunate since I really liked them and they had the 1.25 reading magnification that a lot of other companies don't carry. However, I can't buy them again if they are just going to break. The frame broke around the lense so the lense pops out. Too bad.",True,Color: Tortoise/AquaMagnification Strength: 1.25 x,[],20,2004,343,https://www.amazon.com/product-reviews/B01DKHGVVG?pageNumber=2&filterByStar=all_stars&sortBy=helpful&formatType=all_formats,allStars,,"{'price': None, 'listPrice': None}",2024-01-06,United States,,B01DKHGVVG,-0.8066
80,80,5,Comfortable fit and stylish,R1UK90TM6F7E61,https://www.amazon.com/gp/customer-reviews/R1UK90TM6F7E61/ref=cm_cr_arp_d_rvw_ttl?ie=UTF8&ASIN=B01DKHGVVG,,"Reviewed in the United States on June 28, 2022","I am replacing all my older readers with Peepers.  They have consistently been  the most comfortable pair of glasses I've worn.  Lightweight, easy on nose, great style,  and extremely comfortable over the ears.  They have all been sturdy and well made.  If you tend to have a little wider nose bridge, these are definitely for you!",True,Color: Tortoise/AquaMagnification Strength: 2.75 x,[],81,2004,343,https://www.amazon.com/product-reviews/B01DKHGVVG?pageNumber=9&filterByStar=all_stars&sortBy=helpful&formatType=all_formats,allStars,,"{'price': None, 'listPrice': None}",2022-06-28,United States,,B01DKHGVVG,0.9522
81,81,2,poor optical quality,R1NACO569Q6ZF4,https://www.amazon.com/gp/customer-reviews/R1NACO569Q6ZF4/ref=cm_cr_arp_d_rvw_ttl?ie=UTF8&ASIN=B01DKHGVVG,One person found this helpful,"Reviewed in the United States on December 10, 2023","Unlike previous purchase of this brand, these specs have poor optical quality, causing eye strain. Won't buy peepers again.",True,Color: Gray Tortoise/PinkMagnification Strength: 1.5 x,[],82,2004,343,https://www.amazon.com/product-reviews/B01DKHGVVG?pageNumber=9&filterByStar=all_stars&sortBy=helpful&formatType=all_formats,allStars,,"{'price': None, 'listPrice': None}",2023-12-10,United States,,B01DKHGVVG,-0.5106
82,82,5,Great looking and quality glasses,R3LOUM5VHT6UC7,https://www.amazon.com/gp/customer-reviews/R3LOUM5VHT6UC7/ref=cm_cr_arp_d_rvw_ttl?ie=UTF8&ASIN=B01DKHGVVG,,"Reviewed in the United States on July 23, 2023",Love this glasses!,True,Color: Tortoise/AquaMagnification Strength: 1.25 x,[],83,2004,343,https://www.amazon.com/product-reviews/B01DKHGVVG?pageNumber=9&filterByStar=all_stars&sortBy=helpful&formatType=all_formats,allStars,,"{'price': None, 'listPrice': None}",2023-07-23,United States,,B01DKHGVVG,0.6696
83,83,1,Used--Smudged-Scratched,R39QBDSBKGF2HF,https://www.amazon.com/gp/customer-reviews/R39QBDSBKGF2HF/ref=cm_cr_arp_d_rvw_ttl?ie=UTF8&ASIN=B01DKHGVVG,,"Reviewed in the United States on March 30, 2024","The glasses in addition to being different than described--absolutely no pink color (and I have bought these before and they were pink), were used.  They were smudged and scratched.  They were disgusting.",True,Color: Gray Tortoise/PinkMagnification Strength: 2 x,[],84,2004,343,https://www.amazon.com/product-reviews/B01DKHGVVG?pageNumber=9&filterByStar=all_stars&sortBy=helpful&formatType=all_formats,allStars,,"{'price': None, 'listPrice': None}",2024-03-30,United States,,B01DKHGVVG,-0.6808
84,84,5,Peepers are my favorite readers,R32BAPP4BTX6PK,https://www.amazon.com/gp/customer-reviews/R32BAPP4BTX6PK/ref=cm_cr_arp_d_rvw_ttl?ie=UTF8&ASIN=B01DKHGVVG,3 people found this helpful,"Reviewed in the United States on March 11, 2023","Peepers are well made which is a real plus for readers that are frequently on and off. They take a beating, but hold up well",True,Color: Gray Tortoise/PinkMagnification Strength: 2.75 x,[],85,2004,343,https://www.amazon.com/product-reviews/B01DKHGVVG?pageNumber=9&filterByStar=all_stars&sortBy=helpful&formatType=all_formats,allStars,,"{'price': None, 'listPrice': None}",2023-03-11,United States,,B01DKHGVVG,0.296
85,85,5,Great!,RZH6BE9AY6P6V,https://www.amazon.com/gp/customer-reviews/RZH6BE9AY6P6V/ref=cm_cr_arp_d_rvw_ttl?ie=UTF8&ASIN=B01DKHGVVG,,"Reviewed in the United States on June 8, 2023","Perfect fit, light and comfortable readers.",True,Color: Tortoise/AquaMagnification Strength: 2.25 x,[],86,2004,343,https://www.amazon.com/product-reviews/B01DKHGVVG?pageNumber=9&filterByStar=all_stars&sortBy=helpful&formatType=all_formats,allStars,,"{'price': None, 'listPrice': None}",2023-06-08,United States,,B01DKHGVVG,0.8591
86,86,5,Peeper glasses are great and have attractive designs!,R2SKYPYVMDNP5U,https://www.amazon.com/gp/customer-reviews/R2SKYPYVMDNP5U/ref=cm_cr_arp_d_rvw_ttl?ie=UTF8&ASIN=B01DKHGVVG,,"Reviewed in the United States on May 21, 2023",Peeper glasses are great and have attractive designs!,True,Color: Gray Tortoise/PinkMagnification Strength: 3 x,[],87,2004,343,https://www.amazon.com/product-reviews/B01DKHGVVG?pageNumber=9&filterByStar=all_stars&sortBy=helpful&formatType=all_formats,allStars,,"{'price': None, 'listPrice': None}",2023-05-21,United States,,B01DKHGVVG,0.807
87,87,1,Total Disappointment,R24BQXPUFPO2SK,https://www.amazon.com/gp/customer-reviews/R24BQXPUFPO2SK/ref=cm_cr_arp_d_rvw_ttl?ie=UTF8&ASIN=B01DKHGVVG,,"Reviewed in the United States on March 29, 2024",I am very easy on all my glasses have many pairs  Rarely have had any break. The actual frame  broke on these . Just cracked for no reason.,True,Color: Gray Tortoise/PinkMagnification Strength: 3 x,[],88,2004,343,https://www.amazon.com/product-reviews/B01DKHGVVG?pageNumber=9&filterByStar=all_stars&sortBy=helpful&formatType=all_formats,allStars,,"{'price': None, 'listPrice': None}",2024-03-29,United States,,B01DKHGVVG,-0.204
88,88,5,Beautifully made. Crystal clear lens.,R1OJRLWC0VPVC0,https://www.amazon.com/gp/customer-reviews/R1OJRLWC0VPVC0/ref=cm_cr_arp_d_rvw_ttl?ie=UTF8&ASIN=B01DKHGVVG,,"Reviewed in the United States on January 28, 2023",Best readers I have used for the past few years!  I have 2 pairs and want to get more for fear they will become hard to find in the future!,True,Color: Tortoise/AquaMagnification Strength: 2.75 x,[],89,2004,343,https://www.amazon.com/product-reviews/B01DKHGVVG?pageNumber=9&filterByStar=all_stars&sortBy=helpful&formatType=all_formats,allStars,,"{'price': None, 'listPrice': None}",2023-01-28,United States,,B01DKHGVVG,0.2972
89,89,4,Good  glasses,RR82PY0HAAOJI,https://www.amazon.com/gp/customer-reviews/RR82PY0HAAOJI/ref=cm_cr_arp_d_rvw_ttl?ie=UTF8&ASIN=B01DKHGVVG,,"Reviewed in the United States on February 20, 2022",These glasses were very nice and I would buy from peepers again. I wish some of their glasses weren’t price so high. Also the packaging was poor. I’m glad to didn’t break in transition.,True,Color: Tortoise/AquaMagnification Strength: 3 x,[],90,2004,343,https://www.amazon.com/product-reviews/B01DKHGVVG?pageNumber=9&filterByStar=all_stars&sortBy=helpful&formatType=all_formats,allStars,,"{'price': None, 'listPrice': None}",2022-02-20,United States,,B01DKHGVVG,0.6901
