,Unnamed: 0,ratingScore,reviewTitle,reviewId,reviewUrl,reviewReaction,reviewedIn,reviewDescription,isVerified,variant,reviewImages,position,totalCategoryRatings,totalCategoryReviews,reviewCategoryUrl,filterByRating,filterByKeyword,product,date,country,countryCode,productAsin,sentiment_score
0,0,5,Almost perfect,R3OU0AAZPPLRRN,https://www.amazon.com/gp/customer-reviews/R3OU0AAZPPLRRN/ref=cm_cr_arp_d_rvw_ttl?ie=UTF8&ASIN=B01N2G8WRN,3 people found this helpful,"Reviewed in the United States on January 14, 2024","Great value, well made with spring hinges, and conveniently these glasses don't care which side folds first.  Excellent optical design.  Cheap readers often distort peripheral vision, but these lenses have no discernable distortions, which is outstanding at this price point.  The cloth bags provided are a welcome addition.  Maybe these won't get scratched up like the glasses they are replacing.  The only negative is the edges of the lenses are not beveled or chamfered. The corners are sharp and quickly irritate any skin they touch.  This is only a problem when worn low on the nose to look over the glasses.  They're very comfortable when worn properly.",True,Color: 09h - 3 GoldMagnification Strength: 1.75 x,[],1,10911,1905,https://www.amazon.com/product-reviews/B01N2G8WRN?pageNumber=1&filterByStar=all_stars&sortBy=helpful&formatType=all_formats,allStars,,"{'price': None, 'listPrice': None}",2024-01-14,United States,,B01N2G8WRN,0.1219
1,1,5,"good lenses, sharp images",R33PH5WUXGZZG8,https://www.amazon.com/gp/customer-reviews/R33PH5WUXGZZG8/ref=cm_cr_arp_d_rvw_ttl?ie=UTF8&ASIN=B01N2G8WRN,,"Reviewed in the United States on January 23, 2024","I ordered 3.25 magnification, which I cannot get locally off prescription.  For $20, I got three pair and they are very well made and wearable.  I waited for months to make this review.  Now I can say with confidence that this was an excellent investment, they get a lot of use, are still in great shape, and continue to do a great job for me.  I really appreciate the work of this company.",True,Color: 09h-3 GunmetalMagnification Strength: 3.25 x,[],2,10911,1905,https://www.amazon.com/product-reviews/B01N2G8WRN?pageNumber=1&filterByStar=all_stars&sortBy=helpful&formatType=all_formats,allStars,,"{'price': None, 'listPrice': None}",2024-01-23,United States,,B01N2G8WRN,0.9705
2,2,4,QUALITY,R1U5M9JCIP6E6W,https://www.amazon.com/gp/customer-reviews/R1U5M9JCIP6E6W/ref=cm_cr_arp_d_rvw_ttl?ie=UTF8&ASIN=B01N2G8WRN,,"Reviewed in the United States on March 10, 2024","I've been using frameless readers because I like the look.  Unfortunately the frameless are delicate and don't last a year even with great care. Screws always loosen up and easily break if I try to to tighten.These glasses are well built and MUCH sturdier.  I can see these lasting a lot longer.  These will get replaced when I scratch the lens, NOT when the frames break.Added bonus - while I don't find them particularly stylish, the wife says they look better than the frameless.",True,Color: 09h-3 GunmetalMagnification Strength: 1.75 x,[],3,10911,1905,https://www.amazon.com/product-reviews/B01N2G8WRN?pageNumber=1&filterByStar=all_stars&sortBy=helpful&formatType=all_formats,allStars,,"{'price': None, 'listPrice': None}",2024-03-10,United States,,B01N2G8WRN,0.9477
3,3,5,Sturdy and well made.,RLKYULZW9XI8L,https://www.amazon.com/gp/customer-reviews/RLKYULZW9XI8L/ref=cm_cr_arp_d_rvw_ttl?ie=UTF8&ASIN=B01N2G8WRN,,"Reviewed in the United States on April 1, 2024","This is the best pair of reading glasses I've ever had -- and certainly way better than you'll get in a ""dollar"" store. There's no waving lines at the bottom of the text when reading, their coating is very effective and nearly smudge-proof, and I am extremely pleased with them. Worth the money.",True,Color: 09h-3 GunmetalMagnification Strength: 2.75 x,[],4,10911,1905,https://www.amazon.com/product-reviews/B01N2G8WRN?pageNumber=1&filterByStar=all_stars&sortBy=helpful&formatType=all_formats,allStars,,"{'price': None, 'listPrice': None}",2024-04-01,United States,,B01N2G8WRN,0.9412
4,4,5,Very well made,R90K9LCRAPLDB,https://www.amazon.com/gp/customer-reviews/R90K9LCRAPLDB/ref=cm_cr_arp_d_rvw_ttl?ie=UTF8&ASIN=B01N2G8WRN,,"Reviewed in the United States on February 10, 2024","I've bought many different readers,  these are the best made at this price point. No complaints,  very good optics,  and durable.",True,Color: 09h-3 GunmetalMagnification Strength: 2.0 x,[],5,10911,1905,https://www.amazon.com/product-reviews/B01N2G8WRN?pageNumber=1&filterByStar=all_stars&sortBy=helpful&formatType=all_formats,allStars,,"{'price': None, 'listPrice': None}",2024-02-10,United States,,B01N2G8WRN,0.5413
5,5,3,A little flimsy,R33FQKVOW6Q9LD,https://www.amazon.com/gp/customer-reviews/R33FQKVOW6Q9LD/ref=cm_cr_arp_d_rvw_ttl?ie=UTF8&ASIN=B01N2G8WRN,,"Reviewed in the United States on December 26, 2023","I'm sure I got what I paid for...cheap readers cheaply made. the lenses are fine, but I find myself grabbing a new pair every few days.",True,Color: 09h-3 GunmetalMagnification Strength: 2.5 x,[],6,10911,1905,https://www.amazon.com/product-reviews/B01N2G8WRN?pageNumber=1&filterByStar=all_stars&sortBy=helpful&formatType=all_formats,allStars,,"{'price': None, 'listPrice': None}",2023-12-26,United States,,B01N2G8WRN,0.2617
6,6,5,Great deal for the price!,R3SX0ONQ1UJNTQ,https://www.amazon.com/gp/customer-reviews/R3SX0ONQ1UJNTQ/ref=cm_cr_arp_d_rvw_ttl?ie=UTF8&ASIN=B01N2G8WRN,,"Reviewed in the United States on January 22, 2024","Got the 3-pack of glasses today and am very satisfied with them.  They seem to be equivalent to what I've gotten at the optometrist in the past.  They are lightweight and the nosepiece fits comfortably.  At this price they are a great bargain.  Oh, and the optics are very good.  No distortion at all angles.",True,Color: 09h-3 GunmetalMagnification Strength: 1.5 x,[],7,10911,1905,https://www.amazon.com/product-reviews/B01N2G8WRN?pageNumber=1&filterByStar=all_stars&sortBy=helpful&formatType=all_formats,allStars,,"{'price': None, 'listPrice': None}",2024-01-22,United States,,B01N2G8WRN,0.9101
7,7,5,Great eyeglasses,R3LX95EQVB6FHZ,https://www.amazon.com/gp/customer-reviews/R3LX95EQVB6FHZ/ref=cm_cr_arp_d_rvw_ttl?ie=UTF8&ASIN=B01N2G8WRN,,"Reviewed in the United States on February 18, 2024",3.0 gun metal readers are good fitting.Not to flimsy and has a good amount of lense.Comes with cloth cases. Ordered more to keep a stock pile of because he is rough on his readers.My fsa also covered the cost. Don’t forget you can use fsa on Amazon purchases too as long as the qualify with your insurance.I just do fsa purchases by themselves from other items.Hope this helps,True,Color: 09h-3 GunmetalMagnification Strength: 3.0 x,[],8,10911,1905,https://www.amazon.com/product-reviews/B01N2G8WRN?pageNumber=1&filterByStar=all_stars&sortBy=helpful&formatType=all_formats,allStars,,"{'price': None, 'listPrice': None}",2024-02-18,United States,,B01N2G8WRN,0.7351
8,8,4,"For the price, these are fine. Just fine.",R3O4N5SW0JGFOT,https://www.amazon.com/gp/customer-reviews/R3O4N5SW0JGFOT/ref=cm_cr_arp_d_rvw_ttl?ie=UTF8&ASIN=B01N2G8WRN,,"Reviewed in the United States on April 4, 2024","That headline can be read in at least two way.Let me explain. These help me read. They are not scratch resistant. AT ALL. They scuff if you look at them. But they are comfortable. They are also not sturdy. You make a mistake, these things do what they want. What do I mean? A glass will pop out without seemingly being provoked to do so. But provocations? Oh, no. You bend it the wrong way. It breaks. You try to incorrectly, but gently, bend it in the slightest of wrong directions? That's it.Not great quality. But good enough for the price.",True,Color: 09h-3 GunmetalMagnification Strength: 2.75 x,[],9,10911,1905,https://www.amazon.com/product-reviews/B01N2G8WRN?pageNumber=1&filterByStar=all_stars&sortBy=helpful&formatType=all_formats,allStars,,"{'price': None, 'listPrice': None}",2024-04-04,United States,,B01N2G8WRN,0.8693
9,9,4,Narrow lenses,R1C85A5I7990ZQ,https://www.amazon.com/gp/customer-reviews/R1C85A5I7990ZQ/ref=cm_cr_arp_d_rvw_ttl?ie=UTF8&ASIN=B01N2G8WRN,,"Reviewed in the United States on March 31, 2024","The quality is good, but the lenses are a bit narrow. When the glasses are at the usual position on the nose, the bottoms of the lenses are near the center of vision. I have to put them low on my nose to avoid this. The lenses are a bit too square, the bottom corners tend to dig into my nose.",True,Color: 09h-3 SilverMagnification Strength: 1.25 x,[],10,10911,1905,https://www.amazon.com/product-reviews/B01N2G8WRN?pageNumber=1&filterByStar=all_stars&sortBy=helpful&formatType=all_formats,allStars,,"{'price': None, 'listPrice': None}",2024-03-31,United States,,B01N2G8WRN,-0.25
10,10,5,Excellent reading assistance,R27SG8ACYJC0JN,https://www.amazon.com/gp/customer-reviews/R27SG8ACYJC0JN/ref=cm_cr_arp_d_rvw_ttl?ie=UTF8&ASIN=B01N2G8WRN,3 people found this helpful,"Reviewed in the United States on July 21, 2023","As we get older, it has become more difficult for us to read the small print. These glasses are strong. They provide the assistance we need. With three, my wife and I both benefit from the purchase. They are a lot less expensive than the ones we can pick up in the store --and a lot more powerful. In the original purchase, one of the temples was broken. The supplier kindly exchanged them quickly at no charge. Great service!",True,Color: 09h-3 GunmetalMagnification Strength: 4.0 x,[],71,10911,1905,https://www.amazon.com/product-reviews/B01N2G8WRN?pageNumber=8&filterByStar=all_stars&sortBy=helpful&formatType=all_formats,allStars,,"{'price': None, 'listPrice': None}",2023-07-21,United States,,B01N2G8WRN,0.9041
11,11,5,Great price,R1OZLSAE67PJSB,https://www.amazon.com/gp/customer-reviews/R1OZLSAE67PJSB/ref=cm_cr_arp_d_rvw_ttl?ie=UTF8&ASIN=B01N2G8WRN,,"Reviewed in the United States on December 11, 2023",Just what I needed,True,Color: 09h-3 SilverMagnification Strength: 2.25 x,[],72,10911,1905,https://www.amazon.com/product-reviews/B01N2G8WRN?pageNumber=8&filterByStar=all_stars&sortBy=helpful&formatType=all_formats,allStars,,"{'price': None, 'listPrice': None}",2023-12-11,United States,,B01N2G8WRN,0.0
12,12,4,Very good quality and clarity,R3T3ANEZ9UBV1V,https://www.amazon.com/gp/customer-reviews/R3T3ANEZ9UBV1V/ref=cm_cr_arp_d_rvw_ttl?ie=UTF8&ASIN=B01N2G8WRN,2 people found this helpful,"Reviewed in the United States on May 14, 2023","These are much better than off-the-rack dollar store readers. They are well-made, a great shape for looking up and over in the distance, and the clarity of the lenses is far superior. A good value, for sure.",True,Color: 09h - 3 GoldMagnification Strength: 3.0 x,[],73,10911,1905,https://www.amazon.com/product-reviews/B01N2G8WRN?pageNumber=8&filterByStar=all_stars&sortBy=helpful&formatType=all_formats,allStars,,"{'price': None, 'listPrice': None}",2023-05-14,United States,,B01N2G8WRN,0.9628
13,13,5,Glasses,R1SBWZIA4GLBSV,https://www.amazon.com/gp/customer-reviews/R1SBWZIA4GLBSV/ref=cm_cr_arp_d_rvw_ttl?ie=UTF8&ASIN=B01N2G8WRN,,"Reviewed in the United States on December 14, 2023",Perfect,True,Color: 09h-1 GunmetalMagnification Strength: 1.0 x,[],74,10911,1905,https://www.amazon.com/product-reviews/B01N2G8WRN?pageNumber=8&filterByStar=all_stars&sortBy=helpful&formatType=all_formats,allStars,,"{'price': None, 'listPrice': None}",2023-12-14,United States,,B01N2G8WRN,0.5719
14,14,4,really decent glasses,R2VBSM8M7PUVTY,https://www.amazon.com/gp/customer-reviews/R2VBSM8M7PUVTY/ref=cm_cr_arp_d_rvw_ttl?ie=UTF8&ASIN=B01N2G8WRN,2 people found this helpful,"Reviewed in the United States on March 2, 2023","Glasses are of good quality. Nice sturdy frames, excellent springs, lenses are nice and clear. Full disclosure I had to make them fit my head as they squeezed a little too much on my temples. Once I bent them so they weren't squeezing my head, they worked great.. really like them. Good value for the price for sure.",True,Color: 09h-3 GunmetalMagnification Strength: 4.0 x,[],75,10911,1905,https://www.amazon.com/product-reviews/B01N2G8WRN?pageNumber=8&filterByStar=all_stars&sortBy=helpful&formatType=all_formats,allStars,,"{'price': None, 'listPrice': None}",2023-03-02,United States,,B01N2G8WRN,0.9775
15,15,5,Glasses,R2IADPCQQ3BO7N,https://www.amazon.com/gp/customer-reviews/R2IADPCQQ3BO7N/ref=cm_cr_arp_d_rvw_ttl?ie=UTF8&ASIN=B01N2G8WRN,,"Reviewed in the United States on December 3, 2023",Works well,True,Color: 09h-3 GunmetalMagnification Strength: 2.5 x,[],76,10911,1905,https://www.amazon.com/product-reviews/B01N2G8WRN?pageNumber=8&filterByStar=all_stars&sortBy=helpful&formatType=all_formats,allStars,,"{'price': None, 'listPrice': None}",2023-12-03,United States,,B01N2G8WRN,0.2732
16,16,5,Best readers ever!,R1YRL8WQZPVUME,https://www.amazon.com/gp/customer-reviews/R1YRL8WQZPVUME/ref=cm_cr_arp_d_rvw_ttl?ie=UTF8&ASIN=B01N2G8WRN,,"Reviewed in the United States on October 19, 2023",These readers are very well made.  Solid and strong.  Love that cases were included.  Perfect to throw in your car or purse.,True,Color: 09h-3 GunmetalMagnification Strength: 2.75 x,[],77,10911,1905,https://www.amazon.com/product-reviews/B01N2G8WRN?pageNumber=8&filterByStar=all_stars&sortBy=helpful&formatType=all_formats,allStars,,"{'price': None, 'listPrice': None}",2023-10-19,United States,,B01N2G8WRN,0.9377
17,17,5,great reading glasses at a great price,R2MW33NA1IMG0N,https://www.amazon.com/gp/customer-reviews/R2MW33NA1IMG0N/ref=cm_cr_arp_d_rvw_ttl?ie=UTF8&ASIN=B01N2G8WRN,,"Reviewed in the United States on August 7, 2023","I am generally tough on my reading glasses and tend to go through them rapidly.  This is a great deal on great glasses that look stylish and are durable.  The packaging was top notch and I like that the value is so good, I don't mind it when I destroy a pair.",True,Color: 09h-3 GunmetalMagnification Strength: 1.75 x,[],78,10911,1905,https://www.amazon.com/product-reviews/B01N2G8WRN?pageNumber=8&filterByStar=all_stars&sortBy=helpful&formatType=all_formats,allStars,,"{'price': None, 'listPrice': None}",2023-08-07,United States,,B01N2G8WRN,0.92
18,18,5,Quality reading glasses,R2NJS46WYTZQD8,https://www.amazon.com/gp/customer-reviews/R2NJS46WYTZQD8/ref=cm_cr_arp_d_rvw_ttl?ie=UTF8&ASIN=B01N2G8WRN,,"Reviewed in the United States on September 28, 2023","I was leary about ordering glasses over the internet. However, they are great. High quality and can read much better with them than other glasses I have purchased. Very happy with them.",True,Color: 09h-3 GunmetalMagnification Strength: 4.0 x,[],79,10911,1905,https://www.amazon.com/product-reviews/B01N2G8WRN?pageNumber=8&filterByStar=all_stars&sortBy=helpful&formatType=all_formats,allStars,,"{'price': None, 'listPrice': None}",2023-09-28,United States,,B01N2G8WRN,0.8999
19,19,5,comfort and durable,RDO96WGNA71PS,https://www.amazon.com/gp/customer-reviews/RDO96WGNA71PS/ref=cm_cr_arp_d_rvw_ttl?ie=UTF8&ASIN=B01N2G8WRN,,"Reviewed in the United States on November 5, 2023",Ordered them before but kept on loosing them.  They were excellent.,True,Color: 09h-3 GunmetalMagnification Strength: 4.0 x,[],80,10911,1905,https://www.amazon.com/product-reviews/B01N2G8WRN?pageNumber=8&filterByStar=all_stars&sortBy=helpful&formatType=all_formats,allStars,,"{'price': None, 'listPrice': None}",2023-11-05,United States,,B01N2G8WRN,0.7227
20,20,5,Great value!,R3272QDC23R5V1,https://www.amazon.com/gp/customer-reviews/R3272QDC23R5V1/ref=cm_cr_arp_d_rvw_ttl?ie=UTF8&ASIN=B01N2G8WRN,,"Reviewed in the United States on October 14, 2023","My husband uses 2.0 readers and left his one pair where the puppy could destroy them.  I ordered these for him, all in gunmetal.  They arrived on time and are perfect - one for the car, one for his home desk and one in the bedroom.  As usual, Amazon delivers!",True,Color: 09h-3 GunmetalMagnification Strength: 2.0 x,[],61,10911,1905,https://www.amazon.com/product-reviews/B01N2G8WRN?pageNumber=7&filterByStar=all_stars&sortBy=helpful&formatType=all_formats,allStars,,"{'price': None, 'listPrice': None}",2023-10-14,United States,,B01N2G8WRN,0.2942
21,21,3,Fully Acceptable,R38050J16AMU4O,https://www.amazon.com/gp/customer-reviews/R38050J16AMU4O/ref=cm_cr_arp_d_rvw_ttl?ie=UTF8&ASIN=B01N2G8WRN,,"Reviewed in the United States on January 12, 2024",These readers are entirely adequate.,True,Color: 09h-3 GunmetalMagnification Strength: 2.5 x,[],62,10911,1905,https://www.amazon.com/product-reviews/B01N2G8WRN?pageNumber=7&filterByStar=all_stars&sortBy=helpful&formatType=all_formats,allStars,,"{'price': None, 'listPrice': None}",2024-01-12,United States,,B01N2G8WRN,0.2944
22,22,5,sturdy reading glasses,R21TAMUII5I0X6,https://www.amazon.com/gp/customer-reviews/R21TAMUII5I0X6/ref=cm_cr_arp_d_rvw_ttl?ie=UTF8&ASIN=B01N2G8WRN,,"Reviewed in the United States on November 17, 2023","These are well made and sturdy.  I wanted more durable reading glasses than many of these are with plastic frames.  These are good metal frames, well made.  Would purchase again.",True,Color: 09h-3 GunmetalMagnification Strength: 1.5 x,[],63,10911,1905,https://www.amazon.com/product-reviews/B01N2G8WRN?pageNumber=7&filterByStar=all_stars&sortBy=helpful&formatType=all_formats,allStars,,"{'price': None, 'listPrice': None}",2023-11-17,United States,,B01N2G8WRN,0.7269
23,23,5,Great glasses!,R34T4KMPAXP0QM,https://www.amazon.com/gp/customer-reviews/R34T4KMPAXP0QM/ref=cm_cr_arp_d_rvw_ttl?ie=UTF8&ASIN=B01N2G8WRN,,"Reviewed in the United States on November 15, 2023",The price was right. They are durable. Nice to get three pairs incase I lose a pair. I can see perfectly with them. I got them for close up. I highly recommend them.,True,Color: 09h-3 SilverMagnification Strength: 4.0 x,[],64,10911,1905,https://www.amazon.com/product-reviews/B01N2G8WRN?pageNumber=7&filterByStar=all_stars&sortBy=helpful&formatType=all_formats,allStars,,"{'price': None, 'listPrice': None}",2023-11-15,United States,,B01N2G8WRN,0.796
24,24,3,Not the greatest,R34O0YI4Q4NTXC,https://www.amazon.com/gp/customer-reviews/R34O0YI4Q4NTXC/ref=cm_cr_arp_d_rvw_ttl?ie=UTF8&ASIN=B01N2G8WRN,One person found this helpful,"Reviewed in the United States on October 9, 2023","The frames are small, almost child sized.  The hinges have a spring feature that allows them to work on a larger face anyway.  The optical clarity is not good, it almost feels like I’m looking through a light fog, and the lenses are easily scratched.  These have affirmed what I already suspected, that I need reading glasses now.  But the low quality of these is not what I am looking for.  You won’t find a better value for the price I suppose.",True,Color: 09h-3 GunmetalMagnification Strength: 1.0 x,[],65,10911,1905,https://www.amazon.com/product-reviews/B01N2G8WRN?pageNumber=7&filterByStar=all_stars&sortBy=helpful&formatType=all_formats,allStars,,"{'price': None, 'listPrice': None}",2023-10-09,United States,,B01N2G8WRN,0.7436
25,25,3,Not very strong,R20YKDMQMTDK8W,https://www.amazon.com/gp/customer-reviews/R20YKDMQMTDK8W/ref=cm_cr_arp_d_rvw_ttl?ie=UTF8&ASIN=B01N2G8WRN,,"Reviewed in the United States on January 8, 2024",Broken,True,Color: 09h-3 GunmetalMagnification Strength: 4.0 x,[],66,10911,1905,https://www.amazon.com/product-reviews/B01N2G8WRN?pageNumber=7&filterByStar=all_stars&sortBy=helpful&formatType=all_formats,allStars,,"{'price': None, 'listPrice': None}",2024-01-08,United States,,B01N2G8WRN,-0.4767
26,26,5,Didn’t see this coming,R34MP4KWQ1DVPW,https://www.amazon.com/gp/customer-reviews/R34MP4KWQ1DVPW/ref=cm_cr_arp_d_rvw_ttl?ie=UTF8&ASIN=B01N2G8WRN,4 people found this helpful,"Reviewed in the United States on October 14, 2023","I couldn’t see very well to open the package, but once I got some help, it was great. The glasses make it much easier to open new packages since I can see clearly now. Plus, the rain is gone.",True,Color: 09h-3 GunmetalMagnification Strength: 1.0 x,[],67,10911,1905,https://www.amazon.com/product-reviews/B01N2G8WRN?pageNumber=7&filterByStar=all_stars&sortBy=helpful&formatType=all_formats,allStars,,"{'price': None, 'listPrice': None}",2023-10-14,United States,,B01N2G8WRN,0.9592
27,27,4,Basic reading glasses,R2RNJKSKIJOYHL,https://www.amazon.com/gp/customer-reviews/R2RNJKSKIJOYHL/ref=cm_cr_arp_d_rvw_ttl?ie=UTF8&ASIN=B01N2G8WRN,One person found this helpful,"Reviewed in the United States on December 29, 2022","I’ve noticed that as the numbers in my age go up, so too does the numbers of my reading prescription.  I’m no longer 55, and my diopter is no longer 2.0.  At 67, it's 3.75— and at this rate I’ll max out at 70 with the 4.0s— and after that I’ll have to buy the expensive ones from the optometrist.Still, that day hasn’t arrived, and I’m grateful, given how frequently I lose these.  This way they’re still cheap for a few more years!",True,Color: 09h-3 GunmetalMagnification Strength: 3.75 x,[],68,10911,1905,https://www.amazon.com/product-reviews/B01N2G8WRN?pageNumber=7&filterByStar=all_stars&sortBy=helpful&formatType=all_formats,allStars,,"{'price': None, 'listPrice': None}",2022-12-29,United States,,B01N2G8WRN,-0.5255
28,28,5,Excellent,RX5KPTNTYRF6A,https://www.amazon.com/gp/customer-reviews/RX5KPTNTYRF6A/ref=cm_cr_arp_d_rvw_ttl?ie=UTF8&ASIN=B01N2G8WRN,53 people found this helpful,"Reviewed in the United States on October 26, 2018","I've always purchased my glasses at local retailers and the strongest magnification I can find is 3.25, but TruVision offers every magnification anyone could ever want.  Every pair of glasses I've bought in the past from local stores didn't very last long, are cheaply made, and break or scratch easily. Well, I'm so glad I found these TruVision glasses on Amazon.  First, they're packed in a nice box and each pair (I bought a 3-pack) has it's own soft case. Nice touch. The first thing I noticed upon opening was the nice weight and feel of high quality, strong glasses - and I was very surprised. They felt nothing like the cheap glasses I've been buying at my local dollar store or grocer. When I put them on they fit immediately.  I didn't have to bend them or make huge adjustments. They also grip my face well and don't slip. Most importantly, almost every off-the-shelf pair of I've bought in the past has an area of imperfection right around the edges of the lens that causes a blurred, ""googly eye"" effect when looking out of the very edges of the glass.. But these TurVisions are crystal clear the entire length and width of the lens right to the very edges. I love the design & style too. Most every pair I've bought in the past are bent incorrectly and not to my liking. They always seem to have an ""up-curve"" bend from the middle of the frame that reminds me of an outdated 60's or 70's look and I have to bend them down so the lenses appear straight across at the tops and look decent. These TruVisions, however,  are the complete opposite. They were ready to go out of the box. The rims / lenses are designed to be straight across the tops, offering a modern, sleek, low profile look with no bending or adjustments needed.. Will definitely buy again no doubt.",True,Color: 09h-3 GunmetalMagnification Strength: 3.5 x,[],69,10911,1905,https://www.amazon.com/product-reviews/B01N2G8WRN?pageNumber=7&filterByStar=all_stars&sortBy=helpful&formatType=all_formats,allStars,,"{'price': None, 'listPrice': None}",2018-10-26,United States,,B01N2G8WRN,0.9954
29,29,5,I can see clearly now the Blur is gone,RM4MNCKB6VZSR,https://www.amazon.com/gp/customer-reviews/RM4MNCKB6VZSR/ref=cm_cr_arp_d_rvw_ttl?ie=UTF8&ASIN=B01N2G8WRN,5 people found this helpful,"Reviewed in the United States on June 11, 2023","So many good things about these glasses. Price point, the look, the lightness, the spring points on the frame corners. In the past every time I buy glasses they break at the folding points. These classes have a unique spring point so they have give for my oversized head. Funny but true. They also come individually wrapped in a cloth pouch with tie strings. I’ve been wearing the first pair and a set of three for two months now they’re not going to break it anytime soon and they’re very comfortable. I recommend these glasses.",True,Color: 09h-3 GunmetalMagnification Strength: 2.0 x,[],70,10911,1905,https://www.amazon.com/product-reviews/B01N2G8WRN?pageNumber=7&filterByStar=all_stars&sortBy=helpful&formatType=all_formats,allStars,,"{'price': None, 'listPrice': None}",2023-06-11,United States,,B01N2G8WRN,0.9459
30,30,5,Nice Glasses,R3LQ8ADN8C2TSQ,https://www.amazon.com/gp/customer-reviews/R3LQ8ADN8C2TSQ/ref=cm_cr_arp_d_rvw_ttl?ie=UTF8&ASIN=B01N2G8WRN,,"Reviewed in the United States on January 3, 2024",Very nice readers that look very good. Just as nice as the expensive brands.,True,Color: 09h-3 GunmetalMagnification Strength: 2.0 x,[],51,10911,1905,https://www.amazon.com/product-reviews/B01N2G8WRN?pageNumber=6&filterByStar=all_stars&sortBy=helpful&formatType=all_formats,allStars,,"{'price': None, 'listPrice': None}",2024-01-03,United States,,B01N2G8WRN,0.8548
31,31,5,Glasses,RPH3AH6G99VPZ,https://www.amazon.com/gp/customer-reviews/RPH3AH6G99VPZ/ref=cm_cr_arp_d_rvw_ttl?ie=UTF8&ASIN=B01N2G8WRN,,"Reviewed in the United States on January 14, 2024",Small and convienient.,True,Color: 09h-3 GunmetalMagnification Strength: 2.0 x,[],52,10911,1905,https://www.amazon.com/product-reviews/B01N2G8WRN?pageNumber=6&filterByStar=all_stars&sortBy=helpful&formatType=all_formats,allStars,,"{'price': None, 'listPrice': None}",2024-01-14,United States,,B01N2G8WRN,0.0
32,32,4,do the job...,R1M9I2E1R1BTX,https://www.amazon.com/gp/customer-reviews/R1M9I2E1R1BTX/ref=cm_cr_arp_d_rvw_ttl?ie=UTF8&ASIN=B01N2G8WRN,One person found this helpful,"Reviewed in the United States on July 20, 2023","Have had these for a week and few days. They arrived on time.  They do a good job for reading.  Would have been a 5 star except they are a tad tight on the head but this may change over time.  Come in nice, black pull-string closing case.  Now have all 3 around the house.  Recommend.",True,Color: 09h - 3 GoldMagnification Strength: 2.0 x,[],53,10911,1905,https://www.amazon.com/product-reviews/B01N2G8WRN?pageNumber=6&filterByStar=all_stars&sortBy=helpful&formatType=all_formats,allStars,,"{'price': None, 'listPrice': None}",2023-07-20,United States,,B01N2G8WRN,0.836
33,33,5,Awesome glasses,R1CX3YF3IY4O10,https://www.amazon.com/gp/customer-reviews/R1CX3YF3IY4O10/ref=cm_cr_arp_d_rvw_ttl?ie=UTF8&ASIN=B01N2G8WRN,,"Reviewed in the United States on December 13, 2023",They were well packaged.These glasses are very nice.They are much better quality than you can buy in the stores.I will most likely get more.,True,Color: 09h - 3 GoldMagnification Strength: 2.0 x,[],54,10911,1905,https://www.amazon.com/product-reviews/B01N2G8WRN?pageNumber=6&filterByStar=all_stars&sortBy=helpful&formatType=all_formats,allStars,,"{'price': None, 'listPrice': None}",2023-12-13,United States,,B01N2G8WRN,0.6124
34,34,5,AS ADVERTISED,R1IBAZMMDD038S,https://www.amazon.com/gp/customer-reviews/R1IBAZMMDD038S/ref=cm_cr_arp_d_rvw_ttl?ie=UTF8&ASIN=B01N2G8WRN,,"Reviewed in the United States on January 18, 2024",AS ADVERTISED,True,Color: 09h-3 GunmetalMagnification Strength: 2.5 x,[],55,10911,1905,https://www.amazon.com/product-reviews/B01N2G8WRN?pageNumber=6&filterByStar=all_stars&sortBy=helpful&formatType=all_formats,allStars,,"{'price': None, 'listPrice': None}",2024-01-18,United States,,B01N2G8WRN,0.0
35,35,5,Good value - Solid glasses,R2OX4699KIUAG5,https://www.amazon.com/gp/customer-reviews/R2OX4699KIUAG5/ref=cm_cr_arp_d_rvw_ttl?ie=UTF8&ASIN=B01N2G8WRN,2 people found this helpful,"Reviewed in the United States on October 6, 2023",I have purchased these before.  They are exactly what you would want at this price point.  Very solid.  I need to have many pairs laying around the house and at work so I always have a pair within reach.  From my experience they seem to be very resistant to scratching.  I have not had any bending issues because the frame is very solid.,True,Color: 09h-3 GunmetalMagnification Strength: 1.25 x,[],56,10911,1905,https://www.amazon.com/product-reviews/B01N2G8WRN?pageNumber=6&filterByStar=all_stars&sortBy=helpful&formatType=all_formats,allStars,,"{'price': None, 'listPrice': None}",2023-10-06,United States,,B01N2G8WRN,0.4915
36,36,4,"nice glasses, but I wonder about the duability of the lenses.",RI9AM7VFD3O5R,https://www.amazon.com/gp/customer-reviews/RI9AM7VFD3O5R/ref=cm_cr_arp_d_rvw_ttl?ie=UTF8&ASIN=B01N2G8WRN,2 people found this helpful,"Reviewed in the United States on September 9, 2023","They are readers, what do you think I use them for?",True,Color: 09h-1 GunmetalMagnification Strength: 3.0 x,[],57,10911,1905,https://www.amazon.com/product-reviews/B01N2G8WRN?pageNumber=6&filterByStar=all_stars&sortBy=helpful&formatType=all_formats,allStars,,"{'price': None, 'listPrice': None}",2023-09-09,United States,,B01N2G8WRN,0.0
37,37,5,Good quality for the money,R3B8H81HGPHPZQ,https://www.amazon.com/gp/customer-reviews/R3B8H81HGPHPZQ/ref=cm_cr_arp_d_rvw_ttl?ie=UTF8&ASIN=B01N2G8WRN,,"Reviewed in the United States on December 22, 2023",My glasses arrived on time and in good condition. I'm happy with my purchase 😁,True,Color: 09h-1 GunmetalMagnification Strength: 3.5 x,[],58,10911,1905,https://www.amazon.com/product-reviews/B01N2G8WRN?pageNumber=6&filterByStar=all_stars&sortBy=helpful&formatType=all_formats,allStars,,"{'price': None, 'listPrice': None}",2023-12-22,United States,,B01N2G8WRN,0.765
38,38,5,These are the best nonprescription reading glasses I have tried so far,RQR1H5WOY2GH1,https://www.amazon.com/gp/customer-reviews/RQR1H5WOY2GH1/ref=cm_cr_arp_d_rvw_ttl?ie=UTF8&ASIN=B01N2G8WRN,One person found this helpful,"Reviewed in the United States on May 6, 2019","In the past I have always bought my ""readers"" at the local drug store. They are typically not a bad price, but I tend to lean toward brand names so in the $12 - $18 range (each!), unless I happen to find them on sale. So right out of the gate these are a much better price.My biggest complaints for the old drug store reading glasses (most of which are resolved with these glasses here) are: 1) Other glasses get dirty too easily. They are all made of plastic, and it seems to develop a ""foggy"" coating that does not wipe away. These glasses come in a microfiber pouch. It not only protects them when you are not wearing them, it can also be used for cleaning them, and it works extremely well. If you consistently use the microfiber pouch to wipe these glasses, they clean off very nicely. 2) The hinges of other glasses loosen up too quickly. They get so loose they literally flop around, and you can't hang a pair on the neck of your shirt, because they just fall off when you lean over. These glasses have a much better mechanism that (after several months) is still nice and tight. 3) Drug store readers are never stronger than +3.25 diopters (maybe that's a legal thing?). These are +4, much better for me.I have one complaint, but since it is true of every pair of readers I have ever bought, I'm not reducing my rating due to it. My complaint is the temples are too short for me. I have never seen nonprescription readers offered with a selection of temple lengths, unfortunate for me. I am always forced to straighten out the temples (bend out the ""hook"" part that is supposed to go around the back of your ear), then bend them in toward each other, so that they kind of ""hug"" my head.All things considered, these are the best I have found so far. I will definitely buy them again when I need more readers.",True,Color: 09h-3 GunmetalMagnification Strength: 4.0 x,[],59,10911,1905,https://www.amazon.com/product-reviews/B01N2G8WRN?pageNumber=6&filterByStar=all_stars&sortBy=helpful&formatType=all_formats,allStars,,"{'price': None, 'listPrice': None}",2019-05-06,United States,,B01N2G8WRN,0.9472
39,39,5,Durable readers,RA3ZTX0NF5CLM,https://www.amazon.com/gp/customer-reviews/RA3ZTX0NF5CLM/ref=cm_cr_arp_d_rvw_ttl?ie=UTF8&ASIN=B01N2G8WRN,,"Reviewed in the United States on December 28, 2023",These are nice quality readers. Recommend.,True,Color: 09h-3 GunmetalMagnification Strength: 2.5 x,[],60,10911,1905,https://www.amazon.com/product-reviews/B01N2G8WRN?pageNumber=6&filterByStar=all_stars&sortBy=helpful&formatType=all_formats,allStars,,"{'price': None, 'listPrice': None}",2023-12-28,United States,,B01N2G8WRN,0.6486
40,40,5,These are great quality readers,R249QOU8E9W345,https://www.amazon.com/gp/customer-reviews/R249QOU8E9W345/ref=cm_cr_arp_d_rvw_ttl?ie=UTF8&ASIN=B01N2G8WRN,,"Reviewed in the United States on January 2, 2024",These are great quality readers that are durable and comfortable.  I have had pairs of these that have lasted well over a year of constant daily use.  I have purchased these several pairs over the years.,True,Color: 09h-3 GunmetalMagnification Strength: 2.75 x,[],41,10911,1905,https://www.amazon.com/product-reviews/B01N2G8WRN?pageNumber=5&filterByStar=all_stars&sortBy=helpful&formatType=all_formats,allStars,,"{'price': None, 'listPrice': None}",2024-01-02,United States,,B01N2G8WRN,0.8591
41,41,5,Works fine,R1H9FVUBS85RS0,https://www.amazon.com/gp/customer-reviews/R1H9FVUBS85RS0/ref=cm_cr_arp_d_rvw_ttl?ie=UTF8&ASIN=B01N2G8WRN,,"Reviewed in the United States on January 30, 2024",Works fine,True,Color: 09h-3 GunmetalMagnification Strength: 3.5 x,[],42,10911,1905,https://www.amazon.com/product-reviews/B01N2G8WRN?pageNumber=5&filterByStar=all_stars&sortBy=helpful&formatType=all_formats,allStars,,"{'price': None, 'listPrice': None}",2024-01-30,United States,,B01N2G8WRN,0.2023
42,42,4,Fairly fragile,R16QS83NR4IQZC,https://www.amazon.com/gp/customer-reviews/R16QS83NR4IQZC/ref=cm_cr_arp_d_rvw_ttl?ie=UTF8&ASIN=B01N2G8WRN,2 people found this helpful,"Reviewed in the United States on October 7, 2023",One of pack the lens popped put of the frame after one use. I’ve bought these before will buy again. But you get what you pay for.,True,Color: 09h-3 GunmetalMagnification Strength: 1.5 x,[],43,10911,1905,https://www.amazon.com/product-reviews/B01N2G8WRN?pageNumber=5&filterByStar=all_stars&sortBy=helpful&formatType=all_formats,allStars,,"{'price': None, 'listPrice': None}",2023-10-07,United States,,B01N2G8WRN,-0.1531
43,43,4,Great value!,R1IJLNGUZI5BE9,https://www.amazon.com/gp/customer-reviews/R1IJLNGUZI5BE9/ref=cm_cr_arp_d_rvw_ttl?ie=UTF8&ASIN=B01N2G8WRN,One person found this helpful,"Reviewed in the United States on September 4, 2023","Looks exactly as pictured. Lightweight and comfortable. And at the price, I can have a set in different areas without having to carry it around. Only knock is that the frames are a bit small and stretch to fit my head. Wish there was a disclaimer about that.",True,Color: 09h-3 GunmetalMagnification Strength: 1.25 x,[],44,10911,1905,https://www.amazon.com/product-reviews/B01N2G8WRN?pageNumber=5&filterByStar=all_stars&sortBy=helpful&formatType=all_formats,allStars,,"{'price': None, 'listPrice': None}",2023-09-04,United States,,B01N2G8WRN,0.8176
44,44,5,All good!,R3IK1OZW69SY1E,https://www.amazon.com/gp/customer-reviews/R3IK1OZW69SY1E/ref=cm_cr_arp_d_rvw_ttl?ie=UTF8&ASIN=B01N2G8WRN,,"Reviewed in the United States on January 28, 2024",Nothing!,True,Color: 09h-3 GunmetalMagnification Strength: 2.0 x,[],45,10911,1905,https://www.amazon.com/product-reviews/B01N2G8WRN?pageNumber=5&filterByStar=all_stars&sortBy=helpful&formatType=all_formats,allStars,,"{'price': None, 'listPrice': None}",2024-01-28,United States,,B01N2G8WRN,0.0
45,45,5,Well-Made yet Affordable,R239Y421WRFFNJ,https://www.amazon.com/gp/customer-reviews/R239Y421WRFFNJ/ref=cm_cr_arp_d_rvw_ttl?ie=UTF8&ASIN=B01N2G8WRN,10 people found this helpful,"Reviewed in the United States on March 8, 2020","Once upon a time, my vision tested at better than 20/20.  I'm an avid reader as well as a writer, so imagine my disgust when one day--out of the blue--I noticed I was squinting to read fine print.  When it reached the point of not being able to deny that I needed reading glasses, I took a trip to the drug store and began a lengthy love/hate relationship with over-the-counter readers.  I found that in the world of reading glasses, I rarely got what I thought I was paying for:  screws fell out of the arm attachments; lenses popped right off; plastic broke.  Because I had to constantly replace them, I stopped spending as much per pair.  They were going to break, anyway, so why bankrupt myself?I stumbled upon these while doing my regular shopping on Amazon.  A three-pair bundle for just a bit more than I was paying for one?  With a shrug (again, I figured they wouldn't last long no matter what--so why not buy cheap?) I ordered them.  They arrived a very short time later, and I've been using them daily ever since.I have yet to throw any of them away.  They haven't broken!  The lenses are competently mounted, the screws on the frame hold well, and they rest so lightly that I don't feel the need to take them off every now and again to give the bridge of my nose a break.  The lens height isn't so great that you have to remove them in order to look at something far away:  just lower your head and look over them.  Best yet, I haven't noticed the binocular effect, where images at the edge of the lenses look distorted.Since you're reading this (and I'll betcha dollars to doughnuts you've nodded at some of my annoyances) why not give them a shot?  And when you do, add them to your wish list so that you can find them again.  Not for yourself, no--I suspect your glasses will last awhile--but you might want to gift some of these to other readers in your life.  They'll thank you for it.",True,Color: 09h-3 GunmetalMagnification Strength: 2.0 x,[],46,10911,1905,https://www.amazon.com/product-reviews/B01N2G8WRN?pageNumber=5&filterByStar=all_stars&sortBy=helpful&formatType=all_formats,allStars,,"{'price': None, 'listPrice': None}",2020-03-08,United States,,B01N2G8WRN,0.7196
46,46,5,Good reading glasses,RQ0MH3P3ZD95T,https://www.amazon.com/gp/customer-reviews/RQ0MH3P3ZD95T/ref=cm_cr_arp_d_rvw_ttl?ie=UTF8&ASIN=B01N2G8WRN,,"Reviewed in the United States on January 14, 2024",These glasses look good and work well for reading,True,Color: 09h-3 SilverMagnification Strength: 3.25 x,[],47,10911,1905,https://www.amazon.com/product-reviews/B01N2G8WRN?pageNumber=5&filterByStar=all_stars&sortBy=helpful&formatType=all_formats,allStars,,"{'price': None, 'listPrice': None}",2024-01-14,United States,,B01N2G8WRN,0.6124
47,47,5,Superb reading glasses.,R1DZZB4B82GO88,https://www.amazon.com/gp/customer-reviews/R1DZZB4B82GO88/ref=cm_cr_arp_d_rvw_ttl?ie=UTF8&ASIN=B01N2G8WRN,One person found this helpful,"Reviewed in the United States on November 26, 2023","These glasses were the best reading glasses I've had in 5 years. The lenses are clear and rarely fog up. The glasses are comfortable to the point where you barely feel them on your face. Overall,  these were an excellent purchase.",True,Color: 09h-3 GunmetalMagnification Strength: 3.25 x,[],48,10911,1905,https://www.amazon.com/product-reviews/B01N2G8WRN?pageNumber=5&filterByStar=all_stars&sortBy=helpful&formatType=all_formats,allStars,,"{'price': None, 'listPrice': None}",2023-11-26,United States,,B01N2G8WRN,0.93
48,48,5,Did Not Disappoint,R3J90F8H6D0QHU,https://www.amazon.com/gp/customer-reviews/R3J90F8H6D0QHU/ref=cm_cr_arp_d_rvw_ttl?ie=UTF8&ASIN=B01N2G8WRN,One person found this helpful,"Reviewed in the United States on September 22, 2019","Item description led me to believe these glasses were worth trying -- and the seller did not disappoint.  Better quality and better price than those carded ones at the local all-mart store.I was prompted here to rate these for their ""Light weight,"" ""Comfort,"" and ""Sturdiness"" qualities.  I gave them 5 stars for sturdiness and left the others blank, even though I would like to rate them highly in those other areas.  Here are my reasons.  The glasses *are* light weight, if not quite as feather-weight as some others I have had -- but I consider that a GOOD thing, because the comfort of those lighter glasses came at the cost of quality; all of them broke or became bent way too easily.  These, being made of sturdier materials , may be ever so slightly less lightweight, but I view that as a huge plus.  I expect these to last much longer than the last few cheapies I bought at allmart.  As for comfort, I like the spring-loaded temples -- and the smoothness of those plastic pieces that rest on and behind your ears.  I have had other glasses with very slight ridges on the ends (probably due to the molding process), which can become irritating with long periods of wear  These do not suffer from that.  Nice and smooth.  Yet, I cannot give them an honest rating for comfort because they are just a tad bit too small for me.  That won't stop me from wearing them, though, because in every other way, I really like these glasses (though I would prefer the lenses were slightly larger, too).  I just won't wear them for hours on end; I will need to find larger glasses -- hopefully from *this seller* -- for long reading sessions.Whatever shortcomings I mentioned, those are on me.  I don't know what size glasses I need for my large skull, but I'm learning.  Also, take a good look at the lens size.  I suspect that the fit and lens size will be fine for most people -- and for those people, I think they would be happy with these glasses.",True,Color: 09h-3 GunmetalMagnification Strength: 2.0 x,[],49,10911,1905,https://www.amazon.com/product-reviews/B01N2G8WRN?pageNumber=5&filterByStar=all_stars&sortBy=helpful&formatType=all_formats,allStars,,"{'price': None, 'listPrice': None}",2019-09-22,United States,,B01N2G8WRN,0.9946
49,49,5,What a Difference!,RMU8XCNIZGKYB,https://www.amazon.com/gp/customer-reviews/RMU8XCNIZGKYB/ref=cm_cr_arp_d_rvw_ttl?ie=UTF8&ASIN=B01N2G8WRN,One person found this helpful,"Reviewed in the United States on October 30, 2023","I ordered these ""readers"" hoping they would be better than the ones I've used for years. I hoped they would fit better, look better, and let me read better. They have checked all three boxes -- and they offer additional benefits and features! I am pleased, to be sure, and am ordering more today to put around the house and in the car.",True,Color: 09h-3 GunmetalMagnification Strength: 3.5 x,[],50,10911,1905,https://www.amazon.com/product-reviews/B01N2G8WRN?pageNumber=5&filterByStar=all_stars&sortBy=helpful&formatType=all_formats,allStars,,"{'price': None, 'listPrice': None}",2023-10-30,United States,,B01N2G8WRN,0.9766
50,50,4,Reading glasses,R31C24GB134IX7,https://www.amazon.com/gp/customer-reviews/R31C24GB134IX7/ref=cm_cr_arp_d_rvw_ttl?ie=UTF8&ASIN=B01N2G8WRN,,"Reviewed in the United States on January 22, 2024",Good,True,Color: 09h - 3 GoldMagnification Strength: 3.25 x,[],21,10911,1905,https://www.amazon.com/product-reviews/B01N2G8WRN?pageNumber=3&filterByStar=all_stars&sortBy=helpful&formatType=all_formats,allStars,,"{'price': None, 'listPrice': None}",2024-01-22,United States,,B01N2G8WRN,0.4404
51,51,4,Facts,R13X8R36J7RM1D,https://www.amazon.com/gp/customer-reviews/R13X8R36J7RM1D/ref=cm_cr_arp_d_rvw_ttl?ie=UTF8&ASIN=B01N2G8WRN,,"Reviewed in the United States on January 2, 2024","They are fine, except for the fact that I ordered the wrong sight strength…… My Bad!!!",True,Color: 09h-3 GunmetalMagnification Strength: 2.0 x,[],22,10911,1905,https://www.amazon.com/product-reviews/B01N2G8WRN?pageNumber=3&filterByStar=all_stars&sortBy=helpful&formatType=all_formats,allStars,,"{'price': None, 'listPrice': None}",2024-01-02,United States,,B01N2G8WRN,-0.7701
52,52,5,Best I have used,R1E0I3HASTXUBO,https://www.amazon.com/gp/customer-reviews/R1E0I3HASTXUBO/ref=cm_cr_arp_d_rvw_ttl?ie=UTF8&ASIN=B01N2G8WRN,,"Reviewed in the United States on February 5, 2024","Many cheap readers have a short focal point.  These work well for about 18 inches.Cheap enough to have a pair bedside, kitchen, living room.",True,Color: 09h-3 GunmetalMagnification Strength: 3.5 x,[],23,10911,1905,https://www.amazon.com/product-reviews/B01N2G8WRN?pageNumber=3&filterByStar=all_stars&sortBy=helpful&formatType=all_formats,allStars,,"{'price': None, 'listPrice': None}",2024-02-05,United States,,B01N2G8WRN,0.2732
53,53,4,Available in 4.0 magnification,R2AKM2ZHXVXKLS,https://www.amazon.com/gp/customer-reviews/R2AKM2ZHXVXKLS/ref=cm_cr_arp_d_rvw_ttl?ie=UTF8&ASIN=B01N2G8WRN,,"Reviewed in the United States on January 12, 2024",Sturdy and comfortable.,True,Color: 09h-3 GunmetalMagnification Strength: 4.0 x,[],24,10911,1905,https://www.amazon.com/product-reviews/B01N2G8WRN?pageNumber=3&filterByStar=all_stars&sortBy=helpful&formatType=all_formats,allStars,,"{'price': None, 'listPrice': None}",2024-01-12,United States,,B01N2G8WRN,0.5106
54,54,5,Good Deal,R2PFL8E8773142,https://www.amazon.com/gp/customer-reviews/R2PFL8E8773142/ref=cm_cr_arp_d_rvw_ttl?ie=UTF8&ASIN=B01N2G8WRN,,"Reviewed in the United States on February 4, 2024",The same reading glasses that you would pay $22 for one pair at drug store. They are light and comfortable. A+,True,Color: 09h-3 GunmetalMagnification Strength: 2.5 x,[],25,10911,1905,https://www.amazon.com/product-reviews/B01N2G8WRN?pageNumber=3&filterByStar=all_stars&sortBy=helpful&formatType=all_formats,allStars,,"{'price': None, 'listPrice': None}",2024-02-04,United States,,B01N2G8WRN,0.4404
55,55,5,As advertised,R3DZ8C4S8G42WI,https://www.amazon.com/gp/customer-reviews/R3DZ8C4S8G42WI/ref=cm_cr_arp_d_rvw_ttl?ie=UTF8&ASIN=B01N2G8WRN,,"Reviewed in the United States on February 17, 2024",work well for me,True,Color: 09h-3 GunmetalMagnification Strength: 1.25 x,[],26,10911,1905,https://www.amazon.com/product-reviews/B01N2G8WRN?pageNumber=3&filterByStar=all_stars&sortBy=helpful&formatType=all_formats,allStars,,"{'price': None, 'listPrice': None}",2024-02-17,United States,,B01N2G8WRN,0.2732
56,56,5,as advertised,RA6OZD1QPSOQN,https://www.amazon.com/gp/customer-reviews/RA6OZD1QPSOQN/ref=cm_cr_arp_d_rvw_ttl?ie=UTF8&ASIN=B01N2G8WRN,,"Reviewed in the United States on February 17, 2024",This was a reorder.,True,Color: 09h-3 GunmetalMagnification Strength: 3.0 x,[],27,10911,1905,https://www.amazon.com/product-reviews/B01N2G8WRN?pageNumber=3&filterByStar=all_stars&sortBy=helpful&formatType=all_formats,allStars,,"{'price': None, 'listPrice': None}",2024-02-17,United States,,B01N2G8WRN,0.0
57,57,5,Decent product,R1L7TKMHHAGNKA,https://www.amazon.com/gp/customer-reviews/R1L7TKMHHAGNKA/ref=cm_cr_arp_d_rvw_ttl?ie=UTF8&ASIN=B01N2G8WRN,,"Reviewed in the United States on January 29, 2024",This is our second year in a row ordering these readers.  They are priced well and are of decent quality.  We will order again once we lose these! :),True,Color: 09h-3 GunmetalMagnification Strength: 2.25 x,[],28,10911,1905,https://www.amazon.com/product-reviews/B01N2G8WRN?pageNumber=3&filterByStar=all_stars&sortBy=helpful&formatType=all_formats,allStars,,"{'price': None, 'listPrice': None}",2024-01-29,United States,,B01N2G8WRN,0.4003
58,58,4,Love them,R2ZRWS5J0HXHLZ,https://www.amazon.com/gp/customer-reviews/R2ZRWS5J0HXHLZ/ref=cm_cr_arp_d_rvw_ttl?ie=UTF8&ASIN=B01N2G8WRN,,"Reviewed in the United States on January 2, 2024",Quality for the $$,True,Color: 09h-3 SilverMagnification Strength: 1.0 x,[],29,10911,1905,https://www.amazon.com/product-reviews/B01N2G8WRN?pageNumber=3&filterByStar=all_stars&sortBy=helpful&formatType=all_formats,allStars,,"{'price': None, 'listPrice': None}",2024-01-02,United States,,B01N2G8WRN,0.0
59,59,5,Comfortable and sturdy,RN46H4SLH5KCI,https://www.amazon.com/gp/customer-reviews/RN46H4SLH5KCI/ref=cm_cr_arp_d_rvw_ttl?ie=UTF8&ASIN=B01N2G8WRN,2 people found this helpful,"Reviewed in the United States on February 1, 2024",Sturdy (they’re metal not plastic) and the springy fit makes them more comfortable than many inexpensive reading glasses.,True,Color: 09h-3 GunmetalMagnification Strength: 1.5 x,[],30,10911,1905,https://www.amazon.com/product-reviews/B01N2G8WRN?pageNumber=3&filterByStar=all_stars&sortBy=helpful&formatType=all_formats,allStars,,"{'price': None, 'listPrice': None}",2024-02-01,United States,,B01N2G8WRN,0.7264
60,60,4,Adjustable bridge.,R1R9LYS7S168LU,https://www.amazon.com/gp/customer-reviews/R1R9LYS7S168LU/ref=cm_cr_arp_d_rvw_ttl?ie=UTF8&ASIN=B01N2G8WRN,,"Reviewed in the United States on March 15, 2024","3 pieces, enough to stash in strategic places.  I have a flat face so, these are great because the nose pads are adjustable to your liking. Whether it's to get clearer focusing or to get it off of your face.",True,Color: 09h-3 GunmetalMagnification Strength: 1.75 x,[],11,10911,1905,https://www.amazon.com/product-reviews/B01N2G8WRN?pageNumber=2&filterByStar=all_stars&sortBy=helpful&formatType=all_formats,allStars,,"{'price': None, 'listPrice': None}",2024-03-15,United States,,B01N2G8WRN,0.7943
61,61,5,Always good,R16R2FAPAPSWMB,https://www.amazon.com/gp/customer-reviews/R16R2FAPAPSWMB/ref=cm_cr_arp_d_rvw_ttl?ie=UTF8&ASIN=B01N2G8WRN,,"Reviewed in the United States on March 28, 2024",Exactly what I need. That's why I keep reordering them.,True,Color: 09h-3 GunmetalMagnification Strength: 2.5 x,[],12,10911,1905,https://www.amazon.com/product-reviews/B01N2G8WRN?pageNumber=2&filterByStar=all_stars&sortBy=helpful&formatType=all_formats,allStars,,"{'price': None, 'listPrice': None}",2024-03-28,United States,,B01N2G8WRN,0.0
62,62,4,eye glasses,R1I5I7504CZ4P5,https://www.amazon.com/gp/customer-reviews/R1I5I7504CZ4P5/ref=cm_cr_arp_d_rvw_ttl?ie=UTF8&ASIN=B01N2G8WRN,,"Reviewed in the United States on February 27, 2024",Straight forward lightweight rimless readers. These work fine ...decent value ....am pleased and i reccommend them if they fit your needs .,True,Color: 09h-3 GunmetalMagnification Strength: 2.75 x,[],13,10911,1905,https://www.amazon.com/product-reviews/B01N2G8WRN?pageNumber=2&filterByStar=all_stars&sortBy=helpful&formatType=all_formats,allStars,,"{'price': None, 'listPrice': None}",2024-02-27,United States,,B01N2G8WRN,0.8591
63,63,4,Good value,R38VQFKU6OQ1PG,https://www.amazon.com/gp/customer-reviews/R38VQFKU6OQ1PG/ref=cm_cr_arp_d_rvw_ttl?ie=UTF8&ASIN=B01N2G8WRN,,"Reviewed in the United States on February 25, 2024",It would better if these glasses were sold with a hard case. The cloth case is only useful to clean the lens,True,Color: 09h-3 GunmetalMagnification Strength: 3.0 x,[],14,10911,1905,https://www.amazon.com/product-reviews/B01N2G8WRN?pageNumber=2&filterByStar=all_stars&sortBy=helpful&formatType=all_formats,allStars,,"{'price': None, 'listPrice': None}",2024-02-25,United States,,B01N2G8WRN,0.7964
64,64,5,Best readers yet,R23HK6N14G7643,https://www.amazon.com/gp/customer-reviews/R23HK6N14G7643/ref=cm_cr_arp_d_rvw_ttl?ie=UTF8&ASIN=B01N2G8WRN,,"Reviewed in the United States on March 16, 2024",Very good quality and will purchase again,True,Color: 09h-1 GunmetalMagnification Strength: 1.0 x,[],15,10911,1905,https://www.amazon.com/product-reviews/B01N2G8WRN?pageNumber=2&filterByStar=all_stars&sortBy=helpful&formatType=all_formats,allStars,,"{'price': None, 'listPrice': None}",2024-03-16,United States,,B01N2G8WRN,0.4927
65,65,5,Very happy with quality,R2L5W64J6C4SQ0,https://www.amazon.com/gp/customer-reviews/R2L5W64J6C4SQ0/ref=cm_cr_arp_d_rvw_ttl?ie=UTF8&ASIN=B01N2G8WRN,,"Reviewed in the United States on March 7, 2024","Well made and great quality, Exactly what we were hoping for especially for the price. Would buy again.",True,Color: 09h-3 GunmetalMagnification Strength: 2.5 x,[],16,10911,1905,https://www.amazon.com/product-reviews/B01N2G8WRN?pageNumber=2&filterByStar=all_stars&sortBy=helpful&formatType=all_formats,allStars,,"{'price': None, 'listPrice': None}",2024-03-07,United States,,B01N2G8WRN,0.8402
66,66,4,Good for the price.,R3CWLCNPG8EFFC,https://www.amazon.com/gp/customer-reviews/R3CWLCNPG8EFFC/ref=cm_cr_arp_d_rvw_ttl?ie=UTF8&ASIN=B01N2G8WRN,,"Reviewed in the United States on February 10, 2024","They are very good for the price, they seem well made and the lenses are good.",True,Color: 09h-3 GunmetalMagnification Strength: 1.0 x,[],17,10911,1905,https://www.amazon.com/product-reviews/B01N2G8WRN?pageNumber=2&filterByStar=all_stars&sortBy=helpful&formatType=all_formats,allStars,,"{'price': None, 'listPrice': None}",2024-02-10,United States,,B01N2G8WRN,0.8169
67,67,3,The company has not answered my question after several weeks.,R2TZANY8A8ESQM,https://www.amazon.com/gp/customer-reviews/R2TZANY8A8ESQM/ref=cm_cr_arp_d_rvw_ttl?ie=UTF8&ASIN=B01N2G8WRN,,"Reviewed in the United States on March 24, 2024","I love the way these fit and look. But there is a note in the box that says only use the microfiber bag to clean; and, ""Using a solvent will remove the protective coating from the lens which will cause a cloudy lens."" Sometimes  I wash my glasses with a mild dish detergent, after being in many public places, touching objects that could have germs & viruses on them. I emailed the company to ask if they consider a mild dish detergent a ""solvent,"" and explained why I want to know. They have never replied.",True,Color: 09h-3 GunmetalMagnification Strength: 2.0 x,[],18,10911,1905,https://www.amazon.com/product-reviews/B01N2G8WRN?pageNumber=2&filterByStar=all_stars&sortBy=helpful&formatType=all_formats,allStars,,"{'price': None, 'listPrice': None}",2024-03-24,United States,,B01N2G8WRN,0.81
68,68,4,"Wonderful ""readers""",R9TFS1SL28SR9,https://www.amazon.com/gp/customer-reviews/R9TFS1SL28SR9/ref=cm_cr_arp_d_rvw_ttl?ie=UTF8&ASIN=B01N2G8WRN,,"Reviewed in the United States on January 5, 2024",These are better than some of the prescription glasses I have had in the past.Three pairs so they are available when and where I need them.Price makes them an unbeatable value.,True,Color: 09h-3 GunmetalMagnification Strength: 1.5 x,[],19,10911,1905,https://www.amazon.com/product-reviews/B01N2G8WRN?pageNumber=2&filterByStar=all_stars&sortBy=helpful&formatType=all_formats,allStars,,"{'price': None, 'listPrice': None}",2024-01-05,United States,,B01N2G8WRN,0.6486
69,69,4,Provides clear view for close up work.,R2VT1SAUPJH7L7,https://www.amazon.com/gp/customer-reviews/R2VT1SAUPJH7L7/ref=cm_cr_arp_d_rvw_ttl?ie=UTF8&ASIN=B01N2G8WRN,,"Reviewed in the United States on December 18, 2023",I like the simplicity of these reading/task glasses. The glass is perfectly clear allowing for details to be easily seen.I would have given these a 5 but after a while the weight makes the bridge of my nose sore.,True,Color: 09h-1 GunmetalMagnification Strength: 4.0 x,[],20,10911,1905,https://www.amazon.com/product-reviews/B01N2G8WRN?pageNumber=2&filterByStar=all_stars&sortBy=helpful&formatType=all_formats,allStars,,"{'price': None, 'listPrice': None}",2023-12-18,United States,,B01N2G8WRN,0.3818
70,70,5,reading glasses,R4JQKCERXJ2J,https://www.amazon.com/gp/customer-reviews/R4JQKCERXJ2J/ref=cm_cr_arp_d_rvw_ttl?ie=UTF8&ASIN=B01N2G8WRN,,"Reviewed in the United States on February 10, 2024",as represented,True,Color: 09h-3 GunmetalMagnification Strength: 2.5 x,[],31,10911,1905,https://www.amazon.com/product-reviews/B01N2G8WRN?pageNumber=4&filterByStar=all_stars&sortBy=helpful&formatType=all_formats,allStars,,"{'price': None, 'listPrice': None}",2024-02-10,United States,,B01N2G8WRN,0.0
71,71,5,"Clear, scratch resistant lenses!",R15HJPNQGWF9U9,https://www.amazon.com/gp/customer-reviews/R15HJPNQGWF9U9/ref=cm_cr_arp_d_rvw_ttl?ie=UTF8&ASIN=B01N2G8WRN,,"Reviewed in the United States on January 5, 2024","After more than a couple years, I've dropped these on tile numerous times and as a consequence, the perimeter of the lenses have chipped however, with all the wiping of fingerprints with random rags and tshirts over the years, the lens clarity has remained pretty high.Do I recommend these? YES,Would I buy them again? YES.",True,Color: 09h-3 GunmetalMagnification Strength: 1.25 x,[],32,10911,1905,https://www.amazon.com/product-reviews/B01N2G8WRN?pageNumber=4&filterByStar=all_stars&sortBy=helpful&formatType=all_formats,allStars,,"{'price': None, 'listPrice': None}",2024-01-05,United States,,B01N2G8WRN,0.9041
72,72,5,Best readers I have ever had,R3ANLYXD6XY14L,https://www.amazon.com/gp/customer-reviews/R3ANLYXD6XY14L/ref=cm_cr_arp_d_rvw_ttl?ie=UTF8&ASIN=B01N2G8WRN,One person found this helpful,"Reviewed in the United States on January 29, 2024","Comfortable, study, and sized just right for me.  Much better than the round plastic ones I have had.",True,Color: 09h-3 GunmetalMagnification Strength: 2.5 x,[],33,10911,1905,https://www.amazon.com/product-reviews/B01N2G8WRN?pageNumber=4&filterByStar=all_stars&sortBy=helpful&formatType=all_formats,allStars,,"{'price': None, 'listPrice': None}",2024-01-29,United States,,B01N2G8WRN,0.7351
73,73,5,"Effective, sturdy, affordable",R1OVAK6498O73J,https://www.amazon.com/gp/customer-reviews/R1OVAK6498O73J/ref=cm_cr_arp_d_rvw_ttl?ie=UTF8&ASIN=B01N2G8WRN,3 people found this helpful,"Reviewed in the United States on January 5, 2024","Effective, well-made, affordable, and maybe a little bit style conscious too.  These are a million times better than anything you will find in a retail store.  You also have a wider range of choice in magnification.  I can read again!  Comes in a pack of three, and I guarantee you are going to mysteriously lose these things.",True,Color: 09h-3 GunmetalMagnification Strength: 1.0 x,[],34,10911,1905,https://www.amazon.com/product-reviews/B01N2G8WRN?pageNumber=4&filterByStar=all_stars&sortBy=helpful&formatType=all_formats,allStars,,"{'price': None, 'listPrice': None}",2024-01-05,United States,,B01N2G8WRN,0.7644
74,74,5,A Good buy.,R19Y712JJQVNSO,https://www.amazon.com/gp/customer-reviews/R19Y712JJQVNSO/ref=cm_cr_arp_d_rvw_ttl?ie=UTF8&ASIN=B01N2G8WRN,,"Reviewed in the United States on January 27, 2024","Lightweight and don't look like a cheap pair of readers, and fit my face well.",True,Color: 09h-3 GunmetalMagnification Strength: 2.0 x,[],35,10911,1905,https://www.amazon.com/product-reviews/B01N2G8WRN?pageNumber=4&filterByStar=all_stars&sortBy=helpful&formatType=all_formats,allStars,,"{'price': None, 'listPrice': None}",2024-01-27,United States,,B01N2G8WRN,0.3591
75,75,5,Good Reading Glasses,R3L5WYNCI0BHHL,https://www.amazon.com/gp/customer-reviews/R3L5WYNCI0BHHL/ref=cm_cr_arp_d_rvw_ttl?ie=UTF8&ASIN=B01N2G8WRN,,"Reviewed in the United States on January 7, 2024","My husband’s eyesight has slowly worsened over the past 8 years but this new 2.75 script has fixed that. For anyone interested in a solution for the common problem of the screws on these glasses loosening up over time, try this toolset to tighten them up the properly: https://www.amazon.com/gp/product/B01AL7600A",True,Color: 09h-1 GunmetalMagnification Strength: 2.5 x,[],36,10911,1905,https://www.amazon.com/product-reviews/B01N2G8WRN?pageNumber=4&filterByStar=all_stars&sortBy=helpful&formatType=all_formats,allStars,,"{'price': None, 'listPrice': None}",2024-01-07,United States,,B01N2G8WRN,-0.128
76,76,5,Nice FIT,R1QTXUM4804AY7,https://www.amazon.com/gp/customer-reviews/R1QTXUM4804AY7/ref=cm_cr_arp_d_rvw_ttl?ie=UTF8&ASIN=B01N2G8WRN,,"Reviewed in the United States on February 1, 2024",These aint the chintzy Walmart ones.  Sturdy.,True,Color: 09h-3 GunmetalMagnification Strength: 2.0 x,[],37,10911,1905,https://www.amazon.com/product-reviews/B01N2G8WRN?pageNumber=4&filterByStar=all_stars&sortBy=helpful&formatType=all_formats,allStars,,"{'price': None, 'listPrice': None}",2024-02-01,United States,,B01N2G8WRN,0.0
77,77,5,"I needed some reading glasses, and these were a style that works well for me.",R2OFTMWN2SHTNL,https://www.amazon.com/gp/customer-reviews/R2OFTMWN2SHTNL/ref=cm_cr_arp_d_rvw_ttl?ie=UTF8&ASIN=B01N2G8WRN,,"Reviewed in the United States on January 15, 2024","After my cataract removal, I needed some reading glasses. Instead of lots of dollars at the store. I got 3 pair for the price of a pair at Walmart.",True,Color: 09h-3 GunmetalMagnification Strength: 1.75 x,[],38,10911,1905,https://www.amazon.com/product-reviews/B01N2G8WRN?pageNumber=4&filterByStar=all_stars&sortBy=helpful&formatType=all_formats,allStars,,"{'price': None, 'listPrice': None}",2024-01-15,United States,,B01N2G8WRN,0.0
78,78,5,Almost indestructible,R1WSLNG4XMSJYG,https://www.amazon.com/gp/customer-reviews/R1WSLNG4XMSJYG/ref=cm_cr_arp_d_rvw_ttl?ie=UTF8&ASIN=B01N2G8WRN,,"Reviewed in the United States on December 24, 2023","I have real glasses to correct the tiny problem with near vision that remain after my cataract surgery, but these are so useful for hiking. I can keep these in a pocket for use reading fine print in trail placards. This allows me to keep my real glasses safe and yet benefit from an occasional small correction.",True,Color: 09h-3 GunmetalMagnification Strength: 2.75 x,[],39,10911,1905,https://www.amazon.com/product-reviews/B01N2G8WRN?pageNumber=4&filterByStar=all_stars&sortBy=helpful&formatType=all_formats,allStars,,"{'price': None, 'listPrice': None}",2023-12-24,United States,,B01N2G8WRN,0.9414
79,79,5,Good product,RDZYHWNI79ZUN,https://www.amazon.com/gp/customer-reviews/RDZYHWNI79ZUN/ref=cm_cr_arp_d_rvw_ttl?ie=UTF8&ASIN=B01N2G8WRN,,"Reviewed in the United States on January 21, 2024",These readers are well ground with no distortion.  A good product that is well worth the money.,True,Color: 09h-1 GoldMagnification Strength: 2.5 x,[],40,10911,1905,https://www.amazon.com/product-reviews/B01N2G8WRN?pageNumber=4&filterByStar=all_stars&sortBy=helpful&formatType=all_formats,allStars,,"{'price': None, 'listPrice': None}",2024-01-21,United States,,B01N2G8WRN,0.7003
80,80,5,They work and my son-in-law liked them,R1EM9G2HVZEQBV,https://www.amazon.com/gp/customer-reviews/R1EM9G2HVZEQBV/ref=cm_cr_arp_d_rvw_ttl?ie=UTF8&ASIN=B01N2G8WRN,,"Reviewed in the United States on September 21, 2023","They work and my son-in-law liked them. He tends to misplace them, so I am glad they were not expensive, and there were 4 in the package. Good buy for the money- reasonable.",True,Color: 09h - 3 GoldMagnification Strength: 1.25 x,[],81,10911,1905,https://www.amazon.com/product-reviews/B01N2G8WRN?pageNumber=9&filterByStar=all_stars&sortBy=helpful&formatType=all_formats,allStars,,"{'price': None, 'listPrice': None}",2023-09-21,United States,,B01N2G8WRN,0.8393
81,81,5,"Good value, light weight",R1CIIIQO7SYRCS,https://www.amazon.com/gp/customer-reviews/R1CIIIQO7SYRCS/ref=cm_cr_arp_d_rvw_ttl?ie=UTF8&ASIN=B01N2G8WRN,One person found this helpful,"Reviewed in the United States on July 26, 2022","I use mine as readers. I’ve been wearing glasses for over 40 yearsI started with readers later had to have prescription glasses, so I knowsomething about glasses. After my last cataract surgery, I found the yellowtint helps avoid eye strain.I use the silicone cord type retainer that hangs them around your neck.Also available on Amazon.As I said in the title, they are light weight so they don’t slide down my nose.Maybe that makes them more prone to damage but if you sit on your glassesor the dog chews them, it won’t matter how strong the frames are. As for fit,my hat size is large, 7-1/4” the spring hinges make for a good fit.Occasionally I do lose a pair which is why I’m back on Amazon today.Time to order another pack of 3. 🙈😁👍",True,Color: 09h-3 GunmetalMagnification Strength: 2.75 x,[],82,10911,1905,https://www.amazon.com/product-reviews/B01N2G8WRN?pageNumber=9&filterByStar=all_stars&sortBy=helpful&formatType=all_formats,allStars,,"{'price': None, 'listPrice': None}",2022-07-26,United States,,B01N2G8WRN,0.7112
82,82,5,Good quality,R1T8I2FZ0Y1WG3,https://www.amazon.com/gp/customer-reviews/R1T8I2FZ0Y1WG3/ref=cm_cr_arp_d_rvw_ttl?ie=UTF8&ASIN=B01N2G8WRN,,"Reviewed in the United States on November 25, 2023",Seeing,True,Color: 09h-3 GunmetalMagnification Strength: 2.0 x,[],83,10911,1905,https://www.amazon.com/product-reviews/B01N2G8WRN?pageNumber=9&filterByStar=all_stars&sortBy=helpful&formatType=all_formats,allStars,,"{'price': None, 'listPrice': None}",2023-11-25,United States,,B01N2G8WRN,0.0
83,83,5,Nice Design and Decent quality,R1PXX07A6GWW2H,https://www.amazon.com/gp/customer-reviews/R1PXX07A6GWW2H/ref=cm_cr_arp_d_rvw_ttl?ie=UTF8&ASIN=B01N2G8WRN,,"Reviewed in the United States on August 6, 2023","These readers are a little small in size, but they work fine for me. Overall metal frame design looks good and hopefully will hold up after many in/out of the pocket cycle. I bought the 3-pack and keep one is a couple of rooms.",True,Color: 09h-3 GunmetalMagnification Strength: 1.5 x,[],84,10911,1905,https://www.amazon.com/product-reviews/B01N2G8WRN?pageNumber=9&filterByStar=all_stars&sortBy=helpful&formatType=all_formats,allStars,,"{'price': None, 'listPrice': None}",2023-08-06,United States,,B01N2G8WRN,0.8625
84,84,5,Decent price.,R23KTMH0OPH8LJ,https://www.amazon.com/gp/customer-reviews/R23KTMH0OPH8LJ/ref=cm_cr_arp_d_rvw_ttl?ie=UTF8&ASIN=B01N2G8WRN,One person found this helpful,"Reviewed in the United States on November 3, 2023","Light weight, came well packaged. Work as they should.",True,Color: 09h-3 GunmetalMagnification Strength: 2.0 x,[],85,10911,1905,https://www.amazon.com/product-reviews/B01N2G8WRN?pageNumber=9&filterByStar=all_stars&sortBy=helpful&formatType=all_formats,allStars,,"{'price': None, 'listPrice': None}",2023-11-03,United States,,B01N2G8WRN,0.2732
85,85,3,No Case (Soft cloth),R3UFBOGN5QEAMA,https://www.amazon.com/gp/customer-reviews/R3UFBOGN5QEAMA/ref=cm_cr_arp_d_rvw_ttl?ie=UTF8&ASIN=B01N2G8WRN,,"Reviewed in the United States on October 4, 2023","Just starting to use.  Initial look is OK. However, the lack of a case would cause me to buy others. Glasses receive in a cloth sack tht will not ptotect them.",True,Color: 09h-3 GunmetalMagnification Strength: 1.5 x,[],86,10911,1905,https://www.amazon.com/product-reviews/B01N2G8WRN?pageNumber=9&filterByStar=all_stars&sortBy=helpful&formatType=all_formats,allStars,,"{'price': None, 'listPrice': None}",2023-10-04,United States,,B01N2G8WRN,0.1613
86,86,4,Item was shipped on time,RL815Y7MAVKWI,https://www.amazon.com/gp/customer-reviews/RL815Y7MAVKWI/ref=cm_cr_arp_d_rvw_ttl?ie=UTF8&ASIN=B01N2G8WRN,One person found this helpful,"Reviewed in the United States on June 27, 2023",Items arrived on time and was exactly what I ordered,True,Color: 09h-3 GunmetalMagnification Strength: 1.0 x,[],87,10911,1905,https://www.amazon.com/product-reviews/B01N2G8WRN?pageNumber=9&filterByStar=all_stars&sortBy=helpful&formatType=all_formats,allStars,,"{'price': None, 'listPrice': None}",2023-06-27,United States,,B01N2G8WRN,0.0
87,87,4,Excellent for the price,R3PST9ZOFS4SY0,https://www.amazon.com/gp/customer-reviews/R3PST9ZOFS4SY0/ref=cm_cr_arp_d_rvw_ttl?ie=UTF8&ASIN=B01N2G8WRN,,"Reviewed in the United States on March 24, 2023",Very affordable for my husband that works construction and drops his glasses all the time. They are quite sturdy. This is our second time ordering these in the past few tears,True,Color: 09h-3 GunmetalMagnification Strength: 2.0 x,[],88,10911,1905,https://www.amazon.com/product-reviews/B01N2G8WRN?pageNumber=9&filterByStar=all_stars&sortBy=helpful&formatType=all_formats,allStars,,"{'price': None, 'listPrice': None}",2023-03-24,United States,,B01N2G8WRN,-0.2263
88,88,5,Very comfortable,RPAGQPWS4V6ZD,https://www.amazon.com/gp/customer-reviews/RPAGQPWS4V6ZD/ref=cm_cr_arp_d_rvw_ttl?ie=UTF8&ASIN=B01N2G8WRN,One person found this helpful,"Reviewed in the United States on July 15, 2023","These readers are great. I kept one in the TV room, put one in the master bath and hubby took a pair for his work space. Very light and clear for male or female. Just placed a second order. Need one for the kitchen and both cars.",True,Color: 09h-3 GunmetalMagnification Strength: 2.75 x,[],89,10911,1905,https://www.amazon.com/product-reviews/B01N2G8WRN?pageNumber=9&filterByStar=all_stars&sortBy=helpful&formatType=all_formats,allStars,,"{'price': None, 'listPrice': None}",2023-07-15,United States,,B01N2G8WRN,0.7884
89,89,5,Great readers,R2Q9KG2GTXNW39,https://www.amazon.com/gp/customer-reviews/R2Q9KG2GTXNW39/ref=cm_cr_arp_d_rvw_ttl?ie=UTF8&ASIN=B01N2G8WRN,2 people found this helpful,"Reviewed in the United States on June 17, 2023","Light weight, sturdy readers.  I cannot find 1.00 readers anywhere in a local store.  I always purchase Foster Grant but needed several for all of my music instrument cases.  This 3 pack is just what I needed and at a very reasonable price!  Looks like I’m switching to this brand from now on!",True,Color: 09h-3 GunmetalMagnification Strength: 1.0 x,[],90,10911,1905,https://www.amazon.com/product-reviews/B01N2G8WRN?pageNumber=9&filterByStar=all_stars&sortBy=helpful&formatType=all_formats,allStars,,"{'price': None, 'listPrice': None}",2023-06-17,United States,,B01N2G8WRN,0.6792
