,Unnamed: 0,ratingScore,reviewTitle,reviewId,reviewUrl,reviewReaction,reviewedIn,reviewDescription,isVerified,variant,reviewImages,position,totalCategoryRatings,totalCategoryReviews,reviewCategoryUrl,filterByRating,filterByKeyword,product,date,country,countryCode,productAsin,sentiment_score
0,0,5,Great buy,RQ2NQ74N28Y3G,https://www.amazon.com/gp/customer-reviews/RQ2NQ74N28Y3G/ref=cm_cr_arp_d_rvw_ttl?ie=UTF8&ASIN=B07C2LZC23,8 people found this helpful,"Reviewed in the United States on February 20, 2024","I lose sunglasses based on their price, the more expensive the more likely I am to lose them. These are nice looking, very clear lenses with no distortion no glare and good darkness for intense sunlight. They’re not heavy but definitely not flimsy. The price makes them a great value.  I’ve managed to hang on to these for over a year which is a record.",True,Color: Polarized Brown Lens/Leopard Frame (Glossy Finish),[],1,51387,18040,https://www.amazon.com/product-reviews/B07C2LZC23?pageNumber=1&filterByStar=all_stars&sortBy=helpful&formatType=all_formats,allStars,,"{'price': None, 'listPrice': None}",2024-02-20,United States,,B07C2LZC23,0.7513
1,1,5,Great sunglasses!!,R1XJGEV0ZGDC6A,https://www.amazon.com/gp/customer-reviews/R1XJGEV0ZGDC6A/ref=cm_cr_arp_d_rvw_ttl?ie=UTF8&ASIN=B07C2LZC23,2 people found this helpful,"Reviewed in the United States on March 24, 2024","Typically, sunglasses don't last very long.  Other sunglass lenses pop out, the little screws come out and an earpiece is unattached.  Or the plastic arm wears out and breaks for no know reason.  This is NOT these sunglasses.  They're comfortable, light, durable - and they look cool too.  Plus they block out those sun rays that are so hard on my baby blues.  I wear them year-round, walking, driving, everywhere.  Being as they are plastic - they will scratch, but I'm careful and keep my glasses in a case when I'm not wearing them, and I have only 1 tiny scratch after 1 1/2 years wearing them nearly every day.",True,Color: 2023 Amber Frame (Matte Finish)/Brown Gradient Lens,[],2,51387,18040,https://www.amazon.com/product-reviews/B07C2LZC23?pageNumber=1&filterByStar=all_stars&sortBy=helpful&formatType=all_formats,allStars,,"{'price': None, 'listPrice': None}",2024-03-24,United States,,B07C2LZC23,0.0934
2,2,5,"Hi quality, inexpensive sunglasses",R1K2YPJAQP1UA9,https://www.amazon.com/gp/customer-reviews/R1K2YPJAQP1UA9/ref=cm_cr_arp_d_rvw_ttl?ie=UTF8&ASIN=B07C2LZC23,10 people found this helpful,"Reviewed in the United States on February 19, 2024","LIke many other reviewers, I saw Wirecutter's recommendation for these sunglasses and immediately checked them out.  I have a small head and was a little worried about purchasing a one-size-fits-all sunglass frame, but I did not need to be concerned. They fit my face perfectly and the style complements my features.  They are also well made. I was also impressed by the packaging of the sunglasses, as well as the inclusion of a lens cloth, eyeglass bag, and a two-sided screwdriver.I don't review many of the products I purchase on Amazon, but I am so impressed with these sunglasses and highly recommend them.",True,Color: 2 Pack (Polarized): Matte Amber/Brown Gradient+glossy Pink Brown/Light-brown,[],3,51387,18040,https://www.amazon.com/product-reviews/B07C2LZC23?pageNumber=1&filterByStar=all_stars&sortBy=helpful&formatType=all_formats,allStars,,"{'price': None, 'listPrice': None}",2024-02-19,United States,,B07C2LZC23,0.9829
3,3,4,Great for the price,R2IO4BOZTI6YZD,https://www.amazon.com/gp/customer-reviews/R2IO4BOZTI6YZD/ref=cm_cr_arp_d_rvw_ttl?ie=UTF8&ASIN=B07C2LZC23,3 people found this helpful,"Reviewed in the United States on October 28, 2023","These are fantastic sunglasses that I would highly recommend. They aren’t as nice as my $400 sunglasses which cut out the harsh rays without significantly dimming your view, but they are great nonetheless. These sunglasses do the job of cutting out the sun’s harsh rays, they are comfortable, and they are stylish. They when not in use, they stay on top of my head if I bend over. I love having 3 pairs. I gave the black ones to my dad (the best of the 3), and I have the other two. I like to keep a spare in my car & it’s nice being able to throw them in my purse or leave them sitting out without worrying about them.They are a product I would buy again and would buy as a gift for others (especially for inclusion with a care package or a multi-part gift). I appreciate the recommendation by Wirecutter.",True,Color: 3 Pack (Polarized): Matte Amber/Brown Gradient+matte Black/Gray+glossy Leopard/Brown,[],4,51387,18040,https://www.amazon.com/product-reviews/B07C2LZC23?pageNumber=1&filterByStar=all_stars&sortBy=helpful&formatType=all_formats,allStars,,"{'price': None, 'listPrice': None}",2023-10-28,United States,,B07C2LZC23,0.9927
4,4,5,"Excellent sunglasses.  Great deal, lightweight  & affordable",R1HN6NP4CCJKYV,https://www.amazon.com/gp/customer-reviews/R1HN6NP4CCJKYV/ref=cm_cr_arp_d_rvw_ttl?ie=UTF8&ASIN=B07C2LZC23,,"Reviewed in the United States on March 31, 2024","Great deal, lightweight,  trendy, excellent sunglasses",True,Color: 3 Pack (Polarized): Matte Amber/Brown Gradient+matte Black/Gray+glossy Leopard/Brown,[],5,51387,18040,https://www.amazon.com/product-reviews/B07C2LZC23?pageNumber=1&filterByStar=all_stars&sortBy=helpful&formatType=all_formats,allStars,,"{'price': None, 'listPrice': None}",2024-03-31,United States,,B07C2LZC23,0.8316
5,5,5,Amazing value for the price,R2F4K2AP1BMRGO,https://www.amazon.com/gp/customer-reviews/R2F4K2AP1BMRGO/ref=cm_cr_arp_d_rvw_ttl?ie=UTF8&ASIN=B07C2LZC23,3 people found this helpful,"Reviewed in the United States on February 28, 2024","For the price ($15), these sunglasses are a great value. They're comfortable enough, block the sun well, they look nice, and they seem quite durable. I'm ordering two more pairs right now.",True,Color: 2023 Black Frame (Matte Finish)/Polarized Gray Lens,[],6,51387,18040,https://www.amazon.com/product-reviews/B07C2LZC23?pageNumber=1&filterByStar=all_stars&sortBy=helpful&formatType=all_formats,allStars,,"{'price': None, 'listPrice': None}",2024-02-28,United States,,B07C2LZC23,0.8957
6,6,5,My favorite sunglasses,R294C5HOX2GHCN,https://www.amazon.com/gp/customer-reviews/R294C5HOX2GHCN/ref=cm_cr_arp_d_rvw_ttl?ie=UTF8&ASIN=B07C2LZC23,2 people found this helpful,"Reviewed in the United States on February 12, 2024","I love these sunglasses so much they are so cute. Unfortunately, I forgot mine in another state but since they are such a good price I can just order again. They scratch like normal sunglasses, they fit very well, but they seem pretty sturdy and good quality especially considering the price.",True,Color: Black Frame (Matte Finish)/Gray Gradient Lens,[],7,51387,18040,https://www.amazon.com/product-reviews/B07C2LZC23?pageNumber=1&filterByStar=all_stars&sortBy=helpful&formatType=all_formats,allStars,,"{'price': None, 'listPrice': None}",2024-02-12,United States,,B07C2LZC23,0.9771
7,7,5,Sungait sunglasses - SO comfortable!,R1KQR2ZGKAZ2SU,https://www.amazon.com/gp/customer-reviews/R1KQR2ZGKAZ2SU/ref=cm_cr_arp_d_rvw_ttl?ie=UTF8&ASIN=B07C2LZC23,3 people found this helpful,"Reviewed in the United States on March 2, 2024","These Sungait sunglasses came very well packaged. Very, very comfortable to wear as they’re very lightweight, doesn’t hurt the bridge of my nose or squeeze the side of my head (like my last crappy sunglasses), so no headache from wearing them. At the end of a long day at work wearing bifocals and looking at a computer, my eyes are tired and my nose and ears are sore. Putting these on for my commute home actually feels good, that’s how comfy these feel to me. The price is amazing for 2 pairs. I got the light pink and brown, and they look awesome. I will definitely buy these again to keep extras where I need them. I love them, best sunglasses I’ve ever purchased!",True,Color: 2 Pack (Polarized): Matte Amber/Brown Gradient+glossy Pink Brown/Light-brown,[],8,51387,18040,https://www.amazon.com/product-reviews/B07C2LZC23?pageNumber=1&filterByStar=all_stars&sortBy=helpful&formatType=all_formats,allStars,,"{'price': None, 'listPrice': None}",2024-03-02,United States,,B07C2LZC23,0.936
8,8,5,REALLY nice looking on,R1IVRWK65FE8XB,https://www.amazon.com/gp/customer-reviews/R1IVRWK65FE8XB/ref=cm_cr_arp_d_rvw_ttl?ie=UTF8&ASIN=B07C2LZC23,,"Reviewed in the United States on March 27, 2024","These look so nice!  I'm really picky in sunglasses, and I love these.  I think they will compliment almost any face shape and feature.I'm also a big fan of the extra's.  The large cleaner/wipe, the tiny phillips/flathead screwdriver tool.  Took me a minute to figure that one out.  But it's on my keychain now.  I have grandkids and they always have toys that require tiny screwdrivers!Also comes with a protective pouch, and arrived in a BOX within the usual Amazon large envelope...so, well protected.Very good all around.  I'll wear these every day.",True,Color: Polarized Brown Gradient Lens/Amber Frame (Matte Finish),[],9,51387,18040,https://www.amazon.com/product-reviews/B07C2LZC23?pageNumber=1&filterByStar=all_stars&sortBy=helpful&formatType=all_formats,allStars,,"{'price': None, 'listPrice': None}",2024-03-27,United States,,B07C2LZC23,0.9422
9,9,5,terrific especially for the price,R21RRMXTYG0OG8,https://www.amazon.com/gp/customer-reviews/R21RRMXTYG0OG8/ref=cm_cr_arp_d_rvw_ttl?ie=UTF8&ASIN=B07C2LZC23,,"Reviewed in the United States on March 18, 2024","this is my 5th pair of these sunglasses so clearly I do like them.  I first read about these on Wirecutter, needed some new sunglasses and I'm tired of spending a fortune on them and then having to worry about losing them, caring for them, breaking them, etc.  and these seemed like the perfect solution -- and they are!  one pair got sat on and bent but instead of crying over a wrecked $100 pair, I just got a new one.  they're very comfortable on your nose, side of head and ears which is a big thing for me.  highly recommend!",True,Color: 2023 Pink Brown Frame (Glossy Finish)/Polarized Light-brown Lens,[],10,51387,18040,https://www.amazon.com/product-reviews/B07C2LZC23?pageNumber=1&filterByStar=all_stars&sortBy=helpful&formatType=all_formats,allStars,,"{'price': None, 'listPrice': None}",2024-03-18,United States,,B07C2LZC23,0.8866
10,10,5,Quite possibly the best cheap sunglasses on the planet,RC46IJ2JE2PJV,https://www.amazon.com/gp/customer-reviews/RC46IJ2JE2PJV/ref=cm_cr_arp_d_rvw_ttl?ie=UTF8&ASIN=B07C2LZC23,,"Reviewed in the United States on March 30, 2024","Bought a 2x pairs combo after reading a Wirecutter article singing their praises and recalling the umpteen times my wife and/or I have driven off and then had a ""D'Oh!"" moment when the sun came out and we kicked ourselves for leaving our sunglasses at home. They just arrived, so I can't comment on their durability, but otherwise they're as good as advertised. Lightweight, comfortable, polarized, well-made, etc. Highly recommend!",True,Color: 2 Pack (Polarized): Matte Black/Gray+glossy Leopard/Brown,[],11,51387,18040,https://www.amazon.com/product-reviews/B07C2LZC23?pageNumber=2&filterByStar=all_stars&sortBy=helpful&formatType=all_formats,allStars,,"{'price': None, 'listPrice': None}",2024-03-30,United States,,B07C2LZC23,0.941
11,11,5,Better than expected,R3833DTUKYA415,https://www.amazon.com/gp/customer-reviews/R3833DTUKYA415/ref=cm_cr_arp_d_rvw_ttl?ie=UTF8&ASIN=B07C2LZC23,,"Reviewed in the United States on April 5, 2024","Really impressed with these sunglasses. Love the style, and comfortable fit. They do not slip from my nose which is always a problem even with expensive glasses, so that’s a major plus. The packaging was good too, I enjoy swapping the various colors I have with different outfits. Would purchase again.",True,Color: 3 Pack (Polarized): Matte Amber/Brown Gradient+matte Black/Gray+glossy Pink Brown/Light-brown,[],12,51387,18040,https://www.amazon.com/product-reviews/B07C2LZC23?pageNumber=2&filterByStar=all_stars&sortBy=helpful&formatType=all_formats,allStars,,"{'price': None, 'listPrice': None}",2024-04-05,United States,,B07C2LZC23,0.9501
12,12,5,Well made,R1I4XZ1CHINZSP,https://www.amazon.com/gp/customer-reviews/R1I4XZ1CHINZSP/ref=cm_cr_arp_d_rvw_ttl?ie=UTF8&ASIN=B07C2LZC23,,"Reviewed in the United States on March 15, 2024","Just got these delivered today and couldn't wait to open the package. First off the packaging is done well. I love that they come with a lens cleaning rag and the material of the carrier bag is nice and thick. Also didn't know that they came with a Keychain screwdriver. As for the glasses they fit my face well, are comfortable and seem to be well made especially for the price range they are in. I plan on getting a few other colors for sure. Definitely worth it!",True,Color: 2023 Pink Brown Frame (Glossy Finish)/Polarized Light-brown Lens,[],13,51387,18040,https://www.amazon.com/product-reviews/B07C2LZC23?pageNumber=2&filterByStar=all_stars&sortBy=helpful&formatType=all_formats,allStars,,"{'price': None, 'listPrice': None}",2024-03-15,United States,,B07C2LZC23,0.9738
13,13,5,Best sunglasses,R196R1I12JK81Z,https://www.amazon.com/gp/customer-reviews/R196R1I12JK81Z/ref=cm_cr_arp_d_rvw_ttl?ie=UTF8&ASIN=B07C2LZC23,,"Reviewed in the United States on April 4, 2024",The price for two pairs is unbeatable! My box had a pair of black and a pair of pink. Both were very appealing and came with a lifetime warranty plus a small screwdriver. Unbelievable! I would definitely buy more of these. I highly recommend these sunglasses!,True,Color: 2 Pack (Polarized): Matte Black/Gray+glossy Pink Brown/Light-brown,[],14,51387,18040,https://www.amazon.com/product-reviews/B07C2LZC23?pageNumber=2&filterByStar=all_stars&sortBy=helpful&formatType=all_formats,allStars,,"{'price': None, 'listPrice': None}",2024-04-04,United States,,B07C2LZC23,0.8161
14,14,5,Worth the price could be priced higher,R4ZTRJSXP8UZX,https://www.amazon.com/gp/customer-reviews/R4ZTRJSXP8UZX/ref=cm_cr_arp_d_rvw_ttl?ie=UTF8&ASIN=B07C2LZC23,,"Reviewed in the United States on April 3, 2024","Bought a double pair of the SUNGAIT sunglasses after reading a review in the New York Times Wirecutter letter, very sturdy and  good quality, I keep one in each of my vehicles so I don't forget them out the door.",True,Color: 2 Pack (Polarized): Matte Black/Gray+matte Amber/Brown Gradient,[],15,51387,18040,https://www.amazon.com/product-reviews/B07C2LZC23?pageNumber=2&filterByStar=all_stars&sortBy=helpful&formatType=all_formats,allStars,,"{'price': None, 'listPrice': None}",2024-04-03,United States,,B07C2LZC23,0.6259
15,15,5,Great sunglasses for the money!,R2E6YJEOF23UVJ,https://www.amazon.com/gp/customer-reviews/R2E6YJEOF23UVJ/ref=cm_cr_arp_d_rvw_ttl?ie=UTF8&ASIN=B07C2LZC23,,"Reviewed in the United States on March 26, 2024","Love the sunglasses, also the seller sent me a message after I received them wanting to know if I was satisfied and that they have a lifetime warranty on them, refund or return at any time, unless you just break them I’m sure, but I appreciated them reaching out to me to let me know, I wasn’t aware of the warranty!",True,Color: 2 Pack (Polarized): Matte Black/Gray+glossy Leopard/Brown,[],16,51387,18040,https://www.amazon.com/product-reviews/B07C2LZC23?pageNumber=2&filterByStar=all_stars&sortBy=helpful&formatType=all_formats,allStars,,"{'price': None, 'listPrice': None}",2024-03-26,United States,,B07C2LZC23,0.902
16,16,5,What a great deal!,R2FKMPOAKKW99F,https://www.amazon.com/gp/customer-reviews/R2FKMPOAKKW99F/ref=cm_cr_arp_d_rvw_ttl?ie=UTF8&ASIN=B07C2LZC23,,"Reviewed in the United States on March 18, 2024","I saw a review of these on CNN and since we were getting ready to go to Hawaii, I decided to buy them.  I got a two-pack, little sacks for them to go in and the nicest little glasses screw drivers that I've ever had.  They were great in Hawaii and they feel like really solid products.  These are a great buy and they're really nice sun glasses!",True,Color: 2 Pack (Non-polarized): Matte Amber/Brown Gradient + Matte Black/Gray Gradient,[],17,51387,18040,https://www.amazon.com/product-reviews/B07C2LZC23?pageNumber=2&filterByStar=all_stars&sortBy=helpful&formatType=all_formats,allStars,,"{'price': None, 'listPrice': None}",2024-03-18,United States,,B07C2LZC23,0.9664
17,17,5,Great sunglasses,R5DQRZKFHKG90,https://www.amazon.com/gp/customer-reviews/R5DQRZKFHKG90/ref=cm_cr_arp_d_rvw_ttl?ie=UTF8&ASIN=B07C2LZC23,,"Reviewed in the United States on April 4, 2024","They fit well, block the sun well, and they came with a keychain/screwdriver accessory and nice fabric case with a matching cleaning cloth.  VERY CLASSY all around!",True,Color: 2 Pack (Non-polarized): Matte Amber/Brown Gradient+milky White/Brown Gradient,[],18,51387,18040,https://www.amazon.com/product-reviews/B07C2LZC23?pageNumber=2&filterByStar=all_stars&sortBy=helpful&formatType=all_formats,allStars,,"{'price': None, 'listPrice': None}",2024-04-04,United States,,B07C2LZC23,0.8898
18,18,5,Great Deal,RB4H8BA5S0WD1,https://www.amazon.com/gp/customer-reviews/RB4H8BA5S0WD1/ref=cm_cr_arp_d_rvw_ttl?ie=UTF8&ASIN=B07C2LZC23,,"Reviewed in the United States on March 30, 2024",I was pleasantly surprised at how much I liked all 3 pairs of the sunglasses. Not only that but it was such a great price for the 3 pack. Hopefully they will last a long time.,True,Color: 3 Pack (Polarized): Matte Amber/Brown Gradient+matte Black/Gray+glossy Leopard/Brown,[],19,51387,18040,https://www.amazon.com/product-reviews/B07C2LZC23?pageNumber=2&filterByStar=all_stars&sortBy=helpful&formatType=all_formats,allStars,,"{'price': None, 'listPrice': None}",2024-03-30,United States,,B07C2LZC23,0.9274
19,19,4,Great for the price,R10OVV5BW17BWW,https://www.amazon.com/gp/customer-reviews/R10OVV5BW17BWW/ref=cm_cr_arp_d_rvw_ttl?ie=UTF8&ASIN=B07C2LZC23,,"Reviewed in the United States on March 10, 2024","I have recently graduated from prescription sunglasses to regular over-the-counter sunglasses. I leave them everywhere, so didn't want to spend a fortune. These are lightweight, and seem to provide ample protection from the sun's glare. The only drawback is that they are a bit stiff to open and close, but hopefully this will improve over time. They fit well and are nice-looking.I definitely recommend these if you're looking for basic, not-too-expensive sunglasses.",True,Color: 2 Pack (Polarized): Matte Black/Gray+glossy Leopard/Brown,[],20,51387,18040,https://www.amazon.com/product-reviews/B07C2LZC23?pageNumber=2&filterByStar=all_stars&sortBy=helpful&formatType=all_formats,allStars,,"{'price': None, 'listPrice': None}",2024-03-10,United States,,B07C2LZC23,0.9625
20,20,5,Great Value,R6C000X20RK93,https://www.amazon.com/gp/customer-reviews/R6C000X20RK93/ref=cm_cr_arp_d_rvw_ttl?ie=UTF8&ASIN=B07C2LZC23,,"Reviewed in the United States on March 7, 2024","Decent quality glasses for the price, and they look good as well. They fit my face, which is med-small, so that's nice as well",True,Color: 2023 Black Frame (Matte Finish)/Polarized Gray Lens,[],41,51387,18040,https://www.amazon.com/product-reviews/B07C2LZC23?pageNumber=5&filterByStar=all_stars&sortBy=helpful&formatType=all_formats,allStars,,"{'price': None, 'listPrice': None}",2024-03-07,United States,,B07C2LZC23,0.8928
21,21,4,Nice gradient lens,R3QQJDPA0SGT43,https://www.amazon.com/gp/customer-reviews/R3QQJDPA0SGT43/ref=cm_cr_arp_d_rvw_ttl?ie=UTF8&ASIN=B07C2LZC23,,"Reviewed in the United States on March 15, 2024",Too big for a sm face. They fall right off my face,True,Color: Black Frame(glossy Finish)/Gray Gradient Lens,[],42,51387,18040,https://www.amazon.com/product-reviews/B07C2LZC23?pageNumber=5&filterByStar=all_stars&sortBy=helpful&formatType=all_formats,allStars,,"{'price': None, 'listPrice': None}",2024-03-15,United States,,B07C2LZC23,0.0
22,22,4,Shades,RAWY1Z3C18HAF,https://www.amazon.com/gp/customer-reviews/RAWY1Z3C18HAF/ref=cm_cr_arp_d_rvw_ttl?ie=UTF8&ASIN=B07C2LZC23,,"Reviewed in the United States on March 14, 2024","Not the most stylish, functionality at a good pricepoint",True,Color: 2023 Black Frame (Matte Finish)/Polarized Gray Lens,[],43,51387,18040,https://www.amazon.com/product-reviews/B07C2LZC23?pageNumber=5&filterByStar=all_stars&sortBy=helpful&formatType=all_formats,allStars,,"{'price': None, 'listPrice': None}",2024-03-14,United States,,B07C2LZC23,0.4404
23,23,5,Great customer service!,RGXORK5R2BD6O,https://www.amazon.com/gp/customer-reviews/RGXORK5R2BD6O/ref=cm_cr_arp_d_rvw_ttl?ie=UTF8&ASIN=B07C2LZC23,,"Reviewed in the United States on February 20, 2024","These are affordable, stylish sunglasses! I had an issue with the first pair - the temple had a stain I couldn't get out with soap and water, and the customer service representatives responded right away, and sent a replacement pair with no charge. Great to work with! Would purchase again.",True,Color: Milky White Frame Brown Gradient Lens,[],44,51387,18040,https://www.amazon.com/product-reviews/B07C2LZC23?pageNumber=5&filterByStar=all_stars&sortBy=helpful&formatType=all_formats,allStars,,"{'price': None, 'listPrice': None}",2024-02-20,United States,,B07C2LZC23,0.5399
24,24,5,Good value..,R399M93RZ277NR,https://www.amazon.com/gp/customer-reviews/R399M93RZ277NR/ref=cm_cr_arp_d_rvw_ttl?ie=UTF8&ASIN=B07C2LZC23,,"Reviewed in the United States on March 14, 2024","Exactly as promised for a terrific price. Good fit, well-packaged and light but protective. And excellent purchase.",True,Color: 2023 Amber Frame (Matte Finish)/Brown Gradient Lens,[],45,51387,18040,https://www.amazon.com/product-reviews/B07C2LZC23?pageNumber=5&filterByStar=all_stars&sortBy=helpful&formatType=all_formats,allStars,,"{'price': None, 'listPrice': None}",2024-03-14,United States,,B07C2LZC23,0.8898
25,25,5,Great deal for polarized glasses,RU81A3S5LJ6ZQ,https://www.amazon.com/gp/customer-reviews/RU81A3S5LJ6ZQ/ref=cm_cr_arp_d_rvw_ttl?ie=UTF8&ASIN=B07C2LZC23,,"Reviewed in the United States on March 10, 2024",Yes get them the quality for the price is great. Perfect everyday glasses.,True,Color: Polarized Brown Lens/Leopard Frame (Glossy Finish),[],46,51387,18040,https://www.amazon.com/product-reviews/B07C2LZC23?pageNumber=5&filterByStar=all_stars&sortBy=helpful&formatType=all_formats,allStars,,"{'price': None, 'listPrice': None}",2024-03-10,United States,,B07C2LZC23,0.8885
26,26,5,"Just wore them on a walk. Very light, and really good eye protection.",RZMSS8O0HSSQ5,https://www.amazon.com/gp/customer-reviews/RZMSS8O0HSSQ5/ref=cm_cr_arp_d_rvw_ttl?ie=UTF8&ASIN=B07C2LZC23,,"Reviewed in the United States on March 11, 2024",They felt very lightweight. And I feel like my eyes were protected from glare.,True,Color: 2023 Black Frame (Matte Finish)/Polarized Gray Lens,[],47,51387,18040,https://www.amazon.com/product-reviews/B07C2LZC23?pageNumber=5&filterByStar=all_stars&sortBy=helpful&formatType=all_formats,allStars,,"{'price': None, 'listPrice': None}",2024-03-11,United States,,B07C2LZC23,0.6597
27,27,5,"For the price, impressed with clarity of glass and simplicity of style -- Follow up to this review",R2NDSSBV3QNBQR,https://www.amazon.com/gp/customer-reviews/R2NDSSBV3QNBQR/ref=cm_cr_arp_d_rvw_ttl?ie=UTF8&ASIN=B07C2LZC23,One person found this helpful,"Reviewed in the United States on October 28, 2023","I am impressed with the clarity of the glass and simple style.  Plus comes with a tool kit for repair.  I'm stunned by the price.  However, I am uncertain I like the brown glass and maybe should return them and get the black glass instead.  I usually wear RayBans and this copper/brown glow of the glass seems weird to me.  I'm thinking of returning them this week for the black glass.  However, for the price and quality, I believe I will use them all the time. I've decided to take them (I got the 3 pack) for traveling, so I don't have to worry about losing them or only having my ray-bans.  This way, ray-bans stay home and these glasses are my go to.  I'll write more if I exchanged them for the black glass.  But you can't beat the quality for the price.  I totally understand the rave reviews and Wirecutter review.Follow up:  Customer service contacted me and although I said I would return said amber glasses for replacements, they informed me that they were sending a black matte glass frame.  I offered to pay for it as well but they said that was unnecessary.  Exceptional customer service and concern for their customers.  I am very impressed and will continue to buy from them because they stand by their product and care about their customers.  I have changed my rating from 4 to 5!  Strongly recommend this company.",True,Color: 3 Pack (Polarized): Matte Amber/Brown Gradient+matte Black/Gray+glossy Pink Brown/Light-brown,[],48,51387,18040,https://www.amazon.com/product-reviews/B07C2LZC23?pageNumber=5&filterByStar=all_stars&sortBy=helpful&formatType=all_formats,allStars,,"{'price': None, 'listPrice': None}",2023-10-28,United States,,B07C2LZC23,0.9589
28,28,5,Send as promised,R2U1O6BM2PGUB4,https://www.amazon.com/gp/customer-reviews/R2U1O6BM2PGUB4/ref=cm_cr_arp_d_rvw_ttl?ie=UTF8&ASIN=B07C2LZC23,,"Reviewed in the United States on March 9, 2024","I bought sun glasses. As offered, they provide polarized lenses with great effect. Perfectly priced.",True,Color: 2 Pack (Polarized): Matte Black/Gray+glossy Leopard/Brown,[],49,51387,18040,https://www.amazon.com/product-reviews/B07C2LZC23?pageNumber=5&filterByStar=all_stars&sortBy=helpful&formatType=all_formats,allStars,,"{'price': None, 'listPrice': None}",2024-03-09,United States,,B07C2LZC23,0.8519
29,29,5,Love these glasses,ROB68ZBRWB5QN,https://www.amazon.com/gp/customer-reviews/ROB68ZBRWB5QN/ref=cm_cr_arp_d_rvw_ttl?ie=UTF8&ASIN=B07C2LZC23,,"Reviewed in the United States on March 13, 2024",I already had a pair. These are great.,True,Color: 3 Pack (Polarized): Matte Amber/Brown Gradient+matte Black/Gray+glossy Leopard/Brown,[],50,51387,18040,https://www.amazon.com/product-reviews/B07C2LZC23?pageNumber=5&filterByStar=all_stars&sortBy=helpful&formatType=all_formats,allStars,,"{'price': None, 'listPrice': None}",2024-03-13,United States,,B07C2LZC23,0.6249
30,30,5,Vintage sun shades,R1844RYL0BWDGL,https://www.amazon.com/gp/customer-reviews/R1844RYL0BWDGL/ref=cm_cr_arp_d_rvw_ttl?ie=UTF8&ASIN=B07C2LZC23,,"Reviewed in the United States on April 1, 2024",Just what I need here in Florida.They are wonderful and a great fit.Very convenient and useful on very bright sunny days.,True,Color: Polarized Brown Gradient Lens/Amber Frame (Matte Finish),[],21,51387,18040,https://www.amazon.com/product-reviews/B07C2LZC23?pageNumber=3&filterByStar=all_stars&sortBy=helpful&formatType=all_formats,allStars,,"{'price': None, 'listPrice': None}",2024-04-01,United States,,B07C2LZC23,0.9514
31,31,5,Cheap but great!,RG96HPB3M822H,https://www.amazon.com/gp/customer-reviews/RG96HPB3M822H/ref=cm_cr_arp_d_rvw_ttl?ie=UTF8&ASIN=B07C2LZC23,,"Reviewed in the United States on April 3, 2024",Love these glasses! The brown ones are my fave but they’re both good. Cheap cheap and durable.,True,Color: 2 Pack (Polarized): Matte Black/Gray+glossy Leopard/Brown,[],22,51387,18040,https://www.amazon.com/product-reviews/B07C2LZC23?pageNumber=3&filterByStar=all_stars&sortBy=helpful&formatType=all_formats,allStars,,"{'price': None, 'listPrice': None}",2024-04-03,United States,,B07C2LZC23,0.8268
32,32,5,LOVE!!,R3DDR79QHKK5QN,https://www.amazon.com/gp/customer-reviews/R3DDR79QHKK5QN/ref=cm_cr_arp_d_rvw_ttl?ie=UTF8&ASIN=B07C2LZC23,,"Reviewed in the United States on April 5, 2024",Amazing and cute! Worth it! They look great!,True,,[],23,51387,18040,https://www.amazon.com/product-reviews/B07C2LZC23?pageNumber=3&filterByStar=all_stars&sortBy=helpful&formatType=all_formats,allStars,,"{'price': None, 'listPrice': None}",2024-04-05,United States,,B07C2LZC23,0.9284
33,33,5,Good sunglasses!,RZTHZLC7UH50V,https://www.amazon.com/gp/customer-reviews/RZTHZLC7UH50V/ref=cm_cr_arp_d_rvw_ttl?ie=UTF8&ASIN=B07C2LZC23,,"Reviewed in the United States on April 3, 2024","These are nice sunglasses - good, attractive frames andpolarized lenses.",True,Color: 2 Pack (Polarized): Matte Amber/Brown Gradient+glossy Pink Brown/Light-brown,[],24,51387,18040,https://www.amazon.com/product-reviews/B07C2LZC23?pageNumber=3&filterByStar=all_stars&sortBy=helpful&formatType=all_formats,allStars,,"{'price': None, 'listPrice': None}",2024-04-03,United States,,B07C2LZC23,0.8225
34,34,5,Worry-free sunglasses,R1UPL4GG1HDEXR,https://www.amazon.com/gp/customer-reviews/R1UPL4GG1HDEXR/ref=cm_cr_arp_d_rvw_ttl?ie=UTF8&ASIN=B07C2LZC23,,"Reviewed in the United States on March 21, 2024","Best bang-for-the-buck sunglasses ever! My only gripe, and it's minor, is that they could ""wrap"" around your face a bit more, protecting your eyes from sideways sunshine.",True,Color: 2023 Black Frame (Matte Finish)/Polarized Gray Lens,[],25,51387,18040,https://www.amazon.com/product-reviews/B07C2LZC23?pageNumber=3&filterByStar=all_stars&sortBy=helpful&formatType=all_formats,allStars,,"{'price': None, 'listPrice': None}",2024-03-21,United States,,B07C2LZC23,0.8268
35,35,5,Good price,R35WYJPLAX8F4V,https://www.amazon.com/gp/customer-reviews/R35WYJPLAX8F4V/ref=cm_cr_arp_d_rvw_ttl?ie=UTF8&ASIN=B07C2LZC23,,"Reviewed in the United States on April 1, 2024",Love themI bought two sets. Keep them everywhere,True,Color: 2 Pack (Polarized): Matte Amber/Brown Gradient+glossy Pink Brown/Light-brown,[],26,51387,18040,https://www.amazon.com/product-reviews/B07C2LZC23?pageNumber=3&filterByStar=all_stars&sortBy=helpful&formatType=all_formats,allStars,,"{'price': None, 'listPrice': None}",2024-04-01,United States,,B07C2LZC23,0.6369
36,36,5,Great sunglasses for the price!,R29J5ZGQS4VHDD,https://www.amazon.com/gp/customer-reviews/R29J5ZGQS4VHDD/ref=cm_cr_arp_d_rvw_ttl?ie=UTF8&ASIN=B07C2LZC23,,"Reviewed in the United States on March 18, 2024",I have a problem finding sunglasses that fit & don’t slip down constantly. These fit me really well & I haven’t noticed any glare. Definitely worth it!,True,Color: 2 Pack (Polarized): Matte Black/Gray+glossy Leopard/Brown,[],27,51387,18040,https://www.amazon.com/product-reviews/B07C2LZC23?pageNumber=3&filterByStar=all_stars&sortBy=helpful&formatType=all_formats,allStars,,"{'price': None, 'listPrice': None}",2024-03-18,United States,,B07C2LZC23,0.8217
37,37,5,PERFECT FOR FLORIDA SUN,RPBFBBECFA3BD,https://www.amazon.com/gp/customer-reviews/RPBFBBECFA3BD/ref=cm_cr_arp_d_rvw_ttl?ie=UTF8&ASIN=B07C2LZC23,,"Reviewed in the United States on March 17, 2024",THE BEST. Better than my medically shaded glasses. All FLORIDIANS should go for this . Can’t feel the sun . MORE THAN WORTH THE PRICE . Thanks,True,Color: Black Frame(glossy Finish)/Gray Gradient Lens,[],28,51387,18040,https://www.amazon.com/product-reviews/B07C2LZC23?pageNumber=3&filterByStar=all_stars&sortBy=helpful&formatType=all_formats,allStars,,"{'price': None, 'listPrice': None}",2024-03-17,United States,,B07C2LZC23,0.9365
38,38,5,Inexpensive but impressive,R1ZGI936WIDWT6,https://www.amazon.com/gp/customer-reviews/R1ZGI936WIDWT6/ref=cm_cr_arp_d_rvw_ttl?ie=UTF8&ASIN=B07C2LZC23,,"Reviewed in the United States on March 17, 2024",Very stylish but still comfortable.  The polarization was noticeable when south Florida fishing.  Easily fit in my shirt pocket  and glad I received two pairs.,True,Color: 2 Pack (Polarized): Matte Black/Gray+glossy Leopard/Brown,[],29,51387,18040,https://www.amazon.com/product-reviews/B07C2LZC23?pageNumber=3&filterByStar=all_stars&sortBy=helpful&formatType=all_formats,allStars,,"{'price': None, 'listPrice': None}",2024-03-17,United States,,B07C2LZC23,0.9413
39,39,5,Bought more as I love these,R3V1D1COMJ3TSQ,https://www.amazon.com/gp/customer-reviews/R3V1D1COMJ3TSQ/ref=cm_cr_arp_d_rvw_ttl?ie=UTF8&ASIN=B07C2LZC23,,"Reviewed in the United States on March 24, 2024",Wanted some backups to take traveling as these are great and my choice of sunglasses from now on.,True,Color: 3 Pack (Polarized): Matte Amber/Brown Gradient+matte Black/Gray+glossy Leopard/Brown,[],30,51387,18040,https://www.amazon.com/product-reviews/B07C2LZC23?pageNumber=3&filterByStar=all_stars&sortBy=helpful&formatType=all_formats,allStars,,"{'price': None, 'listPrice': None}",2024-03-24,United States,,B07C2LZC23,0.6249
40,40,5,Amazing!,R1ME8YB8HN4SA9,https://www.amazon.com/gp/customer-reviews/R1ME8YB8HN4SA9/ref=cm_cr_arp_d_rvw_ttl?ie=UTF8&ASIN=B07C2LZC23,,"Reviewed in the United States on March 7, 2024",Does not rip your hair out when you rest them on top of your head 👍🏻👍🏻👍🏻,True,Color: 2023 Amber Frame (Matte Finish)/Brown Gradient Lens,[],61,51387,18040,https://www.amazon.com/product-reviews/B07C2LZC23?pageNumber=7&filterByStar=all_stars&sortBy=helpful&formatType=all_formats,allStars,,"{'price': None, 'listPrice': None}",2024-03-07,United States,,B07C2LZC23,0.2023
41,41,5,Great fit !,R1Y7R14ABJ8GGV,https://www.amazon.com/gp/customer-reviews/R1Y7R14ABJ8GGV/ref=cm_cr_arp_d_rvw_ttl?ie=UTF8&ASIN=B07C2LZC23,,"Reviewed in the United States on March 11, 2024",Perfect pair of sunnies for great price point!,True,Color: Polarized Sakura Pink Lens/Black Frame(glossy Finish),[],62,51387,18040,https://www.amazon.com/product-reviews/B07C2LZC23?pageNumber=7&filterByStar=all_stars&sortBy=helpful&formatType=all_formats,allStars,,"{'price': None, 'listPrice': None}",2024-03-11,United States,,B07C2LZC23,0.8439
42,42,4,Larger than expected but good polarization,R1JFG6FVG3B28X,https://www.amazon.com/gp/customer-reviews/R1JFG6FVG3B28X/ref=cm_cr_arp_d_rvw_ttl?ie=UTF8&ASIN=B07C2LZC23,,"Reviewed in the United States on February 19, 2024","The glasses are larger than I expected but I'll use them anyway, as I like the polarized lenses. Excellent value.",True,Color: 2023 Black Frame (Matte Finish)/Polarized Gray Lens,[],63,51387,18040,https://www.amazon.com/product-reviews/B07C2LZC23?pageNumber=7&filterByStar=all_stars&sortBy=helpful&formatType=all_formats,allStars,,"{'price': None, 'listPrice': None}",2024-02-19,United States,,B07C2LZC23,0.9081
43,43,5,Feliz!,RANPSVNZ5MDYN,https://www.amazon.com/gp/customer-reviews/RANPSVNZ5MDYN/ref=cm_cr_arp_d_rvw_ttl?ie=UTF8&ASIN=B07C2LZC23,,"Reviewed in the United States on February 23, 2024","Me gustan mucho! Son livianos, bonitos, buen filtro y traen su pañito y bolsita de tela para guardar",True,Color: 2023 Amber Frame (Matte Finish)/Brown Gradient Lens,[],64,51387,18040,https://www.amazon.com/product-reviews/B07C2LZC23?pageNumber=7&filterByStar=all_stars&sortBy=helpful&formatType=all_formats,allStars,,"{'price': None, 'listPrice': None}",2024-02-23,United States,,B07C2LZC23,0.0
44,44,4,My initial thoughts after wearing these one day only,R2MRFIZJ2EQML0,https://www.amazon.com/gp/customer-reviews/R2MRFIZJ2EQML0/ref=cm_cr_arp_d_rvw_ttl?ie=UTF8&ASIN=B07C2LZC23,2 people found this helpful,"Reviewed in the United States on October 8, 2023","I'm starting out with 4 stars in hopes these will earn 5 stars after a month or two of continual use. They are too new to asses how scratch-resistant they are (or aren't) and I'm not going to intentionally abuse these to find-out so early. What I CAN say is that they arrived safely, were packaged nicely (good presentation!) and they are a delight to wear. I've had MauiJim's, Vuarnet's, RayBan's and other good sunglasses over the years, and these lenses are up there with the others as far as clarity, no distortion, UV filtering and so on. They are also lightweight to wear. The frames seem solid.  I did apply for the second, free set which I hope to have soon for an alternate/backup pair. These Sungait glasses seem to be the real deal, at a bargain price. I will update this initial review in about 60-90 days to see how they fare. If all remains the same, I will boost the rating to 5 stars.",True,Color: 2023 Black Frame (Matte Finish)/Polarized Gray Lens,[],65,51387,18040,https://www.amazon.com/product-reviews/B07C2LZC23?pageNumber=7&filterByStar=all_stars&sortBy=helpful&formatType=all_formats,allStars,,"{'price': None, 'listPrice': None}",2023-10-08,United States,,B07C2LZC23,0.9705
45,45,5,Looking good,R30HTYBQUX9HZC,https://www.amazon.com/gp/customer-reviews/R30HTYBQUX9HZC/ref=cm_cr_arp_d_rvw_ttl?ie=UTF8&ASIN=B07C2LZC23,,"Reviewed in the United States on February 25, 2024","Stylish, well made, comfortable sunglasses. Can see well through them",True,Color: 2023 Amber Frame (Matte Finish)/Brown Gradient Lens,[],66,51387,18040,https://www.amazon.com/product-reviews/B07C2LZC23?pageNumber=7&filterByStar=all_stars&sortBy=helpful&formatType=all_formats,allStars,,"{'price': None, 'listPrice': None}",2024-02-25,United States,,B07C2LZC23,0.7579
46,46,5,My new favorite sunglasses,R2TGHWY2M8N7S,https://www.amazon.com/gp/customer-reviews/R2TGHWY2M8N7S/ref=cm_cr_arp_d_rvw_ttl?ie=UTF8&ASIN=B07C2LZC23,,"Reviewed in the United States on February 21, 2024","The glasses are light, stylish, and come with a tiny kit to adjust the fit. Will purchase additional pairs and recommended to friends.",True,Color: 2023 Black Frame (Matte Finish)/Polarized Gray Lens,[],67,51387,18040,https://www.amazon.com/product-reviews/B07C2LZC23?pageNumber=7&filterByStar=all_stars&sortBy=helpful&formatType=all_formats,allStars,,"{'price': None, 'listPrice': None}",2024-02-21,United States,,B07C2LZC23,0.7506
47,47,5,Comfortable filters out glare,RV0HAETBZ13F1,https://www.amazon.com/gp/customer-reviews/RV0HAETBZ13F1/ref=cm_cr_arp_d_rvw_ttl?ie=UTF8&ASIN=B07C2LZC23,,"Reviewed in the United States on March 5, 2024",Comfortable on the eyes,True,Color: 2023 Black Frame (Matte Finish)/Polarized Gray Lens,[],68,51387,18040,https://www.amazon.com/product-reviews/B07C2LZC23?pageNumber=7&filterByStar=all_stars&sortBy=helpful&formatType=all_formats,allStars,,"{'price': None, 'listPrice': None}",2024-03-05,United States,,B07C2LZC23,0.5106
48,48,4,Made with reasonable quality,RC16XUX9S7SLA,https://www.amazon.com/gp/customer-reviews/RC16XUX9S7SLA/ref=cm_cr_arp_d_rvw_ttl?ie=UTF8&ASIN=B07C2LZC23,9 people found this helpful,"Reviewed in the United States on April 17, 2023","I like the sunglasses for what they are, they are $10-20 shades that reduce sunlight and have polarization, if you select a model that does have polarized lenses. These are not very expensive and still have a good build quality to them. I gave it a 4/5 for scratch resistance because at the moment i have yet to scratch the lenses but that's because i have not really abused them like i normally would do to a set of glass lens sunglasses and would expect them to get scratched when pocketing with keys against them. These are better than any pair of gas station sunglasses that i have looked at in the past few years and you actually get to choose style. They are lightweight and still maintain rigidity.They are oil magnets, i typically wear some sort of sunscreen when out in the sun and these like to hold onto any fingerprint or oil from them as possible when compared to my previous glass lenses sunglasses. It takes a lot of effort to make them wearable through wiping them off to clean the lenses compared to glass would be. I also don't 100% love how they fit on my face with them fitting rather small for a pair of Women/Men glasses to fit. I think it is because the bridge is too narrow and the lenses are not wide enough for my face. This results in a gap on either side of my eyes that are prone to dust flying into compared to glasses that i have had previously that fit tighter to my face. This is also the reason that i knocked the sun protection down to 4/5 because it leave a space for sun to hit my eyes while driving as well. Your mileage may vary.Summary:Pros:-Affordable-Good build quality-Fun color options-Lightweight and sturdy-Company is responsive by emailCons:-Smaller than expected, depends on person-Oil magnets, annoying to clean off oil smudges and get clear again-Plastic lenses, haven't scratched yet but imagine they would through use, I plan to report back later-Sun and dust can get in due to smaller size",True,Color: Polarized Sakura Pink Lens/Black Frame(glossy Finish),[],69,51387,18040,https://www.amazon.com/product-reviews/B07C2LZC23?pageNumber=7&filterByStar=all_stars&sortBy=helpful&formatType=all_formats,allStars,,"{'price': None, 'listPrice': None}",2023-04-17,United States,,B07C2LZC23,0.9869
49,49,5,Lightweight,R6L4QGY3HKWCC,https://www.amazon.com/gp/customer-reviews/R6L4QGY3HKWCC/ref=cm_cr_arp_d_rvw_ttl?ie=UTF8&ASIN=B07C2LZC23,4 people found this helpful,"Reviewed in the United States on February 13, 2024",I love how lightweight these glasses are. I don’t get a headache when I wear them because they don’t feel too tight. I’m planning on ordering another pair in a different color.,True,Color: Polarized Green Mirror Lens/Transparent Frame,['https://m.media-amazon.com/images/I/71ItRZ9ji-L._SY88.jpg'],70,51387,18040,https://www.amazon.com/product-reviews/B07C2LZC23?pageNumber=7&filterByStar=all_stars&sortBy=helpful&formatType=all_formats,allStars,,"{'price': None, 'listPrice': None}",2024-02-13,United States,,B07C2LZC23,0.6369
50,50,5,Updated Review,R2LLQDD4PO8FQB,https://www.amazon.com/gp/customer-reviews/R2LLQDD4PO8FQB/ref=cm_cr_arp_d_rvw_ttl?ie=UTF8&ASIN=B07C2LZC23,,"Reviewed in the United States on December 5, 2023","I'm updating my review based on Sungait reaching out and standing behind their warranty. Apparently the message I sent to their website was not received (it happens) and once they saw the review, they immediately reached out and offered to send a replacement pair of sunglasses. Awesome! So, I'm updating the below review to reflect a more accurate picture of the product and Sungait's service.A couple of weeks after buying a 3-pack, the hinge screw of one of the pair loosened, popped out (and disappeared), which allowed the temple to fall off. So now one of three of the pairs of sunglasses is useless. No problem, I'd just contact the company, explain the issue and rely on their legendary warranty. And this is what I tried to do, after the Amazon return window had closed. How to contact the company? Very difficult, although I finally found a way to do so using their website -- I was able to send an email. This went into the void without reply. So the warranty is pretty much worthless and the quality of the glasses not much better. Kind of a waste of money, unfortunately. 2 stars.",True,,[],51,51387,18040,https://www.amazon.com/product-reviews/B07C2LZC23?pageNumber=6&filterByStar=all_stars&sortBy=helpful&formatType=all_formats,allStars,,"{'price': None, 'listPrice': None}",2023-12-05,United States,,B07C2LZC23,-0.8588
51,51,5,Hermoso,R8IHTNTE5UC1H,https://www.amazon.com/gp/customer-reviews/R8IHTNTE5UC1H/ref=cm_cr_arp_d_rvw_ttl?ie=UTF8&ASIN=B07C2LZC23,,"Reviewed in the United States on March 12, 2024","Son excelentes! Justo lo que buscaba, muy buena calidad",True,Color: Black Frame (Matte Finish)/Gray Gradient Lens,[],52,51387,18040,https://www.amazon.com/product-reviews/B07C2LZC23?pageNumber=6&filterByStar=all_stars&sortBy=helpful&formatType=all_formats,allStars,,"{'price': None, 'listPrice': None}",2024-03-12,United States,,B07C2LZC23,0.0
52,52,5,Comfortable fit.,R2UCT3SO297DN2,https://www.amazon.com/gp/customer-reviews/R2UCT3SO297DN2/ref=cm_cr_arp_d_rvw_ttl?ie=UTF8&ASIN=B07C2LZC23,,"Reviewed in the United States on March 5, 2024",My favorite glasses. Fit great. Don’t get tangled in hair. Don’t squeeze the bridge of nose. And polarized,True,Color: 2023 Black Frame (Matte Finish)/Polarized Gray Lens,[],53,51387,18040,https://www.amazon.com/product-reviews/B07C2LZC23?pageNumber=6&filterByStar=all_stars&sortBy=helpful&formatType=all_formats,allStars,,"{'price': None, 'listPrice': None}",2024-03-05,United States,,B07C2LZC23,0.8625
53,53,5,Not polarized,RXG9QDKGDTCBY,https://www.amazon.com/gp/customer-reviews/RXG9QDKGDTCBY/ref=cm_cr_arp_d_rvw_ttl?ie=UTF8&ASIN=B07C2LZC23,,"Reviewed in the United States on February 19, 2024","These are perfectly adequate sunglasses, I just prefer polarized lenses. They're attractive and fit well.Because the polarized and not polarized are all mixed on the product page you need to be aware when choosing if you are specifically shopping for polarized like I was.",True,Color: Milky White Frame Brown Gradient Lens,[],54,51387,18040,https://www.amazon.com/product-reviews/B07C2LZC23?pageNumber=6&filterByStar=all_stars&sortBy=helpful&formatType=all_formats,allStars,,"{'price': None, 'listPrice': None}",2024-02-19,United States,,B07C2LZC23,0.9186
54,54,5,"good deal, done right...  thanks!",R19IIJL7PMPJUV,https://www.amazon.com/gp/customer-reviews/R19IIJL7PMPJUV/ref=cm_cr_arp_d_rvw_ttl?ie=UTF8&ASIN=B07C2LZC23,,"Reviewed in the United States on March 12, 2024","good deal, done right...thanks!",True,Color: 3 Pack (Polarized): Matte Black/Gray+matte Black/Gray Gradient+matte Amber/Gray,[],55,51387,18040,https://www.amazon.com/product-reviews/B07C2LZC23?pageNumber=6&filterByStar=all_stars&sortBy=helpful&formatType=all_formats,allStars,,"{'price': None, 'listPrice': None}",2024-03-12,United States,,B07C2LZC23,0.4926
55,55,5,Good quality,ROB6EDBKLT2VB,https://www.amazon.com/gp/customer-reviews/ROB6EDBKLT2VB/ref=cm_cr_arp_d_rvw_ttl?ie=UTF8&ASIN=B07C2LZC23,,"Reviewed in the United States on March 18, 2024",Well made product. Great design.,True,Color: 3 Pack (Polarized): Matte Amber/Brown Gradient+matte Black/Gray+glossy Pink Brown/Light-brown,[],56,51387,18040,https://www.amazon.com/product-reviews/B07C2LZC23?pageNumber=6&filterByStar=all_stars&sortBy=helpful&formatType=all_formats,allStars,,"{'price': None, 'listPrice': None}",2024-03-18,United States,,B07C2LZC23,0.7351
56,56,5,good price,R6NGO62ZM2HTL,https://www.amazon.com/gp/customer-reviews/R6NGO62ZM2HTL/ref=cm_cr_arp_d_rvw_ttl?ie=UTF8&ASIN=B07C2LZC23,,"Reviewed in the United States on March 12, 2024",very lightweight,True,Color: 2 Pack (Polarized): Matte Amber/Brown Gradient+glossy Pink Brown/Light-brown,[],57,51387,18040,https://www.amazon.com/product-reviews/B07C2LZC23?pageNumber=6&filterByStar=all_stars&sortBy=helpful&formatType=all_formats,allStars,,"{'price': None, 'listPrice': None}",2024-03-12,United States,,B07C2LZC23,0.0
57,57,5,Surprised,R1WPZ79XF3Y7U7,https://www.amazon.com/gp/customer-reviews/R1WPZ79XF3Y7U7/ref=cm_cr_arp_d_rvw_ttl?ie=UTF8&ASIN=B07C2LZC23,One person found this helpful,"Reviewed in the United States on February 18, 2024","I have other glasses that look just like these that are expensive.  I like these better. The polarization is great, the fit is great. I get asked about these glasses a lot",True,Color: Polarized Sakura Pink Lens/Black Frame(glossy Finish),['https://m.media-amazon.com/images/I/71aP-gkG0zL._SY88.jpg'],58,51387,18040,https://www.amazon.com/product-reviews/B07C2LZC23?pageNumber=6&filterByStar=all_stars&sortBy=helpful&formatType=all_formats,allStars,,"{'price': None, 'listPrice': None}",2024-02-18,United States,,B07C2LZC23,0.9559
58,58,5,Steal of a Deal!,R3L5Z9TRXQAM39,https://www.amazon.com/gp/customer-reviews/R3L5Z9TRXQAM39/ref=cm_cr_arp_d_rvw_ttl?ie=UTF8&ASIN=B07C2LZC23,,"Reviewed in the United States on February 12, 2024",I ordered these sunglasses on a whim because I liked the look and the deal.  They arrived quickly and are much nicer than I expected.  They are well constructed with lots of designer details.  I 100% recommend them.,True,Color: Polarized Brown Gradient Lens/Amber Frame (Matte Finish),[],59,51387,18040,https://www.amazon.com/product-reviews/B07C2LZC23?pageNumber=6&filterByStar=all_stars&sortBy=helpful&formatType=all_formats,allStars,,"{'price': None, 'listPrice': None}",2024-02-12,United States,,B07C2LZC23,0.8519
59,59,5,Happy! Good Quality and looks great!,R21JIJYP3OXYD,https://www.amazon.com/gp/customer-reviews/R21JIJYP3OXYD/ref=cm_cr_arp_d_rvw_ttl?ie=UTF8&ASIN=B07C2LZC23,,"Reviewed in the United States on February 20, 2024","Happy! i was worry about headaches that I had before with low cost sunglasses, but tried these ones twice for long periods and not isaues! Good quality and looks cool.",True,Color: Polarized Gray Gradient Lens/Black Frame(matte Finish),[],60,51387,18040,https://www.amazon.com/product-reviews/B07C2LZC23?pageNumber=6&filterByStar=all_stars&sortBy=helpful&formatType=all_formats,allStars,,"{'price': None, 'listPrice': None}",2024-02-20,United States,,B07C2LZC23,-0.2247
60,60,5,Very comfortable,R3LN3S4HWUDNWE,https://www.amazon.com/gp/customer-reviews/R3LN3S4HWUDNWE/ref=cm_cr_arp_d_rvw_ttl?ie=UTF8&ASIN=B07C2LZC23,,"Reviewed in the United States on February 12, 2024",These sunglasses surpassed my expectations. Very comfortable and stylish. Lenses seem to filter the sun enough for me. Can't beat the price either!,True,Color: 2 Pack (Polarized): Matte Black/Gray+glossy Leopard/Brown,[],81,51387,18040,https://www.amazon.com/product-reviews/B07C2LZC23?pageNumber=9&filterByStar=all_stars&sortBy=helpful&formatType=all_formats,allStars,,"{'price': None, 'listPrice': None}",2024-02-12,United States,,B07C2LZC23,0.5974
61,61,5,COmpany Abides by their Advertising,R14TVQYOB5SCAF,https://www.amazon.com/gp/customer-reviews/R14TVQYOB5SCAF/ref=cm_cr_arp_d_rvw_ttl?ie=UTF8&ASIN=B07C2LZC23,2 people found this helpful,"Reviewed in the United States on January 15, 2024","The original glasses I ordered were not appropriate for my facial dimensions. The company, as promised, delivered a new pair I chose from the catalogue that better suited my face contour. The transaction was easy and smooth since I did not have to package and return the original pair. Thanks to the selection and business policy I am likely to order again or reccomend the company to others.",True,Color: 2023 Black Frame (Matte Finish)/Polarized Gray Lens,[],82,51387,18040,https://www.amazon.com/product-reviews/B07C2LZC23?pageNumber=9&filterByStar=all_stars&sortBy=helpful&formatType=all_formats,allStars,,"{'price': None, 'listPrice': None}",2024-01-15,United States,,B07C2LZC23,0.93
62,62,5,Awesome glasses,R3NI684RO3LT3,https://www.amazon.com/gp/customer-reviews/R3NI684RO3LT3/ref=cm_cr_arp_d_rvw_ttl?ie=UTF8&ASIN=B07C2LZC23,,"Reviewed in the United States on January 27, 2024",Second time i've bought these.  Love the 3 pak---can keep 2 pair for me and gift a pair.  Am on the lake all summer and their great.  Awesome glasses and great price.  Thanks!!,True,Color: 3 Pack (Polarized): Matte Amber/Brown Gradient+matte Black/Gray+glossy Leopard/Brown,[],83,51387,18040,https://www.amazon.com/product-reviews/B07C2LZC23?pageNumber=9&filterByStar=all_stars&sortBy=helpful&formatType=all_formats,allStars,,"{'price': None, 'listPrice': None}",2024-01-27,United States,,B07C2LZC23,0.9747
63,63,5,Good quality,R38P97KPG5K8KC,https://www.amazon.com/gp/customer-reviews/R38P97KPG5K8KC/ref=cm_cr_arp_d_rvw_ttl?ie=UTF8&ASIN=B07C2LZC23,,"Reviewed in the United States on January 30, 2024",Got them to change things up. With the price and how packaging arrived I was very surprised. Good quality and I still use them as my daily with no scratches.,True,Color: Polarized Sakura Pink Lens/Black Frame(glossy Finish),[],84,51387,18040,https://www.amazon.com/product-reviews/B07C2LZC23?pageNumber=9&filterByStar=all_stars&sortBy=helpful&formatType=all_formats,allStars,,"{'price': None, 'listPrice': None}",2024-01-30,United States,,B07C2LZC23,0.489
64,64,5,comfortable,R1ESXKZ0JZXVE7,https://www.amazon.com/gp/customer-reviews/R1ESXKZ0JZXVE7/ref=cm_cr_arp_d_rvw_ttl?ie=UTF8&ASIN=B07C2LZC23,,"Reviewed in the United States on February 22, 2024",Comfortable.  Work well.,True,Color: 3 Pack (Polarized): Matte Amber/Brown Gradient+matte Black/Gray+glossy Leopard/Brown,[],85,51387,18040,https://www.amazon.com/product-reviews/B07C2LZC23?pageNumber=9&filterByStar=all_stars&sortBy=helpful&formatType=all_formats,allStars,,"{'price': None, 'listPrice': None}",2024-02-22,United States,,B07C2LZC23,0.6597
65,65,4,Stylish & a good deal,R3UGTNHQS5KF7F,https://www.amazon.com/gp/customer-reviews/R3UGTNHQS5KF7F/ref=cm_cr_arp_d_rvw_ttl?ie=UTF8&ASIN=B07C2LZC23,,"Reviewed in the United States on November 7, 2023","I love these sunnies. They remind me of these old pairs that I used to wear all the time and was so sad when they finally broke. But these are great and come in a 3-pack!The only thing I wish though is that a cloth casing was provided for each pair, because unfortunately there’s only 1 cloth case for the 3 sunglasses.But this isn’t a huge deal I guess, I will just use an extra case that I have because I don’t want them to get scratched in my purse. Other than this I love the colors of these and you really can’t beat the deal— it’s basically $7 a pair.",True,Color: 3 Pack (Polarized): Matte Black/Gray+glossy Pink Brown/Light-brown+matte Amber/Gray,[],86,51387,18040,https://www.amazon.com/product-reviews/B07C2LZC23?pageNumber=9&filterByStar=all_stars&sortBy=helpful&formatType=all_formats,allStars,,"{'price': None, 'listPrice': None}",2023-11-07,United States,,B07C2LZC23,0.9501
66,66,5,Love these,RYCFYSFIL2PH1,https://www.amazon.com/gp/customer-reviews/RYCFYSFIL2PH1/ref=cm_cr_arp_d_rvw_ttl?ie=UTF8&ASIN=B07C2LZC23,,"Reviewed in the United States on February 16, 2024",Very comfortable and stylish,True,Color: 2 Pack (Polarized): Matte Black/Gray+glossy Leopard/Brown,[],87,51387,18040,https://www.amazon.com/product-reviews/B07C2LZC23?pageNumber=9&filterByStar=all_stars&sortBy=helpful&formatType=all_formats,allStars,,"{'price': None, 'listPrice': None}",2024-02-16,United States,,B07C2LZC23,0.5563
67,67,4,good sunglasses for the price,R2DABUFEB6PD9G,https://www.amazon.com/gp/customer-reviews/R2DABUFEB6PD9G/ref=cm_cr_arp_d_rvw_ttl?ie=UTF8&ASIN=B07C2LZC23,,"Reviewed in the United States on October 7, 2023","After the rave reviews the glasses got, I thought they'd be super great.  I got the amber lenses with antiglare and while they are nice I would not replace my high-end glasses that have more sophisticated lenses with these.  These chill out the sun and have a tight fit that I like. The packaging was well done and came with the little tool to adjust the fit as well as a fabric bag for the glasses. What I didn't like was the design that allowed the sun the shine in from the sides.  I think the company may have other designs that would prevent this but I'm too lazy to keep looking.  These work well enough for a backup pair of glasses.They'd make a nice gift or just an extra pair of glasses.",True,Color: Polarized Brown Gradient Lens/Amber Frame (Matte Finish),[],88,51387,18040,https://www.amazon.com/product-reviews/B07C2LZC23?pageNumber=9&filterByStar=all_stars&sortBy=helpful&formatType=all_formats,allStars,,"{'price': None, 'listPrice': None}",2023-10-07,United States,,B07C2LZC23,0.9659
68,68,5,Erika RayBan Dupe,R3QLTK2I9MQDRL,https://www.amazon.com/gp/customer-reviews/R3QLTK2I9MQDRL/ref=cm_cr_arp_d_rvw_ttl?ie=UTF8&ASIN=B07C2LZC23,,"Reviewed in the United States on January 30, 2024",IDENTICAL to the Erika raybans! Have worn the Erika's for years but lost them and didn't wanna spend the money anymore so I bought these. Literally exactly the same!,True,Color: 2 Pack (Non-polarized): Matte Amber/Brown Gradient + Matte Black/Gray Gradient,[],89,51387,18040,https://www.amazon.com/product-reviews/B07C2LZC23?pageNumber=9&filterByStar=all_stars&sortBy=helpful&formatType=all_formats,allStars,,"{'price': None, 'listPrice': None}",2024-01-30,United States,,B07C2LZC23,-0.629
69,69,5,Won't do better for the money,R3EYYBRVUYKCG4,https://www.amazon.com/gp/customer-reviews/R3EYYBRVUYKCG4/ref=cm_cr_arp_d_rvw_ttl?ie=UTF8&ASIN=B07C2LZC23,,"Reviewed in the United States on January 14, 2024","Very comfortable and very effective at screening the sun.  The frames seem quite flimsy when compared to my prescription frames, which cost nearly fifty (not a typo) times as much. but they do what they are supposed to do, plus look nice for very little money.",True,Color: 2 Pack (Polarized): Matte Black/Gray+glossy Leopard/Brown,[],90,51387,18040,https://www.amazon.com/product-reviews/B07C2LZC23?pageNumber=9&filterByStar=all_stars&sortBy=helpful&formatType=all_formats,allStars,,"{'price': None, 'listPrice': None}",2024-01-14,United States,,B07C2LZC23,0.8016
70,70,5,Great inexpensive sunglasses!,RXEX4EHNBV6AK,https://www.amazon.com/gp/customer-reviews/RXEX4EHNBV6AK/ref=cm_cr_arp_d_rvw_ttl?ie=UTF8&ASIN=B07C2LZC23,,"Reviewed in the United States on February 11, 2024","I gave a bunch as presents for Christmas. Love the nice presentation, and I am actually using the keychain! I have a pair in my car for sun glare. Love them!",True,Color: 2023 Amber Frame (Matte Finish)/Brown Gradient Lens,[],71,51387,18040,https://www.amazon.com/product-reviews/B07C2LZC23?pageNumber=8&filterByStar=all_stars&sortBy=helpful&formatType=all_formats,allStars,,"{'price': None, 'listPrice': None}",2024-02-11,United States,,B07C2LZC23,0.915
71,71,5,Great Sunglasses,R3438QD73CZQKB,https://www.amazon.com/gp/customer-reviews/R3438QD73CZQKB/ref=cm_cr_arp_d_rvw_ttl?ie=UTF8&ASIN=B07C2LZC23,,"Reviewed in the United States on February 9, 2024","Really pleased with these! For the price I wasn't expecting much but they turned out to be really great quality! Came with a little tool, a bag for them and a lens cleaning cloth.",True,Color: 2023 Black Frame (Matte Finish)/Polarized Gray Lens,[],72,51387,18040,https://www.amazon.com/product-reviews/B07C2LZC23?pageNumber=8&filterByStar=all_stars&sortBy=helpful&formatType=all_formats,allStars,,"{'price': None, 'listPrice': None}",2024-02-09,United States,,B07C2LZC23,0.868
72,72,4,*EDITED* Sturdy construction for price but with a fatal flaw,R2Z23CA282UNXF,https://www.amazon.com/gp/customer-reviews/R2Z23CA282UNXF/ref=cm_cr_arp_d_rvw_ttl?ie=UTF8&ASIN=B07C2LZC23,4 people found this helpful,"Reviewed in the United States on July 16, 2023","*EDIT*Sungait reached out to me and sent me a new pair of glasses with a different shape at no charge to me. The new glasses do not have the same problem due to their shape and do appear to be quite sturdy for the price. I am improving this review due to the customer service and the fact that the other glasses seem to be quality.With recommendations both from wirecutter and good reviews on here, I was excited to check out these affordable sunglasses.Upon first receiving them I was surprised by how sturdy they felt for the price.However, when wearing them out for the first time I found that the *inside* of the glasses is *extremely* glossy and reflects any peripheral glare directly back into your eyes, making them worse than useless unless you are looking directly into the sun.The fact that this is not listed as a common criticism makes me wonder if something changed about the manufacturing process -- I simply cannot use these as anytime I wear them in real life scenarios I inevitably end up getting blinded by this glare.This can be an issue for these style of sunglasses, but I have never had a pair of sunglasses where the inside of the lens was so glossy. Usually the reflection is distracting but not a bright glare that I get off of these.",True,Color: 2023 Black Frame (Matte Finish)/Polarized Gray Lens,[],73,51387,18040,https://www.amazon.com/product-reviews/B07C2LZC23?pageNumber=8&filterByStar=all_stars&sortBy=helpful&formatType=all_formats,allStars,,"{'price': None, 'listPrice': None}",2023-07-16,United States,,B07C2LZC23,-0.794
73,73,5,"Best sunglasses ever, finally no pain!",R3F4FNOM7S18W1,https://www.amazon.com/gp/customer-reviews/R3F4FNOM7S18W1/ref=cm_cr_arp_d_rvw_ttl?ie=UTF8&ASIN=B07C2LZC23,4 people found this helpful,"Reviewed in the United States on May 13, 2022","I really love these sunglasses! Finally I found a style of sunglasses that does not hurt my head or my ears!  Because of this,I bought three pairs on the last two years, all in different frame colors, and lens colors.I love that SunGait provides free replacement or refund for any reason. This is especially helpful because I’m rough on my sunglasses. My oldest pair has some very minor scratches on the lens from me putting them on top of my head and forgetting that they’re there, then bending over and having them hit the ground or rocky hiking trail. Most other sunglasses would have been ruined! The scratches are really only noticeable when I’m cleaning the lenses. I haven’t had to return any pairs yet, however. The sunglasses come wonderfully packed from the manufacturer. So, no need to worry about the possibility of a miss handled package damaging the item inside. They come with  a nice bag to keep the sunglasses in, a cleaning cloth, and even a keychain tool to tighten the screws.I recently contacted customer service with a suggestion and they answered my email very quickly. Yuki from their customer service department was very helpful and I was made to feel valued as a customer. So, if I ever do have to return a pair, I am confident that the customer service will be just as wonderful. I offered the suggestion that it would be helpful if they added a screw or two to their package.  The screw on one of the arms worked its way out. I wasn’t able to find a screw from another old pair of sunglasses that would work (I tried five different screws. (You know, from all those old sunglasses I have laying around that hurt my head. LOL) I got pretty frustrated, and was thinking I’d have to pick up an eyeglass repair kit that contained a screw that would fit. Last ditch effort, I checked my hoodie pouch pocket that my sunglasses were in and luckily, the screw fell out inside my hoodie pocket. I used my provided tool to reattach the arm and checked to see that all the other screws were tight on my other pairs.Do yourself a favor, and buy these sunglasses! I really can’t believe the quality for the price paid. These pretty much will be the only sunglasses I buy in the future. I’ll probably buy a few extra pairs to keep on standby just in case they’re discontinued!Thanks for reading, I was not paid or offered any goods for this review, I just really love these sunglasses!!",True,,[],74,51387,18040,https://www.amazon.com/product-reviews/B07C2LZC23?pageNumber=8&filterByStar=all_stars&sortBy=helpful&formatType=all_formats,allStars,,"{'price': None, 'listPrice': None}",2022-05-13,United States,,B07C2LZC23,0.9924
74,74,3,Good for a short time,R3GPYTCY3USHTK,https://www.amazon.com/gp/customer-reviews/R3GPYTCY3USHTK/ref=cm_cr_arp_d_rvw_ttl?ie=UTF8&ASIN=B07C2LZC23,,"Reviewed in the United States on April 4, 2024","They are a nice shade without being too dark. I've had them for about a year and a half of infrequent use and the polarization is peeling away. So, they probably won't make it to two years. If you are someone who loses sunglasses frequently these would be great, but if not you would probably be better off paying for high quality sunglasses that would last longer. I have a pair of Ray-Bans that are a decade old and see daily use that are in much better shape.",True,Color: 2023 Black Frame (Matte Finish)/Polarized Gray Lens,['https://m.media-amazon.com/images/I/61aviazsMqL._SY88.jpg'],75,51387,18040,https://www.amazon.com/product-reviews/B07C2LZC23?pageNumber=8&filterByStar=all_stars&sortBy=helpful&formatType=all_formats,allStars,,"{'price': None, 'listPrice': None}",2024-04-04,United States,,B07C2LZC23,0.8885
75,75,4,Love the color,R3KV5T61B9MEOC,https://www.amazon.com/gp/customer-reviews/R3KV5T61B9MEOC/ref=cm_cr_arp_d_rvw_ttl?ie=UTF8&ASIN=B07C2LZC23,,"Reviewed in the United States on January 2, 2024",I ordered these sunglasses when on sale for like $12. I was very pleased with them when I took out of the box. Pretty green lens and fit nicely on my face. It came with a little tool to tighten them. I'll be getting more colors for sure!,True,Color: Polarized Green Mirror Lens/Amber Frame(matte Finish),['https://m.media-amazon.com/images/I/71xgQrzuEhL._SY88.jpg'],76,51387,18040,https://www.amazon.com/product-reviews/B07C2LZC23?pageNumber=8&filterByStar=all_stars&sortBy=helpful&formatType=all_formats,allStars,,"{'price': None, 'listPrice': None}",2024-01-02,United States,,B07C2LZC23,0.9446
76,76,5,Great fit.,R17IMT4UYBL0YB,https://www.amazon.com/gp/customer-reviews/R17IMT4UYBL0YB/ref=cm_cr_arp_d_rvw_ttl?ie=UTF8&ASIN=B07C2LZC23,,"Reviewed in the United States on February 19, 2024","The 2 pack is terrific, love the pink frames. They fit perfectly! Highly recommend.",True,Color: 2 Pack (Polarized): Matte Amber/Brown Gradient+glossy Pink Brown/Light-brown,[],77,51387,18040,https://www.amazon.com/product-reviews/B07C2LZC23?pageNumber=8&filterByStar=all_stars&sortBy=helpful&formatType=all_formats,allStars,,"{'price': None, 'listPrice': None}",2024-02-19,United States,,B07C2LZC23,0.9523
77,77,5,Perfect fit,RDO1K7MHCIZUJ,https://www.amazon.com/gp/customer-reviews/RDO1K7MHCIZUJ/ref=cm_cr_arp_d_rvw_ttl?ie=UTF8&ASIN=B07C2LZC23,,"Reviewed in the United States on February 26, 2024",They look and feel amazing!,True,Color: 2023 Black Frame (Matte Finish)/Polarized Gray Lens,[],78,51387,18040,https://www.amazon.com/product-reviews/B07C2LZC23?pageNumber=8&filterByStar=all_stars&sortBy=helpful&formatType=all_formats,allStars,,"{'price': None, 'listPrice': None}",2024-02-26,United States,,B07C2LZC23,0.6239
78,78,5,Nice glasses on any light,R20W09SWHWJKK1,https://www.amazon.com/gp/customer-reviews/R20W09SWHWJKK1/ref=cm_cr_arp_d_rvw_ttl?ie=UTF8&ASIN=B07C2LZC23,,"Reviewed in the United States on February 24, 2024","Light weight, good lens clarity",True,Color: Black Frame (Matte Finish)/Gray Gradient Lens,[],79,51387,18040,https://www.amazon.com/product-reviews/B07C2LZC23?pageNumber=8&filterByStar=all_stars&sortBy=helpful&formatType=all_formats,allStars,,"{'price': None, 'listPrice': None}",2024-02-24,United States,,B07C2LZC23,0.6808
79,79,5,Great,R1O879A1OWW354,https://www.amazon.com/gp/customer-reviews/R1O879A1OWW354/ref=cm_cr_arp_d_rvw_ttl?ie=UTF8&ASIN=B07C2LZC23,,"Reviewed in the United States on February 21, 2024",Loves these glasses. Great fit everyday . Very durable,True,Color: Black Frame (Matte Finish)/Gray Gradient Lens,[],80,51387,18040,https://www.amazon.com/product-reviews/B07C2LZC23?pageNumber=8&filterByStar=all_stars&sortBy=helpful&formatType=all_formats,allStars,,"{'price': None, 'listPrice': None}",2024-02-21,United States,,B07C2LZC23,0.8834
80,80,5,Inexpensive polarized sunglasses.,R33R9YXXF5A9Y6,https://www.amazon.com/gp/customer-reviews/R33R9YXXF5A9Y6/ref=cm_cr_arp_d_rvw_ttl?ie=UTF8&ASIN=B07C2LZC23,,"Reviewed in the United States on March 25, 2024","Polarized lens, check. Price point, right on. A little lighter in weight than past pairs, but that's ok.",True,Color: 2 Pack (Polarized): Matte Amber/Brown Gradient+glossy Pink Brown/Light-brown,[],31,51387,18040,https://www.amazon.com/product-reviews/B07C2LZC23?pageNumber=4&filterByStar=all_stars&sortBy=helpful&formatType=all_formats,allStars,,"{'price': None, 'listPrice': None}",2024-03-25,United States,,B07C2LZC23,0.4215
81,81,5,Cute shades!!,R36TNEPDQW4RUE,https://www.amazon.com/gp/customer-reviews/R36TNEPDQW4RUE/ref=cm_cr_arp_d_rvw_ttl?ie=UTF8&ASIN=B07C2LZC23,,"Reviewed in the United States on April 4, 2024",Lightweight and stylish!,True,Color: 2023 Amber Frame (Matte Finish)/Brown Gradient Lens,[],32,51387,18040,https://www.amazon.com/product-reviews/B07C2LZC23?pageNumber=4&filterByStar=all_stars&sortBy=helpful&formatType=all_formats,allStars,,"{'price': None, 'listPrice': None}",2024-04-04,United States,,B07C2LZC23,0.0
82,82,5,These glasses are better in strong sunlight than my expensive ones.,R1X9JFWW5TWSO6,https://www.amazon.com/gp/customer-reviews/R1X9JFWW5TWSO6/ref=cm_cr_arp_d_rvw_ttl?ie=UTF8&ASIN=B07C2LZC23,,"Reviewed in the United States on February 23, 2024",What I like about these glasses is they are great in strong sunlight. They block the sun so you aren't constantly squinting. I have some designer sunglasses and these work better. I tend to lose my sunglasses as I take them off when I go inside. I can afford to lose these. They are comfortable to wear and look great as well. I recommend them.,True,Color: Polarized Brown Gradient Lens/Amber Frame (Matte Finish),[],33,51387,18040,https://www.amazon.com/product-reviews/B07C2LZC23?pageNumber=4&filterByStar=all_stars&sortBy=helpful&formatType=all_formats,allStars,,"{'price': None, 'listPrice': None}",2024-02-23,United States,,B07C2LZC23,0.9477
83,83,4,Good for Price,R320O10DV796LR,https://www.amazon.com/gp/customer-reviews/R320O10DV796LR/ref=cm_cr_arp_d_rvw_ttl?ie=UTF8&ASIN=B07C2LZC23,,"Reviewed in the United States on March 8, 2024","These sunglasses aren't the most high quality (they bend and scratch easily), but I think they are well worth it for the price. I have a ton of them and leave them everywhere so I can always find a pair.",True,Color: 3 Pack (Polarized): Matte Amber/Brown Gradient+matte Black/Gray+glossy Leopard/Brown,[],34,51387,18040,https://www.amazon.com/product-reviews/B07C2LZC23?pageNumber=4&filterByStar=all_stars&sortBy=helpful&formatType=all_formats,allStars,,"{'price': None, 'listPrice': None}",2024-03-08,United States,,B07C2LZC23,0.5719
84,84,4,Lindas y deportivas,R8IERO1MZ63D,https://www.amazon.com/gp/customer-reviews/R8IERO1MZ63D/ref=cm_cr_arp_d_rvw_ttl?ie=UTF8&ASIN=B07C2LZC23,,"Reviewed in the United States on March 27, 2024","Son livianas, modernas pero se rayan fácilmente",True,Color: Polarized Sakura Pink Lens/Black Frame(glossy Finish),[],35,51387,18040,https://www.amazon.com/product-reviews/B07C2LZC23?pageNumber=4&filterByStar=all_stars&sortBy=helpful&formatType=all_formats,allStars,,"{'price': None, 'listPrice': None}",2024-03-27,United States,,B07C2LZC23,0.0
85,85,5,Great fit,R2FAMDTYP0GAM4,https://www.amazon.com/gp/customer-reviews/R2FAMDTYP0GAM4/ref=cm_cr_arp_d_rvw_ttl?ie=UTF8&ASIN=B07C2LZC23,,"Reviewed in the United States on March 27, 2024",Stays on my face! Love it!,True,Color: 2023 Amber Frame (Matte Finish)/Brown Gradient Lens,[],36,51387,18040,https://www.amazon.com/product-reviews/B07C2LZC23?pageNumber=4&filterByStar=all_stars&sortBy=helpful&formatType=all_formats,allStars,,"{'price': None, 'listPrice': None}",2024-03-27,United States,,B07C2LZC23,0.6988
86,86,5,great shades for doing whatever,R2VFGAOPDJHM66,https://www.amazon.com/gp/customer-reviews/R2VFGAOPDJHM66/ref=cm_cr_arp_d_rvw_ttl?ie=UTF8&ASIN=B07C2LZC23,,"Reviewed in the United States on February 25, 2024","- they are high quality, regardless of price point- they are polarized so they are great for driving- they are inexpensive enough to not cause heartbreak if they are lost on vacation or some other outing- they are comfortable and don't weigh a ton- they don't look terrible- they aren't wayfarer knockoffs",True,Color: 2023 Black Frame (Matte Finish)/Polarized Gray Lens,[],37,51387,18040,https://www.amazon.com/product-reviews/B07C2LZC23?pageNumber=4&filterByStar=all_stars&sortBy=helpful&formatType=all_formats,allStars,,"{'price': None, 'listPrice': None}",2024-02-25,United States,,B07C2LZC23,0.8982
87,87,5,Stylish and Affordable,R2M0OLEHXY4UKT,https://www.amazon.com/gp/customer-reviews/R2M0OLEHXY4UKT/ref=cm_cr_arp_d_rvw_ttl?ie=UTF8&ASIN=B07C2LZC23,,"Reviewed in the United States on March 12, 2024",Perfect fit and love the look. Also appreciate the fact that they came with a storage bag and cloth to clean the lenses.,True,Color: 2023 Amber Frame (Matte Finish)/Brown Gradient Lens,[],38,51387,18040,https://www.amazon.com/product-reviews/B07C2LZC23?pageNumber=4&filterByStar=all_stars&sortBy=helpful&formatType=all_formats,allStars,,"{'price': None, 'listPrice': None}",2024-03-12,United States,,B07C2LZC23,0.9413
88,88,5,LOVE THESE,R3GONZPEDH29P7,https://www.amazon.com/gp/customer-reviews/R3GONZPEDH29P7/ref=cm_cr_arp_d_rvw_ttl?ie=UTF8&ASIN=B07C2LZC23,,"Reviewed in the United States on March 18, 2024",Just buy them! They are so comfy and look great on!,True,Color: Polarized Brown Gradient Lens/Amber Frame (Matte Finish),[],39,51387,18040,https://www.amazon.com/product-reviews/B07C2LZC23?pageNumber=4&filterByStar=all_stars&sortBy=helpful&formatType=all_formats,allStars,,"{'price': None, 'listPrice': None}",2024-03-18,United States,,B07C2LZC23,0.6892
89,89,5,Great to quality for the price,R39IZ5JBMUSV5T,https://www.amazon.com/gp/customer-reviews/R39IZ5JBMUSV5T/ref=cm_cr_arp_d_rvw_ttl?ie=UTF8&ASIN=B07C2LZC23,One person found this helpful,"Reviewed in the United States on March 14, 2024","Love these sunglasses. Quality is great, sturdy. The lens are super clear and good for eye protection.",True,Color: 2 Pack (Polarized): Matte Black/Gray+glossy Black/Sakura Pink Mirrored,"['https://m.media-amazon.com/images/I/618NlxWmCZL._SY88.jpg', 'https://m.media-amazon.com/images/I/61YUFpnJ39L._SY88.jpg']",40,51387,18040,https://www.amazon.com/product-reviews/B07C2LZC23?pageNumber=4&filterByStar=all_stars&sortBy=helpful&formatType=all_formats,allStars,,"{'price': None, 'listPrice': None}",2024-03-14,United States,,B07C2LZC23,0.9565
