,Unnamed: 0,ratingScore,reviewTitle,reviewId,reviewUrl,reviewReaction,reviewedIn,reviewDescription,isVerified,variant,reviewImages,position,totalCategoryRatings,totalCategoryReviews,reviewCategoryUrl,filterByRating,filterByKeyword,product,date,country,countryCode,productAsin,sentiment_score
0,0,5,Nice and simple reading glasses,R2IYZ0QNWJD87I,https://www.amazon.com/gp/customer-reviews/R2IYZ0QNWJD87I/ref=cm_cr_arp_d_rvw_ttl?ie=UTF8&ASIN=B07DZBTTMV,,"Reviewed in the United States on April 4, 2024","Nice reading glasses. These are all over the house. They don't last forever (about 2-3 mo) but what do you expect for $3 apiece. They work, are cheap and I can read. What more can you ask for.",True,Color: 5 Pack Mix ColorMagnification Strength: 2.0 x,[],1,33028,5366,https://www.amazon.com/product-reviews/B07DZBTTMV?pageNumber=1&filterByStar=all_stars&sortBy=helpful&formatType=all_formats,allStars,,"{'price': None, 'listPrice': None}",2024-04-04,United States,,B07DZBTTMV,0.2263
1,1,5,Better than higher priced ones,R30CBIVY2QUFUR,https://www.amazon.com/gp/customer-reviews/R30CBIVY2QUFUR/ref=cm_cr_arp_d_rvw_ttl?ie=UTF8&ASIN=B07DZBTTMV,4 people found this helpful,"Reviewed in the United States on March 2, 2024","Bought these for the deal, fell in love with these.  Needed an extra set of readers for work for small labels and computer work.  At this price thought I'd keep a few extra in my locker at work and i my lunch box so Id never forget one.  Have had these for 6 months now and they have stand up better than I ever expected .  They are comfortable , durable and almost indestructible. Better than higher priced ones I've paid for.",True,Color: 5 Pack BlackMagnification Strength: 2.5 x,[],2,33028,5366,https://www.amazon.com/product-reviews/B07DZBTTMV?pageNumber=1&filterByStar=all_stars&sortBy=helpful&formatType=all_formats,allStars,,"{'price': None, 'listPrice': None}",2024-03-02,United States,,B07DZBTTMV,0.9355
2,2,4,Not bad,R3U5H7J7WHVZPL,https://www.amazon.com/gp/customer-reviews/R3U5H7J7WHVZPL/ref=cm_cr_arp_d_rvw_ttl?ie=UTF8&ASIN=B07DZBTTMV,,"Reviewed in the United States on January 21, 2024",These glasses are pretty good. They are clear and I can see good with them and they look pretty good. I like the spring loaded ear peices seem to be made well. I don't know about longevity but they're good after a week. Lol,True,Color: 5 Pack BlackMagnification Strength: 1.75 x,[],3,33028,5366,https://www.amazon.com/product-reviews/B07DZBTTMV?pageNumber=1&filterByStar=all_stars&sortBy=helpful&formatType=all_formats,allStars,,"{'price': None, 'listPrice': None}",2024-01-21,United States,,B07DZBTTMV,0.9565
3,3,5,Great value,RZXAIX2WG4V4T,https://www.amazon.com/gp/customer-reviews/RZXAIX2WG4V4T/ref=cm_cr_arp_d_rvw_ttl?ie=UTF8&ASIN=B07DZBTTMV,One person found this helpful,"Reviewed in the United States on March 28, 2024","These are a great value of the glasses frames are sturdy. Each pair of glasses came with its own case, and they also included a cleaning cloth for about two dollars a pair you I don’t think you can beat the steel.",True,Color: 5 Pack Mix ColorMagnification Strength: 2.5 x,[],4,33028,5366,https://www.amazon.com/product-reviews/B07DZBTTMV?pageNumber=1&filterByStar=all_stars&sortBy=helpful&formatType=all_formats,allStars,,"{'price': None, 'listPrice': None}",2024-03-28,United States,,B07DZBTTMV,0.7579
4,4,5,Great Readers,R3D8102IRVQKB4,https://www.amazon.com/gp/customer-reviews/R3D8102IRVQKB4/ref=cm_cr_arp_d_rvw_ttl?ie=UTF8&ASIN=B07DZBTTMV,,"Reviewed in the United States on March 23, 2024","If you’re like me, as I’m aging, I need my readers more and more.I have a “large” head and these are comfortable enough to wear for extended periods.The glass is clear and the view is crisp enough and magnified appropriately.The construction is not the most rugged, but I’ve used mine for months and have not broken a pair yet.I do recommend these.I will consider buying these again should I need more.",True,Color: 5 Pack BlackMagnification Strength: 1.5 x,[],5,33028,5366,https://www.amazon.com/product-reviews/B07DZBTTMV?pageNumber=1&filterByStar=all_stars&sortBy=helpful&formatType=all_formats,allStars,,"{'price': None, 'listPrice': None}",2024-03-23,United States,,B07DZBTTMV,0.8829
5,5,5,A really good deal,R1VBZDYQ03W9KR,https://www.amazon.com/gp/customer-reviews/R1VBZDYQ03W9KR/ref=cm_cr_arp_d_rvw_ttl?ie=UTF8&ASIN=B07DZBTTMV,,"Reviewed in the United States on March 15, 2024","Considering I only paid $11.99 for five pairs of glasses, that's $2.40 a pair! I'm hard on glasses and these are better quality than most glasses costing 8 times as much. Good durability as well. They even come with 5 soft cases. I keep a pair in my vehicle and one in the house where I do my reading and computer stuff. Plus I still got 3 new pairs as back up. It's a win win situation and a darn good deal.",True,Color: 5 Pack BlackMagnification Strength: 3.0 x,[],6,33028,5366,https://www.amazon.com/product-reviews/B07DZBTTMV?pageNumber=1&filterByStar=all_stars&sortBy=helpful&formatType=all_formats,allStars,,"{'price': None, 'listPrice': None}",2024-03-15,United States,,B07DZBTTMV,0.9538
6,6,5,Can't beat the price,R1J0DDN2KF700R,https://www.amazon.com/gp/customer-reviews/R1J0DDN2KF700R/ref=cm_cr_arp_d_rvw_ttl?ie=UTF8&ASIN=B07DZBTTMV,,"Reviewed in the United States on February 18, 2024","The 5 pack lasts me about a year before i break a few and lose the others. Yeah, their cheap and occasionally they break, but for ~ 2.50 pair they do exactly what you expect any readers to do and look decent too.  I have ZERO issue with my return on investment",True,Color: 5 Pack BlackMagnification Strength: 1.5 x,[],7,33028,5366,https://www.amazon.com/product-reviews/B07DZBTTMV?pageNumber=1&filterByStar=all_stars&sortBy=helpful&formatType=all_formats,allStars,,"{'price': None, 'listPrice': None}",2024-02-18,United States,,B07DZBTTMV,-0.0644
7,7,3,These glasses are VERY FRAGILE,R3H9YLXFCKRS08,https://www.amazon.com/gp/customer-reviews/R3H9YLXFCKRS08/ref=cm_cr_arp_d_rvw_ttl?ie=UTF8&ASIN=B07DZBTTMV,,"Reviewed in the United States on March 30, 2024","I broke two almost immediately by dropping them from a height of less than 3 feet (they fell off a TV tray).The part that holds the lens is very thin and brittle. I was very careful from that point onward, but just had one of the two remaining break *while wearing them*.I was reading and the part of the frame holding the lens just broke with a noticeable sound. It seems to me the lenses are held with too much tension in the frame.  Other than that they're great.",True,Color: 5 Pack BlackMagnification Strength: 1.0 x,[],8,33028,5366,https://www.amazon.com/product-reviews/B07DZBTTMV?pageNumber=1&filterByStar=all_stars&sortBy=helpful&formatType=all_formats,allStars,,"{'price': None, 'listPrice': None}",2024-03-30,United States,,B07DZBTTMV,-0.1163
8,8,5,NORPERWIS Reading Glasses 5 Pairs Quality Readers Spring Hinge Glasses,RKG2E2GYSDGQY,https://www.amazon.com/gp/customer-reviews/RKG2E2GYSDGQY/ref=cm_cr_arp_d_rvw_ttl?ie=UTF8&ASIN=B07DZBTTMV,,"Reviewed in the United States on March 16, 2024","So, my boyfriend, bless his heart, was adamant that he didn't need reading glasses. But let's just say, his squinting and constant ""What does that say?"" questions told a different tale.So, I took matters into my own hands and strategically placed a pair of these glasses in every corner of his life—kitchen, bathroom, bedroom, you name it! And you know what? They worked like a charm. Now, instead of struggling to read the fine print, he just reaches for his trusty pair and voila! Problem solved.I'd love to show you a hilarious picture of him sporting his newfound accessory, but let's just say he's not too keen on that idea. Let's just say these glasses are perfect for the ""reading rookie"" in your life. Trust me, they'll thank you later!",True,Color: 5 Pack BlackMagnification Strength: 1.0 x,[],9,33028,5366,https://www.amazon.com/product-reviews/B07DZBTTMV?pageNumber=1&filterByStar=all_stars&sortBy=helpful&formatType=all_formats,allStars,,"{'price': None, 'listPrice': None}",2024-03-16,United States,,B07DZBTTMV,0.9851
9,9,5,Can't get enough,R3N1P8TP56MM3R,https://www.amazon.com/gp/customer-reviews/R3N1P8TP56MM3R/ref=cm_cr_arp_d_rvw_ttl?ie=UTF8&ASIN=B07DZBTTMV,,"Reviewed in the United States on March 20, 2024","I bought these for my husband as he's always losing his readers.  I loved the idea that I could get a 5 pack.  I keep them all over the house and at our office.  I will probably be buying another set soon, we just can't have enough of them around.  I also like the look they give him, they are pretty stylish and don't make him look like an ""old man"".",True,Color: 5 Pack BlackMagnification Strength: 3.5 x,[],10,33028,5366,https://www.amazon.com/product-reviews/B07DZBTTMV?pageNumber=1&filterByStar=all_stars&sortBy=helpful&formatType=all_formats,allStars,,"{'price': None, 'listPrice': None}",2024-03-20,United States,,B07DZBTTMV,0.8591
10,10,5,Reading specs,R1HNEOZ58Q7OZ1,https://www.amazon.com/gp/customer-reviews/R1HNEOZ58Q7OZ1/ref=cm_cr_arp_d_rvw_ttl?ie=UTF8&ASIN=B07DZBTTMV,,"Reviewed in the United States on March 10, 2024",Good glasses and they come with little protectors made of soft fabric.,True,Color: 5 Pack Mix ColorMagnification Strength: 1.75 x,[],81,33028,5366,https://www.amazon.com/product-reviews/B07DZBTTMV?pageNumber=9&filterByStar=all_stars&sortBy=helpful&formatType=all_formats,allStars,,"{'price': None, 'listPrice': None}",2024-03-10,United States,,B07DZBTTMV,0.4404
11,11,5,very comfortable glasses,R1XMEW3WNRVWV8,https://www.amazon.com/gp/customer-reviews/R1XMEW3WNRVWV8/ref=cm_cr_arp_d_rvw_ttl?ie=UTF8&ASIN=B07DZBTTMV,,"Reviewed in the United States on March 7, 2024",Great price and good quality. Very comfortable to wear. I am very happy for the purchase.,True,Color: 2 Black 2 Tortoise 1sunMagnification Strength: 1.75 x,[],82,33028,5366,https://www.amazon.com/product-reviews/B07DZBTTMV?pageNumber=9&filterByStar=all_stars&sortBy=helpful&formatType=all_formats,allStars,,"{'price': None, 'listPrice': None}",2024-03-07,United States,,B07DZBTTMV,0.9391
12,12,5,Very good reading glasses.,RWEO7VHDQV2RW,https://www.amazon.com/gp/customer-reviews/RWEO7VHDQV2RW/ref=cm_cr_arp_d_rvw_ttl?ie=UTF8&ASIN=B07DZBTTMV,,"Reviewed in the United States on March 2, 2024",Great deal !  Must better than most you buy at the dollar stores!,True,Color: 5 Pack BlackMagnification Strength: 2.25 x,[],83,33028,5366,https://www.amazon.com/product-reviews/B07DZBTTMV?pageNumber=9&filterByStar=all_stars&sortBy=helpful&formatType=all_formats,allStars,,"{'price': None, 'listPrice': None}",2024-03-02,United States,,B07DZBTTMV,0.8217
13,13,4,Worth the Price,R1F3UHLLFA4BND,https://www.amazon.com/gp/customer-reviews/R1F3UHLLFA4BND/ref=cm_cr_arp_d_rvw_ttl?ie=UTF8&ASIN=B07DZBTTMV,,"Reviewed in the United States on February 17, 2024",These glasses hold up well and are worth the price.,True,Color: 5 Pack BlackMagnification Strength: 2.0 x,[],84,33028,5366,https://www.amazon.com/product-reviews/B07DZBTTMV?pageNumber=9&filterByStar=all_stars&sortBy=helpful&formatType=all_formats,allStars,,"{'price': None, 'listPrice': None}",2024-02-17,United States,,B07DZBTTMV,0.4588
14,14,4,Great price for reading glasses,RCL22QQBD64S5,https://www.amazon.com/gp/customer-reviews/RCL22QQBD64S5/ref=cm_cr_arp_d_rvw_ttl?ie=UTF8&ASIN=B07DZBTTMV,,"Reviewed in the United States on February 16, 2024",Decent construction for reading glasses “cheaters”.,True,Color: 5 Pack BlackMagnification Strength: 2.75 x,[],85,33028,5366,https://www.amazon.com/product-reviews/B07DZBTTMV?pageNumber=9&filterByStar=all_stars&sortBy=helpful&formatType=all_formats,allStars,,"{'price': None, 'listPrice': None}",2024-02-16,United States,,B07DZBTTMV,0.0
15,15,5,Love them,R1CODOOYHE1ZDB,https://www.amazon.com/gp/customer-reviews/R1CODOOYHE1ZDB/ref=cm_cr_arp_d_rvw_ttl?ie=UTF8&ASIN=B07DZBTTMV,,"Reviewed in the United States on March 2, 2024",I cant have to many reading glasses around. WPA Came fast and damage free with a little protective pouch....plus there.,True,Color: 5 Pack Mix Color -2Magnification Strength: 1.25 x,[],86,33028,5366,https://www.amazon.com/product-reviews/B07DZBTTMV?pageNumber=9&filterByStar=all_stars&sortBy=helpful&formatType=all_formats,allStars,,"{'price': None, 'listPrice': None}",2024-03-02,United States,,B07DZBTTMV,0.0258
16,16,5,They don't break,R2JKKEV2CTA7Z4,https://www.amazon.com/gp/customer-reviews/R2JKKEV2CTA7Z4/ref=cm_cr_arp_d_rvw_ttl?ie=UTF8&ASIN=B07DZBTTMV,,"Reviewed in the United States on March 6, 2024",Much sturdier then most.I always break am arm. Not with these!!!!,True,Color: 5 Pack Mix Color -2Magnification Strength: 3.5 x,[],87,33028,5366,https://www.amazon.com/product-reviews/B07DZBTTMV?pageNumber=9&filterByStar=all_stars&sortBy=helpful&formatType=all_formats,allStars,,"{'price': None, 'listPrice': None}",2024-03-06,United States,,B07DZBTTMV,0.0
17,17,5,great value,R35GVHSQ9I4M1S,https://www.amazon.com/gp/customer-reviews/R35GVHSQ9I4M1S/ref=cm_cr_arp_d_rvw_ttl?ie=UTF8&ASIN=B07DZBTTMV,,"Reviewed in the United States on March 8, 2024",comfortable and good lenses.  couldn't believe the price!,True,Color: 3 Black 2 TortoiseMagnification Strength: 2.5 x,[],88,33028,5366,https://www.amazon.com/product-reviews/B07DZBTTMV?pageNumber=9&filterByStar=all_stars&sortBy=helpful&formatType=all_formats,allStars,,"{'price': None, 'listPrice': None}",2024-03-08,United States,,B07DZBTTMV,0.7574
18,18,5,Glasses needed after Cataract surgery,R2V9PBWPMC5YOJ,https://www.amazon.com/gp/customer-reviews/R2V9PBWPMC5YOJ/ref=cm_cr_arp_d_rvw_ttl?ie=UTF8&ASIN=B07DZBTTMV,,"Reviewed in the United States on February 27, 2024",Easy to wearEasy on the eyesI have them distributed through the house (as well as one in my winter coat),True,Color: 5pcs - Black/ClearMagnification Strength: 2.0 x,[],89,33028,5366,https://www.amazon.com/product-reviews/B07DZBTTMV?pageNumber=9&filterByStar=all_stars&sortBy=helpful&formatType=all_formats,allStars,,"{'price': None, 'listPrice': None}",2024-02-27,United States,,B07DZBTTMV,0.6124
19,19,4,Good but not resistant,R1VRCITILQU0KV,https://www.amazon.com/gp/customer-reviews/R1VRCITILQU0KV/ref=cm_cr_arp_d_rvw_ttl?ie=UTF8&ASIN=B07DZBTTMV,,"Reviewed in the United States on February 17, 2024",Good product but lenses aren't very resistant,True,Color: 5 Pack BlackMagnification Strength: 2.0 x,[],90,33028,5366,https://www.amazon.com/product-reviews/B07DZBTTMV?pageNumber=9&filterByStar=all_stars&sortBy=helpful&formatType=all_formats,allStars,,"{'price': None, 'listPrice': None}",2024-02-17,United States,,B07DZBTTMV,0.2382
20,20,4,Glasses,R1LZNZJKKMHCOX,https://www.amazon.com/gp/customer-reviews/R1LZNZJKKMHCOX/ref=cm_cr_arp_d_rvw_ttl?ie=UTF8&ASIN=B07DZBTTMV,,"Reviewed in the United States on April 4, 2024",I see much better now,True,Color: 5 Pack BlackMagnification Strength: 1.75 x,[],21,33028,5366,https://www.amazon.com/product-reviews/B07DZBTTMV?pageNumber=3&filterByStar=all_stars&sortBy=helpful&formatType=all_formats,allStars,,"{'price': None, 'listPrice': None}",2024-04-04,United States,,B07DZBTTMV,0.4404
21,21,5,More than 3 times better than the 99 cent store reading glasses,R3U44M0AXT4CQ5,https://www.amazon.com/gp/customer-reviews/R3U44M0AXT4CQ5/ref=cm_cr_arp_d_rvw_ttl?ie=UTF8&ASIN=B07DZBTTMV,4 people found this helpful,"Reviewed in the United States on January 17, 2024",I had two questions with regard to these glasses:1. Are they three times better than the $1 glasses from a Dollar store?2. Are they better than the other similar glasses that Amazon sells?For most people paying three times as much per pair of glasses than for the cheap ones from a Dollar store is justified.1. They are much more rugged than the cheap glasses. I stepped on one accidentally expecting that I would have broken it based on my experience with the Dollar Store glasses and they didn't break. The spring mounting mechanism really works to make these glasses more rugged.2. They are much more scratch resistant than the Dollar Store glasses. I rarely had a Dollar Store pair of glasses last more than a few days before the lens were blurry from tiny scratches from being carried in my pocket.3. They come with  little packet to hold the glasses and they come with a cleaning cloth.As far as how they compare with the other similar glasses on Amazon. I don't know I have only tried these. I liked the mix of styles and I was happy with them.,True,Color: 3 Black 2 TortoiseMagnification Strength: 2.0 x,[],22,33028,5366,https://www.amazon.com/product-reviews/B07DZBTTMV?pageNumber=3&filterByStar=all_stars&sortBy=helpful&formatType=all_formats,allStars,,"{'price': None, 'listPrice': None}",2024-01-17,United States,,B07DZBTTMV,0.8466
22,22,4,Good glasses.,R1NA656FKECQ9Q,https://www.amazon.com/gp/customer-reviews/R1NA656FKECQ9Q/ref=cm_cr_arp_d_rvw_ttl?ie=UTF8&ASIN=B07DZBTTMV,,"Reviewed in the United States on March 14, 2024","I like these glasses for reading and working with small things .I have them just about everywhere truck,shed and house. I have not been able to scratch them but it's not something that I am trying to do.",True,Color: 5pcs - Black/ClearMagnification Strength: 3.0 x,[],23,33028,5366,https://www.amazon.com/product-reviews/B07DZBTTMV?pageNumber=3&filterByStar=all_stars&sortBy=helpful&formatType=all_formats,allStars,,"{'price': None, 'listPrice': None}",2024-03-14,United States,,B07DZBTTMV,0.1901
23,23,5,Price plus quality,R3FNF1626DBLDD,https://www.amazon.com/gp/customer-reviews/R3FNF1626DBLDD/ref=cm_cr_arp_d_rvw_ttl?ie=UTF8&ASIN=B07DZBTTMV,,"Reviewed in the United States on March 25, 2024",Great buy I have had trouble keeping track of the first five pairs so at this price and quality it was an easy decision to get five more! I now a.pair in every room!!,True,Color: 5 Pack Mix Color -4Magnification Strength: 2.25 x,[],24,33028,5366,https://www.amazon.com/product-reviews/B07DZBTTMV?pageNumber=3&filterByStar=all_stars&sortBy=helpful&formatType=all_formats,allStars,,"{'price': None, 'listPrice': None}",2024-03-25,United States,,B07DZBTTMV,0.7332
24,24,5,CLEAR AS A BELL,R2UY0UY37814BS,https://www.amazon.com/gp/customer-reviews/R2UY0UY37814BS/ref=cm_cr_arp_d_rvw_ttl?ie=UTF8&ASIN=B07DZBTTMV,One person found this helpful,"Reviewed in the United States on March 31, 2024","My old plastic lens reading glasses were a bit ""foggy."" These are clear as a bell, and quite comfortable.",True,Color: 5 Pack BlackMagnification Strength: 2.25 x,[],25,33028,5366,https://www.amazon.com/product-reviews/B07DZBTTMV?pageNumber=3&filterByStar=all_stars&sortBy=helpful&formatType=all_formats,allStars,,"{'price': None, 'listPrice': None}",2024-03-31,United States,,B07DZBTTMV,0.7346
25,25,5,Value for $$,R15G8QTDD7XYFV,https://www.amazon.com/gp/customer-reviews/R15G8QTDD7XYFV/ref=cm_cr_arp_d_rvw_ttl?ie=UTF8&ASIN=B07DZBTTMV,,"Reviewed in the United States on March 24, 2024","These are no different than the ""cheaters"" you buy at a big box.The only difference is these cost less.Makes ""losing your readers"" way less traumatic!",True,Color: 5 Pack Mix Color -3Magnification Strength: 2.5 x,[],26,33028,5366,https://www.amazon.com/product-reviews/B07DZBTTMV?pageNumber=3&filterByStar=all_stars&sortBy=helpful&formatType=all_formats,allStars,,"{'price': None, 'listPrice': None}",2024-03-24,United States,,B07DZBTTMV,-0.8176
26,26,5,Good value,RZRC7AGY12D2Q,https://www.amazon.com/gp/customer-reviews/RZRC7AGY12D2Q/ref=cm_cr_arp_d_rvw_ttl?ie=UTF8&ASIN=B07DZBTTMV,,"Reviewed in the United States on March 18, 2024","A little looser on my forehead than other brands, so you have to be careful the don't slip off when you put them on top of your head, other than that they are a very good value for readers.",True,Color: 5 Pack BlackMagnification Strength: 2.5 x,[],27,33028,5366,https://www.amazon.com/product-reviews/B07DZBTTMV?pageNumber=3&filterByStar=all_stars&sortBy=helpful&formatType=all_formats,allStars,,"{'price': None, 'listPrice': None}",2024-03-18,United States,,B07DZBTTMV,0.8059
27,27,4,Wearing them as I type.,R17BC7JLEVBXQL,https://www.amazon.com/gp/customer-reviews/R17BC7JLEVBXQL/ref=cm_cr_arp_d_rvw_ttl?ie=UTF8&ASIN=B07DZBTTMV,,"Reviewed in the United States on March 15, 2024","These are little more stylish than the basic wire ones I had been using. My major concern is the hinge already seems loose, hoping it lasts for awhile.",True,Color: 5pcs - Black/ClearMagnification Strength: 1.25 x,[],28,33028,5366,https://www.amazon.com/product-reviews/B07DZBTTMV?pageNumber=3&filterByStar=all_stars&sortBy=helpful&formatType=all_formats,allStars,,"{'price': None, 'listPrice': None}",2024-03-15,United States,,B07DZBTTMV,0.128
28,28,5,Good quality,R1FFMPHBMHECIT,https://www.amazon.com/gp/customer-reviews/R1FFMPHBMHECIT/ref=cm_cr_arp_d_rvw_ttl?ie=UTF8&ASIN=B07DZBTTMV,,"Reviewed in the United States on March 24, 2024",Way better than dollar store. Hinged frame. Well made. I wish they would save money on slip cases I won’t use,True,Color: 5 Pack BlackMagnification Strength: 1.75 x,[],29,33028,5366,https://www.amazon.com/product-reviews/B07DZBTTMV?pageNumber=3&filterByStar=all_stars&sortBy=helpful&formatType=all_formats,allStars,,"{'price': None, 'listPrice': None}",2024-03-24,United States,,B07DZBTTMV,0.872
29,29,5,Get a lot of reading glasses and put them every where.,R12ZXAO9H5N94R,https://www.amazon.com/gp/customer-reviews/R12ZXAO9H5N94R/ref=cm_cr_arp_d_rvw_ttl?ie=UTF8&ASIN=B07DZBTTMV,One person found this helpful,"Reviewed in the United States on March 7, 2024","Get a lot of reading glasses and put them every where. Put them in the car, in the bathroom, on the bed stand, in your coat and in the kitchen.These glasses take a beating. They are susceptible to scratching, but I work construction there is dirt, rocks and dust everywhere . They work well and at a good price.",True,Color: 3 Black 2 TortoiseMagnification Strength: 3.0 x,[],30,33028,5366,https://www.amazon.com/product-reviews/B07DZBTTMV?pageNumber=3&filterByStar=all_stars&sortBy=helpful&formatType=all_formats,allStars,,"{'price': None, 'listPrice': None}",2024-03-07,United States,,B07DZBTTMV,0.34
30,30,4,Readers,R1455WP8V2TKS2,https://www.amazon.com/gp/customer-reviews/R1455WP8V2TKS2/ref=cm_cr_arp_d_rvw_ttl?ie=UTF8&ASIN=B07DZBTTMV,,"Reviewed in the United States on March 14, 2024",Value good price. Looks and feel good.,True,Color: 5 Pack BlackMagnification Strength: 2.75 x,[],51,33028,5366,https://www.amazon.com/product-reviews/B07DZBTTMV?pageNumber=6&filterByStar=all_stars&sortBy=helpful&formatType=all_formats,allStars,,"{'price': None, 'listPrice': None}",2024-03-14,United States,,B07DZBTTMV,0.802
31,31,5,Great value,R3PCD97R98I21D,https://www.amazon.com/gp/customer-reviews/R3PCD97R98I21D/ref=cm_cr_arp_d_rvw_ttl?ie=UTF8&ASIN=B07DZBTTMV,,"Reviewed in the United States on February 29, 2024","My husband's last eye exam revealed he did not need a prescription, just a reader.  Optometrist recommended 2.25strength.  We could find that strength locally.  Now he can leave Paris in the car, his night table, where he read, in his shop,  etc.",True,Color: 5 Pack Mix Color -2Magnification Strength: 2.25 x,[],52,33028,5366,https://www.amazon.com/product-reviews/B07DZBTTMV?pageNumber=6&filterByStar=all_stars&sortBy=helpful&formatType=all_formats,allStars,,"{'price': None, 'listPrice': None}",2024-02-29,United States,,B07DZBTTMV,0.5859
32,32,5,Buy them,R22HU7MN2CLPYW,https://www.amazon.com/gp/customer-reviews/R22HU7MN2CLPYW/ref=cm_cr_arp_d_rvw_ttl?ie=UTF8&ASIN=B07DZBTTMV,,"Reviewed in the United States on March 29, 2024",Yup,True,Color: 5 Pack BlackMagnification Strength: 5.0 x,[],53,33028,5366,https://www.amazon.com/product-reviews/B07DZBTTMV?pageNumber=6&filterByStar=all_stars&sortBy=helpful&formatType=all_formats,allStars,,"{'price': None, 'listPrice': None}",2024-03-29,United States,,B07DZBTTMV,0.0
33,33,5,Bought for the shaded pair.,R2L106IA27ETJT,https://www.amazon.com/gp/customer-reviews/R2L106IA27ETJT/ref=cm_cr_arp_d_rvw_ttl?ie=UTF8&ASIN=B07DZBTTMV,,"Reviewed in the United States on March 17, 2024",Wanted the sunglass readers for reading on the beach.,True,Color: 2 Black 2 Tortoise 1sunMagnification Strength: 3.5 x,[],54,33028,5366,https://www.amazon.com/product-reviews/B07DZBTTMV?pageNumber=6&filterByStar=all_stars&sortBy=helpful&formatType=all_formats,allStars,,"{'price': None, 'listPrice': None}",2024-03-17,United States,,B07DZBTTMV,0.0
34,34,5,Lose your glasses?,R23VYK63YENQUE,https://www.amazon.com/gp/customer-reviews/R23VYK63YENQUE/ref=cm_cr_arp_d_rvw_ttl?ie=UTF8&ASIN=B07DZBTTMV,,"Reviewed in the United States on March 3, 2024",This is the deal for you if you lose your glasses all the time. I have a pair in every room and purse. The price is right and the colors make them easy to spot when you need them.,True,Color: 5 Pack Mix Color -2Magnification Strength: 2.75 x,[],55,33028,5366,https://www.amazon.com/product-reviews/B07DZBTTMV?pageNumber=6&filterByStar=all_stars&sortBy=helpful&formatType=all_formats,allStars,,"{'price': None, 'listPrice': None}",2024-03-03,United States,,B07DZBTTMV,0.0516
35,35,4,Works,RSC6OLRH3S11X,https://www.amazon.com/gp/customer-reviews/RSC6OLRH3S11X/ref=cm_cr_arp_d_rvw_ttl?ie=UTF8&ASIN=B07DZBTTMV,,"Reviewed in the United States on March 1, 2024",Purchased for someone else that requested this strength,True,Color: 2 Black 2 Tortoise 1sunMagnification Strength: 4.0 x,[],56,33028,5366,https://www.amazon.com/product-reviews/B07DZBTTMV?pageNumber=6&filterByStar=all_stars&sortBy=helpful&formatType=all_formats,allStars,,"{'price': None, 'listPrice': None}",2024-03-01,United States,,B07DZBTTMV,0.5789
36,36,4,About 7 times better than the dollar store.,R2WWXKLP28K127,https://www.amazon.com/gp/customer-reviews/R2WWXKLP28K127/ref=cm_cr_arp_d_rvw_ttl?ie=UTF8&ASIN=B07DZBTTMV,,"Reviewed in the United States on February 21, 2024","These are okay, they're not going to make you go cross-eyed like some cheap ones make you feel. I use them for electronics, they are fairly comfortable and clear.",True,Color: 5pcs - Black/ClearMagnification Strength: 2.75 x,[],57,33028,5366,https://www.amazon.com/product-reviews/B07DZBTTMV?pageNumber=6&filterByStar=all_stars&sortBy=helpful&formatType=all_formats,allStars,,"{'price': None, 'listPrice': None}",2024-02-21,United States,,B07DZBTTMV,0.8519
37,37,5,Marty’s glasses,R2K4I36TKWQV3,https://www.amazon.com/gp/customer-reviews/R2K4I36TKWQV3/ref=cm_cr_arp_d_rvw_ttl?ie=UTF8&ASIN=B07DZBTTMV,,"Reviewed in the United States on March 13, 2024","He loves them, comfortable and he can see so that is a plus 👍🏻😊",True,Color: 5 Pack BlackMagnification Strength: 1.75 x,[],58,33028,5366,https://www.amazon.com/product-reviews/B07DZBTTMV?pageNumber=6&filterByStar=all_stars&sortBy=helpful&formatType=all_formats,allStars,,"{'price': None, 'listPrice': None}",2024-03-13,United States,,B07DZBTTMV,0.7906
38,38,5,This a great buy,R5UDQJP5DDA4O,https://www.amazon.com/gp/customer-reviews/R5UDQJP5DDA4O/ref=cm_cr_arp_d_rvw_ttl?ie=UTF8&ASIN=B07DZBTTMV,,"Reviewed in the United States on March 18, 2024",I have purchased higher price reading glasses but these glasses ware great,True,Color: 5 Pack BlackMagnification Strength: 2.5 x,[],59,33028,5366,https://www.amazon.com/product-reviews/B07DZBTTMV?pageNumber=6&filterByStar=all_stars&sortBy=helpful&formatType=all_formats,allStars,,"{'price': None, 'listPrice': None}",2024-03-18,United States,,B07DZBTTMV,0.7684
39,39,5,Good value,R2EG1M0WM56Y9H,https://www.amazon.com/gp/customer-reviews/R2EG1M0WM56Y9H/ref=cm_cr_arp_d_rvw_ttl?ie=UTF8&ASIN=B07DZBTTMV,,"Reviewed in the United States on March 25, 2024",Durable and a good value,True,Color: 5 Pack BlackMagnification Strength: 2.5 x,[],60,33028,5366,https://www.amazon.com/product-reviews/B07DZBTTMV?pageNumber=6&filterByStar=all_stars&sortBy=helpful&formatType=all_formats,allStars,,"{'price': None, 'listPrice': None}",2024-03-25,United States,,B07DZBTTMV,0.6486
40,40,5,Ĝreat!,R2CDVSBVN5G80H,https://www.amazon.com/gp/customer-reviews/R2CDVSBVN5G80H/ref=cm_cr_arp_d_rvw_ttl?ie=UTF8&ASIN=B07DZBTTMV,,"Reviewed in the United States on March 20, 2024",Very clear. Sturdy frames. See product description on Amazon. It's all true.,True,Color: 5 Pack BlackMagnification Strength: 2.25 x,[],61,33028,5366,https://www.amazon.com/product-reviews/B07DZBTTMV?pageNumber=7&filterByStar=all_stars&sortBy=helpful&formatType=all_formats,allStars,,"{'price': None, 'listPrice': None}",2024-03-20,United States,,B07DZBTTMV,0.7501
41,41,5,Good value,R1K50KG3LF9UOF,https://www.amazon.com/gp/customer-reviews/R1K50KG3LF9UOF/ref=cm_cr_arp_d_rvw_ttl?ie=UTF8&ASIN=B07DZBTTMV,,"Reviewed in the United States on March 7, 2024",I like the price and the value.  By buying multiple glasses I can have a pair in every room of my home,True,Color: 5 Pack BlackMagnification Strength: 2.75 x,[],62,33028,5366,https://www.amazon.com/product-reviews/B07DZBTTMV?pageNumber=7&filterByStar=all_stars&sortBy=helpful&formatType=all_formats,allStars,,"{'price': None, 'listPrice': None}",2024-03-07,United States,,B07DZBTTMV,0.5994
42,42,5,Smooth,RDPAZ3DV1D5C,https://www.amazon.com/gp/customer-reviews/RDPAZ3DV1D5C/ref=cm_cr_arp_d_rvw_ttl?ie=UTF8&ASIN=B07DZBTTMV,,"Reviewed in the United States on March 4, 2024",These glasses are very smooth which makes them easy to slide them on and off your face. I haven't experienced broken frames with these glasses as I read about in other reviews.,True,Color: 3 Black 2 TortoiseMagnification Strength: 2.0 x,[],63,33028,5366,https://www.amazon.com/product-reviews/B07DZBTTMV?pageNumber=7&filterByStar=all_stars&sortBy=helpful&formatType=all_formats,allStars,,"{'price': None, 'listPrice': None}",2024-03-04,United States,,B07DZBTTMV,0.6656
43,43,5,Best price for the value I've found!,R1UCMS804KCM1E,https://www.amazon.com/gp/customer-reviews/R1UCMS804KCM1E/ref=cm_cr_arp_d_rvw_ttl?ie=UTF8&ASIN=B07DZBTTMV,,"Reviewed in the United States on March 26, 2024",Great for computer reading,True,Color: 5 Pack BlackMagnification Strength: 1.75 x,[],64,33028,5366,https://www.amazon.com/product-reviews/B07DZBTTMV?pageNumber=7&filterByStar=all_stars&sortBy=helpful&formatType=all_formats,allStars,,"{'price': None, 'listPrice': None}",2024-03-26,United States,,B07DZBTTMV,0.6249
44,44,5,Great product,R3IMRN9I5OQ0ZO,https://www.amazon.com/gp/customer-reviews/R3IMRN9I5OQ0ZO/ref=cm_cr_arp_d_rvw_ttl?ie=UTF8&ASIN=B07DZBTTMV,,"Reviewed in the United States on March 23, 2024",Good quality for price,True,Color: 5 Pack BlackMagnification Strength: 2.0 x,[],65,33028,5366,https://www.amazon.com/product-reviews/B07DZBTTMV?pageNumber=7&filterByStar=all_stars&sortBy=helpful&formatType=all_formats,allStars,,"{'price': None, 'listPrice': None}",2024-03-23,United States,,B07DZBTTMV,0.4404
45,45,5,Good value for money,R2EX7XA4S4G4M3,https://www.amazon.com/gp/customer-reviews/R2EX7XA4S4G4M3/ref=cm_cr_arp_d_rvw_ttl?ie=UTF8&ASIN=B07DZBTTMV,One person found this helpful,"Reviewed in the United States on March 14, 2024","The reading glasses are reasonably priced, sturdy, easy to clean, and fit just right: neither too tight nor too loose.",True,Color: 5pcs - Black/ClearMagnification Strength: 1.25 x,[],66,33028,5366,https://www.amazon.com/product-reviews/B07DZBTTMV?pageNumber=7&filterByStar=all_stars&sortBy=helpful&formatType=all_formats,allStars,,"{'price': None, 'listPrice': None}",2024-03-14,United States,,B07DZBTTMV,0.8427
46,46,5,Extra glasses,R16IZ0HMQ182BN,https://www.amazon.com/gp/customer-reviews/R16IZ0HMQ182BN/ref=cm_cr_arp_d_rvw_ttl?ie=UTF8&ASIN=B07DZBTTMV,,"Reviewed in the United States on March 19, 2024",Great price,True,Color: 5 Pack BlackMagnification Strength: 3.5 x,[],67,33028,5366,https://www.amazon.com/product-reviews/B07DZBTTMV?pageNumber=7&filterByStar=all_stars&sortBy=helpful&formatType=all_formats,allStars,,"{'price': None, 'listPrice': None}",2024-03-19,United States,,B07DZBTTMV,0.6249
47,47,5,Best glasses ever (Black/Clear),R3PAJQ2CT4VDNP,https://www.amazon.com/gp/customer-reviews/R3PAJQ2CT4VDNP/ref=cm_cr_arp_d_rvw_ttl?ie=UTF8&ASIN=B07DZBTTMV,,"Reviewed in the United States on February 23, 2024",These are the best glasses ever. I even replaced a couple of the reader lenses with prescription lenses and saved tons at the store. They look fantastic and are surprisingly good quality for the price. I bought ten so I could have a lifetime supply.,True,Color: 5pcs - Black/ClearMagnification Strength: 1.0 x,[],68,33028,5366,https://www.amazon.com/product-reviews/B07DZBTTMV?pageNumber=7&filterByStar=all_stars&sortBy=helpful&formatType=all_formats,allStars,,"{'price': None, 'listPrice': None}",2024-02-23,United States,,B07DZBTTMV,0.9403
48,48,5,Rx and fit are to notch,R1BOYPNLL4LY37,https://www.amazon.com/gp/customer-reviews/R1BOYPNLL4LY37/ref=cm_cr_arp_d_rvw_ttl?ie=UTF8&ASIN=B07DZBTTMV,,"Reviewed in the United States on March 10, 2024",Liked the feel on my face very light weight and Rx accuracy was not on,True,Color: 5 Pack Mix ColorMagnification Strength: 4.0 x,[],69,33028,5366,https://www.amazon.com/product-reviews/B07DZBTTMV?pageNumber=7&filterByStar=all_stars&sortBy=helpful&formatType=all_formats,allStars,,"{'price': None, 'listPrice': None}",2024-03-10,United States,,B07DZBTTMV,0.4215
49,49,5,Best readers I have ever had.,R23YAQMEWX8OFL,https://www.amazon.com/gp/customer-reviews/R23YAQMEWX8OFL/ref=cm_cr_arp_d_rvw_ttl?ie=UTF8&ASIN=B07DZBTTMV,,"Reviewed in the United States on March 11, 2024",Seem to be far more sturdy than others I have had. Hope the hold up….,True,Color: 5 Pack BlackMagnification Strength: 2.25 x,[],70,33028,5366,https://www.amazon.com/product-reviews/B07DZBTTMV?pageNumber=7&filterByStar=all_stars&sortBy=helpful&formatType=all_formats,allStars,,"{'price': None, 'listPrice': None}",2024-03-11,United States,,B07DZBTTMV,0.4404
50,50,5,Good buy,RN0I0VV1BBY7M,https://www.amazon.com/gp/customer-reviews/RN0I0VV1BBY7M/ref=cm_cr_arp_d_rvw_ttl?ie=UTF8&ASIN=B07DZBTTMV,,"Reviewed in the United States on February 19, 2024","These are not the best looking or best quality glasses...BUT if you're like me and need reading glasses all the time, these are perfect. 1 in the car, 1 by the couch, 1 at the desk, 1 in my pocket and a spare for when one of the others break, which they have but hen again, I drop them and throw them so it's not unexpected. They work for my needs.",True,Color: 5 Pack BlackMagnification Strength: 1.5 x,[],41,33028,5366,https://www.amazon.com/product-reviews/B07DZBTTMV?pageNumber=5&filterByStar=all_stars&sortBy=helpful&formatType=all_formats,allStars,,"{'price': None, 'listPrice': None}",2024-02-19,United States,,B07DZBTTMV,-0.4438
51,51,5,Great value,R170721X0TL8M7,https://www.amazon.com/gp/customer-reviews/R170721X0TL8M7/ref=cm_cr_arp_d_rvw_ttl?ie=UTF8&ASIN=B07DZBTTMV,,"Reviewed in the United States on March 25, 2024",We have readers laying all over the house and love it!,True,Color: 5 Pack BlackMagnification Strength: 1.25 x,[],42,33028,5366,https://www.amazon.com/product-reviews/B07DZBTTMV?pageNumber=5&filterByStar=all_stars&sortBy=helpful&formatType=all_formats,allStars,,"{'price': None, 'listPrice': None}",2024-03-25,United States,,B07DZBTTMV,0.6696
52,52,5,Good value,R1QPNWX1NUFJ93,https://www.amazon.com/gp/customer-reviews/R1QPNWX1NUFJ93/ref=cm_cr_arp_d_rvw_ttl?ie=UTF8&ASIN=B07DZBTTMV,,"Reviewed in the United States on April 1, 2024",Good value,True,Color: 5 Pack BlackMagnification Strength: 2.5 x,[],43,33028,5366,https://www.amazon.com/product-reviews/B07DZBTTMV?pageNumber=5&filterByStar=all_stars&sortBy=helpful&formatType=all_formats,allStars,,"{'price': None, 'listPrice': None}",2024-04-01,United States,,B07DZBTTMV,0.6486
53,53,5,Great,R278IUGUS04C6K,https://www.amazon.com/gp/customer-reviews/R278IUGUS04C6K/ref=cm_cr_arp_d_rvw_ttl?ie=UTF8&ASIN=B07DZBTTMV,,"Reviewed in the United States on March 27, 2024",Great seller,True,Color: 5 Pack BlackMagnification Strength: 1.0 x,[],44,33028,5366,https://www.amazon.com/product-reviews/B07DZBTTMV?pageNumber=5&filterByStar=all_stars&sortBy=helpful&formatType=all_formats,allStars,,"{'price': None, 'listPrice': None}",2024-03-27,United States,,B07DZBTTMV,0.6249
54,54,5,Value,R2K5TBAU3PMPWH,https://www.amazon.com/gp/customer-reviews/R2K5TBAU3PMPWH/ref=cm_cr_arp_d_rvw_ttl?ie=UTF8&ASIN=B07DZBTTMV,One person found this helpful,"Reviewed in the United States on March 30, 2024",Great value!,True,Color: 5 Pack BlackMagnification Strength: 3.5 x,[],45,33028,5366,https://www.amazon.com/product-reviews/B07DZBTTMV?pageNumber=5&filterByStar=all_stars&sortBy=helpful&formatType=all_formats,allStars,,"{'price': None, 'listPrice': None}",2024-03-30,United States,,B07DZBTTMV,0.7777
55,55,5,Great product for a fair price,R2LA95S0RAD79Z,https://www.amazon.com/gp/customer-reviews/R2LA95S0RAD79Z/ref=cm_cr_arp_d_rvw_ttl?ie=UTF8&ASIN=B07DZBTTMV,,"Reviewed in the United States on March 26, 2024",Fair price for a very good product……,True,Color: 5 Pack BlackMagnification Strength: 1.75 x,[],46,33028,5366,https://www.amazon.com/product-reviews/B07DZBTTMV?pageNumber=5&filterByStar=all_stars&sortBy=helpful&formatType=all_formats,allStars,,"{'price': None, 'listPrice': None}",2024-03-26,United States,,B07DZBTTMV,0.6697
56,56,5,Great,R2CXD8R7JH0CYH,https://www.amazon.com/gp/customer-reviews/R2CXD8R7JH0CYH/ref=cm_cr_arp_d_rvw_ttl?ie=UTF8&ASIN=B07DZBTTMV,,"Reviewed in the United States on March 29, 2024",Good quality,True,Color: 5 Pack BlackMagnification Strength: 2.5 x,[],47,33028,5366,https://www.amazon.com/product-reviews/B07DZBTTMV?pageNumber=5&filterByStar=all_stars&sortBy=helpful&formatType=all_formats,allStars,,"{'price': None, 'listPrice': None}",2024-03-29,United States,,B07DZBTTMV,0.4404
57,57,5,Quality!!!,R57HBMXDNUHOA,https://www.amazon.com/gp/customer-reviews/R57HBMXDNUHOA/ref=cm_cr_arp_d_rvw_ttl?ie=UTF8&ASIN=B07DZBTTMV,,"Reviewed in the United States on March 26, 2024",Love these glasses so much great quality!!!,True,Color: 5 Pack BlackMagnification Strength: 6.0 x,[],48,33028,5366,https://www.amazon.com/product-reviews/B07DZBTTMV?pageNumber=5&filterByStar=all_stars&sortBy=helpful&formatType=all_formats,allStars,,"{'price': None, 'listPrice': None}",2024-03-26,United States,,B07DZBTTMV,0.8874
58,58,5,"Great price, great quality, fast shipping!",R3JGNVVM8A07AA,https://www.amazon.com/gp/customer-reviews/R3JGNVVM8A07AA/ref=cm_cr_arp_d_rvw_ttl?ie=UTF8&ASIN=B07DZBTTMV,,"Reviewed in the United States on March 20, 2024","Great price, great quality, fast shipping!",True,Color: 5 Pack BlackMagnification Strength: 1.75 x,[],49,33028,5366,https://www.amazon.com/product-reviews/B07DZBTTMV?pageNumber=5&filterByStar=all_stars&sortBy=helpful&formatType=all_formats,allStars,,"{'price': None, 'listPrice': None}",2024-03-20,United States,,B07DZBTTMV,0.8588
59,59,5,Useful.,RGOBR2EYLBBHP,https://www.amazon.com/gp/customer-reviews/RGOBR2EYLBBHP/ref=cm_cr_arp_d_rvw_ttl?ie=UTF8&ASIN=B07DZBTTMV,One person found this helpful,"Reviewed in the United States on March 31, 2024",Spares,True,Color: 5 Pack BlackMagnification Strength: 6.0 x,[],50,33028,5366,https://www.amazon.com/product-reviews/B07DZBTTMV?pageNumber=5&filterByStar=all_stars&sortBy=helpful&formatType=all_formats,allStars,,"{'price': None, 'listPrice': None}",2024-03-31,United States,,B07DZBTTMV,0.0
60,60,5,They seme good!,R3Q9S17VRPVRAA,https://www.amazon.com/gp/customer-reviews/R3Q9S17VRPVRAA/ref=cm_cr_arp_d_rvw_ttl?ie=UTF8&ASIN=B07DZBTTMV,,"Reviewed in the United States on April 1, 2024",My husband needed these badly. I ordered a 5 pack.,True,Color: 5 Pack BlackMagnification Strength: 4.5 x,[],31,33028,5366,https://www.amazon.com/product-reviews/B07DZBTTMV?pageNumber=4&filterByStar=all_stars&sortBy=helpful&formatType=all_formats,allStars,,"{'price': None, 'listPrice': None}",2024-04-01,United States,,B07DZBTTMV,-0.4767
61,61,5,Excellent Buy,R3B55578CSEUCW,https://www.amazon.com/gp/customer-reviews/R3B55578CSEUCW/ref=cm_cr_arp_d_rvw_ttl?ie=UTF8&ASIN=B07DZBTTMV,,"Reviewed in the United States on March 31, 2024",These glasses are clear and sharp. The correct strength. Great deal on them. AAA+,True,Color: 5 Pack Mix ColorMagnification Strength: 1.5 x,[],32,33028,5366,https://www.amazon.com/product-reviews/B07DZBTTMV?pageNumber=4&filterByStar=all_stars&sortBy=helpful&formatType=all_formats,allStars,,"{'price': None, 'listPrice': None}",2024-03-31,United States,,B07DZBTTMV,0.872
62,62,5,They had 2.25 Strength,R3TX5PI0GW3PNR,https://www.amazon.com/gp/customer-reviews/R3TX5PI0GW3PNR/ref=cm_cr_arp_d_rvw_ttl?ie=UTF8&ASIN=B07DZBTTMV,,"Reviewed in the United States on April 4, 2024",They had 2.25 Strength,True,Color: 5 Pack BlackMagnification Strength: 2.25 x,[],33,33028,5366,https://www.amazon.com/product-reviews/B07DZBTTMV?pageNumber=4&filterByStar=all_stars&sortBy=helpful&formatType=all_formats,allStars,,"{'price': None, 'listPrice': None}",2024-04-04,United States,,B07DZBTTMV,0.4939
63,63,5,Cool,R3T6JS3MST1HSU,https://www.amazon.com/gp/customer-reviews/R3T6JS3MST1HSU/ref=cm_cr_arp_d_rvw_ttl?ie=UTF8&ASIN=B07DZBTTMV,,"Reviewed in the United States on April 2, 2024",They work just fine,True,Color: 3 Black 2 TortoiseMagnification Strength: 2.0 x,[],34,33028,5366,https://www.amazon.com/product-reviews/B07DZBTTMV?pageNumber=4&filterByStar=all_stars&sortBy=helpful&formatType=all_formats,allStars,,"{'price': None, 'listPrice': None}",2024-04-02,United States,,B07DZBTTMV,0.2023
64,64,5,4.0 Reading glasses,R2MF7N8UFAXIRI,https://www.amazon.com/gp/customer-reviews/R2MF7N8UFAXIRI/ref=cm_cr_arp_d_rvw_ttl?ie=UTF8&ASIN=B07DZBTTMV,,"Reviewed in the United States on March 21, 2024","These are very strong.  I purchased a pack of 6.0 reading glasses that are a bit to strong, but I'm keeping them for later.",True,Color: 5 Pack BlackMagnification Strength: 4.0 x,[],35,33028,5366,https://www.amazon.com/product-reviews/B07DZBTTMV?pageNumber=4&filterByStar=all_stars&sortBy=helpful&formatType=all_formats,allStars,,"{'price': None, 'listPrice': None}",2024-03-21,United States,,B07DZBTTMV,0.5563
65,65,5,5 pairs of glasses,R37AZ8OP3PKIRJ,https://www.amazon.com/gp/customer-reviews/R37AZ8OP3PKIRJ/ref=cm_cr_arp_d_rvw_ttl?ie=UTF8&ASIN=B07DZBTTMV,,"Reviewed in the United States on March 25, 2024",Can't beat the price. Quick shipping. Compare to $25-$30 ones at Walmart and such.,True,Color: 5pcs - Black/ClearMagnification Strength: 1.5 x,[],36,33028,5366,https://www.amazon.com/product-reviews/B07DZBTTMV?pageNumber=4&filterByStar=all_stars&sortBy=helpful&formatType=all_formats,allStars,,"{'price': None, 'listPrice': None}",2024-03-25,United States,,B07DZBTTMV,0.0
66,66,5,As advertised,R1Z08JYMD4VFWR,https://www.amazon.com/gp/customer-reviews/R1Z08JYMD4VFWR/ref=cm_cr_arp_d_rvw_ttl?ie=UTF8&ASIN=B07DZBTTMV,,"Reviewed in the United States on April 5, 2024",Good deal.,True,Color: 2 Black 2 Tortoise 1sunMagnification Strength: 2.0 x,[],37,33028,5366,https://www.amazon.com/product-reviews/B07DZBTTMV?pageNumber=4&filterByStar=all_stars&sortBy=helpful&formatType=all_formats,allStars,,"{'price': None, 'listPrice': None}",2024-04-05,United States,,B07DZBTTMV,0.4404
67,67,5,Great Value,R2HTW1IXHPOWB5,https://www.amazon.com/gp/customer-reviews/R2HTW1IXHPOWB5/ref=cm_cr_arp_d_rvw_ttl?ie=UTF8&ASIN=B07DZBTTMV,,"Reviewed in the United States on March 28, 2024","Very fast shipping, good product, I'll buy these glasses again.",True,Color: 5 Pack BlackMagnification Strength: 2.5 x,[],38,33028,5366,https://www.amazon.com/product-reviews/B07DZBTTMV?pageNumber=4&filterByStar=all_stars&sortBy=helpful&formatType=all_formats,allStars,,"{'price': None, 'listPrice': None}",2024-03-28,United States,,B07DZBTTMV,0.4877
68,68,5,Realy nice.,R2U43JZB1AJGBN,https://www.amazon.com/gp/customer-reviews/R2U43JZB1AJGBN/ref=cm_cr_arp_d_rvw_ttl?ie=UTF8&ASIN=B07DZBTTMV,,"Reviewed in the United States on March 21, 2024","I gave these to my son. The way he takes care of them, I figured more the better!",True,Color: 5 Pack BlackMagnification Strength: 4.0 x,[],39,33028,5366,https://www.amazon.com/product-reviews/B07DZBTTMV?pageNumber=4&filterByStar=all_stars&sortBy=helpful&formatType=all_formats,allStars,,"{'price': None, 'listPrice': None}",2024-03-21,United States,,B07DZBTTMV,0.7698
69,69,5,"FINALLY, I GET WHAT I NEEDED, THANK YOU!",R22T53Q2YM136L,https://www.amazon.com/gp/customer-reviews/R22T53Q2YM136L/ref=cm_cr_arp_d_rvw_ttl?ie=UTF8&ASIN=B07DZBTTMV,,"Reviewed in the United States on March 27, 2024",YES! Finally I got it right .  Thanks!,True,Color: 5 Pack BlackMagnification Strength: 2.75 x,[],40,33028,5366,https://www.amazon.com/product-reviews/B07DZBTTMV?pageNumber=4&filterByStar=all_stars&sortBy=helpful&formatType=all_formats,allStars,,"{'price': None, 'listPrice': None}",2024-03-27,United States,,B07DZBTTMV,0.7856
70,70,5,Good value,R10D45SYHDSNMI,https://www.amazon.com/gp/customer-reviews/R10D45SYHDSNMI/ref=cm_cr_arp_d_rvw_ttl?ie=UTF8&ASIN=B07DZBTTMV,,"Reviewed in the United States on March 6, 2024",A Lot better than the ones you buy at the department stores they last a lot longer,True,Color: 5 Pack BlackMagnification Strength: 2.25 x,[],71,33028,5366,https://www.amazon.com/product-reviews/B07DZBTTMV?pageNumber=8&filterByStar=all_stars&sortBy=helpful&formatType=all_formats,allStars,,"{'price': None, 'listPrice': None}",2024-03-06,United States,,B07DZBTTMV,0.4404
71,71,4,Cheap and good,RABNPUZKBVRLH,https://www.amazon.com/gp/customer-reviews/RABNPUZKBVRLH/ref=cm_cr_arp_d_rvw_ttl?ie=UTF8&ASIN=B07DZBTTMV,,"Reviewed in the United States on February 9, 2024",Does the job. I lose them all the time so cheap is good. They will break after about 3 months consistent use around the lens's.,True,Color: 5 Pack BlackMagnification Strength: 3.5 x,[],72,33028,5366,https://www.amazon.com/product-reviews/B07DZBTTMV?pageNumber=8&filterByStar=all_stars&sortBy=helpful&formatType=all_formats,allStars,,"{'price': None, 'listPrice': None}",2024-02-09,United States,,B07DZBTTMV,0.1189
72,72,5,They're best glasses I've owned,RY3RORR0W0AFU,https://www.amazon.com/gp/customer-reviews/RY3RORR0W0AFU/ref=cm_cr_arp_d_rvw_ttl?ie=UTF8&ASIN=B07DZBTTMV,,"Reviewed in the United States on March 12, 2024",These were and still are great quality glasses¡!!!,True,Color: 5 Pack BlackMagnification Strength: 1.75 x,[],73,33028,5366,https://www.amazon.com/product-reviews/B07DZBTTMV?pageNumber=8&filterByStar=all_stars&sortBy=helpful&formatType=all_formats,allStars,,"{'price': None, 'listPrice': None}",2024-03-12,United States,,B07DZBTTMV,0.7163
73,73,5,Men’s glasses,R3LC444EXRQF5Z,https://www.amazon.com/gp/customer-reviews/R3LC444EXRQF5Z/ref=cm_cr_arp_d_rvw_ttl?ie=UTF8&ASIN=B07DZBTTMV,,"Reviewed in the United States on March 18, 2024",Great quality. Good price.,True,Color: 5 Pack Mix ColorMagnification Strength: 1.0 x,[],74,33028,5366,https://www.amazon.com/product-reviews/B07DZBTTMV?pageNumber=8&filterByStar=all_stars&sortBy=helpful&formatType=all_formats,allStars,,"{'price': None, 'listPrice': None}",2024-03-18,United States,,B07DZBTTMV,0.7906
74,74,5,Great product,RZI7Y4YQRFPIN,https://www.amazon.com/gp/customer-reviews/RZI7Y4YQRFPIN/ref=cm_cr_arp_d_rvw_ttl?ie=UTF8&ASIN=B07DZBTTMV,,"Reviewed in the United States on March 12, 2024","Fit great, don’t fall down or off your face, good quality",True,Color: 5 Pack BlackMagnification Strength: 2.5 x,[],75,33028,5366,https://www.amazon.com/product-reviews/B07DZBTTMV?pageNumber=8&filterByStar=all_stars&sortBy=helpful&formatType=all_formats,allStars,,"{'price': None, 'listPrice': None}",2024-03-12,United States,,B07DZBTTMV,0.8591
75,75,4,nice,R2AFE8MK80M0G3,https://www.amazon.com/gp/customer-reviews/R2AFE8MK80M0G3/ref=cm_cr_arp_d_rvw_ttl?ie=UTF8&ASIN=B07DZBTTMV,,"Reviewed in the United States on March 1, 2024",nice,True,Color: 2 Black 2 Tortoise 1sunMagnification Strength: 1.25 x,[],76,33028,5366,https://www.amazon.com/product-reviews/B07DZBTTMV?pageNumber=8&filterByStar=all_stars&sortBy=helpful&formatType=all_formats,allStars,,"{'price': None, 'listPrice': None}",2024-03-01,United States,,B07DZBTTMV,0.4215
76,76,4,Quality poduct,R3F4GJ3CQEX2XY,https://www.amazon.com/gp/customer-reviews/R3F4GJ3CQEX2XY/ref=cm_cr_arp_d_rvw_ttl?ie=UTF8&ASIN=B07DZBTTMV,,"Reviewed in the United States on February 20, 2024",Reasonable price,True,Color: 5 Pack BlackMagnification Strength: 3.0 x,[],77,33028,5366,https://www.amazon.com/product-reviews/B07DZBTTMV?pageNumber=8&filterByStar=all_stars&sortBy=helpful&formatType=all_formats,allStars,,"{'price': None, 'listPrice': None}",2024-02-20,United States,,B07DZBTTMV,0.0
77,77,5,looks good,R3A7WJXJ006BRE,https://www.amazon.com/gp/customer-reviews/R3A7WJXJ006BRE/ref=cm_cr_arp_d_rvw_ttl?ie=UTF8&ASIN=B07DZBTTMV,,"Reviewed in the United States on March 14, 2024",the price,True,Color: 5 Pack BlackMagnification Strength: 2.5 x,[],78,33028,5366,https://www.amazon.com/product-reviews/B07DZBTTMV?pageNumber=8&filterByStar=all_stars&sortBy=helpful&formatType=all_formats,allStars,,"{'price': None, 'listPrice': None}",2024-03-14,United States,,B07DZBTTMV,0.0
78,78,4,Worth the price,R1DSIQLO4TVV66,https://www.amazon.com/gp/customer-reviews/R1DSIQLO4TVV66/ref=cm_cr_arp_d_rvw_ttl?ie=UTF8&ASIN=B07DZBTTMV,,"Reviewed in the United States on January 21, 2024","These were delivered on time. Good appearance, and light. However, I have found a lot of distortion at the edges, and they are not quite wide enough for real comfort for my wide head. The frames are damage resistant and the hinges are first rate. Scratch resistance is as expected for a cheap product: be careful with them.",True,Color: 5 Pack Mix ColorMagnification Strength: 2.5 x,[],79,33028,5366,https://www.amazon.com/product-reviews/B07DZBTTMV?pageNumber=8&filterByStar=all_stars&sortBy=helpful&formatType=all_formats,allStars,,"{'price': None, 'listPrice': None}",2024-01-21,United States,,B07DZBTTMV,0.4215
79,79,5,Nice,R35XJS0S0NH3HA,https://www.amazon.com/gp/customer-reviews/R35XJS0S0NH3HA/ref=cm_cr_arp_d_rvw_ttl?ie=UTF8&ASIN=B07DZBTTMV,,"Reviewed in the United States on March 13, 2024",Good quality,True,Color: 5 Pack Mix Color -2Magnification Strength: 1.75 x,[],80,33028,5366,https://www.amazon.com/product-reviews/B07DZBTTMV?pageNumber=8&filterByStar=all_stars&sortBy=helpful&formatType=all_formats,allStars,,"{'price': None, 'listPrice': None}",2024-03-13,United States,,B07DZBTTMV,0.4404
80,80,5,Good quality,R3OIOBQBQLPIGQ,https://www.amazon.com/gp/customer-reviews/R3OIOBQBQLPIGQ/ref=cm_cr_arp_d_rvw_ttl?ie=UTF8&ASIN=B07DZBTTMV,2 people found this helpful,"Reviewed in the United States on February 22, 2024","I recently purchased a multi-pack of reading glasses for my father, and they have been a fantastic solution since he misplaced his prescription pair. These glasses offer incredible value and versatility, providing him with multiple pairs to use in various settings. Despite not being custom-prescribed, they have proven to be a seamless substitution, almost matching his previous prescription. The range of strengths included in the pack ensures that he always has the right pair on hand for any task, whether it’s reading fine print or working on hobbies. Plus, the durable construction means they hold up well to daily wear and tear. Overall, this multi-pack of reading glasses has exceeded our expectations and provided a cost-effective and convenient solution for my father’s vision needs.",True,Color: 5 Pack BlackMagnification Strength: 4.0 x,[],11,33028,5366,https://www.amazon.com/product-reviews/B07DZBTTMV?pageNumber=2&filterByStar=all_stars&sortBy=helpful&formatType=all_formats,allStars,,"{'price': None, 'listPrice': None}",2024-02-22,United States,,B07DZBTTMV,0.9607
81,81,5,Not Bad!,R2STHZ09YGLLSZ,https://www.amazon.com/gp/customer-reviews/R2STHZ09YGLLSZ/ref=cm_cr_arp_d_rvw_ttl?ie=UTF8&ASIN=B07DZBTTMV,,"Reviewed in the United States on April 6, 2024","So far they have been great! It's a great packaged deal! Keep a pair at home, work, and your vehicles! your set! For the cost of $10 for 5 units, can't complain.",True,Color: 5 Pack BlackMagnification Strength: 1.0 x,[],12,33028,5366,https://www.amazon.com/product-reviews/B07DZBTTMV?pageNumber=2&filterByStar=all_stars&sortBy=helpful&formatType=all_formats,allStars,,"{'price': None, 'listPrice': None}",2024-04-06,United States,,B07DZBTTMV,0.9096
82,82,5,Readers that work,R16XCCZYCKTS5M,https://www.amazon.com/gp/customer-reviews/R16XCCZYCKTS5M/ref=cm_cr_arp_d_rvw_ttl?ie=UTF8&ASIN=B07DZBTTMV,,"Reviewed in the United States on March 20, 2024",Cheap reading glasses that do what they are supposed to and have hinged ear pieces that keep them snug without having to tighten all the time. I have bought these many times because I leave them everywhere and eventually lose them. I don’t mind it so much at this price. Order the correct diopter and you will be satisfied.,True,Color: 5 Pack Mix ColorMagnification Strength: 1.5 x,[],13,33028,5366,https://www.amazon.com/product-reviews/B07DZBTTMV?pageNumber=2&filterByStar=all_stars&sortBy=helpful&formatType=all_formats,allStars,,"{'price': None, 'listPrice': None}",2024-03-20,United States,,B07DZBTTMV,-0.0258
83,83,4,Husband's Choice,R1HJU4EOS8R7Y6,https://www.amazon.com/gp/customer-reviews/R1HJU4EOS8R7Y6/ref=cm_cr_arp_d_rvw_ttl?ie=UTF8&ASIN=B07DZBTTMV,,"Reviewed in the United States on March 28, 2024",My husband has these glasses all over the place for different reading areas. It works well for him. Every now and then a lens will fall out or an arm breaks but he uses them a lot.,True,Color: 5 Pack BlackMagnification Strength: 2.5 x,[],14,33028,5366,https://www.amazon.com/product-reviews/B07DZBTTMV?pageNumber=2&filterByStar=all_stars&sortBy=helpful&formatType=all_formats,allStars,,"{'price': None, 'listPrice': None}",2024-03-28,United States,,B07DZBTTMV,0.1406
84,84,5,Best reading glasses,R1B9G24YTGB43P,https://www.amazon.com/gp/customer-reviews/R1B9G24YTGB43P/ref=cm_cr_arp_d_rvw_ttl?ie=UTF8&ASIN=B07DZBTTMV,,"Reviewed in the United States on March 31, 2024",I bought different reading glasses on so far. These were the best they feel more sturdy. They fit better. I’ll never buy the other ones again just very happy with them.,True,Color: 5 Pack BlackMagnification Strength: 2.5 x,[],15,33028,5366,https://www.amazon.com/product-reviews/B07DZBTTMV?pageNumber=2&filterByStar=all_stars&sortBy=helpful&formatType=all_formats,allStars,,"{'price': None, 'listPrice': None}",2024-03-31,United States,,B07DZBTTMV,0.9307
85,85,5,wow,RLWRQASGROZ1D,https://www.amazon.com/gp/customer-reviews/RLWRQASGROZ1D/ref=cm_cr_arp_d_rvw_ttl?ie=UTF8&ASIN=B07DZBTTMV,,"Reviewed in the United States on April 2, 2024","Wow, how can you sell these that cheep?? Excellent reading glasses. Each come with their own bag, spring loaded stalks. Work as expected.  WOW",True,Color: 5 Pack BlackMagnification Strength: 1.0 x,[],16,33028,5366,https://www.amazon.com/product-reviews/B07DZBTTMV?pageNumber=2&filterByStar=all_stars&sortBy=helpful&formatType=all_formats,allStars,,"{'price': None, 'listPrice': None}",2024-04-02,United States,,B07DZBTTMV,0.9245
86,86,5,Surprisingly good quality,RJCP2DU3YL3X1,https://www.amazon.com/gp/customer-reviews/RJCP2DU3YL3X1/ref=cm_cr_arp_d_rvw_ttl?ie=UTF8&ASIN=B07DZBTTMV,9 people found this helpful,"Reviewed in the United States on February 5, 2024","I've always bought readers from my local grocery store. They have a shelf life of several months to a couple of weeks if I happen to bend them incorrectly. When my last pair broke, I looked on Amazon and found this 5-reader set.Wow, these things feel remarkably more durable than the ones I get at the store. They flex outward a bit without snapping the little overlapping guard at the end (which is usually what kills my grocery-bought readers). They are finished well, with a pleasant touch to them--no sharp edges or corners that stand out.I didn't realize how low-quality the store-bought ones were until I bought these, and I won't buy another pair at the store again. I was so pleasantly surprised with these that I decided to write a review (which I almost never do) because I'd want to be reassured that these are good quality for the price if I was coming across them myself on Amazon for the first time.",True,Color: 5 Pack BlackMagnification Strength: 2.5 x,[],17,33028,5366,https://www.amazon.com/product-reviews/B07DZBTTMV?pageNumber=2&filterByStar=all_stars&sortBy=helpful&formatType=all_formats,allStars,,"{'price': None, 'listPrice': None}",2024-02-05,United States,,B07DZBTTMV,0.9113
87,87,5,Works!,R1QPE80G8L0PBI,https://www.amazon.com/gp/customer-reviews/R1QPE80G8L0PBI/ref=cm_cr_arp_d_rvw_ttl?ie=UTF8&ASIN=B07DZBTTMV,,"Reviewed in the United States on April 5, 2024",Simple and gets the job done. Multiple pairs so you can leave them where you need them. Light weight.,True,Color: 5 Pack BlackMagnification Strength: 3.5 x,[],18,33028,5366,https://www.amazon.com/product-reviews/B07DZBTTMV?pageNumber=2&filterByStar=all_stars&sortBy=helpful&formatType=all_formats,allStars,,"{'price': None, 'listPrice': None}",2024-04-05,United States,,B07DZBTTMV,-0.1189
88,88,4,Great value,R37WM1Q26K7RG,https://www.amazon.com/gp/customer-reviews/R37WM1Q26K7RG/ref=cm_cr_arp_d_rvw_ttl?ie=UTF8&ASIN=B07DZBTTMV,,"Reviewed in the United States on March 25, 2024",Lens are a little smaller than looks like in the picture without any reference for comparison. But still a great price and the quality is good.,True,Color: 3 Black 2 TortoiseMagnification Strength: 1.75 x,[],19,33028,5366,https://www.amazon.com/product-reviews/B07DZBTTMV?pageNumber=2&filterByStar=all_stars&sortBy=helpful&formatType=all_formats,allStars,,"{'price': None, 'listPrice': None}",2024-03-25,United States,,B07DZBTTMV,0.9052
89,89,5,Hubby loves them,R34DCIWME1KAH1,https://www.amazon.com/gp/customer-reviews/R34DCIWME1KAH1/ref=cm_cr_arp_d_rvw_ttl?ie=UTF8&ASIN=B07DZBTTMV,,"Reviewed in the United States on April 5, 2024","I got 5 so hubby has one in each room, no more hunting and he loves them.",True,Color: 5 Pack BlackMagnification Strength: 3.0 x,[],20,33028,5366,https://www.amazon.com/product-reviews/B07DZBTTMV?pageNumber=2&filterByStar=all_stars&sortBy=helpful&formatType=all_formats,allStars,,"{'price': None, 'listPrice': None}",2024-04-05,United States,,B07DZBTTMV,0.3612
