,Unnamed: 0,ratingScore,reviewTitle,reviewId,reviewUrl,reviewReaction,reviewedIn,reviewDescription,isVerified,variant,reviewImages,position,totalCategoryRatings,totalCategoryReviews,reviewCategoryUrl,filterByRating,filterByKeyword,product,date,country,countryCode,productAsin,sentiment_score
0,0,5,10 year old loves them!!,R3LI4O2NATOFK1,https://www.amazon.com/gp/customer-reviews/R3LI4O2NATOFK1/ref=cm_cr_arp_d_rvw_ttl?ie=UTF8&ASIN=B07DYZNS53,,"Reviewed in the United States on July 3, 2023","The AODUOKE Sports Polarized Kids Sunglasses are a fantastic choice for protecting your child's eyes in style. With polarized lenses, durable construction, a comfortable fit, and UV protection, these sunglasses offer both practicality and fashion. They are the perfect accessory for active kids who enjoy outdoor adventures.",True,Color: Black | Grey Lens,[],1,2434,195,https://www.amazon.com/product-reviews/B07DYZNS53?pageNumber=1&filterByStar=all_stars&sortBy=helpful&formatType=all_formats,allStars,,"{'price': None, 'listPrice': None}",2023-07-03,United States,,B07DYZNS53,0.9657
1,1,5,"Stylish, great fit",R10YWPD5NAT49W,https://www.amazon.com/gp/customer-reviews/R10YWPD5NAT49W/ref=cm_cr_arp_d_rvw_ttl?ie=UTF8&ASIN=B07DYZNS53,One person found this helpful,"Reviewed in the United States on December 13, 2023","Product is very sleek n stylish, fits great, not too expensive, just what we needed",True,Color: Black | Ice-blue Lens,[],2,2434,195,https://www.amazon.com/product-reviews/B07DYZNS53?pageNumber=1&filterByStar=all_stars&sortBy=helpful&formatType=all_formats,allStars,,"{'price': None, 'listPrice': None}",2023-12-13,United States,,B07DYZNS53,0.6249
2,2,5,Flexible and Fantastic!,R3PFE50FQCNBS3,https://www.amazon.com/gp/customer-reviews/R3PFE50FQCNBS3/ref=cm_cr_arp_d_rvw_ttl?ie=UTF8&ASIN=B07DYZNS53,One person found this helpful,"Reviewed in the United States on January 23, 2024",These glasses work great for my 12 year old. They are flexible but sturdy and fit great. There are no tight fitting areas and the lenses are perfect for keeping the sun out of her eyes.,True,Color: Pink&purple | Grey Lens,[],3,2434,195,https://www.amazon.com/product-reviews/B07DYZNS53?pageNumber=1&filterByStar=all_stars&sortBy=helpful&formatType=all_formats,allStars,,"{'price': None, 'listPrice': None}",2024-01-23,United States,,B07DYZNS53,0.9446
3,3,4,"Flexible, comfortable, and cool!",R1GI05JJTZFLZC,https://www.amazon.com/gp/customer-reviews/R1GI05JJTZFLZC/ref=cm_cr_arp_d_rvw_ttl?ie=UTF8&ASIN=B07DYZNS53,5 people found this helpful,"Reviewed in the United States on November 10, 2020","Love these sunglasses for my 11 year old son... he's been wearing these type since age 7, when we decided to get non-descript sunglasses (as opposed to Disney/Star Wars/Avengers character sunglasses)... these sunglasses are comfortable, stylish looking, and provide good eye protection. Very flexible and not easy to break. My only gripe is that two of the pairs we've gotten had a lens that would pop out every now and then... we usually can pop them back in, but in our last outing, it popped out and got lost... so then I had to come back here and buy new replacements.",True,Color: Black&red | Grey Lens,[],4,2434,195,https://www.amazon.com/product-reviews/B07DYZNS53?pageNumber=1&filterByStar=all_stars&sortBy=helpful&formatType=all_formats,allStars,,"{'price': None, 'listPrice': None}",2020-11-10,United States,,B07DYZNS53,0.6802
4,4,5,Perfect for sunny days.,RMHD6FH4Z5LML,https://www.amazon.com/gp/customer-reviews/RMHD6FH4Z5LML/ref=cm_cr_arp_d_rvw_ttl?ie=UTF8&ASIN=B07DYZNS53,One person found this helpful,"Reviewed in the United States on August 20, 2023",Bought for my son who has light eyes and the sun affects him a lot. The polarized lense helps him during those sunny days and the style looks very good on him. Totally worth it for the price.,True,Color: Black | Grey Lens,[],5,2434,195,https://www.amazon.com/product-reviews/B07DYZNS53?pageNumber=1&filterByStar=all_stars&sortBy=helpful&formatType=all_formats,allStars,,"{'price': None, 'listPrice': None}",2023-08-20,United States,,B07DYZNS53,0.8685
5,5,5,Great Value,ROYKYNWNQZ12E,https://www.amazon.com/gp/customer-reviews/ROYKYNWNQZ12E/ref=cm_cr_arp_d_rvw_ttl?ie=UTF8&ASIN=B07DYZNS53,,"Reviewed in the United States on June 12, 2023",Glasses are great for those kids who aren't always the most gentlest. These glasses can take a beating and are definitely worth the price!,True,Color: Black | Orange Lens,[],6,2434,195,https://www.amazon.com/product-reviews/B07DYZNS53?pageNumber=1&filterByStar=all_stars&sortBy=helpful&formatType=all_formats,allStars,,"{'price': None, 'listPrice': None}",2023-06-12,United States,,B07DYZNS53,0.8436
6,6,5,Comfortable and Sturdy,R2I44DNI617QV8,https://www.amazon.com/gp/customer-reviews/R2I44DNI617QV8/ref=cm_cr_arp_d_rvw_ttl?ie=UTF8&ASIN=B07DYZNS53,One person found this helpful,"Reviewed in the United States on October 14, 2021","I purchased 2 pairs for grandkids and they love them.  The glasses are very well-made, flexible so they don't break when kids are removing them and the color choices are wonderful.  Each pair comes with a soft cleaning cloth and a drawstring pouch to keep them in when the kids aren't wearing them. Great value for the price.",True,Color: Pink&green | Grey Lens,[],7,2434,195,https://www.amazon.com/product-reviews/B07DYZNS53?pageNumber=1&filterByStar=all_stars&sortBy=helpful&formatType=all_formats,allStars,,"{'price': None, 'listPrice': None}",2021-10-14,United States,,B07DYZNS53,0.8475
7,7,5,good looking,R3TZ0J1C6C76PJ,https://www.amazon.com/gp/customer-reviews/R3TZ0J1C6C76PJ/ref=cm_cr_arp_d_rvw_ttl?ie=UTF8&ASIN=B07DYZNS53,,"Reviewed in the United States on December 2, 2023",gave them as gift to teen nephrwd,True,Color: Black | Ice-blue Lens,[],8,2434,195,https://www.amazon.com/product-reviews/B07DYZNS53?pageNumber=1&filterByStar=all_stars&sortBy=helpful&formatType=all_formats,allStars,,"{'price': None, 'listPrice': None}",2023-12-02,United States,,B07DYZNS53,0.4404
8,8,4,"Creí que eran más grande pero, salieron un poco pequeños.",R7UDHABBNHQ0E,https://www.amazon.com/gp/customer-reviews/R7UDHABBNHQ0E/ref=cm_cr_arp_d_rvw_ttl?ie=UTF8&ASIN=B07DYZNS53,,"Reviewed in the United States on March 25, 2024",Me gusto son bonitos y de calidad,True,Color: Black | Grey Lens,['https://m.media-amazon.com/images/I/71AFd3ZBJfL._SY88.jpg'],9,2434,195,https://www.amazon.com/product-reviews/B07DYZNS53?pageNumber=1&filterByStar=all_stars&sortBy=helpful&formatType=all_formats,allStars,,"{'price': None, 'listPrice': None}",2024-03-25,United States,,B07DYZNS53,0.0
9,9,4,cool sunglasses,R2AFFUV99CTWS2,https://www.amazon.com/gp/customer-reviews/R2AFFUV99CTWS2/ref=cm_cr_arp_d_rvw_ttl?ie=UTF8&ASIN=B07DYZNS53,,"Reviewed in the United States on December 13, 2023",these sunglasses were just what I was looking for for my grandson.  he loves them.,True,Color: Black | Grey Lens,[],10,2434,195,https://www.amazon.com/product-reviews/B07DYZNS53?pageNumber=1&filterByStar=all_stars&sortBy=helpful&formatType=all_formats,allStars,,"{'price': None, 'listPrice': None}",2023-12-13,United States,,B07DYZNS53,0.5719
10,10,5,Great glasses for a 9 year old,R1HOGA4MI6R351,https://www.amazon.com/gp/customer-reviews/R1HOGA4MI6R351/ref=cm_cr_arp_d_rvw_ttl?ie=UTF8&ASIN=B07DYZNS53,One person found this helpful,"Reviewed in the United States on August 21, 2021","These glasses are perfect! They look cool, they fit my 9 year old boy perfectly. Used them on our boat, beach, vacations and amusement parks. They stay on they don’t hurt and they protect his eyes.",True,Color: Black | Green Lens,[],41,2434,195,https://www.amazon.com/product-reviews/B07DYZNS53?pageNumber=5&filterByStar=all_stars&sortBy=helpful&formatType=all_formats,allStars,,"{'price': None, 'listPrice': None}",2021-08-21,United States,,B07DYZNS53,0.9286
11,11,5,Great kids glasses,R3A312YD6FSE1W,https://www.amazon.com/gp/customer-reviews/R3A312YD6FSE1W/ref=cm_cr_arp_d_rvw_ttl?ie=UTF8&ASIN=B07DYZNS53,One person found this helpful,"Reviewed in the United States on July 12, 2022",Seem comfortable for my 12 yr old and good quality for the price.,True,Color: Black | Green Lens,[],42,2434,195,https://www.amazon.com/product-reviews/B07DYZNS53?pageNumber=5&filterByStar=all_stars&sortBy=helpful&formatType=all_formats,allStars,,"{'price': None, 'listPrice': None}",2022-07-12,United States,,B07DYZNS53,0.7351
12,12,4,Cute but heavy,R3LI8KIOO8PT6O,https://www.amazon.com/gp/customer-reviews/R3LI8KIOO8PT6O/ref=cm_cr_arp_d_rvw_ttl?ie=UTF8&ASIN=B07DYZNS53,,"Reviewed in the United States on March 14, 2020",Cute as can be! These are adorable and work well and the strap is very convenient. My only complaint is they seem a little heavy. My son is 16 months and they smush down his little ears. I have to frequently lift them.,True,Color: Black | Green Lens,[],43,2434,195,https://www.amazon.com/product-reviews/B07DYZNS53?pageNumber=5&filterByStar=all_stars&sortBy=helpful&formatType=all_formats,allStars,,"{'price': None, 'listPrice': None}",2020-03-14,United States,,B07DYZNS53,0.75
13,13,4,Great product for the price,R137K9NSWUP91F,https://www.amazon.com/gp/customer-reviews/R137K9NSWUP91F/ref=cm_cr_arp_d_rvw_ttl?ie=UTF8&ASIN=B07DYZNS53,,"Reviewed in the United States on August 12, 2020","Great glasses for kids!  Bought 2 pair for my 6 and 8 year old boys, good fit for both.  Good quality polarized lenses and durable, thus far.Great product for the price!",True,Color: Black | Grey Lens,[],44,2434,195,https://www.amazon.com/product-reviews/B07DYZNS53?pageNumber=5&filterByStar=all_stars&sortBy=helpful&formatType=all_formats,allStars,,"{'price': None, 'listPrice': None}",2020-08-12,United States,,B07DYZNS53,0.9183
14,14,5,Loved them,R3M8SK2IMPH4WQ,https://www.amazon.com/gp/customer-reviews/R3M8SK2IMPH4WQ/ref=cm_cr_arp_d_rvw_ttl?ie=UTF8&ASIN=B07DYZNS53,,"Reviewed in the United States on June 5, 2022",Gave as a gift and my nephew loved them. He’s 10 years old,True,Color: Black | Grey Lens,[],45,2434,195,https://www.amazon.com/product-reviews/B07DYZNS53?pageNumber=5&filterByStar=all_stars&sortBy=helpful&formatType=all_formats,allStars,,"{'price': None, 'listPrice': None}",2022-06-05,United States,,B07DYZNS53,0.7783
15,15,5,Great sunglasses for adults who can wear youth and teen glasses,R2D58FALNL02RB,https://www.amazon.com/gp/customer-reviews/R2D58FALNL02RB/ref=cm_cr_arp_d_rvw_ttl?ie=UTF8&ASIN=B07DYZNS53,3 people found this helpful,"Reviewed in the United States on April 1, 2021","Here's what I liked:  tint was just right, not too dark nor too light; frames are light yet sturdy; UV protection; stays on your head well during physical activity! Glad I bought them. Most likely to buy again in another color.",True,Color: Black&red | Grey Lens,[],46,2434,195,https://www.amazon.com/product-reviews/B07DYZNS53?pageNumber=5&filterByStar=all_stars&sortBy=helpful&formatType=all_formats,allStars,,"{'price': None, 'listPrice': None}",2021-04-01,United States,,B07DYZNS53,0.8016
16,16,5,Great value,R1X7H803Y9EFP3,https://www.amazon.com/gp/customer-reviews/R1X7H803Y9EFP3/ref=cm_cr_arp_d_rvw_ttl?ie=UTF8&ASIN=B07DYZNS53,,"Reviewed in the United States on July 27, 2019",I was very impressed with the quality of these sunglasses for the price. I purchased them for my 8 year old grandson to wear on vacation. He loves that they looked similar to his grandfather’s expensive sunglasses. At the end of the vacation they are still in great shape and he didn’t lose them because if the strap. I would have no problem purchasing these glasses again.,True,Color: Black | Green Lens,[],47,2434,195,https://www.amazon.com/product-reviews/B07DYZNS53?pageNumber=5&filterByStar=all_stars&sortBy=helpful&formatType=all_formats,allStars,,"{'price': None, 'listPrice': None}",2019-07-27,United States,,B07DYZNS53,0.6801
17,17,5,Super cómodo,R2IBXWGC4SA1SY,https://www.amazon.com/gp/customer-reviews/R2IBXWGC4SA1SY/ref=cm_cr_arp_d_rvw_ttl?ie=UTF8&ASIN=B07DYZNS53,,"Reviewed in the United States on March 31, 2022",A mi pequeño hijo le encantaron. Se siente cómodo y se ajustan perfectamente a su cara.,True,Color: Black | Grey Lens,[],48,2434,195,https://www.amazon.com/product-reviews/B07DYZNS53?pageNumber=5&filterByStar=all_stars&sortBy=helpful&formatType=all_formats,allStars,,"{'price': None, 'listPrice': None}",2022-03-31,United States,,B07DYZNS53,0.0
18,18,5,They’re Perfect!,R24CBTK3AFOAQN,https://www.amazon.com/gp/customer-reviews/R24CBTK3AFOAQN/ref=cm_cr_arp_d_rvw_ttl?ie=UTF8&ASIN=B07DYZNS53,,"Reviewed in the United States on March 31, 2021","So adorable, our son loves wearing these he says he looks “just like dad” now :) they are durable and comfortable on our son- exactly as described in the listing, and you can’t beat the price! Highly recommend!",True,Color: Black | Grey Lens,[],49,2434,195,https://www.amazon.com/product-reviews/B07DYZNS53?pageNumber=5&filterByStar=all_stars&sortBy=helpful&formatType=all_formats,allStars,,"{'price': None, 'listPrice': None}",2021-03-31,United States,,B07DYZNS53,0.9605
19,19,5,Quality and get a lot for your money,R1F84P47G2O9ZG,https://www.amazon.com/gp/customer-reviews/R1F84P47G2O9ZG/ref=cm_cr_arp_d_rvw_ttl?ie=UTF8&ASIN=B07DYZNS53,,"Reviewed in the United States on June 10, 2020","I ordered two pairs of these for my boys. They are somewhat flexible which for kids is excellent as they don't break as easily. They came with carrying case, cleansing cloth and a strap. One did not have the strap and I contacted the supplier and he kindly sent me one. Very responsive service.",True,Color: Black | Green Lens,[],50,2434,195,https://www.amazon.com/product-reviews/B07DYZNS53?pageNumber=5&filterByStar=all_stars&sortBy=helpful&formatType=all_formats,allStars,,"{'price': None, 'listPrice': None}",2020-06-10,United States,,B07DYZNS53,0.8506
20,20,5,Very cute and fits well,R1JOQ33C2Z7UN1,https://www.amazon.com/gp/customer-reviews/R1JOQ33C2Z7UN1/ref=cm_cr_arp_d_rvw_ttl?ie=UTF8&ASIN=B07DYZNS53,,"Reviewed in the United States on January 5, 2023",Bought it for my 9 yr old. He loves them,True,Color: Black | Ice-blue Lens,[],31,2434,195,https://www.amazon.com/product-reviews/B07DYZNS53?pageNumber=4&filterByStar=all_stars&sortBy=helpful&formatType=all_formats,allStars,,"{'price': None, 'listPrice': None}",2023-01-05,United States,,B07DYZNS53,0.5719
21,21,5,Great glasses for the price!,R2MYIX1MY3TNIE,https://www.amazon.com/gp/customer-reviews/R2MYIX1MY3TNIE/ref=cm_cr_arp_d_rvw_ttl?ie=UTF8&ASIN=B07DYZNS53,,"Reviewed in the United States on April 17, 2020","Got these for my husband and he LOVES them. We spent big money on Ray Ban/Costa and I couldn't justify that again, especially once they're messed up or lost. I saw good reviews on these comparing them to those brands so for the price, why not! I love that it comes with a good case, he actually uses it. He is outdoors 90% of the day, we fish a lot, etc so these are a win win! Will definitely be getting more when needed.",True,Color: Black | Ice-blue Lens,[],32,2434,195,https://www.amazon.com/product-reviews/B07DYZNS53?pageNumber=4&filterByStar=all_stars&sortBy=helpful&formatType=all_formats,allStars,,"{'price': None, 'listPrice': None}",2020-04-17,United States,,B07DYZNS53,0.9362
22,22,3,"VERY flexible, One of two pairs was defective",R2BYNJNYNB646F,https://www.amazon.com/gp/customer-reviews/R2BYNJNYNB646F/ref=cm_cr_arp_d_rvw_ttl?ie=UTF8&ASIN=B07DYZNS53,One person found this helpful,"Reviewed in the United States on April 26, 2021","I bought two pairs of these glasses for my twins who are nine years old. These glasses are VERY flexible, to the point that you absolutely have to use the strap or they will just fall off your child’s face due to having no stiffness. Our boys do like them though. One pair was twisted pretty badly when they arrived, but I popped the lenses out and heated the frame with a heat gun to reshape them, worked like a charm. If your child wouldn’t mind using the strap every time they put them on, then these are a good option.",True,Color: White&red | Green Lens,[],33,2434,195,https://www.amazon.com/product-reviews/B07DYZNS53?pageNumber=4&filterByStar=all_stars&sortBy=helpful&formatType=all_formats,allStars,,"{'price': None, 'listPrice': None}",2021-04-26,United States,,B07DYZNS53,0.8662
23,23,5,Worth the buck!,RNIM7B6H6HQIR,https://www.amazon.com/gp/customer-reviews/RNIM7B6H6HQIR/ref=cm_cr_arp_d_rvw_ttl?ie=UTF8&ASIN=B07DYZNS53,,"Reviewed in the United States on June 20, 2022","Too many choices on Amazon and was glad to pick this up. Convinced with the style, quality and purpose which was to hit beaches this summer!",True,Color: Black | Ice-blue Lens,[],34,2434,195,https://www.amazon.com/product-reviews/B07DYZNS53?pageNumber=4&filterByStar=all_stars&sortBy=helpful&formatType=all_formats,allStars,,"{'price': None, 'listPrice': None}",2022-06-20,United States,,B07DYZNS53,0.7712
24,24,3,Seem too small,R33Z02WCAVBPZP,https://www.amazon.com/gp/customer-reviews/R33Z02WCAVBPZP/ref=cm_cr_arp_d_rvw_ttl?ie=UTF8&ASIN=B07DYZNS53,2 people found this helpful,"Reviewed in the United States on December 25, 2022",I got these for my 11 and 9 year old sons and they are almost too small.,True,Color: Black | Green Lens,[],35,2434,195,https://www.amazon.com/product-reviews/B07DYZNS53?pageNumber=4&filterByStar=all_stars&sortBy=helpful&formatType=all_formats,allStars,,"{'price': None, 'listPrice': None}",2022-12-25,United States,,B07DYZNS53,0.0
25,25,3,"Frame adult size, lens child size.",R1B0BYF8W07E7N,https://www.amazon.com/gp/customer-reviews/R1B0BYF8W07E7N/ref=cm_cr_arp_d_rvw_ttl?ie=UTF8&ASIN=B07DYZNS53,2 people found this helpful,"Reviewed in the United States on May 7, 2021","These seemed like great glasses except they were definitely adult sized as far as the frame goes. I wear adult sunglasses w/o issue and these were big on me.  They were more like men's sunglasses with small lenses.  Otherwise packaging was great, nice cleaning cloth and bag for the glasses too.  The lenses are more of a red than an orange.  We got this for our daughter to wear during softball and thought it would be fun because her school colors are orange and black but they are definitely more red.",True,Color: Black | Orange Lens,[],36,2434,195,https://www.amazon.com/product-reviews/B07DYZNS53?pageNumber=4&filterByStar=all_stars&sortBy=helpful&formatType=all_formats,allStars,,"{'price': None, 'listPrice': None}",2021-05-07,United States,,B07DYZNS53,0.9331
26,26,4,Very nice for small child,R1WAL0C08APCBX,https://www.amazon.com/gp/customer-reviews/R1WAL0C08APCBX/ref=cm_cr_arp_d_rvw_ttl?ie=UTF8&ASIN=B07DYZNS53,,"Reviewed in the United States on June 3, 2020",The glasses seemed great with very nice packaging. They were nicer than expected! Glasses came with a case and a strap. I had to return due to size. My grandson is 8 and these are wayyy too small. I would say they would fit more like a 4- 6 year old.,True,Color: Black | Grey Lens,[],37,2434,195,https://www.amazon.com/product-reviews/B07DYZNS53?pageNumber=4&filterByStar=all_stars&sortBy=helpful&formatType=all_formats,allStars,,"{'price': None, 'listPrice': None}",2020-06-03,United States,,B07DYZNS53,0.9401
27,27,5,Polarized sunglasses,R1PWTPC8QE5YWD,https://www.amazon.com/gp/customer-reviews/R1PWTPC8QE5YWD/ref=cm_cr_arp_d_rvw_ttl?ie=UTF8&ASIN=B07DYZNS53,2 people found this helpful,"Reviewed in the United States on August 26, 2022",My 11 year old son loves these.  Fit great and very durable.,True,Color: Black | Green Lens,[],38,2434,195,https://www.amazon.com/product-reviews/B07DYZNS53?pageNumber=4&filterByStar=all_stars&sortBy=helpful&formatType=all_formats,allStars,,"{'price': None, 'listPrice': None}",2022-08-26,United States,,B07DYZNS53,0.8834
28,28,4,"Good, but a bit loose.",RDYFAY25P3IYO,https://www.amazon.com/gp/customer-reviews/RDYFAY25P3IYO/ref=cm_cr_arp_d_rvw_ttl?ie=UTF8&ASIN=B07DYZNS53,,"Reviewed in the United States on July 5, 2021","They are fine, just not as tight to the head as I thought  they would be.",True,Color: Black | Grey Lens,[],39,2434,195,https://www.amazon.com/product-reviews/B07DYZNS53?pageNumber=4&filterByStar=all_stars&sortBy=helpful&formatType=all_formats,allStars,,"{'price': None, 'listPrice': None}",2021-07-05,United States,,B07DYZNS53,0.2023
29,29,5,Good Value,R30S10OM9R2SGV,https://www.amazon.com/gp/customer-reviews/R30S10OM9R2SGV/ref=cm_cr_arp_d_rvw_ttl?ie=UTF8&ASIN=B07DYZNS53,,"Reviewed in the United States on August 12, 2020","For the price, they look great. We have had them less than a week, so I can't say just how durable they are yet. The frames are flexible. The only downside is that they are a little bigger than I expected. I can put them comfortably on my face, so I worry they will fall off if my son is running around (he's 5).",True,Color: Blue | Grey Lens,[],40,2434,195,https://www.amazon.com/product-reviews/B07DYZNS53?pageNumber=4&filterByStar=all_stars&sortBy=helpful&formatType=all_formats,allStars,,"{'price': None, 'listPrice': None}",2020-08-12,United States,,B07DYZNS53,0.4694
30,30,4,Good pair of shades!,R2Y1RW7ZCQFCBH,https://www.amazon.com/gp/customer-reviews/R2Y1RW7ZCQFCBH/ref=cm_cr_arp_d_rvw_ttl?ie=UTF8&ASIN=B07DYZNS53,,"Reviewed in the United States on July 29, 2019","She loves them. Wishes the ear pieces curved a bit instead of being straight. Other than thay, she likes them.",True,Color: Black | Green Lens,[],81,2434,195,https://www.amazon.com/product-reviews/B07DYZNS53?pageNumber=9&filterByStar=all_stars&sortBy=helpful&formatType=all_formats,allStars,,"{'price': None, 'listPrice': None}",2019-07-29,United States,,B07DYZNS53,0.8402
31,31,5,Great product and value,R2GPQOTQSIG67A,https://www.amazon.com/gp/customer-reviews/R2GPQOTQSIG67A/ref=cm_cr_arp_d_rvw_ttl?ie=UTF8&ASIN=B07DYZNS53,One person found this helpful,"Reviewed in the United States on April 3, 2019",My 10 yr old boy loves them. He uses them for baseball. With the flexible sides and safety lenses I feel good about him uses them during sports.  They look and feel much more expensive than what I paid for them!,True,Color: Black | Green Lens,[],82,2434,195,https://www.amazon.com/product-reviews/B07DYZNS53?pageNumber=9&filterByStar=all_stars&sortBy=helpful&formatType=all_formats,allStars,,"{'price': None, 'listPrice': None}",2019-04-03,United States,,B07DYZNS53,0.8908
32,32,3,Good but scratched very easily,R3OR1V4JKMJSNK,https://www.amazon.com/gp/customer-reviews/R3OR1V4JKMJSNK/ref=cm_cr_arp_d_rvw_ttl?ie=UTF8&ASIN=B07DYZNS53,,"Reviewed in the United States on August 9, 2021",My son dropped them and ruined them the frames are tough but I was surprised by how easily the lenses scratched,True,Color: Black | Orange Lens,[],83,2434,195,https://www.amazon.com/product-reviews/B07DYZNS53?pageNumber=9&filterByStar=all_stars&sortBy=helpful&formatType=all_formats,allStars,,"{'price': None, 'listPrice': None}",2021-08-09,United States,,B07DYZNS53,0.4854
33,33,5,Good looking glasses,R1QRJWQOBPKS2M,https://www.amazon.com/gp/customer-reviews/R1QRJWQOBPKS2M/ref=cm_cr_arp_d_rvw_ttl?ie=UTF8&ASIN=B07DYZNS53,,"Reviewed in the United States on October 26, 2020",I bought these as a Christmas gift for my 11 year old son. Sizing is perfect. Comes with a cleaning cloth and in a soft blue case.,True,Color: Black | Grey Lens,[],84,2434,195,https://www.amazon.com/product-reviews/B07DYZNS53?pageNumber=9&filterByStar=all_stars&sortBy=helpful&formatType=all_formats,allStars,,"{'price': None, 'listPrice': None}",2020-10-26,United States,,B07DYZNS53,0.765
34,34,5,Cool kid at the pool,R2K0THAS5G9DFT,https://www.amazon.com/gp/customer-reviews/R2K0THAS5G9DFT/ref=cm_cr_arp_d_rvw_ttl?ie=UTF8&ASIN=B07DYZNS53,One person found this helpful,"Reviewed in the United States on August 2, 2018",Super cool looking kids glasses that have a little flex to them. My 6 year old loves that they are polarized. He got a compliment from another kid the first day he wore them to the pool. Worth the $10. He says they are very comfy.,True,Color: Navy-blue&yellow | Grey Lens,[],85,2434,195,https://www.amazon.com/product-reviews/B07DYZNS53?pageNumber=9&filterByStar=all_stars&sortBy=helpful&formatType=all_formats,allStars,,"{'price': None, 'listPrice': None}",2018-08-02,United States,,B07DYZNS53,0.9313
35,35,5,These are the sunglasses I’ve been looking for for years ...,RP4011K0PY8TC,https://www.amazon.com/gp/customer-reviews/RP4011K0PY8TC/ref=cm_cr_arp_d_rvw_ttl?ie=UTF8&ASIN=B07DYZNS53,18 people found this helpful,"Reviewed in the United States on June 6, 2018","These are the sunglasses I’ve been looking for for years: UV protection, flexible frames that allow for rough handling, and simple frames. Plus they came with their own cloth storage bag, cleaning cloth and cord to hang around the neck- all for a very reasonable price!",True,Color: Pink&green | Grey Lens,[],86,2434,195,https://www.amazon.com/product-reviews/B07DYZNS53?pageNumber=9&filterByStar=all_stars&sortBy=helpful&formatType=all_formats,allStars,,"{'price': None, 'listPrice': None}",2018-06-06,United States,,B07DYZNS53,0.4753
36,36,5,Great glasses for a young angler,RPGWNRJFJ3KHJ,https://www.amazon.com/gp/customer-reviews/RPGWNRJFJ3KHJ/ref=cm_cr_arp_d_rvw_ttl?ie=UTF8&ASIN=B07DYZNS53,,"Reviewed in the United States on July 20, 2020",My 12 year old son loves these glasses! Polarization is great to see into the water. They’re lightweight and durable. Perfect for outdoor activities for kids,True,Color: Black | Green Lens,[],87,2434,195,https://www.amazon.com/product-reviews/B07DYZNS53?pageNumber=9&filterByStar=all_stars&sortBy=helpful&formatType=all_formats,allStars,,"{'price': None, 'listPrice': None}",2020-07-20,United States,,B07DYZNS53,0.9151
37,37,5,Great!,R3JJ9HBV7WOKO5,https://www.amazon.com/gp/customer-reviews/R3JJ9HBV7WOKO5/ref=cm_cr_arp_d_rvw_ttl?ie=UTF8&ASIN=B07DYZNS53,,"Reviewed in the United States on August 16, 2019",My 8 year old son really loves the Polarized lenses! Now he can stop wearing my sunglasses and wear his own! I feel good about him wearing these and he think they are coooool!,True,Color: Black | Green Lens,[],88,2434,195,https://www.amazon.com/product-reviews/B07DYZNS53?pageNumber=9&filterByStar=all_stars&sortBy=helpful&formatType=all_formats,allStars,,"{'price': None, 'listPrice': None}",2019-08-16,United States,,B07DYZNS53,0.7628
38,38,5,Effective and comfortable,R1NC1C6W7JF2XW,https://www.amazon.com/gp/customer-reviews/R1NC1C6W7JF2XW/ref=cm_cr_arp_d_rvw_ttl?ie=UTF8&ASIN=B07DYZNS53,,"Reviewed in the United States on February 13, 2021",These sunglasses are a good fit for my daughter. They are protective and comfortable. Good purchase. I recommend them.,True,Color: Black | Grey Lens,[],89,2434,195,https://www.amazon.com/product-reviews/B07DYZNS53?pageNumber=9&filterByStar=all_stars&sortBy=helpful&formatType=all_formats,allStars,,"{'price': None, 'listPrice': None}",2021-02-13,United States,,B07DYZNS53,0.9201
39,39,3,Not bad,R3TKT0HC7U10AI,https://www.amazon.com/gp/customer-reviews/R3TKT0HC7U10AI/ref=cm_cr_arp_d_rvw_ttl?ie=UTF8&ASIN=B07DYZNS53,2 people found this helpful,"Reviewed in the United States on November 1, 2018",Love the look but the glasses are a bit loose on my daughter.  She wear sun glasses to ride horses and play soccer to keep the sun out of her eyes.  They tend to bounce around and not stay tight on here head.  They are good for non active activities.,True,Color: Blue | Grey Lens,[],90,2434,195,https://www.amazon.com/product-reviews/B07DYZNS53?pageNumber=9&filterByStar=all_stars&sortBy=helpful&formatType=all_formats,allStars,,"{'price': None, 'listPrice': None}",2018-11-01,United States,,B07DYZNS53,0.8793
40,40,4,They are just ok,R7DZ1751X3A8M,https://www.amazon.com/gp/customer-reviews/R7DZ1751X3A8M/ref=cm_cr_arp_d_rvw_ttl?ie=UTF8&ASIN=B07DYZNS53,2 people found this helpful,"Reviewed in the United States on January 18, 2023",I like how they fit my small head.The color ok. Not really happy with the way it makes things stand out. Not really happy with quality.  They are flimsy and you have to be careful with them they can break easy.,True,Color: Black | Green Lens,[],11,2434,195,https://www.amazon.com/product-reviews/B07DYZNS53?pageNumber=2&filterByStar=all_stars&sortBy=helpful&formatType=all_formats,allStars,,"{'price': None, 'listPrice': None}",2023-01-18,United States,,B07DYZNS53,0.5057
41,41,5,Great for kids,R2AM32LW83L3B8,https://www.amazon.com/gp/customer-reviews/R2AM32LW83L3B8/ref=cm_cr_arp_d_rvw_ttl?ie=UTF8&ASIN=B07DYZNS53,,"Reviewed in the United States on July 18, 2023",Bought these for my kid for baseball and she loved them In passed she would not keep sunglasses on But she kept these on,True,Color: Pink&purple | Grey Lens,[],12,2434,195,https://www.amazon.com/product-reviews/B07DYZNS53?pageNumber=2&filterByStar=all_stars&sortBy=helpful&formatType=all_formats,allStars,,"{'price': None, 'listPrice': None}",2023-07-18,United States,,B07DYZNS53,0.3506
42,42,5,Very nice,R31I9XB13JJS0,https://www.amazon.com/gp/customer-reviews/R31I9XB13JJS0/ref=cm_cr_arp_d_rvw_ttl?ie=UTF8&ASIN=B07DYZNS53,One person found this helpful,"Reviewed in the United States on July 22, 2023",I buy these for my wife. Most sunglasses are too big. She loves these.,True,Color: Black | Grey Lens,[],13,2434,195,https://www.amazon.com/product-reviews/B07DYZNS53?pageNumber=2&filterByStar=all_stars&sortBy=helpful&formatType=all_formats,allStars,,"{'price': None, 'listPrice': None}",2023-07-22,United States,,B07DYZNS53,0.5719
43,43,5,Fishing Glasses,R2HHQA51M41DY6,https://www.amazon.com/gp/customer-reviews/R2HHQA51M41DY6/ref=cm_cr_arp_d_rvw_ttl?ie=UTF8&ASIN=B07DYZNS53,,"Reviewed in the United States on July 23, 2023","Bought these for my grandson, he loved them.",True,Color: Black&red | Grey Lens,[],14,2434,195,https://www.amazon.com/product-reviews/B07DYZNS53?pageNumber=2&filterByStar=all_stars&sortBy=helpful&formatType=all_formats,allStars,,"{'price': None, 'listPrice': None}",2023-07-23,United States,,B07DYZNS53,0.5994
44,44,3,a strap did bit come with these sunglasses as advertised.,R3HJ60HMRQCSTF,https://www.amazon.com/gp/customer-reviews/R3HJ60HMRQCSTF/ref=cm_cr_arp_d_rvw_ttl?ie=UTF8&ASIN=B07DYZNS53,One person found this helpful,"Reviewed in the United States on July 10, 2023",The sunglasses are nice and only a little big fir my granddaughter. However they did not come with the strap as advertised,True,Color: Pink&green | Grey Lens,[],15,2434,195,https://www.amazon.com/product-reviews/B07DYZNS53?pageNumber=2&filterByStar=all_stars&sortBy=helpful&formatType=all_formats,allStars,,"{'price': None, 'listPrice': None}",2023-07-10,United States,,B07DYZNS53,0.4215
45,45,3,Not for 8 yr old,R1MWYPJ98XU33C,https://www.amazon.com/gp/customer-reviews/R1MWYPJ98XU33C/ref=cm_cr_arp_d_rvw_ttl?ie=UTF8&ASIN=B07DYZNS53,,"Reviewed in the United States on July 17, 2023",It didn’t fit my 8 year old. It fitted my 1 year old.,True,Color: Black | Grey Lens,[],16,2434,195,https://www.amazon.com/product-reviews/B07DYZNS53?pageNumber=2&filterByStar=all_stars&sortBy=helpful&formatType=all_formats,allStars,,"{'price': None, 'listPrice': None}",2023-07-17,United States,,B07DYZNS53,0.3612
46,46,5,Sturdiness,R20KCAWO51YAKC,https://www.amazon.com/gp/customer-reviews/R20KCAWO51YAKC/ref=cm_cr_arp_d_rvw_ttl?ie=UTF8&ASIN=B07DYZNS53,,"Reviewed in the United States on December 29, 2022","M 8 year old son will wear these for all his sports even riding his dirt bike.  Love the glasses But, the string strap didn’t come with them and it’s very important to have it!!!  Could you please send us one.  Thank you",True,Color: Black | Ice-blue Lens,[],17,2434,195,https://www.amazon.com/product-reviews/B07DYZNS53?pageNumber=2&filterByStar=all_stars&sortBy=helpful&formatType=all_formats,allStars,,"{'price': None, 'listPrice': None}",2022-12-29,United States,,B07DYZNS53,0.8914
47,47,5,"Affordable, look great, and made well",RT51FR3TECEMI,https://www.amazon.com/gp/customer-reviews/RT51FR3TECEMI/ref=cm_cr_arp_d_rvw_ttl?ie=UTF8&ASIN=B07DYZNS53,2 people found this helpful,"Reviewed in the United States on March 29, 2023","They look great, are lightweight, and flexible. Also the price is amazing for the UV protection and the quality of the sunglasses.",True,Color: Black | Green Lens,[],18,2434,195,https://www.amazon.com/product-reviews/B07DYZNS53?pageNumber=2&filterByStar=all_stars&sortBy=helpful&formatType=all_formats,allStars,,"{'price': None, 'listPrice': None}",2023-03-29,United States,,B07DYZNS53,0.8689
48,48,4,Nice Glasses for Kidz,R1NXVWBYPQ1DLB,https://www.amazon.com/gp/customer-reviews/R1NXVWBYPQ1DLB/ref=cm_cr_arp_d_rvw_ttl?ie=UTF8&ASIN=B07DYZNS53,2 people found this helpful,"Reviewed in the United States on April 25, 2022","I purchased these sunglasses for my son a few weeks ago. They feel a little flimsy, but they get the job done and they fit him nicely. FYI he's an average-sized 12-year-old boy.",True,Color: Black | Grey Lens,[],19,2434,195,https://www.amazon.com/product-reviews/B07DYZNS53?pageNumber=2&filterByStar=all_stars&sortBy=helpful&formatType=all_formats,allStars,,"{'price': None, 'listPrice': None}",2022-04-25,United States,,B07DYZNS53,0.886
49,49,5,great for children playing sports,R2HHVP9KEZKZPV,https://www.amazon.com/gp/customer-reviews/R2HHVP9KEZKZPV/ref=cm_cr_arp_d_rvw_ttl?ie=UTF8&ASIN=B07DYZNS53,3 people found this helpful,"Reviewed in the United States on September 29, 2022",Our son plays tennis and has worn out one pair of these sunglasses that he has had since he was 7.  He is turning 10 now and we ordered another pair!  They are very durable and stay on good when he is playing tennis.,True,Color: White&red | Green Lens,[],20,2434,195,https://www.amazon.com/product-reviews/B07DYZNS53?pageNumber=2&filterByStar=all_stars&sortBy=helpful&formatType=all_formats,allStars,,"{'price': None, 'listPrice': None}",2022-09-29,United States,,B07DYZNS53,0.5848
50,50,5,Simple and safe for kids!,R3SI6Q36JC69O3,https://www.amazon.com/gp/customer-reviews/R3SI6Q36JC69O3/ref=cm_cr_arp_d_rvw_ttl?ie=UTF8&ASIN=B07DYZNS53,,"Reviewed in the United States on September 14, 2020",Great sunglasses for my daughter! I was looking for polarized glasses to protect her eyes when we drive around and these fit the bill. They fit tight and we are happy with the purchase!,True,Color: Pink&purple | Grey Lens,[],71,2434,195,https://www.amazon.com/product-reviews/B07DYZNS53?pageNumber=8&filterByStar=all_stars&sortBy=helpful&formatType=all_formats,allStars,,"{'price': None, 'listPrice': None}",2020-09-14,United States,,B07DYZNS53,0.9431
51,51,5,"Durable, cool, nice",R36BDCVQ9RXAEF,https://www.amazon.com/gp/customer-reviews/R36BDCVQ9RXAEF/ref=cm_cr_arp_d_rvw_ttl?ie=UTF8&ASIN=B07DYZNS53,3 people found this helpful,"Reviewed in the United States on April 23, 2019","These glasses are great- our son loves them. Quality is much better than what you would expect based on pricing, very durable, and look cool, so kids are motivated to take better care of them. Will buy again, as I am sure they mysteriously disappear at  some point...",True,Color: Black | Orange Lens,[],72,2434,195,https://www.amazon.com/product-reviews/B07DYZNS53?pageNumber=8&filterByStar=all_stars&sortBy=helpful&formatType=all_formats,allStars,,"{'price': None, 'listPrice': None}",2019-04-23,United States,,B07DYZNS53,0.9711
52,52,5,Great glasses!,R2P4MSQBKBAYI5,https://www.amazon.com/gp/customer-reviews/R2P4MSQBKBAYI5/ref=cm_cr_arp_d_rvw_ttl?ie=UTF8&ASIN=B07DYZNS53,,"Reviewed in the United States on October 31, 2019","Great sunglasses for the money. My son is sensitive to light with his blue eyes. These are comfortable, and cool looking for him. They came with a cleaning cloth, lanyard/keeper thing for keeping them on his person, and a holding pouch!",True,Color: Black | Green Lens,[],73,2434,195,https://www.amazon.com/product-reviews/B07DYZNS53?pageNumber=8&filterByStar=all_stars&sortBy=helpful&formatType=all_formats,allStars,,"{'price': None, 'listPrice': None}",2019-10-31,United States,,B07DYZNS53,0.8748
53,53,5,My daughter loves these!,R3VJYFSHOY03FT,https://www.amazon.com/gp/customer-reviews/R3VJYFSHOY03FT/ref=cm_cr_arp_d_rvw_ttl?ie=UTF8&ASIN=B07DYZNS53,,"Reviewed in the United States on September 19, 2020","Purchased this for my daughter because we have had trouble with kids sunglasses being durable.  These have held up great, look stylish and overall fit all of her sunglasses needs for a good price!",True,Color: Pink&purple | Grey Lens,[],74,2434,195,https://www.amazon.com/product-reviews/B07DYZNS53?pageNumber=8&filterByStar=all_stars&sortBy=helpful&formatType=all_formats,allStars,,"{'price': None, 'listPrice': None}",2020-09-19,United States,,B07DYZNS53,0.7959
54,54,5,Great sunglasses.  Very happy with this product.,R3F3G8QZ0K1X3V,https://www.amazon.com/gp/customer-reviews/R3F3G8QZ0K1X3V/ref=cm_cr_arp_d_rvw_ttl?ie=UTF8&ASIN=B07DYZNS53,,"Reviewed in the United States on July 16, 2020","These sunglasses look like a million bucks.  My son loves them!  The lanyard, lens cloth and cloth case are wonderful add-ons.  All very quality oriented.  Amazing results, especially for the price.",True,Color: Black | Green Lens,[],75,2434,195,https://www.amazon.com/product-reviews/B07DYZNS53?pageNumber=8&filterByStar=all_stars&sortBy=helpful&formatType=all_formats,allStars,,"{'price': None, 'listPrice': None}",2020-07-16,United States,,B07DYZNS53,0.9355
55,55,5,Kid loves,R1XTO8C5X6IGQU,https://www.amazon.com/gp/customer-reviews/R1XTO8C5X6IGQU/ref=cm_cr_arp_d_rvw_ttl?ie=UTF8&ASIN=B07DYZNS53,,"Reviewed in the United States on July 8, 2021",These are great value.  My 10 year old loves these sunglasses and they are a great quality.,True,Color: Black | Green Lens,[],76,2434,195,https://www.amazon.com/product-reviews/B07DYZNS53?pageNumber=8&filterByStar=all_stars&sortBy=helpful&formatType=all_formats,allStars,,"{'price': None, 'listPrice': None}",2021-07-08,United States,,B07DYZNS53,0.936
56,56,5,Fits 4/5 year old kid great. Also light and durable,R8LV4VSNRCQJZ,https://www.amazon.com/gp/customer-reviews/R8LV4VSNRCQJZ/ref=cm_cr_arp_d_rvw_ttl?ie=UTF8&ASIN=B07DYZNS53,,"Reviewed in the United States on September 20, 2019","My kid loves them (4yr old boy) because they fit him perfect and are super light and durable. I’m not gonna lie, I’ve borrowed them to drive a few times and they even fit adults... just look a little funny lol",True,Color: Black | Ice-blue Lens,[],77,2434,195,https://www.amazon.com/product-reviews/B07DYZNS53?pageNumber=8&filterByStar=all_stars&sortBy=helpful&formatType=all_formats,allStars,,"{'price': None, 'listPrice': None}",2019-09-20,United States,,B07DYZNS53,0.9658
57,57,5,A must have for toddlers,R1O74IVV4MR32X,https://www.amazon.com/gp/customer-reviews/R1O74IVV4MR32X/ref=cm_cr_arp_d_rvw_ttl?ie=UTF8&ASIN=B07DYZNS53,,"Reviewed in the United States on May 30, 2021",This product was bought for my 2 yr old grandson and he loves them..very sturdy and fits him so well,True,Color: Black | Green Lens,[],78,2434,195,https://www.amazon.com/product-reviews/B07DYZNS53?pageNumber=8&filterByStar=all_stars&sortBy=helpful&formatType=all_formats,allStars,,"{'price': None, 'listPrice': None}",2021-05-30,United States,,B07DYZNS53,0.7537
58,58,5,Nice sunglasses,R24K6EHLIPOGQ5,https://www.amazon.com/gp/customer-reviews/R24K6EHLIPOGQ5/ref=cm_cr_arp_d_rvw_ttl?ie=UTF8&ASIN=B07DYZNS53,,"Reviewed in the United States on August 26, 2021",MY son loves them fit his face great and he wears them all the time,True,Color: Navy-blue&yellow | Grey Lens,[],79,2434,195,https://www.amazon.com/product-reviews/B07DYZNS53?pageNumber=8&filterByStar=all_stars&sortBy=helpful&formatType=all_formats,allStars,,"{'price': None, 'listPrice': None}",2021-08-26,United States,,B07DYZNS53,0.8834
59,59,5,9 year old loves them.,R10WSGEGD2X332,https://www.amazon.com/gp/customer-reviews/R10WSGEGD2X332/ref=cm_cr_arp_d_rvw_ttl?ie=UTF8&ASIN=B07DYZNS53,,"Reviewed in the United States on April 27, 2021",It is a perfect fit for my 9 year old. They are durable and a good value for the the price.,True,Color: Black | Grey Lens,[],80,2434,195,https://www.amazon.com/product-reviews/B07DYZNS53?pageNumber=8&filterByStar=all_stars&sortBy=helpful&formatType=all_formats,allStars,,"{'price': None, 'listPrice': None}",2021-04-27,United States,,B07DYZNS53,0.8885
60,60,5,and he looks great with the sun glasses,R32OVYPOKXNPE3,https://www.amazon.com/gp/customer-reviews/R32OVYPOKXNPE3/ref=cm_cr_arp_d_rvw_ttl?ie=UTF8&ASIN=B07DYZNS53,11 people found this helpful,"Reviewed in the United States on June 8, 2018","I bought this for my 10-year old boy (he picked the orange/black) and he just wouldn't take it off! It's stylish, fits him very well, and he looks great with the sun glasses! A lot of fun to watch the boy enjoy his pair of sun glasses during our Memorial weekend trip to CA.  Although the hinges could be less tight, for less than $11, it's well worth it. Now his sister wants a pair too! :)",True,Color: Black | Orange Lens,[],51,2434,195,https://www.amazon.com/product-reviews/B07DYZNS53?pageNumber=6&filterByStar=all_stars&sortBy=helpful&formatType=all_formats,allStars,,"{'price': None, 'listPrice': None}",2018-06-08,United States,,B07DYZNS53,0.9646
61,61,5,Great purchase,RZQ2MZM0S1F3X,https://www.amazon.com/gp/customer-reviews/RZQ2MZM0S1F3X/ref=cm_cr_arp_d_rvw_ttl?ie=UTF8&ASIN=B07DYZNS53,,"Reviewed in the United States on February 28, 2021","I was pleasantly surprised when I got these for my 8 yr ball player. They came with the holders, a soft bag to protect them and a cleaning cloth. They are a great quality also. I highly recommend these for kids!!!",True,Color: Black | Green Lens,[],52,2434,195,https://www.amazon.com/product-reviews/B07DYZNS53?pageNumber=6&filterByStar=all_stars&sortBy=helpful&formatType=all_formats,allStars,,"{'price': None, 'listPrice': None}",2021-02-28,United States,,B07DYZNS53,0.9368
62,62,5,Fits my 9 year old well,RS4J48UDYVIU0,https://www.amazon.com/gp/customer-reviews/RS4J48UDYVIU0/ref=cm_cr_arp_d_rvw_ttl?ie=UTF8&ASIN=B07DYZNS53,,"Reviewed in the United States on July 6, 2022",Fits my 9 year old well. Good value,True,Color: Black | Ice-blue Lens,[],53,2434,195,https://www.amazon.com/product-reviews/B07DYZNS53?pageNumber=6&filterByStar=all_stars&sortBy=helpful&formatType=all_formats,allStars,,"{'price': None, 'listPrice': None}",2022-07-06,United States,,B07DYZNS53,0.7506
63,63,4,Good quality for the price,R3H4S4M998O208,https://www.amazon.com/gp/customer-reviews/R3H4S4M998O208/ref=cm_cr_arp_d_rvw_ttl?ie=UTF8&ASIN=B07DYZNS53,,"Reviewed in the United States on February 18, 2019","We got 2 pairs for Christmas for our 2 & 4 year olds, one pair fits tighter than the other. So they fight over the pair that fits. So the sizing doesn’t seem consistent. Still they’re good quality for the price.",True,Color: Black | Orange Lens,[],54,2434,195,https://www.amazon.com/product-reviews/B07DYZNS53?pageNumber=6&filterByStar=all_stars&sortBy=helpful&formatType=all_formats,allStars,,"{'price': None, 'listPrice': None}",2019-02-18,United States,,B07DYZNS53,0.0056
64,64,5,I’m 60 and this is the first pair of glasses I’ve found that FIT me !!,R2K4NKBED05QTH,https://www.amazon.com/gp/customer-reviews/R2K4NKBED05QTH/ref=cm_cr_arp_d_rvw_ttl?ie=UTF8&ASIN=B07DYZNS53,,"Reviewed in the United States on August 25, 2022",Perfect fit !!,True,Color: Black | Green Lens,[],55,2434,195,https://www.amazon.com/product-reviews/B07DYZNS53?pageNumber=6&filterByStar=all_stars&sortBy=helpful&formatType=all_formats,allStars,,"{'price': None, 'listPrice': None}",2022-08-25,United States,,B07DYZNS53,0.7772
65,65,3,Does not come with strap.,R23I8C0283IDMM,https://www.amazon.com/gp/customer-reviews/R23I8C0283IDMM/ref=cm_cr_arp_d_rvw_ttl?ie=UTF8&ASIN=B07DYZNS53,,"Reviewed in the United States on June 7, 2020",My son likes them but I wanted with strap as description states. It did not come with strap. I contacted seller to send strap and received a message stating the strap has to come from China & they need 20-30 days to send.I upgraded review to add stars. He is sending strap but I must wait 20 days to be sent from China. Appreciate them sending me the strap I paid for!,True,Color: Black&red | Grey Lens,[],56,2434,195,https://www.amazon.com/product-reviews/B07DYZNS53?pageNumber=6&filterByStar=all_stars&sortBy=helpful&formatType=all_formats,allStars,,"{'price': None, 'listPrice': None}",2020-06-07,United States,,B07DYZNS53,0.6948
66,66,5,Perfect for my 9 and 11 year old,R2LFFZSLSL91O7,https://www.amazon.com/gp/customer-reviews/R2LFFZSLSL91O7/ref=cm_cr_arp_d_rvw_ttl?ie=UTF8&ASIN=B07DYZNS53,,"Reviewed in the United States on July 23, 2022",Would def recommend,True,Color: Black | Ice-blue Lens,[],57,2434,195,https://www.amazon.com/product-reviews/B07DYZNS53?pageNumber=6&filterByStar=all_stars&sortBy=helpful&formatType=all_formats,allStars,,"{'price': None, 'listPrice': None}",2022-07-23,United States,,B07DYZNS53,0.3612
67,67,5,Great glasses and great service,R9DA2LLJU7ZY3,https://www.amazon.com/gp/customer-reviews/R9DA2LLJU7ZY3/ref=cm_cr_arp_d_rvw_ttl?ie=UTF8&ASIN=B07DYZNS53,,"Reviewed in the United States on September 4, 2020","My son loves these.  Our second pair has  stood up well to young cousins and has lasted for months.  Our first pair started losing its shiny coating within a week, but customer service was amazing and sent a replacement right out.",True,Color: Black | Ice-blue Lens,[],58,2434,195,https://www.amazon.com/product-reviews/B07DYZNS53?pageNumber=6&filterByStar=all_stars&sortBy=helpful&formatType=all_formats,allStars,,"{'price': None, 'listPrice': None}",2020-09-04,United States,,B07DYZNS53,0.8074
68,68,4,TY,RXJAQMN6W8HUI,https://www.amazon.com/gp/customer-reviews/RXJAQMN6W8HUI/ref=cm_cr_arp_d_rvw_ttl?ie=UTF8&ASIN=B07DYZNS53,,"Reviewed in the United States on March 18, 2020",Love the smaller frames. Fit great!! Kinda slippery so hard to keep on the head or in a pocket. Really bendy and durable!!,True,Color: Black | Orange Lens,[],59,2434,195,https://www.amazon.com/product-reviews/B07DYZNS53?pageNumber=6&filterByStar=all_stars&sortBy=helpful&formatType=all_formats,allStars,,"{'price': None, 'listPrice': None}",2020-03-18,United States,,B07DYZNS53,0.9087
69,69,4,My son loves it,R12QP38OE772Q7,https://www.amazon.com/gp/customer-reviews/R12QP38OE772Q7/ref=cm_cr_arp_d_rvw_ttl?ie=UTF8&ASIN=B07DYZNS53,,"Reviewed in the United States on May 24, 2020",Great for kids. My son is 11 and it is on the bigger size. He loves the color and the shape,True,Color: Black | Ice-blue Lens,[],60,2434,195,https://www.amazon.com/product-reviews/B07DYZNS53?pageNumber=6&filterByStar=all_stars&sortBy=helpful&formatType=all_formats,allStars,,"{'price': None, 'listPrice': None}",2020-05-24,United States,,B07DYZNS53,0.8316
70,70,5,Fantastic for the Price`,RAZGYMJIS8CQA,https://www.amazon.com/gp/customer-reviews/RAZGYMJIS8CQA/ref=cm_cr_arp_d_rvw_ttl?ie=UTF8&ASIN=B07DYZNS53,,"Reviewed in the United States on December 30, 2019","My DD loves these (don't tell her how cheap they were)!  She was looking for sport sunglasses she could wear while riding her horse, and has had trouble finding a pair that wouldn't slip off her nose as she has a narrow face.  These did the trick!",True,Color: Black | Grey Lens,[],61,2434,195,https://www.amazon.com/product-reviews/B07DYZNS53?pageNumber=7&filterByStar=all_stars&sortBy=helpful&formatType=all_formats,allStars,,"{'price': None, 'listPrice': None}",2019-12-30,United States,,B07DYZNS53,0.3365
71,71,5,Perfect for the active child!,R1TNISKUB2FU3X,https://www.amazon.com/gp/customer-reviews/R1TNISKUB2FU3X/ref=cm_cr_arp_d_rvw_ttl?ie=UTF8&ASIN=B07DYZNS53,,"Reviewed in the United States on May 17, 2020",Great value. My kid loves them and looks super cool. I love that they are kind of bendy so they fit his face perfectly and not as easy to break. Also nice to have the cord if he's playing outside he won't lose them.,True,Color: Black | Green Lens,[],62,2434,195,https://www.amazon.com/product-reviews/B07DYZNS53?pageNumber=7&filterByStar=all_stars&sortBy=helpful&formatType=all_formats,allStars,,"{'price': None, 'listPrice': None}",2020-05-17,United States,,B07DYZNS53,0.9849
72,72,5,Sturdy,R9PUPIS8ORL2P,https://www.amazon.com/gp/customer-reviews/R9PUPIS8ORL2P/ref=cm_cr_arp_d_rvw_ttl?ie=UTF8&ASIN=B07DYZNS53,,"Reviewed in the United States on September 19, 2020",This are very sturdy sunglasses that came with a convenient storage baggy. They were larger than expected so they didn't fit our child initially but she has grown into them. Our child was a small 2 year old when we purchased them.,True,Color: Pink&purple | Grey Lens,[],63,2434,195,https://www.amazon.com/product-reviews/B07DYZNS53?pageNumber=7&filterByStar=all_stars&sortBy=helpful&formatType=all_formats,allStars,,"{'price': None, 'listPrice': None}",2020-09-19,United States,,B07DYZNS53,-0.1746
73,73,4,"Great sunglasses, defective strap",R36W8LQHTO3YMQ,https://www.amazon.com/gp/customer-reviews/R36W8LQHTO3YMQ/ref=cm_cr_arp_d_rvw_ttl?ie=UTF8&ASIN=B07DYZNS53,,"Reviewed in the United States on July 8, 2019",The strap was frayed upon opening the package and fell apart when attached to sunglasses.  Amazon handled the refund/exchange. The glasses are great though.,True,Color: Black | Orange Lens,[],64,2434,195,https://www.amazon.com/product-reviews/B07DYZNS53?pageNumber=7&filterByStar=all_stars&sortBy=helpful&formatType=all_formats,allStars,,"{'price': None, 'listPrice': None}",2019-07-08,United States,,B07DYZNS53,0.7003
74,74,5,Astonishing a great product!,R1CW6A4IZK6VZ4,https://www.amazon.com/gp/customer-reviews/R1CW6A4IZK6VZ4/ref=cm_cr_arp_d_rvw_ttl?ie=UTF8&ASIN=B07DYZNS53,,"Reviewed in the United States on August 19, 2019","These glasses were a gift for my grandson. They are his “shades”!  He loves them, so grandma loves them too. They not only came for themselves but included a strap to keep them on so he would not lose them, and a case to protect them in.",True,Color: Black | Ice-blue Lens,[],65,2434,195,https://www.amazon.com/product-reviews/B07DYZNS53?pageNumber=7&filterByStar=all_stars&sortBy=helpful&formatType=all_formats,allStars,,"{'price': None, 'listPrice': None}",2019-08-19,United States,,B07DYZNS53,0.9048
75,75,5,Daughter loves these,R22O8LZ5RXGM23,https://www.amazon.com/gp/customer-reviews/R22O8LZ5RXGM23/ref=cm_cr_arp_d_rvw_ttl?ie=UTF8&ASIN=B07DYZNS53,13 people found this helpful,"Reviewed in the United States on June 26, 2019","These fit my 11 year old very well, and they feel surprisingly well made for the price. We bought them for the beach and didn't want to spend a ton since they will get thrown around and abused in sand, ocean and beach bag. So far, they are holding up like champs",True,Color: Black | Green Lens,[],66,2434,195,https://www.amazon.com/product-reviews/B07DYZNS53?pageNumber=7&filterByStar=all_stars&sortBy=helpful&formatType=all_formats,allStars,,"{'price': None, 'listPrice': None}",2019-06-26,United States,,B07DYZNS53,0.8506
76,76,4,Orange is just the mirroring.,R153BF5NCYSOVR,https://www.amazon.com/gp/customer-reviews/R153BF5NCYSOVR/ref=cm_cr_arp_d_rvw_ttl?ie=UTF8&ASIN=B07DYZNS53,6 people found this helpful,"Reviewed in the United States on June 26, 2018","Warning. The description says orange lens, but it is just referring to the orange mirroring.  The lens is the traditional grey shade when you look through it. Otherwise very nice sunglasses and polarized as advertised.",True,Color: Navy-blue&yellow | Grey Lens,[],67,2434,195,https://www.amazon.com/product-reviews/B07DYZNS53?pageNumber=7&filterByStar=all_stars&sortBy=helpful&formatType=all_formats,allStars,,"{'price': None, 'listPrice': None}",2018-06-26,United States,,B07DYZNS53,0.5775
77,77,5,Great fit and quality!,R2BXUC8ODGBDYP,https://www.amazon.com/gp/customer-reviews/R2BXUC8ODGBDYP/ref=cm_cr_arp_d_rvw_ttl?ie=UTF8&ASIN=B07DYZNS53,,"Reviewed in the United States on August 3, 2020","Fit my 11yr old perfect! He always borrows my glasses when he wants to see in the water, now he has his own! He takes it everywhere. Came with a soft case and cleanings cloth. He looks 😎",True,Color: Black | Grey Lens,[],68,2434,195,https://www.amazon.com/product-reviews/B07DYZNS53?pageNumber=7&filterByStar=all_stars&sortBy=helpful&formatType=all_formats,allStars,,"{'price': None, 'listPrice': None}",2020-08-03,United States,,B07DYZNS53,0.7772
78,78,5,These are a great pair of kids sunglasses.,R2KOQ92IU9IE9M,https://www.amazon.com/gp/customer-reviews/R2KOQ92IU9IE9M/ref=cm_cr_arp_d_rvw_ttl?ie=UTF8&ASIN=B07DYZNS53,,"Reviewed in the United States on August 8, 2019",Very please with these Kids Fishing sunglasses. My son is 7 and was requesting fishing sunglasses as some costa brands that where 250.00. I was definitely not spending that much for sunglasses. These worked just as good and for a much better price. I will buy them again.,True,Color: Black | Green Lens,[],69,2434,195,https://www.amazon.com/product-reviews/B07DYZNS53?pageNumber=7&filterByStar=all_stars&sortBy=helpful&formatType=all_formats,allStars,,"{'price': None, 'listPrice': None}",2019-08-08,United States,,B07DYZNS53,0.8777
79,79,4,It's good,R1QPAMOD5C9MC1,https://www.amazon.com/gp/customer-reviews/R1QPAMOD5C9MC1/ref=cm_cr_arp_d_rvw_ttl?ie=UTF8&ASIN=B07DYZNS53,,"Reviewed in the United States on May 6, 2021",Nothing,True,Color: Black | Green Lens,[],70,2434,195,https://www.amazon.com/product-reviews/B07DYZNS53?pageNumber=7&filterByStar=all_stars&sortBy=helpful&formatType=all_formats,allStars,,"{'price': None, 'listPrice': None}",2021-05-06,United States,,B07DYZNS53,0.0
80,80,5,Great Glasses for Toddler / Child,R37GJ6SKAQ396S,https://www.amazon.com/gp/customer-reviews/R37GJ6SKAQ396S/ref=cm_cr_arp_d_rvw_ttl?ie=UTF8&ASIN=B07DYZNS53,2 people found this helpful,"Reviewed in the United States on November 11, 2022","These kid sunglasses come in several color sets.  They are durable and look good on both my granddaughters.  Great item for the $$$$.  Offers protection from sun glare.Excellent design , it mirrors many of the popular styles .",True,Color: Blue | Grey Lens,[],21,2434,195,https://www.amazon.com/product-reviews/B07DYZNS53?pageNumber=3&filterByStar=all_stars&sortBy=helpful&formatType=all_formats,allStars,,"{'price': None, 'listPrice': None}",2022-11-11,United States,,B07DYZNS53,0.8689
81,81,5,Very cool polarized sunglasses for kids,R3G26BWAADP2FT,https://www.amazon.com/gp/customer-reviews/R3G26BWAADP2FT/ref=cm_cr_arp_d_rvw_ttl?ie=UTF8&ASIN=B07DYZNS53,,"Reviewed in the United States on August 7, 2022","I bought these sunglasses for my 7-year-old grandson who loves fishing and outdoor sports. He loved them, and claimed the polarization was so much better than his brother’s and even his dad’s. I don’t know yet how they’ll hold up, but they were sure a hit!",True,Color: Black | Green Lens,[],22,2434,195,https://www.amazon.com/product-reviews/B07DYZNS53?pageNumber=3&filterByStar=all_stars&sortBy=helpful&formatType=all_formats,allStars,,"{'price': None, 'listPrice': None}",2022-08-07,United States,,B07DYZNS53,0.8454
82,82,5,My kids love these,R3VLFYO5L9D5GS,https://www.amazon.com/gp/customer-reviews/R3VLFYO5L9D5GS/ref=cm_cr_arp_d_rvw_ttl?ie=UTF8&ASIN=B07DYZNS53,6 people found this helpful,"Reviewed in the United States on October 12, 2022","Comfortable, don't fall off the face, and a hit with the kids! We have 3 pairs in the house. Will buy more if needed. Right now, the kids wearing them are ages 11 and 14.",True,Color: Pink&purple | Grey Lens,[],23,2434,195,https://www.amazon.com/product-reviews/B07DYZNS53?pageNumber=3&filterByStar=all_stars&sortBy=helpful&formatType=all_formats,allStars,,"{'price': None, 'listPrice': None}",2022-10-12,United States,,B07DYZNS53,0.5562
83,83,5,Great,R1D317D33D3C8B,https://www.amazon.com/gp/customer-reviews/R1D317D33D3C8B/ref=cm_cr_arp_d_rvw_ttl?ie=UTF8&ASIN=B07DYZNS53,,"Reviewed in the United States on April 21, 2023",Tts,True,Color: Black&red | Grey Lens,[],24,2434,195,https://www.amazon.com/product-reviews/B07DYZNS53?pageNumber=3&filterByStar=all_stars&sortBy=helpful&formatType=all_formats,allStars,,"{'price': None, 'listPrice': None}",2023-04-21,United States,,B07DYZNS53,0.0
84,84,4,Slightly big for my 6 year old,ROS84VXOACKGM,https://www.amazon.com/gp/customer-reviews/ROS84VXOACKGM/ref=cm_cr_arp_d_rvw_ttl?ie=UTF8&ASIN=B07DYZNS53,,"Reviewed in the United States on May 10, 2022",These are super cute and my 6 year old loves them but they are slightly big on his head.,True,Color: Black | Green Lens,[],25,2434,195,https://www.amazon.com/product-reviews/B07DYZNS53?pageNumber=3&filterByStar=all_stars&sortBy=helpful&formatType=all_formats,allStars,,"{'price': None, 'listPrice': None}",2022-05-10,United States,,B07DYZNS53,0.7003
85,85,1,Wrong color glasses were delivered.,RDQNHM0KGHY27,https://www.amazon.com/gp/customer-reviews/RDQNHM0KGHY27/ref=cm_cr_arp_d_rvw_ttl?ie=UTF8&ASIN=B07DYZNS53,,"Reviewed in the United States on March 31, 2024",I received the wrong color glasses.  They look fine just not what I ordered.,True,Color: Pink&green | Grey Lens,[],26,2434,195,https://www.amazon.com/product-reviews/B07DYZNS53?pageNumber=3&filterByStar=all_stars&sortBy=helpful&formatType=all_formats,allStars,,"{'price': None, 'listPrice': None}",2024-03-31,United States,,B07DYZNS53,-0.3182
86,86,5,GREAT for kids!! Total package,R2CNWONECVKQCV,https://www.amazon.com/gp/customer-reviews/R2CNWONECVKQCV/ref=cm_cr_arp_d_rvw_ttl?ie=UTF8&ASIN=B07DYZNS53,4 people found this helpful,"Reviewed in the United States on June 19, 2019",I bought these glasses for my seven year old son. He loves that they’re like his daddy’s (obviously much cheaper than daddy’s though) and that they’re polarized. He feels so cool looking while wearing them that he even kept them on while we were shopping in different stores lol! Love that they come with the cleaning cloth and lanyard to keep them on his neck and the little sack to keep them safe. His favorite part is the polarized card so that he could see the fish and how much better he’ll be able to see in the water while we’re on the boats.,True,Color: Black | Ice-blue Lens,[],27,2434,195,https://www.amazon.com/product-reviews/B07DYZNS53?pageNumber=3&filterByStar=all_stars&sortBy=helpful&formatType=all_formats,allStars,,"{'price': None, 'listPrice': None}",2019-06-19,United States,,B07DYZNS53,0.9758
87,87,4,perfect,R2VMGX2H1NX3QF,https://www.amazon.com/gp/customer-reviews/R2VMGX2H1NX3QF/ref=cm_cr_arp_d_rvw_ttl?ie=UTF8&ASIN=B07DYZNS53,One person found this helpful,"Reviewed in the United States on October 24, 2021","i needed a pair for my sons, 13,  baseball games. Tthese fit him perfectly and were used throughout the entire season. I have to say this is a great value.",True,Color: Black | Grey Lens,[],28,2434,195,https://www.amazon.com/product-reviews/B07DYZNS53?pageNumber=3&filterByStar=all_stars&sortBy=helpful&formatType=all_formats,allStars,,"{'price': None, 'listPrice': None}",2021-10-24,United States,,B07DYZNS53,0.9217
88,88,5,Fits both my kids faces!,R260BR0JH6KA58,https://www.amazon.com/gp/customer-reviews/R260BR0JH6KA58/ref=cm_cr_arp_d_rvw_ttl?ie=UTF8&ASIN=B07DYZNS53,2 people found this helpful,"Reviewed in the United States on September 8, 2021","My children are 8 and 10 and these work great for both of them.  They come with a neck strap, which was nice to have as an option, but neither kid has used it because the sunglasses stay on their faces well even when they are running around. Plus the glasses feel comfortable on their faces.",True,Color: Black&red | Grey Lens,[],29,2434,195,https://www.amazon.com/product-reviews/B07DYZNS53?pageNumber=3&filterByStar=all_stars&sortBy=helpful&formatType=all_formats,allStars,,"{'price': None, 'listPrice': None}",2021-09-08,United States,,B07DYZNS53,0.8898
89,89,3,Disappointed with how shipping was done,R1J9N2KYU8CJDS,https://www.amazon.com/gp/customer-reviews/R1J9N2KYU8CJDS/ref=cm_cr_arp_d_rvw_ttl?ie=UTF8&ASIN=B07DYZNS53,One person found this helpful,"Reviewed in the United States on December 3, 2020","I am giving these three stars only because they are pretty cool sunglasses and it was a great deal with the fact they come with a sunglasses bag, a wipe cloth and other accessories. However...... why ship it in a bag??? It came today from UPS and it was in a bag not a box. I opened the glasses and upon inspection I see they are lopsided when worn. I believe these got damaged while being shipped. Hate to return them and have to reorder all over again. Plus UPS and amazon shipment places are not close by. Hoping to bend them enough to be worn but hate the fact they were shipped the way they were. Glasses should only be shipped in a box. 😢",True,Color: Black | Ice-blue Lens,[],30,2434,195,https://www.amazon.com/product-reviews/B07DYZNS53?pageNumber=3&filterByStar=all_stars&sortBy=helpful&formatType=all_formats,allStars,,"{'price': None, 'listPrice': None}",2020-12-03,United States,,B07DYZNS53,-0.7511
