,Unnamed: 0,ratingScore,reviewTitle,reviewId,reviewUrl,reviewReaction,reviewedIn,reviewDescription,isVerified,variant,reviewImages,position,totalCategoryRatings,totalCategoryReviews,reviewCategoryUrl,filterByRating,filterByKeyword,product,date,country,countryCode,productAsin,sentiment_score
0,0,5,Looks Amazing! Lightweight!!,RT01KPQ4JBSKF,https://www.amazon.com/gp/customer-reviews/RT01KPQ4JBSKF/ref=cm_cr_arp_d_rvw_ttl?ie=UTF8&ASIN=B07MZ3LYM1,,"Reviewed in the United States on November 16, 2023",I love these glasses! Came on time! These glasses are lightweight! Does not look cheap!! I'm definitely ordering more!!!,True,Color: 0c02 Demi FrameLens Color: Anti-Blue Light Lens,[],1,1821,300,https://www.amazon.com/product-reviews/B07MZ3LYM1?pageNumber=1&filterByStar=all_stars&sortBy=helpful&formatType=all_formats,allStars,,"{'price': None, 'listPrice': None}",2023-11-16,United States,,B07MZ3LYM1,0.8429
1,1,5,"Cute, look expensive",R2U479MLFFHHDE,https://www.amazon.com/gp/customer-reviews/R2U479MLFFHHDE/ref=cm_cr_arp_d_rvw_ttl?ie=UTF8&ASIN=B07MZ3LYM1,,"Reviewed in the United States on November 21, 2023",I got the tortoise and gold colored glasses. They look so cute and classy I love.,True,Color: 0c02 Demi FrameLens Color: Anti-Blue Light Lens,[],2,1821,300,https://www.amazon.com/product-reviews/B07MZ3LYM1?pageNumber=1&filterByStar=all_stars&sortBy=helpful&formatType=all_formats,allStars,,"{'price': None, 'listPrice': None}",2023-11-21,United States,,B07MZ3LYM1,0.9048
2,2,5,11/10 recommend!!!!!!,R20S8N4GXUWDX5,https://www.amazon.com/gp/customer-reviews/R20S8N4GXUWDX5/ref=cm_cr_arp_d_rvw_ttl?ie=UTF8&ASIN=B07MZ3LYM1,2 people found this helpful,"Reviewed in the United States on October 3, 2023","The glasses came so nicely packaged with a fabric glasses case, a fabric lens wipe, a keychain blue-light flashlight, a blue light tester card which was really awesome and even a little tool set keychain to tighten/ fix the glasses! They are thin, but not flimsy and am honestly impressed especially for the price !!",True,Color: 0c02 Demi FrameLens Color: Anti-Blue Light Lens,['https://m.media-amazon.com/images/I/61yWOjczMOL._SY88.jpg'],3,1821,300,https://www.amazon.com/product-reviews/B07MZ3LYM1?pageNumber=1&filterByStar=all_stars&sortBy=helpful&formatType=all_formats,allStars,,"{'price': None, 'listPrice': None}",2023-10-03,United States,,B07MZ3LYM1,0.9336
3,3,4,looks very nice,RH9KPNA4M3J41,https://www.amazon.com/gp/customer-reviews/RH9KPNA4M3J41/ref=cm_cr_arp_d_rvw_ttl?ie=UTF8&ASIN=B07MZ3LYM1,,"Reviewed in the United States on August 28, 2023","this Item looks just like the picture. but, it has a yellow film, it is not clear.",True,Color: 0c02 Demi FrameLens Color: Anti-Blue Light Lens,[],4,1821,300,https://www.amazon.com/product-reviews/B07MZ3LYM1?pageNumber=1&filterByStar=all_stars&sortBy=helpful&formatType=all_formats,allStars,,"{'price': None, 'listPrice': None}",2023-08-28,United States,,B07MZ3LYM1,-0.2561
4,4,5,So cute! Yellow lenses?,RP758X2SVDI5U,https://www.amazon.com/gp/customer-reviews/RP758X2SVDI5U/ref=cm_cr_arp_d_rvw_ttl?ie=UTF8&ASIN=B07MZ3LYM1,,"Reviewed in the United States on March 9, 2023","I love these glasses. I wish the lenses weren’t so reflective because I do notice it on zoom calls. The lenses also have a yellow tint to them. I’ve had other blue light glasses in the past. Usually that will go away, but we’ll see. Over all these are a good piece for style and comfort.",True,Color: 0c02 Demi FrameLens Color: Anti-Blue Light Lens,[],5,1821,300,https://www.amazon.com/product-reviews/B07MZ3LYM1?pageNumber=1&filterByStar=all_stars&sortBy=helpful&formatType=all_formats,allStars,,"{'price': None, 'listPrice': None}",2023-03-09,United States,,B07MZ3LYM1,0.8898
5,5,5,They are a dupe for the Illesteva Oxford,R2VOQLDJPPBJ5W,https://www.amazon.com/gp/customer-reviews/R2VOQLDJPPBJ5W/ref=cm_cr_arp_d_rvw_ttl?ie=UTF8&ASIN=B07MZ3LYM1,,"Reviewed in the United States on February 27, 2023","The design and colors are nice and they are made of a good material, they don't feel or look cheap.The frames on these are larger than the Illesteva but these were the closest I could find.Overall they were a good purchase, people tell me they look pretty similar to my previous glasses.",True,Color: 0c02 Demi FrameLens Color: Anti-Blue Light Lens,[],6,1821,300,https://www.amazon.com/product-reviews/B07MZ3LYM1?pageNumber=1&filterByStar=all_stars&sortBy=helpful&formatType=all_formats,allStars,,"{'price': None, 'listPrice': None}",2023-02-27,United States,,B07MZ3LYM1,0.9001
6,6,3,cost is more than they are worth.,R1UJ7YHXMXBRSE,https://www.amazon.com/gp/customer-reviews/R1UJ7YHXMXBRSE/ref=cm_cr_arp_d_rvw_ttl?ie=UTF8&ASIN=B07MZ3LYM1,,"Reviewed in the United States on February 8, 2024",notas good as I wanted.,True,Color: 0c02 Demi FrameLens Color: Anti-Blue Light Lens,[],7,1821,300,https://www.amazon.com/product-reviews/B07MZ3LYM1?pageNumber=1&filterByStar=all_stars&sortBy=helpful&formatType=all_formats,allStars,,"{'price': None, 'listPrice': None}",2024-02-08,United States,,B07MZ3LYM1,0.4404
7,7,5,LOOOOOVVVEEEEE,R1TXXEXXT0Z9IJ,https://www.amazon.com/gp/customer-reviews/R1TXXEXXT0Z9IJ/ref=cm_cr_arp_d_rvw_ttl?ie=UTF8&ASIN=B07MZ3LYM1,,"Reviewed in the United States on April 9, 2020",I LOVE these glasses! I have purchased several pairs of blue light blocking glasses and these by far are my favorite!! The frames are cute and sturdy and the lenses don’t leave a yellow tint on your skin or put a yellow filter on the world when you look through them!I am on my phone and my laptop a lot as an entrepreneur and they have helped prevent headaches from staring at screens so much during my day! Definitely recommend them. And the sunglasses!!!,True,Color: 0c02 Demi FrameLens Color: Anti-Blue Light Lens,[],8,1821,300,https://www.amazon.com/product-reviews/B07MZ3LYM1?pageNumber=1&filterByStar=all_stars&sortBy=helpful&formatType=all_formats,allStars,,"{'price': None, 'listPrice': None}",2020-04-09,United States,,B07MZ3LYM1,0.9393
8,8,3,Low quality,RAWPF9LW5IE7Q,https://www.amazon.com/gp/customer-reviews/RAWPF9LW5IE7Q/ref=cm_cr_arp_d_rvw_ttl?ie=UTF8&ASIN=B07MZ3LYM1,,"Reviewed in the United States on October 13, 2023",They look nice but are flimsy and not effective in blocking the blue light from any of my devices.,True,Color: 0c02 Demi FrameLens Color: Anti-Blue Light Lens,[],9,1821,300,https://www.amazon.com/product-reviews/B07MZ3LYM1?pageNumber=1&filterByStar=all_stars&sortBy=helpful&formatType=all_formats,allStars,,"{'price': None, 'listPrice': None}",2023-10-13,United States,,B07MZ3LYM1,0.0887
9,9,5,Had them for 3 years,R20OTQNOKJZ445,https://www.amazon.com/gp/customer-reviews/R20OTQNOKJZ445/ref=cm_cr_arp_d_rvw_ttl?ie=UTF8&ASIN=B07MZ3LYM1,,"Reviewed in the United States on August 8, 2023","I don’t usually review stuff but I bought these glasses in 2020 and I still use them. For 16 bucks, that’s pretty incredible. I wfh and these are really helpful!",True,Color: 0c02 Demi FrameLens Color: Anti-Blue Light Lens,[],10,1821,300,https://www.amazon.com/product-reviews/B07MZ3LYM1?pageNumber=1&filterByStar=all_stars&sortBy=helpful&formatType=all_formats,allStars,,"{'price': None, 'listPrice': None}",2023-08-08,United States,,B07MZ3LYM1,0.8668
10,10,5,Love’em!!!,R3S463SFKUA6IG,https://www.amazon.com/gp/customer-reviews/R3S463SFKUA6IG/ref=cm_cr_arp_d_rvw_ttl?ie=UTF8&ASIN=B07MZ3LYM1,8 people found this helpful,"Reviewed in the United States on March 12, 2021","Super light weight, and definitely gave me a good opportunity to see what this style of frames look on me! I use them all the time cause I’m always in front of the computer/phone/tv or some kind of screen. Great purchase and mad happy with them!!",True,Color: 0c02 Demi FrameLens Color: Anti-Blue Light Lens,['https://images-na.ssl-images-amazon.com/images/I/91CgNoi3sIL._SY88.jpg'],41,1821,300,https://www.amazon.com/product-reviews/B07MZ3LYM1?pageNumber=5&filterByStar=all_stars&sortBy=helpful&formatType=all_formats,allStars,,"{'price': None, 'listPrice': None}",2021-03-12,United States,,B07MZ3LYM1,0.957
11,11,5,So cute!,R22XCS5ORN2LRA,https://www.amazon.com/gp/customer-reviews/R22XCS5ORN2LRA/ref=cm_cr_arp_d_rvw_ttl?ie=UTF8&ASIN=B07MZ3LYM1,One person found this helpful,"Reviewed in the United States on April 15, 2020","These glasses are adorable, and such a high quality! I wasn't expecting much for such a low price, but I love them! I had blue light glasses prior to these and when I switched to these I noticed no migraines or reverts, they really do work! They're super sturdy and such a great price, you can't beat them!",True,Color: 0c02 Demi FrameLens Color: Anti-Blue Light Lens,[],42,1821,300,https://www.amazon.com/product-reviews/B07MZ3LYM1?pageNumber=5&filterByStar=all_stars&sortBy=helpful&formatType=all_formats,allStars,,"{'price': None, 'listPrice': None}",2020-04-15,United States,,B07MZ3LYM1,0.9624
12,12,4,Pretty good so far.,R1K8IWHX6JQ9T4,https://www.amazon.com/gp/customer-reviews/R1K8IWHX6JQ9T4/ref=cm_cr_arp_d_rvw_ttl?ie=UTF8&ASIN=B07MZ3LYM1,,"Reviewed in the United States on June 24, 2021","The blue light that came with, didn’t even work",True,Color: 0c02 Demi FrameLens Color: Anti-Blue Light Lens,[],43,1821,300,https://www.amazon.com/product-reviews/B07MZ3LYM1?pageNumber=5&filterByStar=all_stars&sortBy=helpful&formatType=all_formats,allStars,,"{'price': None, 'listPrice': None}",2021-06-24,United States,,B07MZ3LYM1,0.0
13,13,5,Blue light actually works,R11ZSTB7MJPYHR,https://www.amazon.com/gp/customer-reviews/R11ZSTB7MJPYHR/ref=cm_cr_arp_d_rvw_ttl?ie=UTF8&ASIN=B07MZ3LYM1,,"Reviewed in the United States on September 24, 2020","I love my pair of sojos glasses! They are comfy, lightweight and the frame is perfect because it is not too big. They look very classy and really have helped me get more work done at night.  I have less headaches as I am protecting my eyes with these glasses.",True,Color: 0c02 Demi FrameLens Color: Anti-Blue Light Lens,[],44,1821,300,https://www.amazon.com/product-reviews/B07MZ3LYM1?pageNumber=5&filterByStar=all_stars&sortBy=helpful&formatType=all_formats,allStars,,"{'price': None, 'listPrice': None}",2020-09-24,United States,,B07MZ3LYM1,0.9078
14,14,5,Good glasses for the computer.,REFMS0PSTZ03P,https://www.amazon.com/gp/customer-reviews/REFMS0PSTZ03P/ref=cm_cr_arp_d_rvw_ttl?ie=UTF8&ASIN=B07MZ3LYM1,,"Reviewed in the United States on November 9, 2020",These glasses are good quality and actually work. My daughter spends a lot of time on her computer because of remote classes during covid times and she says they are comfortable and make a difference. We ended up buying the 2 pack because it was only a couple dollars more.,True,Color: 0c02 Demi FrameLens Color: Anti-Blue Light Lens,[],45,1821,300,https://www.amazon.com/product-reviews/B07MZ3LYM1?pageNumber=5&filterByStar=all_stars&sortBy=helpful&formatType=all_formats,allStars,,"{'price': None, 'listPrice': None}",2020-11-09,United States,,B07MZ3LYM1,0.7351
15,15,5,Highly recommended,R2KOHX63GXQ7OT,https://www.amazon.com/gp/customer-reviews/R2KOHX63GXQ7OT/ref=cm_cr_arp_d_rvw_ttl?ie=UTF8&ASIN=B07MZ3LYM1,,"Reviewed in the United States on April 20, 2021","Love them! Very light weight, no prescription, just for when I’m working on the computer or phone. They’ve helped a lot with my headaches from screens. And they’re cute, always getting comments on the skinny frame.",True,Color: 0c02 Demi FrameLens Color: Anti-Blue Light Lens,[],46,1821,300,https://www.amazon.com/product-reviews/B07MZ3LYM1?pageNumber=5&filterByStar=all_stars&sortBy=helpful&formatType=all_formats,allStars,,"{'price': None, 'listPrice': None}",2021-04-20,United States,,B07MZ3LYM1,0.7209
16,16,5,Amazing! So comfortable and lightweight,RI5UNMXSQZ4I,https://www.amazon.com/gp/customer-reviews/RI5UNMXSQZ4I/ref=cm_cr_arp_d_rvw_ttl?ie=UTF8&ASIN=B07MZ3LYM1,One person found this helpful,"Reviewed in the United States on November 29, 2020","SO comfortable!! These are the only glasses that actually stay up on my nose. They are so light you nearly forget you are wearing them. The frames may seem delicate but I've found them to be rather durable, getting thrown around my room and haven't bent out of place.",True,Color: 0c02 Demi FrameLens Color: Anti-Blue Light Lens,[],47,1821,300,https://www.amazon.com/product-reviews/B07MZ3LYM1?pageNumber=5&filterByStar=all_stars&sortBy=helpful&formatType=all_formats,allStars,,"{'price': None, 'listPrice': None}",2020-11-29,United States,,B07MZ3LYM1,0.4399
17,17,4,Cute!,RQYRYBFXIH93H,https://www.amazon.com/gp/customer-reviews/RQYRYBFXIH93H/ref=cm_cr_arp_d_rvw_ttl?ie=UTF8&ASIN=B07MZ3LYM1,,"Reviewed in the United States on January 14, 2021","I really don't know how well these glasses protect against blue light, but they are super cute!",True,Color: 0c02 Demi FrameLens Color: Anti-Blue Light Lens,[],48,1821,300,https://www.amazon.com/product-reviews/B07MZ3LYM1?pageNumber=5&filterByStar=all_stars&sortBy=helpful&formatType=all_formats,allStars,,"{'price': None, 'listPrice': None}",2021-01-14,United States,,B07MZ3LYM1,0.9008
18,18,5,My eyes (and my insta grid) have never been happier!,R3PKTVTA452CLC,https://www.amazon.com/gp/customer-reviews/R3PKTVTA452CLC/ref=cm_cr_arp_d_rvw_ttl?ie=UTF8&ASIN=B07MZ3LYM1,,"Reviewed in the United States on August 2, 2020",1 - they work. They even come with a blue light you can use to test it all. 2. THANK GOD FOR FUN GLASSES. I often find myself bopping around town and have forgotten to take them off after getting some work on my computer done. Compliments always ensue. :),True,Color: 0c02 Demi FrameLens Color: Anti-Blue Light Lens,"['https://images-na.ssl-images-amazon.com/images/I/71hMwEs09VL._SY88.jpg', 'https://images-na.ssl-images-amazon.com/images/I/71j1TG2afgL._SY88.jpg', 'https://images-na.ssl-images-amazon.com/images/I/71rpKx5rdrL._SY88.jpg']",49,1821,300,https://www.amazon.com/product-reviews/B07MZ3LYM1?pageNumber=5&filterByStar=all_stars&sortBy=helpful&formatType=all_formats,allStars,,"{'price': None, 'listPrice': None}",2020-08-02,United States,,B07MZ3LYM1,0.9313
19,19,4,Attractive and functional,R38ES92XG6J7VZ,https://www.amazon.com/gp/customer-reviews/R38ES92XG6J7VZ/ref=cm_cr_arp_d_rvw_ttl?ie=UTF8&ASIN=B07MZ3LYM1,,"Reviewed in the United States on October 2, 2020",These glasses turned out to fit my face just right and our super cute! I wear them all the time when I telecommute. Helpful.,True,Color: 0c02 Demi FrameLens Color: Anti-Blue Light Lens,[],50,1821,300,https://www.amazon.com/product-reviews/B07MZ3LYM1?pageNumber=5&filterByStar=all_stars&sortBy=helpful&formatType=all_formats,allStars,,"{'price': None, 'listPrice': None}",2020-10-02,United States,,B07MZ3LYM1,0.9098
20,20,4,Good with one slight flaw,R3LC37C3RMIBR,https://www.amazon.com/gp/customer-reviews/R3LC37C3RMIBR/ref=cm_cr_arp_d_rvw_ttl?ie=UTF8&ASIN=B07MZ3LYM1,2 people found this helpful,"Reviewed in the United States on May 3, 2021","These glasses work well and are very lightweight. I do recommend easing into them if you’re not used to blue light blocking lenses. I did not and ended up with a few pretty bad headaches.The one con I would say about these glasses is they don’t seem to be the clearest. With other prescription lenses, I can’t tell much of a difference between having them on or off. These almost have a bit of a haze to them or they seem like they’re a bit dirty even after I’ve cleaned them. It didn’t take too much away but just something to note.All in all, I recommend these glasses. They’re stylish, lightweight, and seem to do their job.",True,Color: 0c02 Demi FrameLens Color: Anti-Blue Light Lens,[],11,1821,300,https://www.amazon.com/product-reviews/B07MZ3LYM1?pageNumber=2&filterByStar=all_stars&sortBy=helpful&formatType=all_formats,allStars,,"{'price': None, 'listPrice': None}",2021-05-03,United States,,B07MZ3LYM1,0.6627
21,21,5,Super pleased,RD5S3W6WNUKAJ,https://www.amazon.com/gp/customer-reviews/RD5S3W6WNUKAJ/ref=cm_cr_arp_d_rvw_ttl?ie=UTF8&ASIN=B07MZ3LYM1,,"Reviewed in the United States on May 22, 2023",Packaging was 10/10. Came with everything it would need and glasses seem to be of high quality. Very stylish and chic. Will be ordering again. Thank you,True,Color: 0c02 Demi FrameLens Color: Anti-Blue Light Lens,[],12,1821,300,https://www.amazon.com/product-reviews/B07MZ3LYM1?pageNumber=2&filterByStar=all_stars&sortBy=helpful&formatType=all_formats,allStars,,"{'price': None, 'listPrice': None}",2023-05-22,United States,,B07MZ3LYM1,0.5945
22,22,5,Cute!,R2259VGP8UZ0VQ,https://www.amazon.com/gp/customer-reviews/R2259VGP8UZ0VQ/ref=cm_cr_arp_d_rvw_ttl?ie=UTF8&ASIN=B07MZ3LYM1,,"Reviewed in the United States on July 21, 2023",Very cute and comfortable to wear all day. Super lightweight!,True,Color: 0c02 Demi FrameLens Color: Anti-Blue Light Lens,[],13,1821,300,https://www.amazon.com/product-reviews/B07MZ3LYM1?pageNumber=2&filterByStar=all_stars&sortBy=helpful&formatType=all_formats,allStars,,"{'price': None, 'listPrice': None}",2023-07-21,United States,,B07MZ3LYM1,0.9011
23,23,5,Super cute!,RU0FHW0H0BIYB,https://www.amazon.com/gp/customer-reviews/RU0FHW0H0BIYB/ref=cm_cr_arp_d_rvw_ttl?ie=UTF8&ASIN=B07MZ3LYM1,,"Reviewed in the United States on July 23, 2023","Was delivered quickly, not expensive and cute.",True,Color: 0c02 Demi FrameLens Color: Anti-Blue Light Lens,[],14,1821,300,https://www.amazon.com/product-reviews/B07MZ3LYM1?pageNumber=2&filterByStar=all_stars&sortBy=helpful&formatType=all_formats,allStars,,"{'price': None, 'listPrice': None}",2023-07-23,United States,,B07MZ3LYM1,-0.357
24,24,3,Returning…,R3PEXY5B8EM2O6,https://www.amazon.com/gp/customer-reviews/R3PEXY5B8EM2O6/ref=cm_cr_arp_d_rvw_ttl?ie=UTF8&ASIN=B07MZ3LYM1,One person found this helpful,"Reviewed in the United States on August 22, 2021","Purchased several different pair of blue light blocking glasses from Amazon to try on which I liked most. These will be going back.EVERY set I bought failed online tests? But these glasses do have a very slight yellowish tint to them, so I feel like that should help something.Main reasons I disliked were 1) the size of the lenses. Very oversized on my smaller face, and it gave the glasses a cheaper look. 2) the nose clip that connects each lense together is that bright-gold color that again, just added to a cheaper look. They also just don’t look like quality specks - not to say they LOOK cheap, rather that they LOOK like you definitely got them from Amazon. In addition they are extremely lightweight and like they’d break easy. Lovely style, though. Super instagrammable. Just not for me.",True,Color: 0c02 Demi FrameLens Color: Anti-Blue Light Lens,[],15,1821,300,https://www.amazon.com/product-reviews/B07MZ3LYM1?pageNumber=2&filterByStar=all_stars&sortBy=helpful&formatType=all_formats,allStars,,"{'price': None, 'listPrice': None}",2021-08-22,United States,,B07MZ3LYM1,0.9882
25,25,5,BEST Blue-light Glasses,RZDV6J1D8RO8F,https://www.amazon.com/gp/customer-reviews/RZDV6J1D8RO8F/ref=cm_cr_arp_d_rvw_ttl?ie=UTF8&ASIN=B07MZ3LYM1,One person found this helpful,"Reviewed in the United States on May 9, 2022","I have been taking classes online and get mondo headaches after a day of work. Hopped on Amazon after hearing about these from a friend, and I love them! If I wear these, I never have a headache from staring at my screen. I’m addition to working great they are the cutest design! I am going to get a prescription version just like them because of the compliments. A must get!",True,Color: 0c02 Demi FrameLens Color: Anti-Blue Light Lens,[],16,1821,300,https://www.amazon.com/product-reviews/B07MZ3LYM1?pageNumber=2&filterByStar=all_stars&sortBy=helpful&formatType=all_formats,allStars,,"{'price': None, 'listPrice': None}",2022-05-09,United States,,B07MZ3LYM1,0.9722
26,26,5,love them,RUYWIE6XPZAZ5,https://www.amazon.com/gp/customer-reviews/RUYWIE6XPZAZ5/ref=cm_cr_arp_d_rvw_ttl?ie=UTF8&ASIN=B07MZ3LYM1,,"Reviewed in the United States on April 28, 2023",look just like the picture and i love them so much.,True,Color: 0c02 Demi FrameLens Color: Anti-Blue Light Lens,[],17,1821,300,https://www.amazon.com/product-reviews/B07MZ3LYM1?pageNumber=2&filterByStar=all_stars&sortBy=helpful&formatType=all_formats,allStars,,"{'price': None, 'listPrice': None}",2023-04-28,United States,,B07MZ3LYM1,0.7717
27,27,5,Sun glasses,R3LURO04KR8SP2,https://www.amazon.com/gp/customer-reviews/R3LURO04KR8SP2/ref=cm_cr_arp_d_rvw_ttl?ie=UTF8&ASIN=B07MZ3LYM1,,"Reviewed in the United States on May 22, 2023",Love them,True,Color: 0c02 Demi FrameLens Color: Anti-Blue Light Lens,[],18,1821,300,https://www.amazon.com/product-reviews/B07MZ3LYM1?pageNumber=2&filterByStar=all_stars&sortBy=helpful&formatType=all_formats,allStars,,"{'price': None, 'listPrice': None}",2023-05-22,United States,,B07MZ3LYM1,0.6369
28,28,5,Great for small faces!,R12H89JM6WKTC3,https://www.amazon.com/gp/customer-reviews/R12H89JM6WKTC3/ref=cm_cr_arp_d_rvw_ttl?ie=UTF8&ASIN=B07MZ3LYM1,,"Reviewed in the United States on March 3, 2023","Finally a stylish, quality glasses! I'll definitely be buying another one as a backup pair.",True,Color: 0c02 Demi FrameLens Color: Anti-Blue Light Lens,[],19,1821,300,https://www.amazon.com/product-reviews/B07MZ3LYM1?pageNumber=2&filterByStar=all_stars&sortBy=helpful&formatType=all_formats,allStars,,"{'price': None, 'listPrice': None}",2023-03-03,United States,,B07MZ3LYM1,0.4574
29,29,4,Cute & Stylish for WFH and School,R1Y96H7N0FNXZ4,https://www.amazon.com/gp/customer-reviews/R1Y96H7N0FNXZ4/ref=cm_cr_arp_d_rvw_ttl?ie=UTF8&ASIN=B07MZ3LYM1,,"Reviewed in the United States on September 14, 2020","These glasses are awesome! Not only are they aesthetically pleasing and fun to wear, but they are also incredibly functional. They sit nicely on your face, do not slip off, and are nice material. I love wearing them for my zoom classes since most of my classes are online now due to Covid. I don’t get as much headaches throughout the day now and I feel like it’s really due to these glasses",True,Color: 0c02 Demi FrameLens Color: Anti-Blue Light Lens,"['https://images-na.ssl-images-amazon.com/images/I/61-tfV01y5L._SY88.jpg', 'https://images-na.ssl-images-amazon.com/images/I/71eqJVQcwNL._SY88.jpg']",20,1821,300,https://www.amazon.com/product-reviews/B07MZ3LYM1?pageNumber=2&filterByStar=all_stars&sortBy=helpful&formatType=all_formats,allStars,,"{'price': None, 'listPrice': None}",2020-09-14,United States,,B07MZ3LYM1,0.9744
30,30,5,Stylish and effective!,R2JAZNPEN5JJ0B,https://www.amazon.com/gp/customer-reviews/R2JAZNPEN5JJ0B/ref=cm_cr_arp_d_rvw_ttl?ie=UTF8&ASIN=B07MZ3LYM1,,"Reviewed in the United States on October 4, 2020","I love these blue light blocking glasses! Not only do they work great at blocking out the blue light on my computer screen, but I get plenty of compliments when I wear them!",True,Color: 0c02 Demi FrameLens Color: Anti-Blue Light Lens,['https://images-na.ssl-images-amazon.com/images/I/81qHkAZ8ttL._SY88.jpg'],71,1821,300,https://www.amazon.com/product-reviews/B07MZ3LYM1?pageNumber=8&filterByStar=all_stars&sortBy=helpful&formatType=all_formats,allStars,,"{'price': None, 'listPrice': None}",2020-10-04,United States,,B07MZ3LYM1,0.7707
31,31,4,Super cute,RV97J64W14EC6,https://www.amazon.com/gp/customer-reviews/RV97J64W14EC6/ref=cm_cr_arp_d_rvw_ttl?ie=UTF8&ASIN=B07MZ3LYM1,,"Reviewed in the United States on May 5, 2020",Love love love. They’re super fashionable and light weight. They can go with any and everything.,True,Color: 0c02 Demi FrameLens Color: Anti-Blue Light Lens,[],72,1821,300,https://www.amazon.com/product-reviews/B07MZ3LYM1?pageNumber=8&filterByStar=all_stars&sortBy=helpful&formatType=all_formats,allStars,,"{'price': None, 'listPrice': None}",2020-05-05,United States,,B07MZ3LYM1,0.9552
32,32,5,Stylish & Helpful ♥️,R12Q12PT7KDLZV,https://www.amazon.com/gp/customer-reviews/R12Q12PT7KDLZV/ref=cm_cr_arp_d_rvw_ttl?ie=UTF8&ASIN=B07MZ3LYM1,,"Reviewed in the United States on January 18, 2021",I love it!  I use it all the time at the office & when I watching anything at my phone or TV!I don’t have fatigue or headache!,True,Color: 0c02 Demi FrameLens Color: Anti-Blue Light Lens,"['https://images-na.ssl-images-amazon.com/images/I/91OkkVbrTEL._SY88.jpg', 'https://images-na.ssl-images-amazon.com/images/I/A1Z1hyfLehL._SY88.jpg']",73,1821,300,https://www.amazon.com/product-reviews/B07MZ3LYM1?pageNumber=8&filterByStar=all_stars&sortBy=helpful&formatType=all_formats,allStars,,"{'price': None, 'listPrice': None}",2021-01-18,United States,,B07MZ3LYM1,0.6219
33,33,5,Love these!,R34GDMHBD18X0Q,https://www.amazon.com/gp/customer-reviews/R34GDMHBD18X0Q/ref=cm_cr_arp_d_rvw_ttl?ie=UTF8&ASIN=B07MZ3LYM1,,"Reviewed in the United States on April 2, 2020",Absolutely love these! So light weight it’s like I’m wearing nothing on my face. I love the style I received and they help with that computer headache halfway through the day. Highly reccommend!,True,Color: 0c02 Demi FrameLens Color: Anti-Blue Light Lens,[],74,1821,300,https://www.amazon.com/product-reviews/B07MZ3LYM1?pageNumber=8&filterByStar=all_stars&sortBy=helpful&formatType=all_formats,allStars,,"{'price': None, 'listPrice': None}",2020-04-02,United States,,B07MZ3LYM1,0.941
34,34,5,Super cute circle frames protect your eyes!!,RLVTBUNHH90XE,https://www.amazon.com/gp/customer-reviews/RLVTBUNHH90XE/ref=cm_cr_arp_d_rvw_ttl?ie=UTF8&ASIN=B07MZ3LYM1,,"Reviewed in the United States on March 7, 2020",Love these blue light blocking glasses! I can wear my contacts and take these glasses on and off when needed. If I’m on my phone or computer it makes me feel more protected!,True,Color: 0c02 Demi FrameLens Color: Anti-Blue Light Lens,[],75,1821,300,https://www.amazon.com/product-reviews/B07MZ3LYM1?pageNumber=8&filterByStar=all_stars&sortBy=helpful&formatType=all_formats,allStars,,"{'price': None, 'listPrice': None}",2020-03-07,United States,,B07MZ3LYM1,0.7489
35,35,4,Amazing,R3NSH2SAYK6VYJ,https://www.amazon.com/gp/customer-reviews/R3NSH2SAYK6VYJ/ref=cm_cr_arp_d_rvw_ttl?ie=UTF8&ASIN=B07MZ3LYM1,,"Reviewed in the United States on December 15, 2020",Very nice and  good quality !,True,Color: 0c02 Demi FrameLens Color: Anti-Blue Light Lens,[],76,1821,300,https://www.amazon.com/product-reviews/B07MZ3LYM1?pageNumber=8&filterByStar=all_stars&sortBy=helpful&formatType=all_formats,allStars,,"{'price': None, 'listPrice': None}",2020-12-15,United States,,B07MZ3LYM1,0.7614
36,36,5,Adorable and functional,R36GL62ZFW71MT,https://www.amazon.com/gp/customer-reviews/R36GL62ZFW71MT/ref=cm_cr_arp_d_rvw_ttl?ie=UTF8&ASIN=B07MZ3LYM1,,"Reviewed in the United States on August 25, 2020",I love how lightweight these glasses are! The shape is so cute! Perfect to wear for when I’m on my phone or laptop for long periods of time.,True,Color: 0c02 Demi FrameLens Color: Anti-Blue Light Lens,['https://images-na.ssl-images-amazon.com/images/I/71JMN8s84QL._SY88.jpg'],77,1821,300,https://www.amazon.com/product-reviews/B07MZ3LYM1?pageNumber=8&filterByStar=all_stars&sortBy=helpful&formatType=all_formats,allStars,,"{'price': None, 'listPrice': None}",2020-08-25,United States,,B07MZ3LYM1,0.9278
37,37,5,Cute and delicate glasses,R1M10GOMZH0Y3J,https://www.amazon.com/gp/customer-reviews/R1M10GOMZH0Y3J/ref=cm_cr_arp_d_rvw_ttl?ie=UTF8&ASIN=B07MZ3LYM1,,"Reviewed in the United States on July 26, 2020",I love this glasses they are very pretty and delicate. A little small for my face but I still like them a lot and they do block the blue light.,True,Color: 0c02 Demi FrameLens Color: Anti-Blue Light Lens,[],78,1821,300,https://www.amazon.com/product-reviews/B07MZ3LYM1?pageNumber=8&filterByStar=all_stars&sortBy=helpful&formatType=all_formats,allStars,,"{'price': None, 'listPrice': None}",2020-07-26,United States,,B07MZ3LYM1,0.539
38,38,5,So cute,R3GYC5UL4L48TS,https://www.amazon.com/gp/customer-reviews/R3GYC5UL4L48TS/ref=cm_cr_arp_d_rvw_ttl?ie=UTF8&ASIN=B07MZ3LYM1,,"Reviewed in the United States on May 5, 2020",I absolutely love this style. These glasses are super nice quality and work at blocking blue light (my husband steals them from me when he plays video games lol). Love them!,True,Color: 0c02 Demi FrameLens Color: Anti-Blue Light Lens,[],79,1821,300,https://www.amazon.com/product-reviews/B07MZ3LYM1?pageNumber=8&filterByStar=all_stars&sortBy=helpful&formatType=all_formats,allStars,,"{'price': None, 'listPrice': None}",2020-05-05,United States,,B07MZ3LYM1,0.915
39,39,5,Cute and works,R2VOATISRUAGVG,https://www.amazon.com/gp/customer-reviews/R2VOATISRUAGVG/ref=cm_cr_arp_d_rvw_ttl?ie=UTF8&ASIN=B07MZ3LYM1,,"Reviewed in the United States on October 2, 2020",Love the pattern around the frame. Lightweight. You can tell the screens look yellow but the actual lenses don’t which is great because they look like real glasses,True,Color: 0c02 Demi FrameLens Color: Anti-Blue Light Lens,[],80,1821,300,https://www.amazon.com/product-reviews/B07MZ3LYM1?pageNumber=8&filterByStar=all_stars&sortBy=helpful&formatType=all_formats,allStars,,"{'price': None, 'listPrice': None}",2020-10-02,United States,,B07MZ3LYM1,0.91
40,40,5,Love them!,R2GZTXV204N14C,https://www.amazon.com/gp/customer-reviews/R2GZTXV204N14C/ref=cm_cr_arp_d_rvw_ttl?ie=UTF8&ASIN=B07MZ3LYM1,,"Reviewed in the United States on November 8, 2019",I loved how the frames complimented my face. The lens were easy to clean thanks to the rag that was provided. These glasses make it easier being on a computer all day long now.,True,Color: 0c02 Demi FrameLens Color: Anti-Blue Light Lens,['https://images-na.ssl-images-amazon.com/images/I/71zIhe2kZoL._SY88.jpg'],81,1821,300,https://www.amazon.com/product-reviews/B07MZ3LYM1?pageNumber=9&filterByStar=all_stars&sortBy=helpful&formatType=all_formats,allStars,,"{'price': None, 'listPrice': None}",2019-11-08,United States,,B07MZ3LYM1,0.9517
41,41,4,Temple Length,R1GVCNYZZFAMWO,https://www.amazon.com/gp/customer-reviews/R1GVCNYZZFAMWO/ref=cm_cr_arp_d_rvw_ttl?ie=UTF8&ASIN=B07MZ3LYM1,,"Reviewed in the United States on July 23, 2020",The glasses were a bit small in terms of temple length,True,Color: 0c02 Demi FrameLens Color: Anti-Blue Light Lens,[],82,1821,300,https://www.amazon.com/product-reviews/B07MZ3LYM1?pageNumber=9&filterByStar=all_stars&sortBy=helpful&formatType=all_formats,allStars,,"{'price': None, 'listPrice': None}",2020-07-23,United States,,B07MZ3LYM1,0.0
42,42,4,Good,R2TFCG5GWJ8Y7L,https://www.amazon.com/gp/customer-reviews/R2TFCG5GWJ8Y7L/ref=cm_cr_arp_d_rvw_ttl?ie=UTF8&ASIN=B07MZ3LYM1,,"Reviewed in the United States on October 2, 2020","They're very big for me, but they're fine",True,Color: 0c02 Demi FrameLens Color: Anti-Blue Light Lens,['https://images-na.ssl-images-amazon.com/images/I/61LF+VMNhCL._SY88.jpg'],83,1821,300,https://www.amazon.com/product-reviews/B07MZ3LYM1?pageNumber=9&filterByStar=all_stars&sortBy=helpful&formatType=all_formats,allStars,,"{'price': None, 'listPrice': None}",2020-10-02,United States,,B07MZ3LYM1,0.296
43,43,5,Buy it you won’t regret it,R3UGBJO8YQGNM6,https://www.amazon.com/gp/customer-reviews/R3UGBJO8YQGNM6/ref=cm_cr_arp_d_rvw_ttl?ie=UTF8&ASIN=B07MZ3LYM1,,"Reviewed in the United States on October 2, 2020",The best product so far I’ve ever purchased. I always stay on my laptop cuz of my assignments and these glasses don’t give me those headaches.,True,Color: 0c02 Demi FrameLens Color: Anti-Blue Light Lens,[],84,1821,300,https://www.amazon.com/product-reviews/B07MZ3LYM1?pageNumber=9&filterByStar=all_stars&sortBy=helpful&formatType=all_formats,allStars,,"{'price': None, 'listPrice': None}",2020-10-02,United States,,B07MZ3LYM1,0.6369
44,44,5,Bye Bye Sore eyes,R3ASK98DBGHFQU,https://www.amazon.com/gp/customer-reviews/R3ASK98DBGHFQU/ref=cm_cr_arp_d_rvw_ttl?ie=UTF8&ASIN=B07MZ3LYM1,5 people found this helpful,"Reviewed in the United States on February 21, 2019",Obsessed with these blue light glasses! I have no more headaches and sore eyes! They are also super trendy! I love that they came in a cute box for storage and also with a travel bag and glasses cleaner!,True,Color: 0c02 Demi FrameLens Color: Anti-Blue Light Lens,[],85,1821,300,https://www.amazon.com/product-reviews/B07MZ3LYM1?pageNumber=9&filterByStar=all_stars&sortBy=helpful&formatType=all_formats,allStars,,"{'price': None, 'listPrice': None}",2019-02-21,United States,,B07MZ3LYM1,0.8521
45,45,2,They look great but sadly...,R1B0QQLU08DUZY,https://www.amazon.com/gp/customer-reviews/R1B0QQLU08DUZY/ref=cm_cr_arp_d_rvw_ttl?ie=UTF8&ASIN=B07MZ3LYM1,,"Reviewed in the United States on August 31, 2022","I like the way they look and they don't really feel cheap, but when I opened the box they came to me scratched to hell. I can't wear them at all because of the blur from how bad it is.",True,Color: 0c02 Demi FrameLens Color: Anti-Blue Light Lens,['https://m.media-amazon.com/images/I/61wOWav2ZjL._SY88.jpg'],86,1821,300,https://www.amazon.com/product-reviews/B07MZ3LYM1?pageNumber=9&filterByStar=all_stars&sortBy=helpful&formatType=all_formats,allStars,,"{'price': None, 'listPrice': None}",2022-08-31,United States,,B07MZ3LYM1,-0.9081
46,46,5,Light and big,R2JCZ7N5V0DQKG,https://www.amazon.com/gp/customer-reviews/R2JCZ7N5V0DQKG/ref=cm_cr_arp_d_rvw_ttl?ie=UTF8&ASIN=B07MZ3LYM1,,"Reviewed in the United States on October 2, 2020",Glasses are pretty big bit it is good for your eyes and weight is light enough. Design is cute!,True,Color: 0c02 Demi FrameLens Color: Anti-Blue Light Lens,[],87,1821,300,https://www.amazon.com/product-reviews/B07MZ3LYM1?pageNumber=9&filterByStar=all_stars&sortBy=helpful&formatType=all_formats,allStars,,"{'price': None, 'listPrice': None}",2020-10-02,United States,,B07MZ3LYM1,0.8553
47,47,5,best blue light,RG7O0DD4WRDUK,https://www.amazon.com/gp/customer-reviews/RG7O0DD4WRDUK/ref=cm_cr_arp_d_rvw_ttl?ie=UTF8&ASIN=B07MZ3LYM1,,"Reviewed in the United States on March 11, 2020",the best blue light glasses especially if you want to look a little indie! the frame are thin and cute and protect my eyes from my comintern screen and prevent headaches.,True,Color: 0c02 Demi FrameLens Color: Anti-Blue Light Lens,[],88,1821,300,https://www.amazon.com/product-reviews/B07MZ3LYM1?pageNumber=9&filterByStar=all_stars&sortBy=helpful&formatType=all_formats,allStars,,"{'price': None, 'listPrice': None}",2020-03-11,United States,,B07MZ3LYM1,0.8947
48,48,5,Fits great!,R1UFY03HJ26MDR,https://www.amazon.com/gp/customer-reviews/R1UFY03HJ26MDR/ref=cm_cr_arp_d_rvw_ttl?ie=UTF8&ASIN=B07MZ3LYM1,,"Reviewed in the United States on July 23, 2020",I love these glasses. They relieve my any eye strain that causes me to get headaches plus they’re super cute!!,True,Color: 0c02 Demi FrameLens Color: Anti-Blue Light Lens,['https://images-na.ssl-images-amazon.com/images/I/61O-xABN3GL._SY88.jpg'],89,1821,300,https://www.amazon.com/product-reviews/B07MZ3LYM1?pageNumber=9&filterByStar=all_stars&sortBy=helpful&formatType=all_formats,allStars,,"{'price': None, 'listPrice': None}",2020-07-23,United States,,B07MZ3LYM1,0.9323
49,49,5,BEST PURCHASE YET!,R26YYBS93B42B5,https://www.amazon.com/gp/customer-reviews/R26YYBS93B42B5/ref=cm_cr_arp_d_rvw_ttl?ie=UTF8&ASIN=B07MZ3LYM1,One person found this helpful,"Reviewed in the United States on August 25, 2020",My absolute Fav pair of blue light glasses so far. They actually work and are absolutely ADORABLE! Love love love!,True,Color: 0c02 Demi FrameLens Color: Anti-Blue Light Lens,['https://images-na.ssl-images-amazon.com/images/I/71LDQgjjnFL._SY88.jpg'],90,1821,300,https://www.amazon.com/product-reviews/B07MZ3LYM1?pageNumber=9&filterByStar=all_stars&sortBy=helpful&formatType=all_formats,allStars,,"{'price': None, 'listPrice': None}",2020-08-25,United States,,B07MZ3LYM1,0.9726
50,50,5,LOVE!!!!,R3L0H84VHGSKVR,https://www.amazon.com/gp/customer-reviews/R3L0H84VHGSKVR/ref=cm_cr_arp_d_rvw_ttl?ie=UTF8&ASIN=B07MZ3LYM1,,"Reviewed in the United States on September 26, 2019","Very happy with these glasses.Really works & worked immediately in relieving my migraines. My eyes have not felt sore after a long day at work looking at computers. Worried they may be a tad too big for my face, but they turned out just right- I get compliments whenever I have them on :)Highly recommend!",True,Color: 0c02 Demi FrameLens Color: Anti-Blue Light Lens,[],51,1821,300,https://www.amazon.com/product-reviews/B07MZ3LYM1?pageNumber=6&filterByStar=all_stars&sortBy=helpful&formatType=all_formats,allStars,,"{'price': None, 'listPrice': None}",2019-09-26,United States,,B07MZ3LYM1,0.8832
51,51,5,Blue Light Glasses for the win!,R2BYV0RLSTCN2W,https://www.amazon.com/gp/customer-reviews/R2BYV0RLSTCN2W/ref=cm_cr_arp_d_rvw_ttl?ie=UTF8&ASIN=B07MZ3LYM1,,"Reviewed in the United States on December 8, 2019","Love these!!! I wear them at work when I have contacts in, and I absolutely notice a difference from when I don’t wear them. My eyes get so much more tired and irritated when I’m staring at a computer screen all day without these on. The style is super cute and very lightweight!",True,Color: 0c02 Demi FrameLens Color: Anti-Blue Light Lens,['https://images-na.ssl-images-amazon.com/images/I/713wQkm6MHL._SY88.jpg'],52,1821,300,https://www.amazon.com/product-reviews/B07MZ3LYM1?pageNumber=6&filterByStar=all_stars&sortBy=helpful&formatType=all_formats,allStars,,"{'price': None, 'listPrice': None}",2019-12-08,United States,,B07MZ3LYM1,0.7613
52,52,5,Hottest blue light round glasses!,R1HRID8ZCBF531,https://www.amazon.com/gp/customer-reviews/R1HRID8ZCBF531/ref=cm_cr_arp_d_rvw_ttl?ie=UTF8&ASIN=B07MZ3LYM1,One person found this helpful,"Reviewed in the United States on October 21, 2020","Love the round shape of these glasses the most. It’s super lightweight and does the perfect job for working from home. The quality of glasses from this company has always been up to par and exceeds my expectations. I highly recommend these glasses, you will like them!",True,Color: 0c02 Demi FrameLens Color: Anti-Blue Light Lens,['https://images-na.ssl-images-amazon.com/images/I/61JaX9o4HyL._SY88.jpg'],53,1821,300,https://www.amazon.com/product-reviews/B07MZ3LYM1?pageNumber=6&filterByStar=all_stars&sortBy=helpful&formatType=all_formats,allStars,,"{'price': None, 'listPrice': None}",2020-10-21,United States,,B07MZ3LYM1,0.9563
53,53,5,So cute,R12RKVDUHJLBQ0,https://www.amazon.com/gp/customer-reviews/R12RKVDUHJLBQ0/ref=cm_cr_arp_d_rvw_ttl?ie=UTF8&ASIN=B07MZ3LYM1,,"Reviewed in the United States on July 22, 2022",So cute,True,Color: 0c02 Demi FrameLens Color: Anti-Blue Light Lens,[],54,1821,300,https://www.amazon.com/product-reviews/B07MZ3LYM1?pageNumber=6&filterByStar=all_stars&sortBy=helpful&formatType=all_formats,allStars,,"{'price': None, 'listPrice': None}",2022-07-22,United States,,B07MZ3LYM1,0.5095
54,54,3,Broken blue light,R2RZK1RBHS92NO,https://www.amazon.com/gp/customer-reviews/R2RZK1RBHS92NO/ref=cm_cr_arp_d_rvw_ttl?ie=UTF8&ASIN=B07MZ3LYM1,One person found this helpful,"Reviewed in the United States on July 23, 2020","The glasses are in great condition, and fit perfectly, However, I just received my order and the object that releases blue light doesn't work. It came broken, and won't allow me to complete the blue light test. In addition, there seems to be no difference when looking at any screen with them on, and give me some headaches.",True,Color: 0c02 Demi FrameLens Color: Anti-Blue Light Lens,[],55,1821,300,https://www.amazon.com/product-reviews/B07MZ3LYM1?pageNumber=6&filterByStar=all_stars&sortBy=helpful&formatType=all_formats,allStars,,"{'price': None, 'listPrice': None}",2020-07-23,United States,,B07MZ3LYM1,0.7035
55,55,5,Great glasses!,R3O9UOFNUGQS79,https://www.amazon.com/gp/customer-reviews/R3O9UOFNUGQS79/ref=cm_cr_arp_d_rvw_ttl?ie=UTF8&ASIN=B07MZ3LYM1,,"Reviewed in the United States on April 9, 2021","I love these! I bought them because I work from my phone, and I also get headaches from bright lighting in general. Works really well for me and they look really cute",True,Color: 0c02 Demi FrameLens Color: Anti-Blue Light Lens,[],56,1821,300,https://www.amazon.com/product-reviews/B07MZ3LYM1?pageNumber=6&filterByStar=all_stars&sortBy=helpful&formatType=all_formats,allStars,,"{'price': None, 'listPrice': None}",2021-04-09,United States,,B07MZ3LYM1,0.9198
56,56,5,Great!,R1RHUZSAZTWT3E,https://www.amazon.com/gp/customer-reviews/R1RHUZSAZTWT3E/ref=cm_cr_arp_d_rvw_ttl?ie=UTF8&ASIN=B07MZ3LYM1,,"Reviewed in the United States on April 23, 2022","Great, easy to clean and not too yellow",True,Color: 0c02 Demi FrameLens Color: Anti-Blue Light Lens,[],57,1821,300,https://www.amazon.com/product-reviews/B07MZ3LYM1?pageNumber=6&filterByStar=all_stars&sortBy=helpful&formatType=all_formats,allStars,,"{'price': None, 'listPrice': None}",2022-04-23,United States,,B07MZ3LYM1,0.8658
57,57,5,Son muy livianos,R21N6M1RMPS9QH,https://www.amazon.com/gp/customer-reviews/R21N6M1RMPS9QH/ref=cm_cr_arp_d_rvw_ttl?ie=UTF8&ASIN=B07MZ3LYM1,,"Reviewed in the United States on April 4, 2022","Son exactamente como en la imagen, livianos y cómodos",True,Color: 0c02 Demi FrameLens Color: Anti-Blue Light Lens,[],58,1821,300,https://www.amazon.com/product-reviews/B07MZ3LYM1?pageNumber=6&filterByStar=all_stars&sortBy=helpful&formatType=all_formats,allStars,,"{'price': None, 'listPrice': None}",2022-04-04,United States,,B07MZ3LYM1,0.0
58,58,3,Don't believe they work for everyone,R13CGVQPQ1ALFZ,https://www.amazon.com/gp/customer-reviews/R13CGVQPQ1ALFZ/ref=cm_cr_arp_d_rvw_ttl?ie=UTF8&ASIN=B07MZ3LYM1,,"Reviewed in the United States on January 29, 2022",Work as intended caused some distortion in my reading/viewing. May be exclusive to my own stigmatism,True,Color: 0c02 Demi FrameLens Color: Anti-Blue Light Lens,[],59,1821,300,https://www.amazon.com/product-reviews/B07MZ3LYM1?pageNumber=6&filterByStar=all_stars&sortBy=helpful&formatType=all_formats,allStars,,"{'price': None, 'listPrice': None}",2022-01-29,United States,,B07MZ3LYM1,0.128
59,59,5,Just what I was looking for,R3O1AQPG6JQIYH,https://www.amazon.com/gp/customer-reviews/R3O1AQPG6JQIYH/ref=cm_cr_arp_d_rvw_ttl?ie=UTF8&ASIN=B07MZ3LYM1,,"Reviewed in the United States on February 10, 2020",Just what I was looking for! Super cute and they fit perfectly. The only thing is they are very thin so just be careful with them but other than that excellent glasses. Helps me with being on a computer often and not get headaches.,True,Color: 0c02 Demi FrameLens Color: Anti-Blue Light Lens,[],60,1821,300,https://www.amazon.com/product-reviews/B07MZ3LYM1?pageNumber=6&filterByStar=all_stars&sortBy=helpful&formatType=all_formats,allStars,,"{'price': None, 'listPrice': None}",2020-02-10,United States,,B07MZ3LYM1,0.9515
60,60,4,Really good buy,R213GKYPY4QDYA,https://www.amazon.com/gp/customer-reviews/R213GKYPY4QDYA/ref=cm_cr_arp_d_rvw_ttl?ie=UTF8&ASIN=B07MZ3LYM1,,"Reviewed in the United States on November 9, 2020","I really love these glasses! They’re lightweight and cute, and keep my eyes from getting strained staring at a computer all day. The nose pads feel a little tight but I’m sure if I took the time to properly adjust them it’s not a problem.",True,Color: 0c02 Demi FrameLens Color: Anti-Blue Light Lens,[],31,1821,300,https://www.amazon.com/product-reviews/B07MZ3LYM1?pageNumber=4&filterByStar=all_stars&sortBy=helpful&formatType=all_formats,allStars,,"{'price': None, 'listPrice': None}",2020-11-09,United States,,B07MZ3LYM1,0.8412
61,61,1,Not accurate dimensions,R1VGXMXGO1TVXL,https://www.amazon.com/gp/customer-reviews/R1VGXMXGO1TVXL/ref=cm_cr_arp_d_rvw_ttl?ie=UTF8&ASIN=B07MZ3LYM1,,"Reviewed in the United States on December 29, 2023",I have a narrow face so I only ordered these because they're advertised as 120mm width which is not true. They're over 135 mm in length and I wondered why they looked so oversized on me. I'm disappointed that I'm only just now realizing this as the return window has closed.,True,Color: 0c02 Demi FrameLens Color: Anti-Blue Light Lens,[],32,1821,300,https://www.amazon.com/product-reviews/B07MZ3LYM1?pageNumber=4&filterByStar=all_stars&sortBy=helpful&formatType=all_formats,allStars,,"{'price': None, 'listPrice': None}",2023-12-29,United States,,B07MZ3LYM1,-0.6632
62,62,5,Super cute and super blue light blocking,RJLDG3H4GBKUU,https://www.amazon.com/gp/customer-reviews/RJLDG3H4GBKUU/ref=cm_cr_arp_d_rvw_ttl?ie=UTF8&ASIN=B07MZ3LYM1,,"Reviewed in the United States on January 14, 2023","Lightweight, comfy, and cute!",True,Color: 0c02 Demi FrameLens Color: Anti-Blue Light Lens,[],33,1821,300,https://www.amazon.com/product-reviews/B07MZ3LYM1?pageNumber=4&filterByStar=all_stars&sortBy=helpful&formatType=all_formats,allStars,,"{'price': None, 'listPrice': None}",2023-01-14,United States,,B07MZ3LYM1,0.5093
63,63,5,Such a cute frame!,R2CCFL5J8PO52L,https://www.amazon.com/gp/customer-reviews/R2CCFL5J8PO52L/ref=cm_cr_arp_d_rvw_ttl?ie=UTF8&ASIN=B07MZ3LYM1,,"Reviewed in the United States on May 13, 2019","I am always on my computer and phone, so I had been looking into blue light blocking glasses for a little while.  I had also occasionally had headaches after straining my eye working my my computer all day, so I was really happy when I got these glasses. The frames are so cute and trendy! I did receive these to try out, and I am so happy with  how they have been helping!",True,Color: 0c02 Demi FrameLens Color: Anti-Blue Light Lens,[],34,1821,300,https://www.amazon.com/product-reviews/B07MZ3LYM1?pageNumber=4&filterByStar=all_stars&sortBy=helpful&formatType=all_formats,allStars,,"{'price': None, 'listPrice': None}",2019-05-13,United States,,B07MZ3LYM1,0.9055
64,64,5,Bye Headaches!,R3PUBTZGMST9E7,https://www.amazon.com/gp/customer-reviews/R3PUBTZGMST9E7/ref=cm_cr_arp_d_rvw_ttl?ie=UTF8&ASIN=B07MZ3LYM1,One person found this helpful,"Reviewed in the United States on September 13, 2020",Y’all!! These are the glasses I have been waiting for!!! Bye headaches! I am constantly staring at my computer between my side hustle and full time job. I really used to struggle with headaches and now I don’t have any problems at all! Not to mention how stylish these are! Can you tell I’m a little excited about these?! 10/10 🙌,True,Color: 0c02 Demi FrameLens Color: Anti-Blue Light Lens,['https://images-na.ssl-images-amazon.com/images/I/716rBIZpGCL._SY88.jpg'],35,1821,300,https://www.amazon.com/product-reviews/B07MZ3LYM1?pageNumber=4&filterByStar=all_stars&sortBy=helpful&formatType=all_formats,allStars,,"{'price': None, 'listPrice': None}",2020-09-13,United States,,B07MZ3LYM1,-0.6514
65,65,1,Leaks green stuff on your face,R12SF2XZLQY03Y,https://www.amazon.com/gp/customer-reviews/R12SF2XZLQY03Y/ref=cm_cr_arp_d_rvw_ttl?ie=UTF8&ASIN=B07MZ3LYM1,,"Reviewed in the United States on January 13, 2024","I had green stuff all over my nose out in public, not sure why the glasses are leaking some sort of material onto your face.",True,Color: 0c02 Demi FrameLens Color: Anti-Blue Light Lens,['https://m.media-amazon.com/images/I/61qMYri09cL._SY88.jpg'],36,1821,300,https://www.amazon.com/product-reviews/B07MZ3LYM1?pageNumber=4&filterByStar=all_stars&sortBy=helpful&formatType=all_formats,allStars,,"{'price': None, 'listPrice': None}",2024-01-13,United States,,B07MZ3LYM1,-0.2411
66,66,5,So cute!,R2JXIBS3P160A9,https://www.amazon.com/gp/customer-reviews/R2JXIBS3P160A9/ref=cm_cr_arp_d_rvw_ttl?ie=UTF8&ASIN=B07MZ3LYM1,,"Reviewed in the United States on March 19, 2020","Received this glasses in a timely manner! They are soo cute, exactly how they were pictured online. These could be worn fashionably or lens could be replaced. I have a pair similar so it’s nice to have a different color/style to change up from time to time.",True,Color: 0c02 Demi FrameLens Color: Anti-Blue Light Lens,[],37,1821,300,https://www.amazon.com/product-reviews/B07MZ3LYM1?pageNumber=4&filterByStar=all_stars&sortBy=helpful&formatType=all_formats,allStars,,"{'price': None, 'listPrice': None}",2020-03-19,United States,,B07MZ3LYM1,0.6334
67,67,5,Buy for less headaches,R2M3NWHS444T91,https://www.amazon.com/gp/customer-reviews/R2M3NWHS444T91/ref=cm_cr_arp_d_rvw_ttl?ie=UTF8&ASIN=B07MZ3LYM1,,"Reviewed in the United States on March 27, 2021","I truly never write reviews but these glasses are really amazing. Not only do I feel like they really work as far as reducing headaches, eye fatigue and phone glare, they are extremely lightweight and look so great on. Would buy in other colors. Really great.",True,Color: 0c02 Demi FrameLens Color: Anti-Blue Light Lens,[],38,1821,300,https://www.amazon.com/product-reviews/B07MZ3LYM1?pageNumber=4&filterByStar=all_stars&sortBy=helpful&formatType=all_formats,allStars,,"{'price': None, 'listPrice': None}",2021-03-27,United States,,B07MZ3LYM1,0.98
68,68,5,My new favorite accessory!!,R2Z2Y1FYS0F9EM,https://www.amazon.com/gp/customer-reviews/R2Z2Y1FYS0F9EM/ref=cm_cr_arp_d_rvw_ttl?ie=UTF8&ASIN=B07MZ3LYM1,2 people found this helpful,"Reviewed in the United States on February 11, 2020",I can’t believe I didn’t find these sooner! This is my second pair of SOJOS anti blue light glasses and it won’t be my last pair! So obsessed with how they can make protecting my eyes look so cute. I love them and they have noticeably reduced my headaches! As a photographer these are a must have during my editing hours!!,True,Color: 0c02 Demi FrameLens Color: Anti-Blue Light Lens,['https://images-na.ssl-images-amazon.com/images/I/61QBUrl+31L._SY88.jpg'],39,1821,300,https://www.amazon.com/product-reviews/B07MZ3LYM1?pageNumber=4&filterByStar=all_stars&sortBy=helpful&formatType=all_formats,allStars,,"{'price': None, 'listPrice': None}",2020-02-11,United States,,B07MZ3LYM1,0.8031
69,69,5,Style and Function = A+,R1H9OEXX1B7C8C,https://www.amazon.com/gp/customer-reviews/R1H9OEXX1B7C8C/ref=cm_cr_arp_d_rvw_ttl?ie=UTF8&ASIN=B07MZ3LYM1,,"Reviewed in the United States on October 4, 2020","I love the look and feel of these glasses! I’ve had so many blue light glasses over the past year and this one is my favorite. It’s so comfortable to wear, doesn’t slide off my nose due to the nose padding thing (sorry, don’t know what they’re called!), and they do what they’re meant for!",True,Color: 0c02 Demi FrameLens Color: Anti-Blue Light Lens,[],40,1821,300,https://www.amazon.com/product-reviews/B07MZ3LYM1?pageNumber=4&filterByStar=all_stars&sortBy=helpful&formatType=all_formats,allStars,,"{'price': None, 'listPrice': None}",2020-10-04,United States,,B07MZ3LYM1,0.913
70,70,4,Very nice frame,R2PF63R94CUI30,https://www.amazon.com/gp/customer-reviews/R2PF63R94CUI30/ref=cm_cr_arp_d_rvw_ttl?ie=UTF8&ASIN=B07MZ3LYM1,,"Reviewed in the United States on January 21, 2020","Looks great. Bought it to use with prescripton lenses, haven't done this yet but believe they will work just perfect.",True,Color: 0c02 Demi FrameLens Color: Anti-Blue Light Lens,[],61,1821,300,https://www.amazon.com/product-reviews/B07MZ3LYM1?pageNumber=7&filterByStar=all_stars&sortBy=helpful&formatType=all_formats,allStars,,"{'price': None, 'listPrice': None}",2020-01-21,United States,,B07MZ3LYM1,0.8225
71,71,5,It’s so beautiful,R15NW631BXOGQL,https://www.amazon.com/gp/customer-reviews/R15NW631BXOGQL/ref=cm_cr_arp_d_rvw_ttl?ie=UTF8&ASIN=B07MZ3LYM1,8 people found this helpful,"Reviewed in the United States on March 15, 2020",Love love love Sojos glasses for the price it’s so beautiful and the best part it works. It has anti blue light and it’s best use with your contact lens or just alone.This is my third pair from Sojos.,True,Color: 0c02 Demi FrameLens Color: Anti-Blue Light Lens,"['https://images-na.ssl-images-amazon.com/images/I/61oP8pZ2lPL._SY88.jpg', 'https://images-na.ssl-images-amazon.com/images/I/81MXoWos+4L._SY88.jpg']",62,1821,300,https://www.amazon.com/product-reviews/B07MZ3LYM1?pageNumber=7&filterByStar=all_stars&sortBy=helpful&formatType=all_formats,allStars,,"{'price': None, 'listPrice': None}",2020-03-15,United States,,B07MZ3LYM1,0.9792
72,72,5,Headache gone,R2O3RP4KNOS2TT,https://www.amazon.com/gp/customer-reviews/R2O3RP4KNOS2TT/ref=cm_cr_arp_d_rvw_ttl?ie=UTF8&ASIN=B07MZ3LYM1,,"Reviewed in the United States on July 8, 2020","The style is beautiful, still a bit too large for my face but have gotten used to them. Great for working on the computer all day and have helped a lot with headaches at the end of the day.",True,Color: 0c02 Demi FrameLens Color: Anti-Blue Light Lens,[],63,1821,300,https://www.amazon.com/product-reviews/B07MZ3LYM1?pageNumber=7&filterByStar=all_stars&sortBy=helpful&formatType=all_formats,allStars,,"{'price': None, 'listPrice': None}",2020-07-08,United States,,B07MZ3LYM1,0.8442
73,73,5,My fav pair !,R3IJ08KRQMKIK2,https://www.amazon.com/gp/customer-reviews/R3IJ08KRQMKIK2/ref=cm_cr_arp_d_rvw_ttl?ie=UTF8&ASIN=B07MZ3LYM1,,"Reviewed in the United States on June 17, 2019",These are so cute !! I got two pairs from this site and this style is my fav !! The gold isn’t too gold it’s the perfect shade! The size is medium for the frames which I really love and the product is amazing itself !,True,Color: 0c02 Demi FrameLens Color: Anti-Blue Light Lens,[],64,1821,300,https://www.amazon.com/product-reviews/B07MZ3LYM1?pageNumber=7&filterByStar=all_stars&sortBy=helpful&formatType=all_formats,allStars,,"{'price': None, 'listPrice': None}",2019-06-17,United States,,B07MZ3LYM1,0.9684
74,74,5,WORTH IT,R13WD5H4SJEQ7F,https://www.amazon.com/gp/customer-reviews/R13WD5H4SJEQ7F/ref=cm_cr_arp_d_rvw_ttl?ie=UTF8&ASIN=B07MZ3LYM1,,"Reviewed in the United States on March 18, 2020","These are inexpensive AND cute! Because I constantly spend hours on my electronics for work, I decided to buy a pair. I have noticed a huge difference in my sleep patterns and reduction of headaches!! Totally WORTH IT.",True,Color: 0c02 Demi FrameLens Color: Anti-Blue Light Lens,[],65,1821,300,https://www.amazon.com/product-reviews/B07MZ3LYM1?pageNumber=7&filterByStar=all_stars&sortBy=helpful&formatType=all_formats,allStars,,"{'price': None, 'listPrice': None}",2020-03-18,United States,,B07MZ3LYM1,0.8443
75,75,5,Cute Frames,RTZMQLDBQXLJM,https://www.amazon.com/gp/customer-reviews/RTZMQLDBQXLJM/ref=cm_cr_arp_d_rvw_ttl?ie=UTF8&ASIN=B07MZ3LYM1,,"Reviewed in the United States on September 12, 2021",I love the style of these fashion frames . Very classy look and great fit.,True,Color: 0c02 Demi FrameLens Color: Anti-Blue Light Lens,[],66,1821,300,https://www.amazon.com/product-reviews/B07MZ3LYM1?pageNumber=7&filterByStar=all_stars&sortBy=helpful&formatType=all_formats,allStars,,"{'price': None, 'listPrice': None}",2021-09-12,United States,,B07MZ3LYM1,0.9324
76,76,5,Great product for the price!,RWZVS1JGIO692,https://www.amazon.com/gp/customer-reviews/RWZVS1JGIO692/ref=cm_cr_arp_d_rvw_ttl?ie=UTF8&ASIN=B07MZ3LYM1,,"Reviewed in the United States on November 9, 2020","These glasses are great! They fit my face really well and they seem like very high quality, especially for the price. They look and feel like they should’ve cost more!",True,Color: 0c02 Demi FrameLens Color: Anti-Blue Light Lens,[],67,1821,300,https://www.amazon.com/product-reviews/B07MZ3LYM1?pageNumber=7&filterByStar=all_stars&sortBy=helpful&formatType=all_formats,allStars,,"{'price': None, 'listPrice': None}",2020-11-09,United States,,B07MZ3LYM1,0.9271
77,77,5,Super cute & Great Value,R2M0RTHNHQN4CW,https://www.amazon.com/gp/customer-reviews/R2M0RTHNHQN4CW/ref=cm_cr_arp_d_rvw_ttl?ie=UTF8&ASIN=B07MZ3LYM1,,"Reviewed in the United States on February 29, 2020",These glasses are super cute and feel so light on my face! I feel so stylish when wearing them and they really help my eyes when spending all day editing photos on my computer. Great price too!,True,Color: 0c02 Demi FrameLens Color: Anti-Blue Light Lens,[],68,1821,300,https://www.amazon.com/product-reviews/B07MZ3LYM1?pageNumber=7&filterByStar=all_stars&sortBy=helpful&formatType=all_formats,allStars,,"{'price': None, 'listPrice': None}",2020-02-29,United States,,B07MZ3LYM1,0.939
78,78,5,Super Nice! Exceeded Expectations!,RYEHEHOEBKDDO,https://www.amazon.com/gp/customer-reviews/RYEHEHOEBKDDO/ref=cm_cr_arp_d_rvw_ttl?ie=UTF8&ASIN=B07MZ3LYM1,,"Reviewed in the United States on December 19, 2020",I absolutely love these glasses! I was super shocked by the quality being that they were so inexpensive! They fit my face very nicely! i would definitely recommend!,True,Color: 0c02 Demi FrameLens Color: Anti-Blue Light Lens,[],69,1821,300,https://www.amazon.com/product-reviews/B07MZ3LYM1?pageNumber=7&filterByStar=all_stars&sortBy=helpful&formatType=all_formats,allStars,,"{'price': None, 'listPrice': None}",2020-12-19,United States,,B07MZ3LYM1,0.9622
79,79,5,ACTUALLY blocks blue light,R1KIGBC7BON7VS,https://www.amazon.com/gp/customer-reviews/R1KIGBC7BON7VS/ref=cm_cr_arp_d_rvw_ttl?ie=UTF8&ASIN=B07MZ3LYM1,,"Reviewed in the United States on September 26, 2020","This brand is WAY better than the other competing ""best seller"" blue light brand. I'm a teacher doing virtual school so these have been a lifesaver for the tension headaches.",True,Color: 0c02 Demi FrameLens Color: Anti-Blue Light Lens,[],70,1821,300,https://www.amazon.com/product-reviews/B07MZ3LYM1?pageNumber=7&filterByStar=all_stars&sortBy=helpful&formatType=all_formats,allStars,,"{'price': None, 'listPrice': None}",2020-09-26,United States,,B07MZ3LYM1,0.8625
80,80,5,Solid (so far),RXR1JEM2UHA31,https://www.amazon.com/gp/customer-reviews/RXR1JEM2UHA31/ref=cm_cr_arp_d_rvw_ttl?ie=UTF8&ASIN=B07MZ3LYM1,One person found this helpful,"Reviewed in the United States on March 7, 2021","I just got these glasses and I was impressed with the packaging, extra perks and information that was included. The seller included a box that pulls out to reveal the very cute glasses, a felt glasses holder, glasses cleaner, directions for using and cleaning, a glasses fixit tool (mini Philips and flathead), and even a flashlight and card to prove the workability of the blue light protection. Thank you for the time and consideration you put into this product and for protecting my eyes :)",True,Color: 0c02 Demi FrameLens Color: Anti-Blue Light Lens,[],21,1821,300,https://www.amazon.com/product-reviews/B07MZ3LYM1?pageNumber=3&filterByStar=all_stars&sortBy=helpful&formatType=all_formats,allStars,,"{'price': None, 'listPrice': None}",2021-03-07,United States,,B07MZ3LYM1,0.9117
81,81,3,Can’t close glasses properly,R1KQTFNLPPXXZH,https://www.amazon.com/gp/customer-reviews/R1KQTFNLPPXXZH/ref=cm_cr_arp_d_rvw_ttl?ie=UTF8&ASIN=B07MZ3LYM1,,"Reviewed in the United States on January 30, 2023",I have tried to unscrew the arms to make them close right and it’s not working. So disappointed.,True,Color: 0c02 Demi FrameLens Color: Anti-Blue Light Lens,['https://m.media-amazon.com/images/I/71RcVSclYcL._SY88.jpg'],22,1821,300,https://www.amazon.com/product-reviews/B07MZ3LYM1?pageNumber=3&filterByStar=all_stars&sortBy=helpful&formatType=all_formats,allStars,,"{'price': None, 'listPrice': None}",2023-01-30,United States,,B07MZ3LYM1,0.4158
82,82,5,Love these,RUQVHEZ87RWQJ,https://www.amazon.com/gp/customer-reviews/RUQVHEZ87RWQJ/ref=cm_cr_arp_d_rvw_ttl?ie=UTF8&ASIN=B07MZ3LYM1,One person found this helpful,"Reviewed in the United States on August 31, 2022","Very light and very effective at blocking blue light. I don't get headaches anymore from coding all day, and they look very attractive on my face. I am absolutely satisfied with my purchase!",True,Color: 0c02 Demi FrameLens Color: Anti-Blue Light Lens,[],23,1821,300,https://www.amazon.com/product-reviews/B07MZ3LYM1?pageNumber=3&filterByStar=all_stars&sortBy=helpful&formatType=all_formats,allStars,,"{'price': None, 'listPrice': None}",2022-08-31,United States,,B07MZ3LYM1,0.7968
83,83,5,Cool glasses,R356LCQ8UHSJYH,https://www.amazon.com/gp/customer-reviews/R356LCQ8UHSJYH/ref=cm_cr_arp_d_rvw_ttl?ie=UTF8&ASIN=B07MZ3LYM1,One person found this helpful,"Reviewed in the United States on January 25, 2023",They work really well and they are good frames. Worth the money.,True,Color: 0c02 Demi FrameLens Color: Anti-Blue Light Lens,[],24,1821,300,https://www.amazon.com/product-reviews/B07MZ3LYM1?pageNumber=3&filterByStar=all_stars&sortBy=helpful&formatType=all_formats,allStars,,"{'price': None, 'listPrice': None}",2023-01-25,United States,,B07MZ3LYM1,0.7346
84,84,5,PERFECT,R151T1ANVS9XWY,https://www.amazon.com/gp/customer-reviews/R151T1ANVS9XWY/ref=cm_cr_arp_d_rvw_ttl?ie=UTF8&ASIN=B07MZ3LYM1,24 people found this helpful,"Reviewed in the United States on January 29, 2020","Honestly SO AMAZING. I love these glasses. The lenses are so clear and they’re actually helping my headaches at work from looking at the computer all day! I’m inlove! They’re so stinkin cute and the packaging is excellent. My favorite thing about the glasses is: I have chubby cheeks, so when I smile, my cheeks always rub against any and all glasses and take off my foundation 😩 it’s my pet peeve, but these glasses sit perfectly off of my face, smiling and all, and the only point of contact is the nose pieces!!!! Wonderful. A must have pair of glasses!",True,Color: 0c02 Demi FrameLens Color: Anti-Blue Light Lens,"['https://images-na.ssl-images-amazon.com/images/I/711huvxsaOL._SY88.jpg', 'https://images-na.ssl-images-amazon.com/images/I/71AODWebE8L._SY88.jpg', 'https://images-na.ssl-images-amazon.com/images/I/71HYOYTP8FL._SY88.jpg', 'https://images-na.ssl-images-amazon.com/images/I/71Td41KNS5L._SY88.jpg', 'https://images-na.ssl-images-amazon.com/images/I/71U2dT57hNL._SY88.jpg', 'https://images-na.ssl-images-amazon.com/images/I/71V5eiWa0NL._SY88.jpg']",25,1821,300,https://www.amazon.com/product-reviews/B07MZ3LYM1?pageNumber=3&filterByStar=all_stars&sortBy=helpful&formatType=all_formats,allStars,,"{'price': None, 'listPrice': None}",2020-01-29,United States,,B07MZ3LYM1,0.9878
85,85,5,buy these glasses now!,R9XI6YFE91J2S,https://www.amazon.com/gp/customer-reviews/R9XI6YFE91J2S/ref=cm_cr_arp_d_rvw_ttl?ie=UTF8&ASIN=B07MZ3LYM1,One person found this helpful,"Reviewed in the United States on December 5, 2022","fit well,comfortable,very light and look great on.,price is right try to find these glasses anywhere,forget it,put them on you wont take them off!",True,Color: 0c02 Demi FrameLens Color: Anti-Blue Light Lens,[],26,1821,300,https://www.amazon.com/product-reviews/B07MZ3LYM1?pageNumber=3&filterByStar=all_stars&sortBy=helpful&formatType=all_formats,allStars,,"{'price': None, 'listPrice': None}",2022-12-05,United States,,B07MZ3LYM1,0.784
86,86,5,"Comfortable, look nice. They do seem to cut down the blue light.",R1Y9GLYYAL487D,https://www.amazon.com/gp/customer-reviews/R1Y9GLYYAL487D/ref=cm_cr_arp_d_rvw_ttl?ie=UTF8&ASIN=B07MZ3LYM1,,"Reviewed in the United States on October 25, 2022","Comfortable, look nice. They do seem to cut down the blue light. Haven't worn for extended periods of time but they have worked well so far.",True,Color: 0c02 Demi FrameLens Color: Anti-Blue Light Lens,[],27,1821,300,https://www.amazon.com/product-reviews/B07MZ3LYM1?pageNumber=3&filterByStar=all_stars&sortBy=helpful&formatType=all_formats,allStars,,"{'price': None, 'listPrice': None}",2022-10-25,United States,,B07MZ3LYM1,0.6802
87,87,4,good,R3I6TNYCNVYYQT,https://www.amazon.com/gp/customer-reviews/R3I6TNYCNVYYQT/ref=cm_cr_arp_d_rvw_ttl?ie=UTF8&ASIN=B07MZ3LYM1,,"Reviewed in the United States on September 4, 2020","Stylish looking, They only passed the blue light test from a distance. about 2 feet away they work. I wouldn't use them using my phone while laying in bed looking at memes or anything because it fails that blue light test. However, email and schoolwork is fine unless you sit up close to the desktop.",True,Color: 0c02 Demi FrameLens Color: Anti-Blue Light Lens,[],28,1821,300,https://www.amazon.com/product-reviews/B07MZ3LYM1?pageNumber=3&filterByStar=all_stars&sortBy=helpful&formatType=all_formats,allStars,,"{'price': None, 'listPrice': None}",2020-09-04,United States,,B07MZ3LYM1,-0.25
88,88,5,Lindos lentes 🤍,R36I42JKYE055J,https://www.amazon.com/gp/customer-reviews/R36I42JKYE055J/ref=cm_cr_arp_d_rvw_ttl?ie=UTF8&ASIN=B07MZ3LYM1,One person found this helpful,"Reviewed in the United States on May 5, 2022","Lindos, duraderos, se me han caído, me he sentado arriba, de todo y de más y siguen intactos después de 1 año y medio de uso. Estoy encantada con esta marca.",True,Color: 0c02 Demi FrameLens Color: Anti-Blue Light Lens,['https://m.media-amazon.com/images/I/713eK5V19oL._SY88.jpg'],29,1821,300,https://www.amazon.com/product-reviews/B07MZ3LYM1?pageNumber=3&filterByStar=all_stars&sortBy=helpful&formatType=all_formats,allStars,,"{'price': None, 'listPrice': None}",2022-05-05,United States,,B07MZ3LYM1,0.0
89,89,3,"Cute, but",RJ77W3W3S3A89,https://www.amazon.com/gp/customer-reviews/RJ77W3W3S3A89/ref=cm_cr_arp_d_rvw_ttl?ie=UTF8&ASIN=B07MZ3LYM1,,"Reviewed in the United States on September 8, 2022","Glasses are great, works for what I need them to. but if you’re planning on using these glasses daily, the rubber middle part on the nose bridge will turn green and would not look good.",True,Color: 0c02 Demi FrameLens Color: Anti-Blue Light Lens,[],30,1821,300,https://www.amazon.com/product-reviews/B07MZ3LYM1?pageNumber=3&filterByStar=all_stars&sortBy=helpful&formatType=all_formats,allStars,,"{'price': None, 'listPrice': None}",2022-09-08,United States,,B07MZ3LYM1,-0.1429
