,Unnamed: 0,ratingScore,reviewTitle,reviewId,reviewUrl,reviewReaction,reviewedIn,reviewDescription,isVerified,variant,reviewImages,position,totalCategoryRatings,totalCategoryReviews,reviewCategoryUrl,filterByRating,filterByKeyword,product,date,country,countryCode,productAsin,sentiment_score
0,0,5,"They work, look good and were reasonably priced",R39F8R2HQQUGMJ,https://www.amazon.com/gp/customer-reviews/R39F8R2HQQUGMJ/ref=cm_cr_arp_d_rvw_ttl?ie=UTF8&ASIN=B07RXQ6X2R,2 people found this helpful,"Reviewed in the United States on March 7, 2024","I waited to write a review. I like these glasses. They work well, are comfortable to wear and were reasonably priced. I constantly misplace things, so the five pack is perfect for me. There’s a spring on the hinge, so they don’t break after you take them on and off a lot.I’m happy so far.",True,Color: 5 Mix 1 Gray LensMagnification Strength: 2.25 x,[],1,8536,1219,https://www.amazon.com/product-reviews/B07RXQ6X2R?pageNumber=1&filterByStar=all_stars&sortBy=helpful&formatType=all_formats,allStars,,"{'price': None, 'listPrice': None}",2024-03-07,United States,,B07RXQ6X2R,0.936
1,1,5,Great eyeglasses at a super price,RWPGHVTYS2E97,https://www.amazon.com/gp/customer-reviews/RWPGHVTYS2E97/ref=cm_cr_arp_d_rvw_ttl?ie=UTF8&ASIN=B07RXQ6X2R,2 people found this helpful,"Reviewed in the United States on March 30, 2024","These are my favorite reading glasses.  I need +2.75, which is hard to get.  These look great and are durable, yet come at a fraction of the cost of other reading glasses.",True,Color: 5 MixMagnification Strength: 2.75 x,[],2,8536,1219,https://www.amazon.com/product-reviews/B07RXQ6X2R?pageNumber=1&filterByStar=all_stars&sortBy=helpful&formatType=all_formats,allStars,,"{'price': None, 'listPrice': None}",2024-03-30,United States,,B07RXQ6X2R,0.7717
2,2,4,not bad for inexpensive glasses,R2BTZZXTUYYV0N,https://www.amazon.com/gp/customer-reviews/R2BTZZXTUYYV0N/ref=cm_cr_arp_d_rvw_ttl?ie=UTF8&ASIN=B07RXQ6X2R,,"Reviewed in the United States on March 6, 2024","The glasses are better than I expected, but do the job. I do not expect them to last a long time.",True,Color: 3 Black 2 TortoiseMagnification Strength: 6.0 x,[],3,8536,1219,https://www.amazon.com/product-reviews/B07RXQ6X2R?pageNumber=1&filterByStar=all_stars&sortBy=helpful&formatType=all_formats,allStars,,"{'price': None, 'listPrice': None}",2024-03-06,United States,,B07RXQ6X2R,0.2382
3,3,5,THE EYES HAVE IT!,R2JHQVPH4N2845,https://www.amazon.com/gp/customer-reviews/R2JHQVPH4N2845/ref=cm_cr_arp_d_rvw_ttl?ie=UTF8&ASIN=B07RXQ6X2R,2 people found this helpful,"Reviewed in the United States on February 3, 2024","Sure they're sturdy, light weight and comfortable but more importantly they're so cheap I can buy enough pairs so there is always one pair where where I am when I need it.  I don't know about you but I've been known to loose or break a pair by sitting on them..At the price of these that's not a problem.",True,Color: 5 TortoiseMagnification Strength: 3.5 x,[],4,8536,1219,https://www.amazon.com/product-reviews/B07RXQ6X2R?pageNumber=1&filterByStar=all_stars&sortBy=helpful&formatType=all_formats,allStars,,"{'price': None, 'listPrice': None}",2024-02-03,United States,,B07RXQ6X2R,0.7292
4,4,5,Great set of reading glasses,R1FXRNDIQWIN1T,https://www.amazon.com/gp/customer-reviews/R1FXRNDIQWIN1T/ref=cm_cr_arp_d_rvw_ttl?ie=UTF8&ASIN=B07RXQ6X2R,,"Reviewed in the United States on March 21, 2024",Glasses are stylish and the price is great,True,Color: 5 Mix-2Magnification Strength: 1.0 x,[],5,8536,1219,https://www.amazon.com/product-reviews/B07RXQ6X2R?pageNumber=1&filterByStar=all_stars&sortBy=helpful&formatType=all_formats,allStars,,"{'price': None, 'listPrice': None}",2024-03-21,United States,,B07RXQ6X2R,0.6249
5,5,5,Comfortable. Work great.,R2WW68HH272A4B,https://www.amazon.com/gp/customer-reviews/R2WW68HH272A4B/ref=cm_cr_arp_d_rvw_ttl?ie=UTF8&ASIN=B07RXQ6X2R,,"Reviewed in the United States on March 28, 2024",I got bifocals last year. I told my eye doctor that I still couldn't read or see out of the prescription they gave me for reading. I'm stuck with glasses that I can't read out of. So I tried some on at wally. And found 1.25 is my prescription. I ordered these and they work great. I'm able to read with ease again. The colors are great. Nice big frame but not to big. The guy in the video review shows you how big they will be. That was a big help. I love them.,True,Color: 5 Mix-2Magnification Strength: 1.25 x,[],6,8536,1219,https://www.amazon.com/product-reviews/B07RXQ6X2R?pageNumber=1&filterByStar=all_stars&sortBy=helpful&formatType=all_formats,allStars,,"{'price': None, 'listPrice': None}",2024-03-28,United States,,B07RXQ6X2R,0.9485
6,6,3,"Great style , comfortable & good price but... very poorly made at the hinge.",R3BFDA8Q8E6CU9,https://www.amazon.com/gp/customer-reviews/R3BFDA8Q8E6CU9/ref=cm_cr_arp_d_rvw_ttl?ie=UTF8&ASIN=B07RXQ6X2R,8 people found this helpful,"Reviewed in the United States on April 2, 2023","I really liked the colors offered and the styling. Lenses clean easily. These glasses are comfortable to wear and (while they last) have worked very well. The price was also good.However, unlike most readers (and normal glasses) I've had, these glasses have a design or build flaw that causes them to break at the hinge in two ways:  1.  The temple plastic breaks on the exterior of the hinge. This is repairable but you look slightly like  a Hanson brother from Slapshot.  2.  The plastic deteriorates around the metal hinge embedded in the rims. Then, the hinge falls out. No  way to ""Hanson bro"" that one.My experience:After 1 month of modest use, the right temple broke (per ""1."") on 2 different glasses. I used clear tape to fix (Hanson bro) but then, after another month, both hinges (on opposite side) went the way of ""2."". After another 3 months, two others had the ""2."" defect. At this time, 4 of 5 of the glasses are irreparable.I used these at work (traveling) and at home. Can't afford to have these break on the road while working.Suggestion to all who read this:Shop around for a set of reliable readers. The extra money will likely be worth it.",True,Color: 5 MixMagnification Strength: 1.5 x,[],7,8536,1219,https://www.amazon.com/product-reviews/B07RXQ6X2R?pageNumber=1&filterByStar=all_stars&sortBy=helpful&formatType=all_formats,allStars,,"{'price': None, 'listPrice': None}",2023-04-02,United States,,B07RXQ6X2R,0.6601
7,7,5,Working,R2ST4D12DNHQ6Q,https://www.amazon.com/gp/customer-reviews/R2ST4D12DNHQ6Q/ref=cm_cr_arp_d_rvw_ttl?ie=UTF8&ASIN=B07RXQ6X2R,,"Reviewed in the United States on March 10, 2024","I carry two pair of reading glasses with me when traveling, just in case. Both broke on me on a recent trip (these things do not age well). So, replacement time. These seem decent. They're clear. Magnification is accurate. They fit my head fine. Overall, good replacement set. We'll see how long these last.",True,Color: 5 MixMagnification Strength: 1.5 x,[],8,8536,1219,https://www.amazon.com/product-reviews/B07RXQ6X2R?pageNumber=1&filterByStar=all_stars&sortBy=helpful&formatType=all_formats,allStars,,"{'price': None, 'listPrice': None}",2024-03-10,United States,,B07RXQ6X2R,0.7906
8,8,5,Great Pack!,R3L8IV796FR4WA,https://www.amazon.com/gp/customer-reviews/R3L8IV796FR4WA/ref=cm_cr_arp_d_rvw_ttl?ie=UTF8&ASIN=B07RXQ6X2R,,"Reviewed in the United States on April 6, 2024",I have purchased these a few times because of their durability and mix of colors! Both my husband and I wear them as they are versatile and trendy. I tend to lose or break my reading glasses all the time and these tend to last longer than most - so that is a total win in my book. Will purchase again soon I am sure!,True,Color: 5 MixMagnification Strength: 2.0 x,[],9,8536,1219,https://www.amazon.com/product-reviews/B07RXQ6X2R?pageNumber=1&filterByStar=all_stars&sortBy=helpful&formatType=all_formats,allStars,,"{'price': None, 'listPrice': None}",2024-04-06,United States,,B07RXQ6X2R,0.6103
9,9,4,Cheap and well made,R2MRL8D6CBYQE7,https://www.amazon.com/gp/customer-reviews/R2MRL8D6CBYQE7/ref=cm_cr_arp_d_rvw_ttl?ie=UTF8&ASIN=B07RXQ6X2R,,"Reviewed in the United States on March 19, 2024",These are excellent reading glasses for the money I recommend them highly. Quick shipping good packaging and decent quality.,True,Color: 5 MixMagnification Strength: 6.0 x,[],10,8536,1219,https://www.amazon.com/product-reviews/B07RXQ6X2R?pageNumber=1&filterByStar=all_stars&sortBy=helpful&formatType=all_formats,allStars,,"{'price': None, 'listPrice': None}",2024-03-19,United States,,B07RXQ6X2R,0.8542
10,10,3,Wear it,RI2DNCPDBJ16W,https://www.amazon.com/gp/customer-reviews/RI2DNCPDBJ16W/ref=cm_cr_arp_d_rvw_ttl?ie=UTF8&ASIN=B07RXQ6X2R,,"Reviewed in the United States on March 15, 2024",Get your package here,True,,[],41,8536,1219,https://www.amazon.com/product-reviews/B07RXQ6X2R?pageNumber=5&filterByStar=all_stars&sortBy=helpful&formatType=all_formats,allStars,,"{'price': None, 'listPrice': None}",2024-03-15,United States,,B07RXQ6X2R,0.0
11,11,5,Excellent quality reading glasses at such an affordable price...,R3GJJ7MTOOEC8X,https://www.amazon.com/gp/customer-reviews/R3GJJ7MTOOEC8X/ref=cm_cr_arp_d_rvw_ttl?ie=UTF8&ASIN=B07RXQ6X2R,,"Reviewed in the United States on January 7, 2024",I love the design and quality of these reading glasses. They are so reasnably priced that I wouldn't feel terrible if I misplace a pair or two. They are light weight and very comfortable to wear.,True,Color: 5 TortoiseMagnification Strength: 1.25 x,[],42,8536,1219,https://www.amazon.com/product-reviews/B07RXQ6X2R?pageNumber=5&filterByStar=all_stars&sortBy=helpful&formatType=all_formats,allStars,,"{'price': None, 'listPrice': None}",2024-01-07,United States,,B07RXQ6X2R,0.8846
12,12,5,Good quality,RDVBEFMD5VUS4,https://www.amazon.com/gp/customer-reviews/RDVBEFMD5VUS4/ref=cm_cr_arp_d_rvw_ttl?ie=UTF8&ASIN=B07RXQ6X2R,,"Reviewed in the United States on January 10, 2024","Nice array of readers, I really like the sunglass option.  Both my husband and myself are using them so I have made them unisex!",True,Color: 5 Mix 1 Gray LensMagnification Strength: 2.75 x,[],43,8536,1219,https://www.amazon.com/product-reviews/B07RXQ6X2R?pageNumber=5&filterByStar=all_stars&sortBy=helpful&formatType=all_formats,allStars,,"{'price': None, 'listPrice': None}",2024-01-10,United States,,B07RXQ6X2R,0.7082
13,13,3,This keeps happening,R1S3Z55B3A9FT5,https://www.amazon.com/gp/customer-reviews/R1S3Z55B3A9FT5/ref=cm_cr_arp_d_rvw_ttl?ie=UTF8&ASIN=B07RXQ6X2R,,"Reviewed in the United States on December 8, 2023","I love these glasses. The style, size, colors. I’ve purchased the 5 pack three times already. The first lasted quite some time. I recently ordered extra so that I could keep them in more locations … And then three of them broke. All in the same spot as what’s shown above, the corner. In the new pack, the glasses broke almost immediately on at least two more. I got a third five pack and this blue one just broke. I have barely used them.  Did something change?  The first pack lasted so much longer. Disappointed as I do love them.",True,Color: 5 Mix-2Magnification Strength: 2.25 x,"['https://m.media-amazon.com/images/I/611xuTBdogL._SY88.jpg', 'https://m.media-amazon.com/images/I/61CSR7gKMTL._SY88.jpg']",44,8536,1219,https://www.amazon.com/product-reviews/B07RXQ6X2R?pageNumber=5&filterByStar=all_stars&sortBy=helpful&formatType=all_formats,allStars,,"{'price': None, 'listPrice': None}",2023-12-08,United States,,B07RXQ6X2R,-0.3321
14,14,3,Measurement Wrong,R13HVRVVRHJJQ9,https://www.amazon.com/gp/customer-reviews/R13HVRVVRHJJQ9/ref=cm_cr_arp_d_rvw_ttl?ie=UTF8&ASIN=B07RXQ6X2R,,"Reviewed in the United States on February 14, 2024","The description says they are 128mm wide, they are actually 140 mm wide",True,Color: 5 MixMagnification Strength: 1.75 x,[],45,8536,1219,https://www.amazon.com/product-reviews/B07RXQ6X2R?pageNumber=5&filterByStar=all_stars&sortBy=helpful&formatType=all_formats,allStars,,"{'price': None, 'listPrice': None}",2024-02-14,United States,,B07RXQ6X2R,0.0
15,15,5,A bargain for the cost,RBH0FLWOKP6GX,https://www.amazon.com/gp/customer-reviews/RBH0FLWOKP6GX/ref=cm_cr_arp_d_rvw_ttl?ie=UTF8&ASIN=B07RXQ6X2R,,"Reviewed in the United States on January 10, 2024",Great to have these glasses so I can leave a pair in every room. Now no more searching,True,Color: 3 Black 2 TortoiseMagnification Strength: 2.5 x,[],46,8536,1219,https://www.amazon.com/product-reviews/B07RXQ6X2R?pageNumber=5&filterByStar=all_stars&sortBy=helpful&formatType=all_formats,allStars,,"{'price': None, 'listPrice': None}",2024-01-10,United States,,B07RXQ6X2R,0.3446
16,16,5,Great style,R16LND7IX91UXW,https://www.amazon.com/gp/customer-reviews/R16LND7IX91UXW/ref=cm_cr_arp_d_rvw_ttl?ie=UTF8&ASIN=B07RXQ6X2R,,"Reviewed in the United States on January 12, 2024",Great glasses luv the style and fit .. so worth the money and comes with case,True,Color: 3 Black 2 TortoiseMagnification Strength: 1.75 x,[],47,8536,1219,https://www.amazon.com/product-reviews/B07RXQ6X2R?pageNumber=5&filterByStar=all_stars&sortBy=helpful&formatType=all_formats,allStars,,"{'price': None, 'listPrice': None}",2024-01-12,United States,,B07RXQ6X2R,0.8313
17,17,3,Break Easily,R1JKMGC21ARZQ6,https://www.amazon.com/gp/customer-reviews/R1JKMGC21ARZQ6/ref=cm_cr_arp_d_rvw_ttl?ie=UTF8&ASIN=B07RXQ6X2R,,"Reviewed in the United States on December 26, 2023","The glasses are lightweight and the color selection is good. The frames are very thin and rather flimsy. I tend to take my reading glasses on and off a lot, in and out of purses and pockets.  I have broken the sides off of two pairs, and cracked the frames in another pair. Perhaps I just expected them to be better.",True,Color: 5 MixMagnification Strength: 2.5 x,[],48,8536,1219,https://www.amazon.com/product-reviews/B07RXQ6X2R?pageNumber=5&filterByStar=all_stars&sortBy=helpful&formatType=all_formats,allStars,,"{'price': None, 'listPrice': None}",2023-12-26,United States,,B07RXQ6X2R,0.4019
18,18,5,Great reading glasses,R2HJ3SP435Z234,https://www.amazon.com/gp/customer-reviews/R2HJ3SP435Z234/ref=cm_cr_arp_d_rvw_ttl?ie=UTF8&ASIN=B07RXQ6X2R,,"Reviewed in the United States on November 9, 2023",Very nice glasses.  I love all the different colors.  They all come with there own case.  I bought one pair at a local store and they only lasted 1 month and paid $11.00. On Prime day I bought 5 pairs for $10.00. What a great deal!  They are better quality then what I thought and hoped for and I still have all 5.,True,Color: 5 MixMagnification Strength: 3.0 x,[],49,8536,1219,https://www.amazon.com/product-reviews/B07RXQ6X2R?pageNumber=5&filterByStar=all_stars&sortBy=helpful&formatType=all_formats,allStars,,"{'price': None, 'listPrice': None}",2023-11-09,United States,,B07RXQ6X2R,0.9549
19,19,4,Flimsy/Would Buy Again,R1LD5DIVJLV5ZU,https://www.amazon.com/gp/customer-reviews/R1LD5DIVJLV5ZU/ref=cm_cr_arp_d_rvw_ttl?ie=UTF8&ASIN=B07RXQ6X2R,2 people found this helpful,"Reviewed in the United States on July 11, 2023",They look cute though! But they break easily. UPDATE: I was contacted by the seller offering me a full refund without returning the glasses.  I found that to be very nice and generous... however I declined because I am still using them and I like them.  My suggestion to the seller is to improve the integrity of the product. Because of the price point I would buy these again.,True,Color: 5 Mix-2Magnification Strength: 1.75 x,[],50,8536,1219,https://www.amazon.com/product-reviews/B07RXQ6X2R?pageNumber=5&filterByStar=all_stars&sortBy=helpful&formatType=all_formats,allStars,,"{'price': None, 'listPrice': None}",2023-07-11,United States,,B07RXQ6X2R,0.964
20,20,5,Love the assortment of colors,R2J1AHWARSD5LG,https://www.amazon.com/gp/customer-reviews/R2J1AHWARSD5LG/ref=cm_cr_arp_d_rvw_ttl?ie=UTF8&ASIN=B07RXQ6X2R,,"Reviewed in the United States on January 26, 2024",I absolutely loved the assortment of colors in this pack. Every single one is adorable!!!!!! Too bad you can only wear one at a time.,True,Color: 5 MixMagnification Strength: 1.0 x,[],31,8536,1219,https://www.amazon.com/product-reviews/B07RXQ6X2R?pageNumber=4&filterByStar=all_stars&sortBy=helpful&formatType=all_formats,allStars,,"{'price': None, 'listPrice': None}",2024-01-26,United States,,B07RXQ6X2R,0.4331
21,21,5,Reading Glasses,R3UK5KYXZ45SCT,https://www.amazon.com/gp/customer-reviews/R3UK5KYXZ45SCT/ref=cm_cr_arp_d_rvw_ttl?ie=UTF8&ASIN=B07RXQ6X2R,,"Reviewed in the United States on January 29, 2024",My wife and I both love them. The glasses look good on us and feel substantial  .,True,Color: 5 MixMagnification Strength: 3.0 x,[],32,8536,1219,https://www.amazon.com/product-reviews/B07RXQ6X2R?pageNumber=4&filterByStar=all_stars&sortBy=helpful&formatType=all_formats,allStars,,"{'price': None, 'listPrice': None}",2024-01-29,United States,,B07RXQ6X2R,0.836
22,22,5,Dependable.,R2Q7SCMP1T45TF,https://www.amazon.com/gp/customer-reviews/R2Q7SCMP1T45TF/ref=cm_cr_arp_d_rvw_ttl?ie=UTF8&ASIN=B07RXQ6X2R,,"Reviewed in the United States on January 29, 2024",They take a beating with me but keep me seeing what I need to see.,True,Color: 5 MixMagnification Strength: 3.0 x,[],33,8536,1219,https://www.amazon.com/product-reviews/B07RXQ6X2R?pageNumber=4&filterByStar=all_stars&sortBy=helpful&formatType=all_formats,allStars,,"{'price': None, 'listPrice': None}",2024-01-29,United States,,B07RXQ6X2R,-0.25
23,23,4,Love the glasses!,R3MAXON1XR3R5N,https://www.amazon.com/gp/customer-reviews/R3MAXON1XR3R5N/ref=cm_cr_arp_d_rvw_ttl?ie=UTF8&ASIN=B07RXQ6X2R,,"Reviewed in the United States on October 26, 2023","Stylish, and a great fit! Absolutely love them. But, I received 2.0 instead by of 1.5. I had to rebuy another set. The package was either mismarked or the wrong glasses were in the box. So I’m out 16.00.",True,Color: 5 MixMagnification Strength: 1.5 x,[],34,8536,1219,https://www.amazon.com/product-reviews/B07RXQ6X2R?pageNumber=4&filterByStar=all_stars&sortBy=helpful&formatType=all_formats,allStars,,"{'price': None, 'listPrice': None}",2023-10-26,United States,,B07RXQ6X2R,0.2934
24,24,5,Nice size,R2EMZW13DKVKAA,https://www.amazon.com/gp/customer-reviews/R2EMZW13DKVKAA/ref=cm_cr_arp_d_rvw_ttl?ie=UTF8&ASIN=B07RXQ6X2R,,"Reviewed in the United States on January 31, 2024",I like the size of the frames. Not too large.,True,Color: 5 MixMagnification Strength: 2.5 x,[],35,8536,1219,https://www.amazon.com/product-reviews/B07RXQ6X2R?pageNumber=4&filterByStar=all_stars&sortBy=helpful&formatType=all_formats,allStars,,"{'price': None, 'listPrice': None}",2024-01-31,United States,,B07RXQ6X2R,0.3612
25,25,4,Very nice overall but I either lose them or break them,R3UX0I0G5PH9U5,https://www.amazon.com/gp/customer-reviews/R3UX0I0G5PH9U5/ref=cm_cr_arp_d_rvw_ttl?ie=UTF8&ASIN=B07RXQ6X2R,One person found this helpful,"Reviewed in the United States on August 30, 2023","These are very nice glasses, stylish, not too flashy, arrive quickly, great price, and help me read what is otherwise not very readable for me.  This is the second set that I have purchased in the past year or so.  I have lost a few here and there, but I have also had several of them break, and always right next to the hinge, when I drop them or they get some unusual pressure.  Wish they were just a little sturdier.",True,Color: 5 MixMagnification Strength: 1.5 x,[],36,8536,1219,https://www.amazon.com/product-reviews/B07RXQ6X2R?pageNumber=4&filterByStar=all_stars&sortBy=helpful&formatType=all_formats,allStars,,"{'price': None, 'listPrice': None}",2023-08-30,United States,,B07RXQ6X2R,0.4132
26,26,3,Works in a pinch.,R1DR198MRYWMMU,https://www.amazon.com/gp/customer-reviews/R1DR198MRYWMMU/ref=cm_cr_arp_d_rvw_ttl?ie=UTF8&ASIN=B07RXQ6X2R,,"Reviewed in the United States on February 8, 2024","I bought these glasses to serve as travel readers with little expectation of quality or design. I got what I expected. The view through the lenses is good, but they are cheaply made and not sturdy at all. The sunglasses that came with the pack are garbage with an ugly grey lens color that isn't worth wearing at all.",True,Color: 5 Mix 1 Gray LensMagnification Strength: 2.0 x,[],37,8536,1219,https://www.amazon.com/product-reviews/B07RXQ6X2R?pageNumber=4&filterByStar=all_stars&sortBy=helpful&formatType=all_formats,allStars,,"{'price': None, 'listPrice': None}",2024-02-08,United States,,B07RXQ6X2R,-0.6368
27,27,3,Product Mislabeled,R289ABI4RBWMG3,https://www.amazon.com/gp/customer-reviews/R289ABI4RBWMG3/ref=cm_cr_arp_d_rvw_ttl?ie=UTF8&ASIN=B07RXQ6X2R,,"Reviewed in the United States on February 13, 2024",I had to return these because the lens number/strength on the box didn't match the lens number/strength on the sticker that was on the glasses. I wasn't sure which was correct so I returned them which is too bad because they were great looking glasses.,True,Color: 5 MixMagnification Strength: 1.5 x,[],38,8536,1219,https://www.amazon.com/product-reviews/B07RXQ6X2R?pageNumber=4&filterByStar=all_stars&sortBy=helpful&formatType=all_formats,allStars,,"{'price': None, 'listPrice': None}",2024-02-13,United States,,B07RXQ6X2R,-0.0931
28,28,5,I loves these glasses!,R935ZYKM503XG,https://www.amazon.com/gp/customer-reviews/R935ZYKM503XG/ref=cm_cr_arp_d_rvw_ttl?ie=UTF8&ASIN=B07RXQ6X2R,,"Reviewed in the United States on January 24, 2024",These glasses are light weight and very comfortable. I will buy more of these when needed.,True,Color: 3 Black 2 TortoiseMagnification Strength: 2.75 x,[],39,8536,1219,https://www.amazon.com/product-reviews/B07RXQ6X2R?pageNumber=4&filterByStar=all_stars&sortBy=helpful&formatType=all_formats,allStars,,"{'price': None, 'listPrice': None}",2024-01-24,United States,,B07RXQ6X2R,0.5563
29,29,3,"Work well, too big",R2QO34NZJETHUD,https://www.amazon.com/gp/customer-reviews/R2QO34NZJETHUD/ref=cm_cr_arp_d_rvw_ttl?ie=UTF8&ASIN=B07RXQ6X2R,One person found this helpful,"Reviewed in the United States on March 1, 2024","These correct my vision well, but they're too big across my face as well as in the temple length. They're always falling off",True,Color: 5 Mix 1 Gray LensMagnification Strength: 2.5 x,[],40,8536,1219,https://www.amazon.com/product-reviews/B07RXQ6X2R?pageNumber=4&filterByStar=all_stars&sortBy=helpful&formatType=all_formats,allStars,,"{'price': None, 'listPrice': None}",2024-03-01,United States,,B07RXQ6X2R,0.4215
30,30,5,Work great for reading outside,RSRW40JHA8PEZ,https://www.amazon.com/gp/customer-reviews/RSRW40JHA8PEZ/ref=cm_cr_arp_d_rvw_ttl?ie=UTF8&ASIN=B07RXQ6X2R,,"Reviewed in the United States on November 25, 2023",I only wear glasses to read so I was excited to find these. They work great outside. So much better than trying to wear my Oakleys over my reading glasses.,True,Color: 5 Mix 1 Gray LensMagnification Strength: 1.5 x,[],61,8536,1219,https://www.amazon.com/product-reviews/B07RXQ6X2R?pageNumber=7&filterByStar=all_stars&sortBy=helpful&formatType=all_formats,allStars,,"{'price': None, 'listPrice': None}",2023-11-25,United States,,B07RXQ6X2R,0.8737
31,31,3,"Will do the job, not sure for how long",R1VGA1LCWA4632,https://www.amazon.com/gp/customer-reviews/R1VGA1LCWA4632/ref=cm_cr_arp_d_rvw_ttl?ie=UTF8&ASIN=B07RXQ6X2R,One person found this helpful,"Reviewed in the United States on June 16, 2023","Illegally blind and have a lot of trouble with small print. My very expensive prescription readers got stolen when my wife's car got broken in to, so I got these to use until I can replace the stolen ones.What you need to know.They provide a crisp and clear magnificationEach one has it's own very small case  very tight fit.There is a lot of distortion, but it's not an issue reading, only if you move your head, say to quickly look at the TV screen.They are flimsy. I think they'll hold up if they are carefully taken off and put on with BOTH hands. If you pull them off from just one side I think they ll break very quickly.I think they are very good value for the price. Just keep your expectations low. These aren't good quality glasses that you'd get at an Optician. You get what you pay for.",True,Color: 5 MixMagnification Strength: 6.0 x,[],62,8536,1219,https://www.amazon.com/product-reviews/B07RXQ6X2R?pageNumber=7&filterByStar=all_stars&sortBy=helpful&formatType=all_formats,allStars,,"{'price': None, 'listPrice': None}",2023-06-16,United States,,B07RXQ6X2R,0.6648
32,32,5,Quality,R2QG28S7568T38,https://www.amazon.com/gp/customer-reviews/R2QG28S7568T38/ref=cm_cr_arp_d_rvw_ttl?ie=UTF8&ASIN=B07RXQ6X2R,,"Reviewed in the United States on January 4, 2024",Made well,True,Color: 5 MixMagnification Strength: 2.5 x,[],63,8536,1219,https://www.amazon.com/product-reviews/B07RXQ6X2R?pageNumber=7&filterByStar=all_stars&sortBy=helpful&formatType=all_formats,allStars,,"{'price': None, 'listPrice': None}",2024-01-04,United States,,B07RXQ6X2R,0.2732
33,33,5,Very good- great but,R2NCHYNTH7ROX1,https://www.amazon.com/gp/customer-reviews/R2NCHYNTH7ROX1/ref=cm_cr_arp_d_rvw_ttl?ie=UTF8&ASIN=B07RXQ6X2R,,"Reviewed in the United States on December 23, 2023",Glasses came with cases for each. Good clarity.,True,Color: 5 Mix 1 Gray LensMagnification Strength: 4.0 x,[],64,8536,1219,https://www.amazon.com/product-reviews/B07RXQ6X2R?pageNumber=7&filterByStar=all_stars&sortBy=helpful&formatType=all_formats,allStars,,"{'price': None, 'listPrice': None}",2023-12-23,United States,,B07RXQ6X2R,0.6808
34,34,5,Good glasses,R2XCUIE2FFBNGD,https://www.amazon.com/gp/customer-reviews/R2XCUIE2FFBNGD/ref=cm_cr_arp_d_rvw_ttl?ie=UTF8&ASIN=B07RXQ6X2R,,"Reviewed in the United States on December 8, 2023","Third set I've bought (I keep them handy all over the house and garage): consistent quality lenses, comfortable, cheap.",True,Color: 5 MixMagnification Strength: 1.5 x,[],65,8536,1219,https://www.amazon.com/product-reviews/B07RXQ6X2R?pageNumber=7&filterByStar=all_stars&sortBy=helpful&formatType=all_formats,allStars,,"{'price': None, 'listPrice': None}",2023-12-08,United States,,B07RXQ6X2R,0.5106
35,35,5,Very Styling,RAEEPLGRPZLYX,https://www.amazon.com/gp/customer-reviews/RAEEPLGRPZLYX/ref=cm_cr_arp_d_rvw_ttl?ie=UTF8&ASIN=B07RXQ6X2R,,"Reviewed in the United States on October 23, 2023",Bought these for my husband who wanted something different from what he previously had.  He is very happy with them!  The fit and style are perfect.  He is very hard on his reading glasses and these are a great price for the number of glasses.,True,Color: 5 MixMagnification Strength: 1.0 x,[],66,8536,1219,https://www.amazon.com/product-reviews/B07RXQ6X2R?pageNumber=7&filterByStar=all_stars&sortBy=helpful&formatType=all_formats,allStars,,"{'price': None, 'listPrice': None}",2023-10-23,United States,,B07RXQ6X2R,0.9348
36,36,3,WRONG MAGNIFICATION,R37FFS8YHT4647,https://www.amazon.com/gp/customer-reviews/R37FFS8YHT4647/ref=cm_cr_arp_d_rvw_ttl?ie=UTF8&ASIN=B07RXQ6X2R,,"Reviewed in the United States on December 29, 2023","Current Magnification is 2.0, which is UNACCEPTABLE.=================Would accept 3.5 OR 4.0 magnification please.",True,Color: 5 MixMagnification Strength: 2.0 x,[],67,8536,1219,https://www.amazon.com/product-reviews/B07RXQ6X2R?pageNumber=7&filterByStar=all_stars&sortBy=helpful&formatType=all_formats,allStars,,"{'price': None, 'listPrice': None}",2023-12-29,United States,,B07RXQ6X2R,0.7845
37,37,5,Nice glasses,R2XD7VRG69PKAO,https://www.amazon.com/gp/customer-reviews/R2XD7VRG69PKAO/ref=cm_cr_arp_d_rvw_ttl?ie=UTF8&ASIN=B07RXQ6X2R,,"Reviewed in the United States on November 29, 2023",My dad loves his glasses. He can read his messages a lot better.,True,Color: 5 MixMagnification Strength: 3.5 x,[],68,8536,1219,https://www.amazon.com/product-reviews/B07RXQ6X2R?pageNumber=7&filterByStar=all_stars&sortBy=helpful&formatType=all_formats,allStars,,"{'price': None, 'listPrice': None}",2023-11-29,United States,,B07RXQ6X2R,0.765
38,38,3,Wrong item shipped,R29DRCZ7EBB2SR,https://www.amazon.com/gp/customer-reviews/R29DRCZ7EBB2SR/ref=cm_cr_arp_d_rvw_ttl?ie=UTF8&ASIN=B07RXQ6X2R,,"Reviewed in the United States on December 6, 2023",Great glasses that is why I reordered them. They sent the wrong strength. I ordered +1.5 they sent +1.75.,True,Color: 5 MixMagnification Strength: 1.5 x,[],69,8536,1219,https://www.amazon.com/product-reviews/B07RXQ6X2R?pageNumber=7&filterByStar=all_stars&sortBy=helpful&formatType=all_formats,allStars,,"{'price': None, 'listPrice': None}",2023-12-06,United States,,B07RXQ6X2R,0.6369
39,39,2,"Used to be Good, Now the Worst",R1LARFXT7JB1U3,https://www.amazon.com/gp/customer-reviews/R1LARFXT7JB1U3/ref=cm_cr_arp_d_rvw_ttl?ie=UTF8&ASIN=B07RXQ6X2R,,"Reviewed in the United States on March 10, 2024","A pack of 5 used to last months, then they started breaking faster and faster.  These guys have cheaper put on the plastic now and the last five pack lasted a week.  Every pair's frames spontaneously snapped in random spots after 24 to 36 hours wearing.  I sent the last batch back for refund UTTER JUNK AVOID AT ALL COSTS. !!!",True,Color: 5 BlackMagnification Strength: 1.75 x,[],70,8536,1219,https://www.amazon.com/product-reviews/B07RXQ6X2R?pageNumber=7&filterByStar=all_stars&sortBy=helpful&formatType=all_formats,allStars,,"{'price': None, 'listPrice': None}",2024-03-10,United States,,B07RXQ6X2R,-0.5871
40,40,5,Perfect cheaters,RSW4DQ33P2QY4,https://www.amazon.com/gp/customer-reviews/RSW4DQ33P2QY4/ref=cm_cr_arp_d_rvw_ttl?ie=UTF8&ASIN=B07RXQ6X2R,,"Reviewed in the United States on February 29, 2024",These are perfect for the person who breaks and loses readers constantly like me.,True,Color: 5 MixMagnification Strength: 2.0 x,[],21,8536,1219,https://www.amazon.com/product-reviews/B07RXQ6X2R?pageNumber=3&filterByStar=all_stars&sortBy=helpful&formatType=all_formats,allStars,,"{'price': None, 'listPrice': None}",2024-02-29,United States,,B07RXQ6X2R,0.5994
41,41,3,Didn't alst long...,R2LA3X6IS9NF4L,https://www.amazon.com/gp/customer-reviews/R2LA3X6IS9NF4L/ref=cm_cr_arp_d_rvw_ttl?ie=UTF8&ASIN=B07RXQ6X2R,,"Reviewed in the United States on April 4, 2024","I wanted to try out these reading glasses because I really liked their shape and the price was good. As of today, out of the five pairs, only two remain. The other three broke at the spring hinges. I did not mishandle them and they were not too tight on my temple. Just not made well I guess. I'm going back to my original brand.",True,Color: 5 MixMagnification Strength: 2.25 x,[],22,8536,1219,https://www.amazon.com/product-reviews/B07RXQ6X2R?pageNumber=3&filterByStar=all_stars&sortBy=helpful&formatType=all_formats,allStars,,"{'price': None, 'listPrice': None}",2024-04-04,United States,,B07RXQ6X2R,0.5689
42,42,5,Stylish,R17ESD50DQ107P,https://www.amazon.com/gp/customer-reviews/R17ESD50DQ107P/ref=cm_cr_arp_d_rvw_ttl?ie=UTF8&ASIN=B07RXQ6X2R,,"Reviewed in the United States on January 29, 2024","I love these glasses. I don't need a very strong prescription and these are perfect. Plus, with 5 pairs I can have them in many places. Unfortunately, I had to return this second set I just bought because the wrong strength was sent. But I turned around and ordered them again. Hopefully, the correct ones will be sent.",True,Color: 5 MixMagnification Strength: 0.5 x,[],23,8536,1219,https://www.amazon.com/product-reviews/B07RXQ6X2R?pageNumber=3&filterByStar=all_stars&sortBy=helpful&formatType=all_formats,allStars,,"{'price': None, 'listPrice': None}",2024-01-29,United States,,B07RXQ6X2R,0.7087
43,43,5,Readers,R17W3MYLY9Z899,https://www.amazon.com/gp/customer-reviews/R17W3MYLY9Z899/ref=cm_cr_arp_d_rvw_ttl?ie=UTF8&ASIN=B07RXQ6X2R,,"Reviewed in the United States on February 20, 2024",Great quality and great value. Stylish for men or women.,True,Color: 5 BlackMagnification Strength: 2.5 x,[],24,8536,1219,https://www.amazon.com/product-reviews/B07RXQ6X2R?pageNumber=3&filterByStar=all_stars&sortBy=helpful&formatType=all_formats,allStars,,"{'price': None, 'listPrice': None}",2024-02-20,United States,,B07RXQ6X2R,0.891
44,44,5,More please!,RM7KN2RMRFZCN,https://www.amazon.com/gp/customer-reviews/RM7KN2RMRFZCN/ref=cm_cr_arp_d_rvw_ttl?ie=UTF8&ASIN=B07RXQ6X2R,,"Reviewed in the United States on January 31, 2024","I lose these so I need bulk. I find them in the car, near a bar, beside a laundry load, in the dirt road, on the table with a ladle!Great product! Send them free please!",True,Color: 5 MixMagnification Strength: 2.5 x,[],25,8536,1219,https://www.amazon.com/product-reviews/B07RXQ6X2R?pageNumber=3&filterByStar=all_stars&sortBy=helpful&formatType=all_formats,allStars,,"{'price': None, 'listPrice': None}",2024-01-31,United States,,B07RXQ6X2R,0.3348
45,45,4,Great value,R1ABL018FRH2PP,https://www.amazon.com/gp/customer-reviews/R1ABL018FRH2PP/ref=cm_cr_arp_d_rvw_ttl?ie=UTF8&ASIN=B07RXQ6X2R,,"Reviewed in the United States on January 14, 2024","Comfortable, good quality.",True,Color: 5clours-2Magnification Strength: 2.5 x,[],26,8536,1219,https://www.amazon.com/product-reviews/B07RXQ6X2R?pageNumber=3&filterByStar=all_stars&sortBy=helpful&formatType=all_formats,allStars,,"{'price': None, 'listPrice': None}",2024-01-14,United States,,B07RXQ6X2R,0.7351
46,46,5,don’t look good on,R3SM4GIHKETTFT,https://www.amazon.com/gp/customer-reviews/R3SM4GIHKETTFT/ref=cm_cr_arp_d_rvw_ttl?ie=UTF8&ASIN=B07RXQ6X2R,,"Reviewed in the United States on February 14, 2024",i thought they would look good.. a bit too large,True,Color: 5 MixMagnification Strength: 3.5 x,[],27,8536,1219,https://www.amazon.com/product-reviews/B07RXQ6X2R?pageNumber=3&filterByStar=all_stars&sortBy=helpful&formatType=all_formats,allStars,,"{'price': None, 'listPrice': None}",2024-02-14,United States,,B07RXQ6X2R,0.0
47,47,5,Perfect !,R29GMYAHAJEQO1,https://www.amazon.com/gp/customer-reviews/R29GMYAHAJEQO1/ref=cm_cr_arp_d_rvw_ttl?ie=UTF8&ASIN=B07RXQ6X2R,,"Reviewed in the United States on February 6, 2024","You get so many glasses at an affordable price,  & they are good quality too.",True,Color: 5 MixMagnification Strength: 2.75 x,[],28,8536,1219,https://www.amazon.com/product-reviews/B07RXQ6X2R?pageNumber=3&filterByStar=all_stars&sortBy=helpful&formatType=all_formats,allStars,,"{'price': None, 'listPrice': None}",2024-02-06,United States,,B07RXQ6X2R,0.4404
48,48,5,Good looking glasses and sturdy.,R2GOYTQIH4UWHE,https://www.amazon.com/gp/customer-reviews/R2GOYTQIH4UWHE/ref=cm_cr_arp_d_rvw_ttl?ie=UTF8&ASIN=B07RXQ6X2R,,"Reviewed in the United States on February 7, 2024",Love the look of the glasses and they seem very sturdy.,True,Color: 5 Mix-2Magnification Strength: 2.5 x,[],29,8536,1219,https://www.amazon.com/product-reviews/B07RXQ6X2R?pageNumber=3&filterByStar=all_stars&sortBy=helpful&formatType=all_formats,allStars,,"{'price': None, 'listPrice': None}",2024-02-07,United States,,B07RXQ6X2R,0.6369
49,49,5,I like em,R307H7HVEP8O4N,https://www.amazon.com/gp/customer-reviews/R307H7HVEP8O4N/ref=cm_cr_arp_d_rvw_ttl?ie=UTF8&ASIN=B07RXQ6X2R,One person found this helpful,"Reviewed in the United States on January 30, 2024","Purchased over 2 years ago and one pair did break, but they still last longer than other glasses I have tried.",True,Color: 3 Black 2 TortoiseMagnification Strength: 2.0 x,[],30,8536,1219,https://www.amazon.com/product-reviews/B07RXQ6X2R?pageNumber=3&filterByStar=all_stars&sortBy=helpful&formatType=all_formats,allStars,,"{'price': None, 'listPrice': None}",2024-01-30,United States,,B07RXQ6X2R,0.0
50,50,5,Cute readers,R1PVJNP2GZLDVB,https://www.amazon.com/gp/customer-reviews/R1PVJNP2GZLDVB/ref=cm_cr_arp_d_rvw_ttl?ie=UTF8&ASIN=B07RXQ6X2R,,"Reviewed in the United States on March 12, 2024","I like that there were multiple glasses in this pack, which we all know are great for placing in various places around the house and your work space. Bonus is that they are cute and not heavy. Very happy with this purchase.",True,Color: 5 MixMagnification Strength: 1.75 x,[],11,8536,1219,https://www.amazon.com/product-reviews/B07RXQ6X2R?pageNumber=2&filterByStar=all_stars&sortBy=helpful&formatType=all_formats,allStars,,"{'price': None, 'listPrice': None}",2024-03-12,United States,,B07RXQ6X2R,0.8716
51,51,5,Good value,R1XX6N8DQ3RB3L,https://www.amazon.com/gp/customer-reviews/R1XX6N8DQ3RB3L/ref=cm_cr_arp_d_rvw_ttl?ie=UTF8&ASIN=B07RXQ6X2R,,"Reviewed in the United States on January 26, 2024","I like having multiple pairs of reading glasses since I tend to misplace them. These are pretty good quality for the price. I carry a pair in my sweater pocket at work and they haven't scratched yet even when they fell out of the case in my pocet, which also had a pen in it. They do smudge fairly easily so I keep a microfiber cloth with them. (I cut a microfiber cleaning cloth into 4 pieces, which fit nicely in a hard case with the glasses.) They fit me perfectly. Once I lose them all, which will probably be by the summer lol, I'll order another set. I have them in every room and an extra pair at work for when I forget to bring them.",True,Color: 5 MixMagnification Strength: 1.5 x,[],12,8536,1219,https://www.amazon.com/product-reviews/B07RXQ6X2R?pageNumber=2&filterByStar=all_stars&sortBy=helpful&formatType=all_formats,allStars,,"{'price': None, 'listPrice': None}",2024-01-26,United States,,B07RXQ6X2R,0.9571
52,52,4,Replacement for a frequent eyeglass loser,R2RW309ZNINDCQ,https://www.amazon.com/gp/customer-reviews/R2RW309ZNINDCQ/ref=cm_cr_arp_d_rvw_ttl?ie=UTF8&ASIN=B07RXQ6X2R,,"Reviewed in the United States on March 7, 2024","These were the perfect backups for all the glasses I lose in my house, car, and work!",True,Color: 5 MixMagnification Strength: 2.25 x,[],13,8536,1219,https://www.amazon.com/product-reviews/B07RXQ6X2R?pageNumber=2&filterByStar=all_stars&sortBy=helpful&formatType=all_formats,allStars,,"{'price': None, 'listPrice': None}",2024-03-07,United States,,B07RXQ6X2R,0.3164
53,53,4,Seem to be durable sa I use these at work.,R38CTMDB8R1SAW,https://www.amazon.com/gp/customer-reviews/R38CTMDB8R1SAW/ref=cm_cr_arp_d_rvw_ttl?ie=UTF8&ASIN=B07RXQ6X2R,,"Reviewed in the United States on March 5, 2024",These are nice and clear durable to have in and out of your pockets all day 😀,True,Color: 5 MixMagnification Strength: 1.75 x,[],14,8536,1219,https://www.amazon.com/product-reviews/B07RXQ6X2R?pageNumber=2&filterByStar=all_stars&sortBy=helpful&formatType=all_formats,allStars,,"{'price': None, 'listPrice': None}",2024-03-05,United States,,B07RXQ6X2R,0.6597
54,54,5,Surprised - Superior to Other Cheap Readers on Amazon,RDHSC9DUEHTZC,https://www.amazon.com/gp/customer-reviews/RDHSC9DUEHTZC/ref=cm_cr_arp_d_rvw_ttl?ie=UTF8&ASIN=B07RXQ6X2R,,"Reviewed in the United States on February 16, 2024","There are so many readers on Amazon, at Costco, and other places available at reasonable to cheap prices. I just ordered these based on the description and because they were a five-pack. I keep losing readers, so I have purchased plenty of cheapies. I actually noticed a difference in vision sharpness wearing these vs my other pairs.  The mixed five-pack consisted of black and tortoiseshell colors only. These are my new go to readers.",True,Color: 3 Black 2 TortoiseMagnification Strength: 2.0 x,[],15,8536,1219,https://www.amazon.com/product-reviews/B07RXQ6X2R?pageNumber=2&filterByStar=all_stars&sortBy=helpful&formatType=all_formats,allStars,,"{'price': None, 'listPrice': None}",2024-02-16,United States,,B07RXQ6X2R,0.0258
55,55,5,Cheap easy handy.,R3FPZQAMVRG1O,https://www.amazon.com/gp/customer-reviews/R3FPZQAMVRG1O/ref=cm_cr_arp_d_rvw_ttl?ie=UTF8&ASIN=B07RXQ6X2R,,"Reviewed in the United States on March 23, 2024",I keep them everywhere house office.,True,Color: 5 BlackMagnification Strength: 2.75 x,[],16,8536,1219,https://www.amazon.com/product-reviews/B07RXQ6X2R?pageNumber=2&filterByStar=all_stars&sortBy=helpful&formatType=all_formats,allStars,,"{'price': None, 'listPrice': None}",2024-03-23,United States,,B07RXQ6X2R,0.0
56,56,5,Great affordable option,R1P80LBIC6K57I,https://www.amazon.com/gp/customer-reviews/R1P80LBIC6K57I/ref=cm_cr_arp_d_rvw_ttl?ie=UTF8&ASIN=B07RXQ6X2R,,"Reviewed in the United States on March 9, 2024","These were a fantastic fix for my slowly declining near-sightedness.  So long as you know what magnification strength is, you should eb happy with these.",True,Color: 5 ClearMagnification Strength: 1.25 x,[],17,8536,1219,https://www.amazon.com/product-reviews/B07RXQ6X2R?pageNumber=2&filterByStar=all_stars&sortBy=helpful&formatType=all_formats,allStars,,"{'price': None, 'listPrice': None}",2024-03-09,United States,,B07RXQ6X2R,0.91
57,57,5,Glasses were true to the colors advertised and their strength,R18OZJV9DEA7KD,https://www.amazon.com/gp/customer-reviews/R18OZJV9DEA7KD/ref=cm_cr_arp_d_rvw_ttl?ie=UTF8&ASIN=B07RXQ6X2R,,"Reviewed in the United States on March 4, 2024","I like to have my reading glasses match my outfits. Hence, my order for five different colors. These glasses were well made with spring hinges and true colors. Can’t go wrong.",True,Color: 5clours-2Magnification Strength: 2.5 x,[],18,8536,1219,https://www.amazon.com/product-reviews/B07RXQ6X2R?pageNumber=2&filterByStar=all_stars&sortBy=helpful&formatType=all_formats,allStars,,"{'price': None, 'listPrice': None}",2024-03-04,United States,,B07RXQ6X2R,0.5106
58,58,5,Comfort level.,R1SNAHXBOOW06M,https://www.amazon.com/gp/customer-reviews/R1SNAHXBOOW06M/ref=cm_cr_arp_d_rvw_ttl?ie=UTF8&ASIN=B07RXQ6X2R,,"Reviewed in the United States on March 15, 2024","Clear vision , lightweight  and very practical .",True,Color: 5 ClearMagnification Strength: 3.0 x,[],19,8536,1219,https://www.amazon.com/product-reviews/B07RXQ6X2R?pageNumber=2&filterByStar=all_stars&sortBy=helpful&formatType=all_formats,allStars,,"{'price': None, 'listPrice': None}",2024-03-15,United States,,B07RXQ6X2R,0.5574
59,59,5,Very pleased with my purchase.,R2ZRLJ5D9O4OSS,https://www.amazon.com/gp/customer-reviews/R2ZRLJ5D9O4OSS/ref=cm_cr_arp_d_rvw_ttl?ie=UTF8&ASIN=B07RXQ6X2R,,"Reviewed in the United States on March 4, 2024",I love these glasses!  Perfect for my needs.,True,Color: 5 MixMagnification Strength: 1.25 x,[],20,8536,1219,https://www.amazon.com/product-reviews/B07RXQ6X2R?pageNumber=2&filterByStar=all_stars&sortBy=helpful&formatType=all_formats,allStars,,"{'price': None, 'listPrice': None}",2024-03-04,United States,,B07RXQ6X2R,0.8478
60,60,5,"I love these, especially for the price!",R1BSAHOC60O2B3,https://www.amazon.com/gp/customer-reviews/R1BSAHOC60O2B3/ref=cm_cr_arp_d_rvw_ttl?ie=UTF8&ASIN=B07RXQ6X2R,,"Reviewed in the United States on January 9, 2024",These readers are lightweight and comfortable! Will definitely order again!,True,Color: 5 MixMagnification Strength: 1.75 x,[],51,8536,1219,https://www.amazon.com/product-reviews/B07RXQ6X2R?pageNumber=6&filterByStar=all_stars&sortBy=helpful&formatType=all_formats,allStars,,"{'price': None, 'listPrice': None}",2024-01-09,United States,,B07RXQ6X2R,0.7639
61,61,5,Trying to embrace getting older....,R1BFWNRYUVMMK5,https://www.amazon.com/gp/customer-reviews/R1BFWNRYUVMMK5/ref=cm_cr_arp_d_rvw_ttl?ie=UTF8&ASIN=B07RXQ6X2R,2 people found this helpful,"Reviewed in the United States on September 15, 2023","I FINALLY got tired of taking pictures of labels on my phone and zooming in to read them. LOLI had a hard time finding the strength of lens that I needed in our local stores. I came across these on Amazon and jumped at the opportunity to try them! Not only do you get them in different colors, you get several pair to keep everywhere you go (car, bedroom, dining room table, etc.) AND they are very affordable. Quality seems to be good, none have broke yet.So, here I am embracing getting older and easily reading labels again!!!",True,Color: 5 MixMagnification Strength: 1.0 x,[],52,8536,1219,https://www.amazon.com/product-reviews/B07RXQ6X2R?pageNumber=6&filterByStar=all_stars&sortBy=helpful&formatType=all_formats,allStars,,"{'price': None, 'listPrice': None}",2023-09-15,United States,,B07RXQ6X2R,0.9042
62,62,5,See clearly now,R9EBDID5IW55S,https://www.amazon.com/gp/customer-reviews/R9EBDID5IW55S/ref=cm_cr_arp_d_rvw_ttl?ie=UTF8&ASIN=B07RXQ6X2R,,"Reviewed in the United States on January 4, 2024",Great 5-pack of reading glasses. Well made. Convenient case with each pair.,True,Color: 5 MixMagnification Strength: 1.0 x,[],53,8536,1219,https://www.amazon.com/product-reviews/B07RXQ6X2R?pageNumber=6&filterByStar=all_stars&sortBy=helpful&formatType=all_formats,allStars,,"{'price': None, 'listPrice': None}",2024-01-04,United States,,B07RXQ6X2R,0.7351
63,63,4,I don't know how they do it,R21A0TFLRSUNG9,https://www.amazon.com/gp/customer-reviews/R21A0TFLRSUNG9/ref=cm_cr_arp_d_rvw_ttl?ie=UTF8&ASIN=B07RXQ6X2R,2 people found this helpful,"Reviewed in the United States on August 6, 2023","I think these work out to about $3 a pair. The glasses are plenty sturdy and well made. The plastic lenses seem to attract smudges, and are a little harder to get perfectly clean. Or… maybe I've gotten grubbier as they years roll on.",True,Color: 5 MixMagnification Strength: 2.0 x,[],54,8536,1219,https://www.amazon.com/product-reviews/B07RXQ6X2R?pageNumber=6&filterByStar=all_stars&sortBy=helpful&formatType=all_formats,allStars,,"{'price': None, 'listPrice': None}",2023-08-06,United States,,B07RXQ6X2R,0.8885
64,64,5,My wife loses her glasses often.,R38IRXXZ2TK17U,https://www.amazon.com/gp/customer-reviews/R38IRXXZ2TK17U/ref=cm_cr_arp_d_rvw_ttl?ie=UTF8&ASIN=B07RXQ6X2R,,"Reviewed in the United States on December 13, 2023",Important to buy reading glasses in bulk because my wife loses them and leaves them everywhere. She seems happy with them until she loses or breaks another pair.,True,Color: 5 MixMagnification Strength: 2.0 x,[],55,8536,1219,https://www.amazon.com/product-reviews/B07RXQ6X2R?pageNumber=6&filterByStar=all_stars&sortBy=helpful&formatType=all_formats,allStars,,"{'price': None, 'listPrice': None}",2023-12-13,United States,,B07RXQ6X2R,0.2263
65,65,4,If you are the readers to look at multiple computer monitors...,R35WQQTWBN6QSV,https://www.amazon.com/gp/customer-reviews/R35WQQTWBN6QSV/ref=cm_cr_arp_d_rvw_ttl?ie=UTF8&ASIN=B07RXQ6X2R,3 people found this helpful,"Reviewed in the United States on June 17, 2023","The readers are fine for reading or eating or typing, but if you are using the readers to look at multiple computer monitors then you may want to get a more expensive reader. I find the images get distorted when I am looking at the center monitor and glancing at the ones on the right and left. Not a big deal but just something to think about.",True,Color: 5 BlackMagnification Strength: 2.75 x,[],56,8536,1219,https://www.amazon.com/product-reviews/B07RXQ6X2R?pageNumber=6&filterByStar=all_stars&sortBy=helpful&formatType=all_formats,allStars,,"{'price': None, 'listPrice': None}",2023-06-17,United States,,B07RXQ6X2R,-0.4019
66,66,5,Not dollar store glasses,RXP4MDGBLDQEK,https://www.amazon.com/gp/customer-reviews/RXP4MDGBLDQEK/ref=cm_cr_arp_d_rvw_ttl?ie=UTF8&ASIN=B07RXQ6X2R,,"Reviewed in the United States on December 7, 2023",These are pretty good glasses and for a decent price . Comes with a soft case for each pair . I can finally see at 4x magnification!! 👀👀,True,Color: 5 MixMagnification Strength: 4.0 x,[],57,8536,1219,https://www.amazon.com/product-reviews/B07RXQ6X2R?pageNumber=6&filterByStar=all_stars&sortBy=helpful&formatType=all_formats,allStars,,"{'price': None, 'listPrice': None}",2023-12-07,United States,,B07RXQ6X2R,0.8264
67,67,3,These glasses break easily.,R2C8UGJNV346R7,https://www.amazon.com/gp/customer-reviews/R2C8UGJNV346R7/ref=cm_cr_arp_d_rvw_ttl?ie=UTF8&ASIN=B07RXQ6X2R,,"Reviewed in the United States on January 7, 2024",Appearance of these glasses is fine and optics seem adequate but they are not sturdy.,True,Color: 5 Mix-2Magnification Strength: 2.25 x,[],58,8536,1219,https://www.amazon.com/product-reviews/B07RXQ6X2R?pageNumber=6&filterByStar=all_stars&sortBy=helpful&formatType=all_formats,allStars,,"{'price': None, 'listPrice': None}",2024-01-07,United States,,B07RXQ6X2R,0.2144
68,68,5,Totally As Advertised,R2DZ3R0XAUH3Z2,https://www.amazon.com/gp/customer-reviews/R2DZ3R0XAUH3Z2/ref=cm_cr_arp_d_rvw_ttl?ie=UTF8&ASIN=B07RXQ6X2R,,"Reviewed in the United States on November 16, 2023","Tired of looking for my ""readers"" all the time I bought this six pack.The glasses are sturdy and have hinge springs. They are very comfortable and the lenses have no discernable distortion.Would definitely buy them again.",True,Color: 5 MixMagnification Strength: 2.5 x,[],59,8536,1219,https://www.amazon.com/product-reviews/B07RXQ6X2R?pageNumber=6&filterByStar=all_stars&sortBy=helpful&formatType=all_formats,allStars,,"{'price': None, 'listPrice': None}",2023-11-16,United States,,B07RXQ6X2R,0.2944
69,69,5,Good quality,R3RTEL51KD2GQ6,https://www.amazon.com/gp/customer-reviews/R3RTEL51KD2GQ6/ref=cm_cr_arp_d_rvw_ttl?ie=UTF8&ASIN=B07RXQ6X2R,,"Reviewed in the United States on January 2, 2024",I would recommend. This is our second set,True,Color: 5 BlackMagnification Strength: 1.5 x,[],60,8536,1219,https://www.amazon.com/product-reviews/B07RXQ6X2R?pageNumber=6&filterByStar=all_stars&sortBy=helpful&formatType=all_formats,allStars,,"{'price': None, 'listPrice': None}",2024-01-02,United States,,B07RXQ6X2R,0.3612
70,70,5,Love these - reordered,R1Q0J2ZM6TZ840,https://www.amazon.com/gp/customer-reviews/R1Q0J2ZM6TZ840/ref=cm_cr_arp_d_rvw_ttl?ie=UTF8&ASIN=B07RXQ6X2R,2 people found this helpful,"Reviewed in the United States on June 9, 2023","I rebought another 2 boxes of these.  I need to have readers hooked on my shirt at all times.  I can’t tell soup from beans…I need readers to find my readers…I often have a pair on my head, a pair on my shirt, a pair in my pocket…and still can’t find them.  I love these simplistic clear readers.  Good quality, spring arm, durable (i often fall asleep with them on and wake up having slept on them).  I just reordered another 2 boxes.",True,Color: 5 ClearMagnification Strength: 2.5 x,[],81,8536,1219,https://www.amazon.com/product-reviews/B07RXQ6X2R?pageNumber=9&filterByStar=all_stars&sortBy=helpful&formatType=all_formats,allStars,,"{'price': None, 'listPrice': None}",2023-06-09,United States,,B07RXQ6X2R,0.8658
71,71,5,Love these glasses,R1Q22M1BVN4HSW,https://www.amazon.com/gp/customer-reviews/R1Q22M1BVN4HSW/ref=cm_cr_arp_d_rvw_ttl?ie=UTF8&ASIN=B07RXQ6X2R,,"Reviewed in the United States on November 26, 2023",Very nice and clear lens.  Highly recommend!,True,Color: 5 TortoiseMagnification Strength: 2.5 x,[],82,8536,1219,https://www.amazon.com/product-reviews/B07RXQ6X2R?pageNumber=9&filterByStar=all_stars&sortBy=helpful&formatType=all_formats,allStars,,"{'price': None, 'listPrice': None}",2023-11-26,United States,,B07RXQ6X2R,0.8419
72,72,3,Poor quality,R36RMU8WV0LDU0,https://www.amazon.com/gp/customer-reviews/R36RMU8WV0LDU0/ref=cm_cr_arp_d_rvw_ttl?ie=UTF8&ASIN=B07RXQ6X2R,,"Reviewed in the United States on November 10, 2023","Within 10 days of receiving my order, two of the five pair broke. I know these are cheap and that I shouldn't expect high quality, but it was still frustrating.",True,Color: 5 Mix-2Magnification Strength: 2.25 x,[],83,8536,1219,https://www.amazon.com/product-reviews/B07RXQ6X2R?pageNumber=9&filterByStar=all_stars&sortBy=helpful&formatType=all_formats,allStars,,"{'price': None, 'listPrice': None}",2023-11-10,United States,,B07RXQ6X2R,-0.6956
73,73,5,Great glasses,R1SZF4LBXAEQ0Q,https://www.amazon.com/gp/customer-reviews/R1SZF4LBXAEQ0Q/ref=cm_cr_arp_d_rvw_ttl?ie=UTF8&ASIN=B07RXQ6X2R,,"Reviewed in the United States on November 13, 2023",Stylish and love the quantity for the price and the different colors.,True,Color: 5 MixMagnification Strength: 1.0 x,[],84,8536,1219,https://www.amazon.com/product-reviews/B07RXQ6X2R?pageNumber=9&filterByStar=all_stars&sortBy=helpful&formatType=all_formats,allStars,,"{'price': None, 'listPrice': None}",2023-11-13,United States,,B07RXQ6X2R,0.6369
74,74,4,Decent as described,R3U198MPFZC3XN,https://www.amazon.com/gp/customer-reviews/R3U198MPFZC3XN/ref=cm_cr_arp_d_rvw_ttl?ie=UTF8&ASIN=B07RXQ6X2R,,"Reviewed in the United States on July 6, 2023",Good readers. Frames are a bit flimsy. But price is good,True,Color: 5 MixMagnification Strength: 2.5 x,[],85,8536,1219,https://www.amazon.com/product-reviews/B07RXQ6X2R?pageNumber=9&filterByStar=all_stars&sortBy=helpful&formatType=all_formats,allStars,,"{'price': None, 'listPrice': None}",2023-07-06,United States,,B07RXQ6X2R,0.7003
75,75,5,My favorite new reading glasses,R1HS3326UC2ITQ,https://www.amazon.com/gp/customer-reviews/R1HS3326UC2ITQ/ref=cm_cr_arp_d_rvw_ttl?ie=UTF8&ASIN=B07RXQ6X2R,,"Reviewed in the United States on October 16, 2023",My husband and I needed new glasses and bought these to try out.  They're super lightweight and look very nice on.,True,Color: 3 Black 2 TortoiseMagnification Strength: 1.75 x,[],86,8536,1219,https://www.amazon.com/product-reviews/B07RXQ6X2R?pageNumber=9&filterByStar=all_stars&sortBy=helpful&formatType=all_formats,allStars,,"{'price': None, 'listPrice': None}",2023-10-16,United States,,B07RXQ6X2R,0.7902
76,76,5,"super comfortable and flexible frame, clear vision",R12T8KVZZM7QJA,https://www.amazon.com/gp/customer-reviews/R12T8KVZZM7QJA/ref=cm_cr_arp_d_rvw_ttl?ie=UTF8&ASIN=B07RXQ6X2R,,"Reviewed in the United States on June 12, 2023",I was pleasantly surprised to find these very comfortable to wear all day at my desk. They stay put on my face.  I put a pair in my handbag when I go out to read restaurant menus etc.  Frame is light yet strong.  The lenses are clear and don't get dirty fast.  They are much more comfortable than my Foster Grant reading glasses due to lighter weight and more flexible.,True,Color: 5 Mix-2Magnification Strength: 1.25 x,[],87,8536,1219,https://www.amazon.com/product-reviews/B07RXQ6X2R?pageNumber=9&filterByStar=all_stars&sortBy=helpful&formatType=all_formats,allStars,,"{'price': None, 'listPrice': None}",2023-06-12,United States,,B07RXQ6X2R,0.9725
77,77,5,They were better than expected.,R2J0NIYME4DA9J,https://www.amazon.com/gp/customer-reviews/R2J0NIYME4DA9J/ref=cm_cr_arp_d_rvw_ttl?ie=UTF8&ASIN=B07RXQ6X2R,,"Reviewed in the United States on October 22, 2023",I loved how they fit and they helped me a lot since I just had eye surgery.,True,Color: 5 MixMagnification Strength: 2.0 x,[],88,8536,1219,https://www.amazon.com/product-reviews/B07RXQ6X2R?pageNumber=9&filterByStar=all_stars&sortBy=helpful&formatType=all_formats,allStars,,"{'price': None, 'listPrice': None}",2023-10-22,United States,,B07RXQ6X2R,0.7506
78,78,4,"Good, but there are better",R385M73EQK3ZU,https://www.amazon.com/gp/customer-reviews/R385M73EQK3ZU/ref=cm_cr_arp_d_rvw_ttl?ie=UTF8&ASIN=B07RXQ6X2R,,"Reviewed in the United States on July 1, 2023",Good product and value but would be better if you could select the style.,True,Color: 5 MixMagnification Strength: 4.0 x,[],89,8536,1219,https://www.amazon.com/product-reviews/B07RXQ6X2R?pageNumber=9&filterByStar=all_stars&sortBy=helpful&formatType=all_formats,allStars,,"{'price': None, 'listPrice': None}",2023-07-01,United States,,B07RXQ6X2R,0.7579
79,79,4,Good price point,R2LV9PDTJ80GN1,https://www.amazon.com/gp/customer-reviews/R2LV9PDTJ80GN1/ref=cm_cr_arp_d_rvw_ttl?ie=UTF8&ASIN=B07RXQ6X2R,,"Reviewed in the United States on June 1, 2023",Basic reading glasses that are light weight. Tend to slide down a bit but still my favorite to wear daily,True,Color: 5 BlackMagnification Strength: 2.5 x,[],90,8536,1219,https://www.amazon.com/product-reviews/B07RXQ6X2R?pageNumber=9&filterByStar=all_stars&sortBy=helpful&formatType=all_formats,allStars,,"{'price': None, 'listPrice': None}",2023-06-01,United States,,B07RXQ6X2R,0.6124
80,80,4,Good but not all 5 were new,R3B02ZK29Y048F,https://www.amazon.com/gp/customer-reviews/R3B02ZK29Y048F/ref=cm_cr_arp_d_rvw_ttl?ie=UTF8&ASIN=B07RXQ6X2R,One person found this helpful,"Reviewed in the United States on March 11, 2022","I realize these are cheap readers so my expectations are low.  However, 1 of the 5 glasses was missing the tag indicating strength and had several fingerprint smudges on the lenses.  While I can clean the pair (and did), I shouldn't have had to.I tested all 5 (because not all glasses from another company had the same strength) and they all had the same strength and the expected strength.  I'm wearing one pair now and the letters on the screen are clear (as expected for the strength I expected).These are not blue light but I don't want blue light because I have implants from cataract surgery that already filter blue light.  (Double filtering makes the world look dull.)Final suggestion for Amazon -- there's a shopping page selection for ""blue light filtering"" but not a selection for ""no blue light filtering.""",True,Color: 5 ClearMagnification Strength: 0.75 x,[],71,8536,1219,https://www.amazon.com/product-reviews/B07RXQ6X2R?pageNumber=8&filterByStar=all_stars&sortBy=helpful&formatType=all_formats,allStars,,"{'price': None, 'listPrice': None}",2022-03-11,United States,,B07RXQ6X2R,0.8735
81,81,5,Impressive quality - Flexible too!,R1R6BHJOD9607S,https://www.amazon.com/gp/customer-reviews/R1R6BHJOD9607S/ref=cm_cr_arp_d_rvw_ttl?ie=UTF8&ASIN=B07RXQ6X2R,,"Reviewed in the United States on October 28, 2023","Incredible QUALITY and price for 5 pairs of reading glasses.  Flexible arms.  Glasses were individually packaged, includes 5 soft cases and a cleaning cloth.  Excellent value.",True,Color: 5 MixMagnification Strength: 1.5 x,[],72,8536,1219,https://www.amazon.com/product-reviews/B07RXQ6X2R?pageNumber=8&filterByStar=all_stars&sortBy=helpful&formatType=all_formats,allStars,,"{'price': None, 'listPrice': None}",2023-10-28,United States,,B07RXQ6X2R,0.7906
82,82,5,Reading glasses,R50B2Q3GTKQCD,https://www.amazon.com/gp/customer-reviews/R50B2Q3GTKQCD/ref=cm_cr_arp_d_rvw_ttl?ie=UTF8&ASIN=B07RXQ6X2R,,"Reviewed in the United States on December 4, 2023","Arrived asap, nice, ordered again",True,Color: 5 MixMagnification Strength: 2.5 x,[],73,8536,1219,https://www.amazon.com/product-reviews/B07RXQ6X2R?pageNumber=8&filterByStar=all_stars&sortBy=helpful&formatType=all_formats,allStars,,"{'price': None, 'listPrice': None}",2023-12-04,United States,,B07RXQ6X2R,0.4215
83,83,5,Reading glasses,R5EJTH58JCADP,https://www.amazon.com/gp/customer-reviews/R5EJTH58JCADP/ref=cm_cr_arp_d_rvw_ttl?ie=UTF8&ASIN=B07RXQ6X2R,,"Reviewed in the United States on November 26, 2023",Great value for the price. As described and would recommend and purchase again.,True,Color: 5 MixMagnification Strength: 1.5 x,[],74,8536,1219,https://www.amazon.com/product-reviews/B07RXQ6X2R?pageNumber=8&filterByStar=all_stars&sortBy=helpful&formatType=all_formats,allStars,,"{'price': None, 'listPrice': None}",2023-11-26,United States,,B07RXQ6X2R,0.8402
84,84,5,GREAT BUY !,R1JVAJ97ERR2YP,https://www.amazon.com/gp/customer-reviews/R1JVAJ97ERR2YP/ref=cm_cr_arp_d_rvw_ttl?ie=UTF8&ASIN=B07RXQ6X2R,3 people found this helpful,"Reviewed in the United States on August 26, 2023","I only need #3 strength reading lens and my optometrist told me not to bother buying expensive glasses.But, this price was ridiculous, they even included the little felt cleaner for the lens and individual black cloth carrying covers to use in your purse.VERY pleased......I got the colorful frames to match my outfits and I'm 86years old.(accessorize it's fun)",True,Color: 5 Mix-2Magnification Strength: 3.0 x,[],75,8536,1219,https://www.amazon.com/product-reviews/B07RXQ6X2R?pageNumber=8&filterByStar=all_stars&sortBy=helpful&formatType=all_formats,allStars,,"{'price': None, 'listPrice': None}",2023-08-26,United States,,B07RXQ6X2R,0.4867
85,85,4,True to lens strength,RRTB3WV3NJSBV,https://www.amazon.com/gp/customer-reviews/RRTB3WV3NJSBV/ref=cm_cr_arp_d_rvw_ttl?ie=UTF8&ASIN=B07RXQ6X2R,,"Reviewed in the United States on August 1, 2023","Good deal, especially for the price.",True,Color: 5 BlackMagnification Strength: 2.25 x,[],76,8536,1219,https://www.amazon.com/product-reviews/B07RXQ6X2R?pageNumber=8&filterByStar=all_stars&sortBy=helpful&formatType=all_formats,allStars,,"{'price': None, 'listPrice': None}",2023-08-01,United States,,B07RXQ6X2R,0.4404
86,86,5,Very comfortable Great deal,R1NDXY4R8ZU0QS,https://www.amazon.com/gp/customer-reviews/R1NDXY4R8ZU0QS/ref=cm_cr_arp_d_rvw_ttl?ie=UTF8&ASIN=B07RXQ6X2R,,"Reviewed in the United States on October 20, 2023",These glasses are lightweight and fit my face well. They come with a fabric case for each pair and one fabric cleaning cloth.  Great deal.  Definitely recommend,True,Color: 5 MixMagnification Strength: 1.75 x,[],77,8536,1219,https://www.amazon.com/product-reviews/B07RXQ6X2R?pageNumber=8&filterByStar=all_stars&sortBy=helpful&formatType=all_formats,allStars,,"{'price': None, 'listPrice': None}",2023-10-20,United States,,B07RXQ6X2R,0.9169
87,87,5,Readers,RHQ81S9FYA3EB,https://www.amazon.com/gp/customer-reviews/RHQ81S9FYA3EB/ref=cm_cr_arp_d_rvw_ttl?ie=UTF8&ASIN=B07RXQ6X2R,,"Reviewed in the United States on December 4, 2023","Nice glasses, well made.",True,Color: 5 MixMagnification Strength: 5.0 x,[],78,8536,1219,https://www.amazon.com/product-reviews/B07RXQ6X2R?pageNumber=8&filterByStar=all_stars&sortBy=helpful&formatType=all_formats,allStars,,"{'price': None, 'listPrice': None}",2023-12-04,United States,,B07RXQ6X2R,0.5994
88,88,5,Excellent Value and Look Great.,R10QOY9YS90KAN,https://www.amazon.com/gp/customer-reviews/R10QOY9YS90KAN/ref=cm_cr_arp_d_rvw_ttl?ie=UTF8&ASIN=B07RXQ6X2R,2 people found this helpful,"Reviewed in the United States on August 10, 2023","These glasses are a great buy.  They are comfortable, light-weight, and seem accurate in their strength rating.  I definitely recommend these.  The only knock against them is that they are pretty easy to break.  I'm kind of hard on glasses so it might be more me, but even though I break them, I keep buying them.  You can't beat the price point for what you get.",True,Color: 5 TortoiseMagnification Strength: 2.0 x,[],79,8536,1219,https://www.amazon.com/product-reviews/B07RXQ6X2R?pageNumber=8&filterByStar=all_stars&sortBy=helpful&formatType=all_formats,allStars,,"{'price': None, 'listPrice': None}",2023-08-10,United States,,B07RXQ6X2R,0.878
89,89,5,Great Value,RMMGBVOUJJ2AE,https://www.amazon.com/gp/customer-reviews/RMMGBVOUJJ2AE/ref=cm_cr_arp_d_rvw_ttl?ie=UTF8&ASIN=B07RXQ6X2R,,"Reviewed in the United States on August 25, 2023","I’ve bought these on a couple of occasions now. The optics and durability are easily equivalent to the ones you might buy at a drugstore, but you get five pairs for the same price you would pay for one. They’re inexpensive enough to keep a pair in every room of the house and all my vehicles.",True,Color: 5 MixMagnification Strength: 1.25 x,[],80,8536,1219,https://www.amazon.com/product-reviews/B07RXQ6X2R?pageNumber=8&filterByStar=all_stars&sortBy=helpful&formatType=all_formats,allStars,,"{'price': None, 'listPrice': None}",2023-08-25,United States,,B07RXQ6X2R,0.0258
