,Unnamed: 0,ratingScore,reviewTitle,reviewId,reviewUrl,reviewReaction,reviewedIn,reviewDescription,isVerified,variant,reviewImages,position,totalCategoryRatings,totalCategoryReviews,reviewCategoryUrl,filterByRating,filterByKeyword,product,date,country,countryCode,productAsin,sentiment_score
0,0,5,Glasses,R1SRRJUX2GIW2T,https://www.amazon.com/gp/customer-reviews/R1SRRJUX2GIW2T/ref=cm_cr_arp_d_rvw_ttl?ie=UTF8&ASIN=B07W781XWF,,"Reviewed in the United States on March 29, 2024","I recently purchased a pair of blue light glasses and have been pleasantly surprised by their effectiveness. The frames are stylish and comfortable to wear for extended periods. Since using them, I've noticed a significant reduction in eye strain and headaches, especially after long hours in front of screens. The lenses effectively block blue light without distorting colors, making my digital experiences more comfortable and enjoyable. Overall, these glasses have become an essential part of my daily routine, and I highly recommend them to anyone who spends a lot of time in front of screens.",True,Color: *B1 Light Black+clearLens Color: Clear,[],1,49764,4353,https://www.amazon.com/product-reviews/B07W781XWF?pageNumber=1&filterByStar=all_stars&sortBy=helpful&formatType=all_formats,allStars,,"{'price': None, 'listPrice': None}",2024-03-29,United States,,B07W781XWF,0.9582
1,1,5,Cute!,R1OR5A7IHYYP6O,https://www.amazon.com/gp/customer-reviews/R1OR5A7IHYYP6O/ref=cm_cr_arp_d_rvw_ttl?ie=UTF8&ASIN=B07W781XWF,2 people found this helpful,"Reviewed in the United States on March 12, 2024",So cute and light weight! Great product to purchase especially looking at the computer all day for work. The color is light and cute too. Honestly was thinking the pink was going to be more pink but it’s a clear pink. Still love it though.,True,Color: *B9 Clear+clear PinkLens Color: Clear,[],2,49764,4353,https://www.amazon.com/product-reviews/B07W781XWF?pageNumber=1&filterByStar=all_stars&sortBy=helpful&formatType=all_formats,allStars,,"{'price': None, 'listPrice': None}",2024-03-12,United States,,B07W781XWF,0.9541
2,2,4,Glasses!,RBV5ZTEBZK3TZ,https://www.amazon.com/gp/customer-reviews/RBV5ZTEBZK3TZ/ref=cm_cr_arp_d_rvw_ttl?ie=UTF8&ASIN=B07W781XWF,,"Reviewed in the United States on December 5, 2023","Pretty solid glasses, also can work well with a Velma Costume. Definitely helps with concussions when screen usage is necessary!",True,Color: *B1 Light Black+clearLens Color: Clear,[],3,49764,4353,https://www.amazon.com/product-reviews/B07W781XWF?pageNumber=1&filterByStar=all_stars&sortBy=helpful&formatType=all_formats,allStars,,"{'price': None, 'listPrice': None}",2023-12-05,United States,,B07W781XWF,0.8883
3,3,5,Awesome Glasses for Good Price - Ignore People Saying Doesn't Block Blue Light,R1SYV346EQ5LU4,https://www.amazon.com/gp/customer-reviews/R1SYV346EQ5LU4/ref=cm_cr_arp_d_rvw_ttl?ie=UTF8&ASIN=B07W781XWF,"1,008 people found this helpful","Reviewed in the United States on January 7, 2020","These glasses are awesome! I'm not going to address all the great things about them as they are summed up very well by other reviewers but I will talk about all the one star reviews saying they do not block blue light. The color of light is dependent upon the wavelength of the electromagnetic wave in which that light photon travels at. Blue light has the shortest wavelength of light that is emitted from electronic screens (screens emit red, blue, and green light) and therefore has the most energy per photon. This type of light is most harmful to our health as it contains more energy than the other colors. Light is emitted as a spectrum, each individual color corresponding to a certain wavelength of light.These glasses DO block certain wavelengths of blue light, it can be clearly seen by the blue light and test card given with these glasses. However, they only block a certain percent of blue light throughout a specific range of the blue light spectrum. For anyone expecting 100% of blue light to be blocked by a clear lens is flat out idiotic. If this was true, what would you expect to see when looking at something blue? Grey? Black? Nothing? These glasses block certain wavelengths of blue light that I would GUESS would be the most harmful of the wavelengths to our health, and the effects of blocking this light are truly noticeable. You can see blues just the same with prescription glasses with the blue light filter, are those false and a lie as well? Highly doubtful.If you want to block ALL/MOST blue light, you must get glasses with a dark amber/yellow tint to them. This blocks a much broader range of blue light frequencies but do not look very good and shift the perceived color of everything else as well, two traits that are not very desirable. With these glasses, some of the most damaging light blue light is blocked, colors still look clear and accurate, and they look really good! A win-win! Please when purchasing a product or writing/reading reviews use some common sense as to what you are actually getting. Not only do they block blue light but I tested the blue light and the card provided with the product with my mom's prescription glasses with the blue light filter and they failed!",True,Color: *B1 Light Black+clearLens Color: Clear,['https://images-na.ssl-images-amazon.com/images/I/61gY0q-odQL._SY88.jpg'],4,49764,4353,https://www.amazon.com/product-reviews/B07W781XWF?pageNumber=1&filterByStar=all_stars&sortBy=helpful&formatType=all_formats,allStars,,"{'price': None, 'listPrice': None}",2020-01-07,United States,,B07W781XWF,0.9882
4,4,5,Very solid,RIRV8P7QEEL4X,https://www.amazon.com/gp/customer-reviews/RIRV8P7QEEL4X/ref=cm_cr_arp_d_rvw_ttl?ie=UTF8&ASIN=B07W781XWF,4 people found this helpful,"Reviewed in the United States on February 16, 2024","Very nice and comfortable, these help alleviate any pain I had from looking at monitor screens for to long, definitely a game changer",True,Color: *B1 Light Black+clearLens Color: Clear,[],5,49764,4353,https://www.amazon.com/product-reviews/B07W781XWF?pageNumber=1&filterByStar=all_stars&sortBy=helpful&formatType=all_formats,allStars,,"{'price': None, 'listPrice': None}",2024-02-16,United States,,B07W781XWF,0.8297
5,5,3,Smudge/ swirl mark in glass.  Inspect carefully as soon as you open the box!,R1XRJB4QP5LBH1,https://www.amazon.com/gp/customer-reviews/R1XRJB4QP5LBH1/ref=cm_cr_arp_d_rvw_ttl?ie=UTF8&ASIN=B07W781XWF,One person found this helpful,"Reviewed in the United States on January 25, 2024","These glasses work good.  You don't realize how much blue light is on your screen till you put these on.  Unfortunately mine had a swirl mark within the lense that is blurry and can not be cleaned off.  You can see it in the glass if you hold it at a certain angle and once you notice it i can not unsee the smudge while wearing them which is really distracting while trying to read on a screen.  However I didn't notice this till a few days later and I already threw the packaging away.  It comes in a set of 2 ans one set is good, the other has a bad lense.  My advice is CAREFULLY INSPECT THE LENSE AS SOON AS YOU OPEN THE BOX!",True,Color: MulticolorLens Color: Clear,[],6,49764,4353,https://www.amazon.com/product-reviews/B07W781XWF?pageNumber=1&filterByStar=all_stars&sortBy=helpful&formatType=all_formats,allStars,,"{'price': None, 'listPrice': None}",2024-01-25,United States,,B07W781XWF,0.1611
6,6,5,Great Glasses for computer use,R11T7QEH9R2UGW,https://www.amazon.com/gp/customer-reviews/R11T7QEH9R2UGW/ref=cm_cr_arp_d_rvw_ttl?ie=UTF8&ASIN=B07W781XWF,16 people found this helpful,"Reviewed in the United States on January 12, 2024","Bought this product based on reviews. Glad I did. Glasses work well and quality construction.Weight of frames is heavier than anticipated for the price, and I love it. Not cheap at all.  Color displayed is exactly correct and really nice. Strongly recommend.",True,Color: MulticolorLens Color: Clear,[],7,49764,4353,https://www.amazon.com/product-reviews/B07W781XWF?pageNumber=1&filterByStar=all_stars&sortBy=helpful&formatType=all_formats,allStars,,"{'price': None, 'listPrice': None}",2024-01-12,United States,,B07W781XWF,0.948
7,7,5,They work great for night driving!!,R1803LT8JPWXK7,https://www.amazon.com/gp/customer-reviews/R1803LT8JPWXK7/ref=cm_cr_arp_d_rvw_ttl?ie=UTF8&ASIN=B07W781XWF,,"Reviewed in the United States on March 31, 2024",I drive a lot at night and always struggle to see with so many lights and flashes on my face. These glasses do the work! They make everything look like yellow low beam lights. It’s great! Life changing! I can’t drive at night without them anymore.,True,,[],8,49764,4353,https://www.amazon.com/product-reviews/B07W781XWF?pageNumber=1&filterByStar=all_stars&sortBy=helpful&formatType=all_formats,allStars,,"{'price': None, 'listPrice': None}",2024-03-31,United States,,B07W781XWF,0.6219
8,8,4,stay dirty,R1V2GCHUFPJ23O,https://www.amazon.com/gp/customer-reviews/R1V2GCHUFPJ23O/ref=cm_cr_arp_d_rvw_ttl?ie=UTF8&ASIN=B07W781XWF,,"Reviewed in the United States on March 9, 2024",these are a really good deal and as far as I know they're working but my only complaint is that they strangely attract grease and dirt on the lenses and they are always dirty. I keep cleaning them repeatedly but they just really want to keep grease on there like if you touch it or something... and you cannot get it off by just rubbing them on your shirt you have to actually get lens cleaner and a cloth. Otherwise they are fine. Not particularly stylish but not horrible,True,Color: *B1 Light Black+clearLens Color: Clear,[],9,49764,4353,https://www.amazon.com/product-reviews/B07W781XWF?pageNumber=1&filterByStar=all_stars&sortBy=helpful&formatType=all_formats,allStars,,"{'price': None, 'listPrice': None}",2024-03-09,United States,,B07W781XWF,0.6074
9,9,4,teen hated the style,R18N7T28T60YTK,https://www.amazon.com/gp/customer-reviews/R18N7T28T60YTK/ref=cm_cr_arp_d_rvw_ttl?ie=UTF8&ASIN=B07W781XWF,,"Reviewed in the United States on March 31, 2024","I was so excited to get this, but unfortunately, my teen hated the style, and it's only comfortable to wear for up to 5 minutes. She needs one that she can wear for an hour while doing online classes.",True,Color: *B1 Light Black+clearLens Color: Clear,[],10,49764,4353,https://www.amazon.com/product-reviews/B07W781XWF?pageNumber=1&filterByStar=all_stars&sortBy=helpful&formatType=all_formats,allStars,,"{'price': None, 'listPrice': None}",2024-03-31,United States,,B07W781XWF,-0.5579
10,10,5,Superb for night time screen use,R3O3ZQKRQGUVNJ,https://www.amazon.com/gp/customer-reviews/R3O3ZQKRQGUVNJ/ref=cm_cr_arp_d_rvw_ttl?ie=UTF8&ASIN=B07W781XWF,,"Reviewed in the United States on March 20, 2024","I have gone through 3 pairs of blue light glasses (my fault, not the product's). And I never notice how much these glasses help reduce blue light in the evening until I lose my glasses and am unable to fall asleep at night. It may be a placebo effect, but it's a placebo that has improved my sleep quality significantly. Highly recommend.",True,Color: *B1 Light Black+clearLens Color: Clear,[],11,49764,4353,https://www.amazon.com/product-reviews/B07W781XWF?pageNumber=2&filterByStar=all_stars&sortBy=helpful&formatType=all_formats,allStars,,"{'price': None, 'listPrice': None}",2024-03-20,United States,,B07W781XWF,0.7899
11,11,5,Awesome,RKI36TCGTV941,https://www.amazon.com/gp/customer-reviews/RKI36TCGTV941/ref=cm_cr_arp_d_rvw_ttl?ie=UTF8&ASIN=B07W781XWF,One person found this helpful,"Reviewed in the United States on March 3, 2024","These were neat I originally got mad at my husband because they seemed expensive, and I thought they would be a burn, but they work so well, I would get tired of sitting in front of my computer doing homework and turns out it's because of the bright screen, these glasses got rid of that and they work so well, we tried to repurchase more because one of our pair broke. and we purchased some at a cheaper price, and there is no comparison these ones were better, so we returned the others and repurchased more of these.",True,Color: *B1 Light Black+clearLens Color: Clear,[],12,49764,4353,https://www.amazon.com/product-reviews/B07W781XWF?pageNumber=2&filterByStar=all_stars&sortBy=helpful&formatType=all_formats,allStars,,"{'price': None, 'listPrice': None}",2024-03-03,United States,,B07W781XWF,0.6677
12,12,5,Perfect for those little eyes or big!,R2CNKO21VAO6KP,https://www.amazon.com/gp/customer-reviews/R2CNKO21VAO6KP/ref=cm_cr_arp_d_rvw_ttl?ie=UTF8&ASIN=B07W781XWF,One person found this helpful,"Reviewed in the United States on March 12, 2024","My son asked for these, after hours on a computer at school - to help his eyes at night when he's doing his homework.  So far, they do the job, as he says his eyes don't 'hurt' as much when he wears these at school during the day. And a bonus that you get 2 pairs, so my daughter could have one too!",True,Color: *B1 Light Black+clearLens Color: Clear,[],13,49764,4353,https://www.amazon.com/product-reviews/B07W781XWF?pageNumber=2&filterByStar=all_stars&sortBy=helpful&formatType=all_formats,allStars,,"{'price': None, 'listPrice': None}",2024-03-12,United States,,B07W781XWF,0.7574
13,13,4,Good quality,R3QJL5X9XBGYI5,https://www.amazon.com/gp/customer-reviews/R3QJL5X9XBGYI5/ref=cm_cr_arp_d_rvw_ttl?ie=UTF8&ASIN=B07W781XWF,One person found this helpful,"Reviewed in the United States on February 27, 2024","You can definitely see the difference in the color of your screen with these on. I work from home on a computer all day so hoping they will help with eye strain/fatigue. I did have to get eyeglass cushions to put on the bridge part though so additional $6 spent to make them comfortable. Good quality, not lightweight.",True,Color: *B1 Light Black+clearLens Color: Clear,[],14,49764,4353,https://www.amazon.com/product-reviews/B07W781XWF?pageNumber=2&filterByStar=all_stars&sortBy=helpful&formatType=all_formats,allStars,,"{'price': None, 'listPrice': None}",2024-02-27,United States,,B07W781XWF,0.9351
14,14,5,PROVEEDOR RESPONSABLE TAL COMO LO PRESENTAN LLEGA.,R17TKXYXCOGZM3,https://www.amazon.com/gp/customer-reviews/R17TKXYXCOGZM3/ref=cm_cr_arp_d_rvw_ttl?ie=UTF8&ASIN=B07W781XWF,,"Reviewed in the United States on April 5, 2024",Me llegaron quebradas el lente y el proveedor inmediatamente me hizo el reemplazo muy adecuado precio vs calidad.,True,Color: *B1 Light Black+clearLens Color: Clear,[],15,49764,4353,https://www.amazon.com/product-reviews/B07W781XWF?pageNumber=2&filterByStar=all_stars&sortBy=helpful&formatType=all_formats,allStars,,"{'price': None, 'listPrice': None}",2024-04-05,United States,,B07W781XWF,0.0
15,15,4,"Good product, with some quality control issues",R3TF96JFOPPFPC,https://www.amazon.com/gp/customer-reviews/R3TF96JFOPPFPC/ref=cm_cr_arp_d_rvw_ttl?ie=UTF8&ASIN=B07W781XWF,,"Reviewed in the United States on March 6, 2024","The glasses do what they are supposed to, though be careful to check the lenses when you get them. One pair had no issues, but the other arrived with scratched and scuffed lenses that make them impossible to use.",True,Color: *B1 Light Black+clearLens Color: Clear,[],16,49764,4353,https://www.amazon.com/product-reviews/B07W781XWF?pageNumber=2&filterByStar=all_stars&sortBy=helpful&formatType=all_formats,allStars,,"{'price': None, 'listPrice': None}",2024-03-06,United States,,B07W781XWF,-0.0772
16,16,5,Perfect,R1V9WUKJIECJDK,https://www.amazon.com/gp/customer-reviews/R1V9WUKJIECJDK/ref=cm_cr_arp_d_rvw_ttl?ie=UTF8&ASIN=B07W781XWF,,"Reviewed in the United States on March 29, 2024",Grandson wears these while playing video game and finds his eyes are not nearly as tiredas before when he didn’t have them!!,True,Color: *B1 Light Black+clearLens Color: Clear,[],17,49764,4353,https://www.amazon.com/product-reviews/B07W781XWF?pageNumber=2&filterByStar=all_stars&sortBy=helpful&formatType=all_formats,allStars,,"{'price': None, 'listPrice': None}",2024-03-29,United States,,B07W781XWF,0.3365
17,17,5,Best blue light glasses I've EVER had! BIG difference! You need to try!,R1VXUQPWNC4PPH,https://www.amazon.com/gp/customer-reviews/R1VXUQPWNC4PPH/ref=cm_cr_arp_d_rvw_ttl?ie=UTF8&ASIN=B07W781XWF,5 people found this helpful,"Reviewed in the United States on January 23, 2024","The gaming version of these glasses (the more amber lenses) are AMAZING! I have had regular blue light glasses before with a much more clear lense (so they look like regular glasses). When I wore those I could see a good difference between having the off and on when looking at a screen. However, THESE amber / gaming glasses are another level. I could IMMEDIATELY tell there was a BIG difference and my eyes absolutely LOVE them! I noticed a SIGNIFICANT improvement in the first wear of these compared to my other blue light glasses. I highly recommend! They are even helpful when the day is glary (even in doors) with screen time or just reading a regular book! I tried reading my book without them and my eyes were not comfortable. Popped these new amber glasses and I had NO problems. I don't feel tired (at all) anymore if I have to be on the computer all day and can maintain my energy throughout the whole day. I""m so happy I went for the amber lenses. Do your eyes a favor and try these glasses! :)",True,Color: MulticolorLens Color: Amber,[],18,49764,4353,https://www.amazon.com/product-reviews/B07W781XWF?pageNumber=2&filterByStar=all_stars&sortBy=helpful&formatType=all_formats,allStars,,"{'price': None, 'listPrice': None}",2024-01-23,United States,,B07W781XWF,0.9891
18,18,5,Clear View,R3CI8ZQTNNMWRJ,https://www.amazon.com/gp/customer-reviews/R3CI8ZQTNNMWRJ/ref=cm_cr_arp_d_rvw_ttl?ie=UTF8&ASIN=B07W781XWF,,"Reviewed in the United States on April 3, 2024","Love that they are clear, not so yellow when looking at my monitors.",True,Color: *B1 Light Black+clearLens Color: Clear,[],19,49764,4353,https://www.amazon.com/product-reviews/B07W781XWF?pageNumber=2&filterByStar=all_stars&sortBy=helpful&formatType=all_formats,allStars,,"{'price': None, 'listPrice': None}",2024-04-03,United States,,B07W781XWF,0.7783
19,19,5,Super genial,R232DCD3EAD8P5,https://www.amazon.com/gp/customer-reviews/R232DCD3EAD8P5/ref=cm_cr_arp_d_rvw_ttl?ie=UTF8&ASIN=B07W781XWF,,"Reviewed in the United States on April 5, 2024","Me encantó la entrega súper rápida, y el producto súper genial",True,Color: *B1 Light Black+clearLens Color: Clear,[],20,49764,4353,https://www.amazon.com/product-reviews/B07W781XWF?pageNumber=2&filterByStar=all_stars&sortBy=helpful&formatType=all_formats,allStars,,"{'price': None, 'listPrice': None}",2024-04-05,United States,,B07W781XWF,0.4215
20,20,5,Cute,R13MGRPU09E2CW,https://www.amazon.com/gp/customer-reviews/R13MGRPU09E2CW/ref=cm_cr_arp_d_rvw_ttl?ie=UTF8&ASIN=B07W781XWF,,"Reviewed in the United States on February 13, 2024",These are cute and seem to do a good job with blue light blocking.,True,Color: *B1 Light Black+clearLens Color: Clear,[],51,49764,4353,https://www.amazon.com/product-reviews/B07W781XWF?pageNumber=6&filterByStar=all_stars&sortBy=helpful&formatType=all_formats,allStars,,"{'price': None, 'listPrice': None}",2024-02-13,United States,,B07W781XWF,0.5106
21,21,5,Perfect fit and kit,RWNC23HPAJMLM,https://www.amazon.com/gp/customer-reviews/RWNC23HPAJMLM/ref=cm_cr_arp_d_rvw_ttl?ie=UTF8&ASIN=B07W781XWF,,"Reviewed in the United States on February 2, 2024",This product came with a little care kit and a blue light tester. They fit perfectly and are very comfortable! I am super happy with this purchase especially for the price.,True,Color: *B1 Light Black+clearLens Color: Clear,[],52,49764,4353,https://www.amazon.com/product-reviews/B07W781XWF?pageNumber=6&filterByStar=all_stars&sortBy=helpful&formatType=all_formats,allStars,,"{'price': None, 'listPrice': None}",2024-02-02,United States,,B07W781XWF,0.9696
22,22,5,Works great,RN9QS41F4MJOA,https://www.amazon.com/gp/customer-reviews/RN9QS41F4MJOA/ref=cm_cr_arp_d_rvw_ttl?ie=UTF8&ASIN=B07W781XWF,,"Reviewed in the United States on January 26, 2024",Good price point and works good! I’ve noticed a difference when I wear these and when I don’t. It never fails when I’m not wearing them while on a screen I get a headache. So glad I bought these. Good price and durable.,True,Color: *B1 Light Black+clearLens Color: Clear,[],53,49764,4353,https://www.amazon.com/product-reviews/B07W781XWF?pageNumber=6&filterByStar=all_stars&sortBy=helpful&formatType=all_formats,allStars,,"{'price': None, 'listPrice': None}",2024-01-26,United States,,B07W781XWF,0.9276
23,23,3,Good but better out there,R3SCURPWDKLWOV,https://www.amazon.com/gp/customer-reviews/R3SCURPWDKLWOV/ref=cm_cr_arp_d_rvw_ttl?ie=UTF8&ASIN=B07W781XWF,,"Reviewed in the United States on February 10, 2024","This produc is one of the ""you will get what you pay for"" here. Now, sometimes that works out and it becomes a ""steal"" right? Well with these, although they are relatively affective, if you know Blue Glasses, you will see a difference in ones you may have used before. Are these worth buying? Absolutely, I would compare it to a burger from Mcdonalds. It's good, it's cheap, you know it, but you also know that there's better burgers out there close to same price.",True,Color: *B1 Light Black+clearLens Color: Clear,[],54,49764,4353,https://www.amazon.com/product-reviews/B07W781XWF?pageNumber=6&filterByStar=all_stars&sortBy=helpful&formatType=all_formats,allStars,,"{'price': None, 'listPrice': None}",2024-02-10,United States,,B07W781XWF,0.7882
24,24,5,Less strain on eyes,R31V1GQZJWN8C8,https://www.amazon.com/gp/customer-reviews/R31V1GQZJWN8C8/ref=cm_cr_arp_d_rvw_ttl?ie=UTF8&ASIN=B07W781XWF,,"Reviewed in the United States on January 19, 2024","Not sure if its a placebo or not but I do think it helps with eye stress relief when comparing wearing them and not wearing them. For long days with a lot of hours behind a computer screen, these glasses could probably save your eyes a lot of straining.",True,Color: *B1 Light Black+clearLens Color: Clear,[],55,49764,4353,https://www.amazon.com/product-reviews/B07W781XWF?pageNumber=6&filterByStar=all_stars&sortBy=helpful&formatType=all_formats,allStars,,"{'price': None, 'listPrice': None}",2024-01-19,United States,,B07W781XWF,0.6926
25,25,4,Decent glasses for the price for my daughter.,R1W4Q08Q5JUH3P,https://www.amazon.com/gp/customer-reviews/R1W4Q08Q5JUH3P/ref=cm_cr_arp_d_rvw_ttl?ie=UTF8&ASIN=B07W781XWF,30 people found this helpful,"Reviewed in the United States on January 17, 2023","Received them at 5:45am the next day after placing the order.  They are decent quality, came with sleeves and a cloth. Not too bad for the price!Comes with a cleaning cloth, that is better than most cloths out there. Also has a small double sided screwdriver (flat on one side  phillips screwdriver on other). Has the UV light and a test card to see the glasses really block utv light. I checked my prescription glasses against these and they both have same results!My daughter is 11 and looks so cute in the clear. She picked clear out, because I wear clear framed glasses! Hah! She really likes them and she wears them for mostly the entire day. Very happy it wasn’t hard to get her ti wear them since she is home schooled and in a computer 75% of the day.Wish the delivery was just as good as the product....When I went outside to get them the driver was smokin weed. As I got my package and pulled it into the house it SMELLED like crazy of marijuana. Its been in a back now for about a week and it smells so bad of marijuana. Apparently Amazon now employes 420 friendly people who do it while on the clock. When reported to a manager about what my experience was, she shrugged it off. My daughter is highly allergic to this and her throat started swelling shut.Very disappointed.",True,Color: *B1 Light Black+clearLens Color: Clear,[],56,49764,4353,https://www.amazon.com/product-reviews/B07W781XWF?pageNumber=6&filterByStar=all_stars&sortBy=helpful&formatType=all_formats,allStars,,"{'price': None, 'listPrice': None}",2023-01-17,United States,,B07W781XWF,0.9795
26,26,4,"Overall Great, but a bit of a Blur Issue",R2XXLYR5JSBEVB,https://www.amazon.com/gp/customer-reviews/R2XXLYR5JSBEVB/ref=cm_cr_arp_d_rvw_ttl?ie=UTF8&ASIN=B07W781XWF,10 people found this helpful,"Reviewed in the United States on February 28, 2020","As a budding computer scientist/animator, I spend hours each day squinting at my screen and getting unnaturally close to the pixels. After one particularly strenuous session, I knew something needed to change. I remembered that my roommate had recently purchased some sort of blue-light-filtering glasses, and I decided to give them a try. I scoured Amazon for the optimal optic solution: not only fashionable but also functional glasses to protect my otherwise doomed-to-an-early-death eyesight. The reviews were all strangely divisive. Normally, I'd be wary of that, but I was a desperate college student. I didn't want to wear orange goggles, and I didn't have much more than $20 to spend. These Livho glasses seemed halfway decent, so I figured I'd take my chances. After they arrived at my door, I was ecstatic - but also confused. There wasn't a tint like I expected working filter glasses to have, and that concerned me because of all of the negative reviews I had read. Also, held up against a blue-light-filter test on my phone, I saw a slight difference but I wasn't sure if that was just my imagination. I was preparing to be very disappointed. But after using them in all different lighting situations, I've discovered that these things most certainly work (and there actually is a tint if you look at them from the right direction in natural sunlight).My conclusion? These glasses become not only the cutest headband I wear when walking from class to class and computer lab to computer lab, but they save my poor, tired eyes much better than I ever hoped they would. 10/10, would recommend.But because I never trust reviews that are 100% positive.... I'll admit to my biggest beef with these babies: the vision is a little fuzzy. Say you normally see the world in 1080p, the glasses bring it down to somewhere between 720 and 1080. If I clean the glasses to make sure there aren't any smears or dust particles, it brings it back up a bit more, but in general there is a slight haze over my vision. I've had to wear prescription glasses (or contacts) for over a decade now, so I know it's not just glasses in general, but it is this specific pair. Granted, this isn't a big enough issue to prevent me from wearing the glasses daily, but it is still something to consider in case that deters anyone.Basically, I'm thoroughly pleased with my purchase. Go ahead and buy them! *thumbs up*",True,Color: *B1 Light Black+clearLens Color: Clear,[],57,49764,4353,https://www.amazon.com/product-reviews/B07W781XWF?pageNumber=6&filterByStar=all_stars&sortBy=helpful&formatType=all_formats,allStars,,"{'price': None, 'listPrice': None}",2020-02-28,United States,,B07W781XWF,0.7381
27,27,3,Marked lens,R1OMLAK62W6LHS,https://www.amazon.com/gp/customer-reviews/R1OMLAK62W6LHS/ref=cm_cr_arp_d_rvw_ttl?ie=UTF8&ASIN=B07W781XWF,,"Reviewed in the United States on February 21, 2024","One of the lenses on the black pair has unyielding “smudge” marks right out of the package. I’ve tried to clean them 3 times with lens cleaner and the microfiber cloth, but the marks won’t budge. I’m assuming it’s a manufacturing defect. Otherwise, the glasses seem to work well.",True,Color: *B1 Light Black+clearLens Color: Clear,"['https://m.media-amazon.com/images/I/61ZiA0NZTHL._SY88.jpg', 'https://m.media-amazon.com/images/I/61fFJ3qC7FL._SY88.jpg']",58,49764,4353,https://www.amazon.com/product-reviews/B07W781XWF?pageNumber=6&filterByStar=all_stars&sortBy=helpful&formatType=all_formats,allStars,,"{'price': None, 'listPrice': None}",2024-02-21,United States,,B07W781XWF,0.1901
28,28,3,You get what you pay for.,R37Y55I4MEJ8ZE,https://www.amazon.com/gp/customer-reviews/R37Y55I4MEJ8ZE/ref=cm_cr_arp_d_rvw_ttl?ie=UTF8&ASIN=B07W781XWF,,"Reviewed in the United States on February 22, 2024","They are very cheaply made, but they do work well. 1 of the 2 pair I bought had smudges on the lenses. I've tried everything to get them off, even with the lens cleaner that was included. Still no go. Out of the 2-pk I got 1 mediocre pair.",True,Color: *B1 Light Black+clearLens Color: Clear,[],59,49764,4353,https://www.amazon.com/product-reviews/B07W781XWF?pageNumber=6&filterByStar=all_stars&sortBy=helpful&formatType=all_formats,allStars,,"{'price': None, 'listPrice': None}",2024-02-22,United States,,B07W781XWF,0.2263
29,29,3,Blue light protection is essential,R1U9G7TG75O7D0,https://www.amazon.com/gp/customer-reviews/R1U9G7TG75O7D0/ref=cm_cr_arp_d_rvw_ttl?ie=UTF8&ASIN=B07W781XWF,One person found this helpful,"Reviewed in the United States on January 15, 2024","I just realized my eyes are hurting because I forgot to put on my blue light blockers today. Unfortunately, this brand/make is of low quality, namely at the hing area, without any kind of incident they one of the arms simply broke off next to the hinge joint one day, so I returned them. However, HIGHLY reccomend that EVERYONE invest in a quality pair of highly rated blue light-blocking glasses, they are great for your eyes AND your general health, due to the incredibly hamful effects of blue light all around us. Do the research and you'll see!",True,Color: *B1 Light Black+clearLens Color: Clear,[],60,49764,4353,https://www.amazon.com/product-reviews/B07W781XWF?pageNumber=6&filterByStar=all_stars&sortBy=helpful&formatType=all_formats,allStars,,"{'price': None, 'listPrice': None}",2024-01-15,United States,,B07W781XWF,-0.636
30,30,4,Very nice,R2ULQEP5B3905K,https://www.amazon.com/gp/customer-reviews/R2ULQEP5B3905K/ref=cm_cr_arp_d_rvw_ttl?ie=UTF8&ASIN=B07W781XWF,,"Reviewed in the United States on February 3, 2024",I did really like it it looks good and quality it's alright.,True,Color: *B1 Light Black+clearLens Color: Clear,[],31,49764,4353,https://www.amazon.com/product-reviews/B07W781XWF?pageNumber=4&filterByStar=all_stars&sortBy=helpful&formatType=all_formats,allStars,,"{'price': None, 'listPrice': None}",2024-02-03,United States,,B07W781XWF,0.7713
31,31,5,Never work without them,R344F97QPWOIB1,https://www.amazon.com/gp/customer-reviews/R344F97QPWOIB1/ref=cm_cr_arp_d_rvw_ttl?ie=UTF8&ASIN=B07W781XWF,,"Reviewed in the United States on February 4, 2024",I have noticed significantly less eye strain ever since getting these. I work from home in front of a screen for 8-10 hours a day and these truly made a huge difference for me! My eyes used to feel fatigued by the end of the day and I barely notice now. I use these reading on my kindle or editing pictures on my phone too!,True,Color: *B1 Light Black+clearLens Color: Clear,[],32,49764,4353,https://www.amazon.com/product-reviews/B07W781XWF?pageNumber=4&filterByStar=all_stars&sortBy=helpful&formatType=all_formats,allStars,,"{'price': None, 'listPrice': None}",2024-02-04,United States,,B07W781XWF,0.5365
32,32,5,Lleno mis expectativas!!!,R328RMA93X9TQU,https://www.amazon.com/gp/customer-reviews/R328RMA93X9TQU/ref=cm_cr_arp_d_rvw_ttl?ie=UTF8&ASIN=B07W781XWF,,"Reviewed in the United States on February 29, 2024","Solía tener los ojos rojos por estar tanto tiempo frente al tv, ahora uso estos lentes y wow! Todo mejoró.",True,Color: *B1 Light Black+clearLens Color: Clear,[],33,49764,4353,https://www.amazon.com/product-reviews/B07W781XWF?pageNumber=4&filterByStar=all_stars&sortBy=helpful&formatType=all_formats,allStars,,"{'price': None, 'listPrice': None}",2024-02-29,United States,,B07W781XWF,0.6239
33,33,5,So worth it!,R3N5ZPOYNJT00H,https://www.amazon.com/gp/customer-reviews/R3N5ZPOYNJT00H/ref=cm_cr_arp_d_rvw_ttl?ie=UTF8&ASIN=B07W781XWF,,"Reviewed in the United States on February 4, 2024","I absolutely love these glasses. they’re the perfect size and fit. I wear them all the time whether it’s at school, at work, or even sitting around when I’m on my phone. It definitely helps with the light because I get severe migraines and these have helped limit them!! so worth it!",True,Color: *B1 Light Black+clearLens Color: Clear,[],34,49764,4353,https://www.amazon.com/product-reviews/B07W781XWF?pageNumber=4&filterByStar=all_stars&sortBy=helpful&formatType=all_formats,allStars,,"{'price': None, 'listPrice': None}",2024-02-04,United States,,B07W781XWF,0.9498
34,34,5,Love it!!!,R37FHHPSLNB52,https://www.amazon.com/gp/customer-reviews/R37FHHPSLNB52/ref=cm_cr_arp_d_rvw_ttl?ie=UTF8&ASIN=B07W781XWF,,"Reviewed in the United States on February 29, 2024","Does exactly what the description says. It’s light, cost-friendly, and effective.",True,Color: *B1 Light Black+clearLens Color: Clear,[],35,49764,4353,https://www.amazon.com/product-reviews/B07W781XWF?pageNumber=4&filterByStar=all_stars&sortBy=helpful&formatType=all_formats,allStars,,"{'price': None, 'listPrice': None}",2024-02-29,United States,,B07W781XWF,0.4767
35,35,5,More than I expected+ Update,R1BGUXNXIIXNN3,https://www.amazon.com/gp/customer-reviews/R1BGUXNXIIXNN3/ref=cm_cr_arp_d_rvw_ttl?ie=UTF8&ASIN=B07W781XWF,2 people found this helpful,"Reviewed in the United States on November 29, 2023","Especially for the price ($13.99), I was surprised at what I received! There is a little test card to show you the effectiveness of the glasses, a little two-sided screw driver for repairs, a lens wipe, and 2 decent quality pouches for the glasses. I assume faux leather, but for that price, that's exceptional. I was going to buy glasses at Target for $15 a pair for my computer-screen-staring-all-day job, but I'm really glad I went this route instead! They feel sturdy and fit comfortably, which is highly important to me. I get headaches when glasses fit too tight, and these don't have that effect. I will be going for this brand again in the future if I need glasses.Update: after 1 time of putting my glasses in my regular bag, they had a big scuff on them. They are rather delicate, so if you get them, make sure they go in the case every time and only clean with the lens wipe it comes with. Still exceptional for the price.",True,Color: *B1 Light Black+clearLens Color: Clear,"['https://m.media-amazon.com/images/I/61Oyux7JX+L._SY88.jpg', 'https://m.media-amazon.com/images/I/61e0i1t-gyL._SY88.jpg', 'https://m.media-amazon.com/images/I/71DZNOi8zPL._SY88.jpg']",36,49764,4353,https://www.amazon.com/product-reviews/B07W781XWF?pageNumber=4&filterByStar=all_stars&sortBy=helpful&formatType=all_formats,allStars,,"{'price': None, 'listPrice': None}",2023-11-29,United States,,B07W781XWF,0.9778
36,36,4,Glass 👓,RCV7DUZS5QVAZ,https://www.amazon.com/gp/customer-reviews/RCV7DUZS5QVAZ/ref=cm_cr_arp_d_rvw_ttl?ie=UTF8&ASIN=B07W781XWF,2 people found this helpful,"Reviewed in the United States on December 27, 2023","THESE GLASSES HELP ME WITH THE LIGHT FROM MY PHONE,I USE TO HAVE BAD HEADACHES FROM BEING ON THE PHONE FOR LONG TIME FROM GOT THESE GLASSES NO MORE HEADACHES LOVE THEN BAD.",True,Color: *B1 Light Black+clearLens Color: Clear,['https://m.media-amazon.com/images/I/71JBTKZ1MHL._SY88.jpg'],37,49764,4353,https://www.amazon.com/product-reviews/B07W781XWF?pageNumber=4&filterByStar=all_stars&sortBy=helpful&formatType=all_formats,allStars,,"{'price': None, 'listPrice': None}",2023-12-27,United States,,B07W781XWF,-0.2551
37,37,5,Lightweight & comfortable to wear,R3H8781A8SXN2C,https://www.amazon.com/gp/customer-reviews/R3H8781A8SXN2C/ref=cm_cr_arp_d_rvw_ttl?ie=UTF8&ASIN=B07W781XWF,,"Reviewed in the United States on February 25, 2024",Seems to help block the blue light & my eyes don’t seem as tired.,True,Color: *B1 Light Black+clearLens Color: Clear,[],38,49764,4353,https://www.amazon.com/product-reviews/B07W781XWF?pageNumber=4&filterByStar=all_stars&sortBy=helpful&formatType=all_formats,allStars,,"{'price': None, 'listPrice': None}",2024-02-25,United States,,B07W781XWF,-0.4767
38,38,5,Glasses,R3LFBBTCM4X490,https://www.amazon.com/gp/customer-reviews/R3LFBBTCM4X490/ref=cm_cr_arp_d_rvw_ttl?ie=UTF8&ASIN=B07W781XWF,,"Reviewed in the United States on March 1, 2024",Great for around the house and car,True,Color: *B1 Light Black+clearLens Color: Clear,[],39,49764,4353,https://www.amazon.com/product-reviews/B07W781XWF?pageNumber=4&filterByStar=all_stars&sortBy=helpful&formatType=all_formats,allStars,,"{'price': None, 'listPrice': None}",2024-03-01,United States,,B07W781XWF,0.6249
39,39,3,Smudged,RNLI9T24P24NJ,https://www.amazon.com/gp/customer-reviews/RNLI9T24P24NJ/ref=cm_cr_arp_d_rvw_ttl?ie=UTF8&ASIN=B07W781XWF,,"Reviewed in the United States on April 1, 2024",Both pair have smudges that I can’t get off. I think they would be very good glasses if not for that. No matter what I use theirs smudges on bottom of both pair that will not go away,True,Color: *B1 Light Black+clearLens Color: Clear,[],40,49764,4353,https://www.amazon.com/product-reviews/B07W781XWF?pageNumber=4&filterByStar=all_stars&sortBy=helpful&formatType=all_formats,allStars,,"{'price': None, 'listPrice': None}",2024-04-01,United States,,B07W781XWF,0.6347
40,40,5,Great quality,R3Y34QO8SRGAJ,https://www.amazon.com/gp/customer-reviews/R3Y34QO8SRGAJ/ref=cm_cr_arp_d_rvw_ttl?ie=UTF8&ASIN=B07W781XWF,,"Reviewed in the United States on January 30, 2024",Works for what it was bought for,True,Color: *B1 Light Black+clearLens Color: Clear,[],81,49764,4353,https://www.amazon.com/product-reviews/B07W781XWF?pageNumber=9&filterByStar=all_stars&sortBy=helpful&formatType=all_formats,allStars,,"{'price': None, 'listPrice': None}",2024-01-30,United States,,B07W781XWF,0.0
41,41,3,Good BUT,R1AA27XN45708S,https://www.amazon.com/gp/customer-reviews/R1AA27XN45708S/ref=cm_cr_arp_d_rvw_ttl?ie=UTF8&ASIN=B07W781XWF,3 people found this helpful,"Reviewed in the United States on January 11, 2024","Purchased these on Dec 14 2023.. they were great when I first got them and super helpful, I loved them. Unfortunately the lenses are now yellow and I can’t stand to wear them because of this.",True,Color: *B1 Light Black+clearLens Color: Clear,[],82,49764,4353,https://www.amazon.com/product-reviews/B07W781XWF?pageNumber=9&filterByStar=all_stars&sortBy=helpful&formatType=all_formats,allStars,,"{'price': None, 'listPrice': None}",2024-01-11,United States,,B07W781XWF,0.9231
42,42,5,Scientific evidence supports the health benefits of blue light blocking glasses,RJQ5TU41T7FH8,https://www.amazon.com/gp/customer-reviews/RJQ5TU41T7FH8/ref=cm_cr_arp_d_rvw_ttl?ie=UTF8&ASIN=B07W781XWF,25 people found this helpful,"Reviewed in the United States on April 27, 2023","I learned about the health benefits of ""blue-blocker glasses"" from the 2023 book by Mark Hyman, MD,  Young Forever: The Secrets to Living Your Longest, Healthiest Life (p. 269). He emphazized the the fact that these glasses help reduce the stress that comes from so many factors in contempory life. Our adrenal glands help us manage stress by releasing cortisol and adrenaline. But the contiuusous  stress related to  working on computers, watching television, or using cell phones can cause ""adrenal burnout."" Hyman listed ""key strtegies to avoid adrenal burnout"" and helpl our adrenal function perform more effectively. His third listed strategy is """"Eliminate blue-light exposure at night with blue-blocker glasses and use red-light bulbs.""  By red and blue he means the different wave-lengths that are part of the what our eyes and brains normally see simply as light.For more information on what scientists now know about the beneficial effects of some wave lenghts, see Mark Hyman's disucssion of red-light therapy. Or use other sources of scientifi knowledge that can help us move beyond  speculation or dogma. In contrast scientific findings can give us more accurate knowledge about what hurts or helps our biological bodies and brains.",True,Color: *B1 Light Black+clearLens Color: Clear,[],83,49764,4353,https://www.amazon.com/product-reviews/B07W781XWF?pageNumber=9&filterByStar=all_stars&sortBy=helpful&formatType=all_formats,allStars,,"{'price': None, 'listPrice': None}",2023-04-27,United States,,B07W781XWF,0.7302
43,43,3,Cansan la vista,R1CJ86ED2JF9RJ,https://www.amazon.com/gp/customer-reviews/R1CJ86ED2JF9RJ/ref=cm_cr_arp_d_rvw_ttl?ie=UTF8&ASIN=B07W781XWF,,"Reviewed in the United States on January 28, 2024",Me cansa la vista cuando lo uso. No sé si se debe a que uso lentes de contacto,True,Color: *B1 Light Black+clearLens Color: Clear,[],84,49764,4353,https://www.amazon.com/product-reviews/B07W781XWF?pageNumber=9&filterByStar=all_stars&sortBy=helpful&formatType=all_formats,allStars,,"{'price': None, 'listPrice': None}",2024-01-28,United States,,B07W781XWF,-0.296
44,44,5,Takes away the eye irritation of looking at computers,R1Z9PJCCL4DZHV,https://www.amazon.com/gp/customer-reviews/R1Z9PJCCL4DZHV/ref=cm_cr_arp_d_rvw_ttl?ie=UTF8&ASIN=B07W781XWF,,"Reviewed in the United States on December 30, 2023",These glasses are the best for preventing eye strain while on the computer.They are lightweight and comfortable.I highly recommend them if you are working on the computer.,True,Color: *B1 Light Black+clearLens Color: Clear,[],85,49764,4353,https://www.amazon.com/product-reviews/B07W781XWF?pageNumber=9&filterByStar=all_stars&sortBy=helpful&formatType=all_formats,allStars,,"{'price': None, 'listPrice': None}",2023-12-30,United States,,B07W781XWF,0.7713
45,45,5,They block blue light,R2RP8NQ3F383DD,https://www.amazon.com/gp/customer-reviews/R2RP8NQ3F383DD/ref=cm_cr_arp_d_rvw_ttl?ie=UTF8&ASIN=B07W781XWF,,"Reviewed in the United States on December 28, 2023","I gave these glasses as a gift and the person did test them for blue lock blocking, said they worked.  They also said they've noticed a different in the few days they've had them.",True,Color: *B1 Light Black+clearLens Color: Clear,[],86,49764,4353,https://www.amazon.com/product-reviews/B07W781XWF?pageNumber=9&filterByStar=all_stars&sortBy=helpful&formatType=all_formats,allStars,,"{'price': None, 'listPrice': None}",2023-12-28,United States,,B07W781XWF,0.0772
46,46,5,Nice,RAN2J4D3IW31H,https://www.amazon.com/gp/customer-reviews/RAN2J4D3IW31H/ref=cm_cr_arp_d_rvw_ttl?ie=UTF8&ASIN=B07W781XWF,,"Reviewed in the United States on January 22, 2024",A mi hija le encantaron  sus lentes,True,Color: *B1 Light Black+clearLens Color: Clear,[],87,49764,4353,https://www.amazon.com/product-reviews/B07W781XWF?pageNumber=9&filterByStar=all_stars&sortBy=helpful&formatType=all_formats,allStars,,"{'price': None, 'listPrice': None}",2024-01-22,United States,,B07W781XWF,0.0
47,47,4,These Are so cute ! 🥰,R3MN3CN40WTFYI,https://www.amazon.com/gp/customer-reviews/R3MN3CN40WTFYI/ref=cm_cr_arp_d_rvw_ttl?ie=UTF8&ASIN=B07W781XWF,2 people found this helpful,"Reviewed in the United States on January 26, 2023","I ordered the clear & pink (clear ) glasses and omg these for my face so well and they are so cute. I hate wearing glasses but these I love! I genuinely got these because I work at a computer all day & can’t afford to damage my eyes than they already, I like the little yellow tint in the glasses as well. I absolutely am obsessed that they provided a test strip and a anti- blue ray light. This is great! I may order again if I lose these, I gave 4 stars because I just got them so idk how they work. (Btw came with glasses pockets :) definitely worth it! Comes with additional accessories",True,Color: *B9 Clear+clear PinkLens Color: Clear,['https://m.media-amazon.com/images/I/71aTAr4b2kL._SY88.jpg'],88,49764,4353,https://www.amazon.com/product-reviews/B07W781XWF?pageNumber=9&filterByStar=all_stars&sortBy=helpful&formatType=all_formats,allStars,,"{'price': None, 'listPrice': None}",2023-01-26,United States,,B07W781XWF,0.9592
48,48,5,Where have these been my whole life??,R2L6OCM4JF7EJV,https://www.amazon.com/gp/customer-reviews/R2L6OCM4JF7EJV/ref=cm_cr_arp_d_rvw_ttl?ie=UTF8&ASIN=B07W781XWF,One person found this helpful,"Reviewed in the United States on December 7, 2021","I never knew these types of glasses existed until a friend brought them to my attention. As of late I had been getting random headaches and knew it wasn't due to lack of water, sleep or food... and she suggested it might be the blue light from my computer and phone screens. I'm a graphic/web designer and am on my computer ALL DAY and have been for the past 15 years! I didn't think anything of it as I don't wear glasses and it was never an issue, until now.So, I looked these up and read the reviews. I was a little skeptical at first since there are such mixed reviews, but thought might as well try and if it doesn't work, I can return it. Literally just got them today and as soon as I put them on I notice the difference IMMEDIATELY!I don't understand what those who left negative reviews are talking about? Without even putting the glasses on I can see the filtering of the blue light. And even though doing the little light test with the card and blue light that came with the product is cool, the real test was up against my computer and I can say it passed 100%. With them on, I feel like my eyes can finally breathe...LOL.When I take them off and look at my screen it's too harsh to look at and I can't believe I never realized before. Again, not sure what the negative reviews are on about, but I'm super happy with my purchase and would highly recommend it!",True,Color: *B1 Light Black+clearLens Color: Clear,[],89,49764,4353,https://www.amazon.com/product-reviews/B07W781XWF?pageNumber=9&filterByStar=all_stars&sortBy=helpful&formatType=all_formats,allStars,,"{'price': None, 'listPrice': None}",2021-12-07,United States,,B07W781XWF,0.8591
49,49,5,Muy buenos,RKKGPZKOPAOY1,https://www.amazon.com/gp/customer-reviews/RKKGPZKOPAOY1/ref=cm_cr_arp_d_rvw_ttl?ie=UTF8&ASIN=B07W781XWF,,"Reviewed in the United States on January 23, 2024","Son excelente, para salir o ver TV",True,Color: *B1 Light Black+clearLens Color: Clear,[],90,49764,4353,https://www.amazon.com/product-reviews/B07W781XWF?pageNumber=9&filterByStar=all_stars&sortBy=helpful&formatType=all_formats,allStars,,"{'price': None, 'listPrice': None}",2024-01-23,United States,,B07W781XWF,0.0
50,50,5,I love,R2OJ8C4EBWA5PF,https://www.amazon.com/gp/customer-reviews/R2OJ8C4EBWA5PF/ref=cm_cr_arp_d_rvw_ttl?ie=UTF8&ASIN=B07W781XWF,,"Reviewed in the United States on March 5, 2024",I like,True,Color: *B1 Light Black+clearLens Color: Clear,[],41,49764,4353,https://www.amazon.com/product-reviews/B07W781XWF?pageNumber=5&filterByStar=all_stars&sortBy=helpful&formatType=all_formats,allStars,,"{'price': None, 'listPrice': None}",2024-03-05,United States,,B07W781XWF,0.3612
51,51,4,Work great,R12M6Q6E48DO4V,https://www.amazon.com/gp/customer-reviews/R12M6Q6E48DO4V/ref=cm_cr_arp_d_rvw_ttl?ie=UTF8&ASIN=B07W781XWF,,"Reviewed in the United States on January 9, 2024",Just what I needed love that it came in two,True,Color: *B1 Light Black+clearLens Color: Clear,[],42,49764,4353,https://www.amazon.com/product-reviews/B07W781XWF?pageNumber=5&filterByStar=all_stars&sortBy=helpful&formatType=all_formats,allStars,,"{'price': None, 'listPrice': None}",2024-01-09,United States,,B07W781XWF,0.6369
52,52,5,Helped,RPO23J8CHDC71,https://www.amazon.com/gp/customer-reviews/RPO23J8CHDC71/ref=cm_cr_arp_d_rvw_ttl?ie=UTF8&ASIN=B07W781XWF,,"Reviewed in the United States on February 23, 2024",my head was hurting from computers but this really helped,True,Color: *B1 Light Black+clearLens Color: Clear,[],43,49764,4353,https://www.amazon.com/product-reviews/B07W781XWF?pageNumber=5&filterByStar=all_stars&sortBy=helpful&formatType=all_formats,allStars,,"{'price': None, 'listPrice': None}",2024-02-23,United States,,B07W781XWF,-0.2144
53,53,5,100% worth it,R2965HPFLHAO3Y,https://www.amazon.com/gp/customer-reviews/R2965HPFLHAO3Y/ref=cm_cr_arp_d_rvw_ttl?ie=UTF8&ASIN=B07W781XWF,,"Reviewed in the United States on February 24, 2024",Best 15 bucks I've ever spent for glasses,True,Color: *B1 Light Black+clearLens Color: Clear,[],44,49764,4353,https://www.amazon.com/product-reviews/B07W781XWF?pageNumber=5&filterByStar=all_stars&sortBy=helpful&formatType=all_formats,allStars,,"{'price': None, 'listPrice': None}",2024-02-24,United States,,B07W781XWF,0.6369
54,54,4,Driving,R10QRDA6YNSP3R,https://www.amazon.com/gp/customer-reviews/R10QRDA6YNSP3R/ref=cm_cr_arp_d_rvw_ttl?ie=UTF8&ASIN=B07W781XWF,One person found this helpful,"Reviewed in the United States on December 29, 2023",I have been wearing these to drive in and it is working to reduce the headlight glare.,True,Color: *B1 Light Black+clearLens Color: Clear,[],45,49764,4353,https://www.amazon.com/product-reviews/B07W781XWF?pageNumber=5&filterByStar=all_stars&sortBy=helpful&formatType=all_formats,allStars,,"{'price': None, 'listPrice': None}",2023-12-29,United States,,B07W781XWF,0.0
55,55,5,Computer glasses,RHLI14VY56AIY,https://www.amazon.com/gp/customer-reviews/RHLI14VY56AIY/ref=cm_cr_arp_d_rvw_ttl?ie=UTF8&ASIN=B07W781XWF,,"Reviewed in the United States on February 14, 2024","Absolutely cute! They were great and weren't oversized, and fit cute and weren't tight around the ear piece.",True,Color: *B1 Light Black+clearLens Color: Clear,[],46,49764,4353,https://www.amazon.com/product-reviews/B07W781XWF?pageNumber=5&filterByStar=all_stars&sortBy=helpful&formatType=all_formats,allStars,,"{'price': None, 'listPrice': None}",2024-02-14,United States,,B07W781XWF,0.871
56,56,4,Love the clear glasses,RN9WJGXUW4O3F,https://www.amazon.com/gp/customer-reviews/RN9WJGXUW4O3F/ref=cm_cr_arp_d_rvw_ttl?ie=UTF8&ASIN=B07W781XWF,,"Reviewed in the United States on December 25, 2023",I love the clear glasses not that fun on the black ones.,True,Color: *B1 Light Black+clearLens Color: Clear,[],47,49764,4353,https://www.amazon.com/product-reviews/B07W781XWF?pageNumber=5&filterByStar=all_stars&sortBy=helpful&formatType=all_formats,allStars,,"{'price': None, 'listPrice': None}",2023-12-25,United States,,B07W781XWF,0.6246
57,57,4,Lens are huge!,R2XMTD831Q186D,https://www.amazon.com/gp/customer-reviews/R2XMTD831Q186D/ref=cm_cr_arp_d_rvw_ttl?ie=UTF8&ASIN=B07W781XWF,6 people found this helpful,"Reviewed in the United States on October 13, 2023","I’ve been wearing these every morning on my way to work before sunrise and love how the lens help reduce the glare of the oncoming headlights.  It seems like the darkness in the background has also been reduced.  They fit well and are very comfortable but the lens are way too oversized for me. I feel like a cartoon character wearing them so I only use when driving.  Still, I highly recommend them because they really do the job to reduce the glare.",True,,[],48,49764,4353,https://www.amazon.com/product-reviews/B07W781XWF?pageNumber=5&filterByStar=all_stars&sortBy=helpful&formatType=all_formats,allStars,,"{'price': None, 'listPrice': None}",2023-10-13,United States,,B07W781XWF,0.9353
58,58,3,Okay but not Great,R18CKG6OSF1T1K,https://www.amazon.com/gp/customer-reviews/R18CKG6OSF1T1K/ref=cm_cr_arp_d_rvw_ttl?ie=UTF8&ASIN=B07W781XWF,,"Reviewed in the United States on March 10, 2024","I find myself going back to my old, more yellow, lens glasses. I wanted these to work since my old pair has a couple scratches on the lens. With these I end up closing one of my eyes to see better. I also dim the computer screen to help block the light but still end up closing one eye.",True,Color: *B1 Light Black+clearLens Color: Clear,[],49,49764,4353,https://www.amazon.com/product-reviews/B07W781XWF?pageNumber=5&filterByStar=all_stars&sortBy=helpful&formatType=all_formats,allStars,,"{'price': None, 'listPrice': None}",2024-03-10,United States,,B07W781XWF,0.2144
59,59,5,Very good,R3I3QGKPX2F6NM,https://www.amazon.com/gp/customer-reviews/R3I3QGKPX2F6NM/ref=cm_cr_arp_d_rvw_ttl?ie=UTF8&ASIN=B07W781XWF,,"Reviewed in the United States on February 24, 2024",Better than i expected,True,Color: *B1 Light Black+clearLens Color: Clear,[],50,49764,4353,https://www.amazon.com/product-reviews/B07W781XWF?pageNumber=5&filterByStar=all_stars&sortBy=helpful&formatType=all_formats,allStars,,"{'price': None, 'listPrice': None}",2024-02-24,United States,,B07W781XWF,0.4404
60,60,4,Good slightly large,RRJNOZXIIDNZ,https://www.amazon.com/gp/customer-reviews/RRJNOZXIIDNZ/ref=cm_cr_arp_d_rvw_ttl?ie=UTF8&ASIN=B07W781XWF,,"Reviewed in the United States on March 14, 2024","Like the look of these, the frames are slightly large for my face.",True,Color: *B1 Light Black+clearLens Color: Clear,[],21,49764,4353,https://www.amazon.com/product-reviews/B07W781XWF?pageNumber=3&filterByStar=all_stars&sortBy=helpful&formatType=all_formats,allStars,,"{'price': None, 'listPrice': None}",2024-03-14,United States,,B07W781XWF,0.3612
61,61,5,HELPS ME STUDY,R1JDDSONQXNDLV,https://www.amazon.com/gp/customer-reviews/R1JDDSONQXNDLV/ref=cm_cr_arp_d_rvw_ttl?ie=UTF8&ASIN=B07W781XWF,,"Reviewed in the United States on April 4, 2024",I definitely recommend this product.,True,Color: *B1 Light Black+clearLens Color: Clear,[],22,49764,4353,https://www.amazon.com/product-reviews/B07W781XWF?pageNumber=3&filterByStar=all_stars&sortBy=helpful&formatType=all_formats,allStars,,"{'price': None, 'listPrice': None}",2024-04-04,United States,,B07W781XWF,0.6369
62,62,5,Definitely improves nighttime driving!,R3FFZDC3G0MSIP,https://www.amazon.com/gp/customer-reviews/R3FFZDC3G0MSIP/ref=cm_cr_arp_d_rvw_ttl?ie=UTF8&ASIN=B07W781XWF,,"Reviewed in the United States on March 8, 2024",I was looking for blue light glasses to cut down the glare & eye strain when driving at night. These do exactly that & the 2 pack gives you the option to share between partners or vehicles,True,,[],23,49764,4353,https://www.amazon.com/product-reviews/B07W781XWF?pageNumber=3&filterByStar=all_stars&sortBy=helpful&formatType=all_formats,allStars,,"{'price': None, 'listPrice': None}",2024-03-08,United States,,B07W781XWF,-0.0258
63,63,5,Blu light glasses,RS9IDXR4VX315,https://www.amazon.com/gp/customer-reviews/RS9IDXR4VX315/ref=cm_cr_arp_d_rvw_ttl?ie=UTF8&ASIN=B07W781XWF,,"Reviewed in the United States on March 26, 2024",My grand daughter love them😊,True,Color: *B1 Light Black+clearLens Color: Clear,[],24,49764,4353,https://www.amazon.com/product-reviews/B07W781XWF?pageNumber=3&filterByStar=all_stars&sortBy=helpful&formatType=all_formats,allStars,,"{'price': None, 'listPrice': None}",2024-03-26,United States,,B07W781XWF,0.802
64,64,5,Good quality,RR35W2I67VBRQ,https://www.amazon.com/gp/customer-reviews/RR35W2I67VBRQ/ref=cm_cr_arp_d_rvw_ttl?ie=UTF8&ASIN=B07W781XWF,,"Reviewed in the United States on March 26, 2024",Love these blue light,True,Color: *B1 Light Black+clearLens Color: Clear,[],25,49764,4353,https://www.amazon.com/product-reviews/B07W781XWF?pageNumber=3&filterByStar=all_stars&sortBy=helpful&formatType=all_formats,allStars,,"{'price': None, 'listPrice': None}",2024-03-26,United States,,B07W781XWF,0.6369
65,65,5,Durability,RI6LLQPX1HKEF,https://www.amazon.com/gp/customer-reviews/RI6LLQPX1HKEF/ref=cm_cr_arp_d_rvw_ttl?ie=UTF8&ASIN=B07W781XWF,,"Reviewed in the United States on March 13, 2024",They’re good for what they are feel great fit good I’ll buy them again,True,Color: *B1 Light Black+clearLens Color: Clear,[],26,49764,4353,https://www.amazon.com/product-reviews/B07W781XWF?pageNumber=3&filterByStar=all_stars&sortBy=helpful&formatType=all_formats,allStars,,"{'price': None, 'listPrice': None}",2024-03-13,United States,,B07W781XWF,0.9081
66,66,4,Ok product,RN4TKE32ODHQI,https://www.amazon.com/gp/customer-reviews/RN4TKE32ODHQI/ref=cm_cr_arp_d_rvw_ttl?ie=UTF8&ASIN=B07W781XWF,One person found this helpful,"Reviewed in the United States on February 14, 2024",Doesn't scratch as easily as other pairs.,True,Color: *B1 Light Black+clearLens Color: Clear,[],27,49764,4353,https://www.amazon.com/product-reviews/B07W781XWF?pageNumber=3&filterByStar=all_stars&sortBy=helpful&formatType=all_formats,allStars,,"{'price': None, 'listPrice': None}",2024-02-14,United States,,B07W781XWF,-0.2584
67,67,4,Livho screen glasses,R2J13EM8WHGZI4,https://www.amazon.com/gp/customer-reviews/R2J13EM8WHGZI4/ref=cm_cr_arp_d_rvw_ttl?ie=UTF8&ASIN=B07W781XWF,One person found this helpful,"Reviewed in the United States on January 20, 2024","Glasses don’t fit great if you have a wider nose bridge. I think glasses are geared more towards woman. Didn’t know that before I bought. Filtering capabilities are amazing though! No more blood-shot eye strain, after testing a couple of days at work.",True,Color: *B1 Light Black+clearLens Color: Clear,[],28,49764,4353,https://www.amazon.com/product-reviews/B07W781XWF?pageNumber=3&filterByStar=all_stars&sortBy=helpful&formatType=all_formats,allStars,,"{'price': None, 'listPrice': None}",2024-01-20,United States,,B07W781XWF,0.8413
68,68,4,They do help with night vision halos.,R1XZYJC4OVIZ4H,https://www.amazon.com/gp/customer-reviews/R1XZYJC4OVIZ4H/ref=cm_cr_arp_d_rvw_ttl?ie=UTF8&ASIN=B07W781XWF,,"Reviewed in the United States on January 19, 2024","I bought these because ever since I had eye surgery, my night vision has not been the greatest. I have alot of halo and distortion.  These do help somewhat.  Not a huge difference but enough that I use them and worth the purchase.",True,,[],29,49764,4353,https://www.amazon.com/product-reviews/B07W781XWF?pageNumber=3&filterByStar=all_stars&sortBy=helpful&formatType=all_formats,allStars,,"{'price': None, 'listPrice': None}",2024-01-19,United States,,B07W781XWF,0.2901
69,69,5,Great Quality,R2BU62HNMWVSWP,https://www.amazon.com/gp/customer-reviews/R2BU62HNMWVSWP/ref=cm_cr_arp_d_rvw_ttl?ie=UTF8&ASIN=B07W781XWF,,"Reviewed in the United States on March 14, 2024",Great product for the price. Worth it!,True,Color: *B1 Light Black+clearLens Color: Clear,[],30,49764,4353,https://www.amazon.com/product-reviews/B07W781XWF?pageNumber=3&filterByStar=all_stars&sortBy=helpful&formatType=all_formats,allStars,,"{'price': None, 'listPrice': None}",2024-03-14,United States,,B07W781XWF,0.7424
70,70,5,Happy with results.,R2568HRNEC8VP2,https://www.amazon.com/gp/customer-reviews/R2568HRNEC8VP2/ref=cm_cr_arp_d_rvw_ttl?ie=UTF8&ASIN=B07W781XWF,4 people found this helpful,"Reviewed in the United States on November 27, 2023","I work in an office and I’m on computers allot.Then I go home and play video games to relax. I can say that I wasn’t aware of the eye fatigue or pressure behind my eyes until I had worn these for a week.I have  astigmatism and I’d recommend this to anyone that looks at screens often, and for driving early in the morning and late at night. They really help against bright lights, yet you can see everything safely.It’s also easier to go to sleep at night, since I wind down with a screen on.The hinges bend well enough and I feel comfortable with the durability to price ratio.Would recommend.",True,Color: MulticolorLens Color: Amber,['https://m.media-amazon.com/images/I/71sNWjpvpsL._SY88.jpg'],61,49764,4353,https://www.amazon.com/product-reviews/B07W781XWF?pageNumber=7&filterByStar=all_stars&sortBy=helpful&formatType=all_formats,allStars,,"{'price': None, 'listPrice': None}",2023-11-27,United States,,B07W781XWF,0.9535
71,71,4,comfortable at first but developed behind ear soreness (modified them),R3M1O85Q1GX987,https://www.amazon.com/gp/customer-reviews/R3M1O85Q1GX987/ref=cm_cr_arp_d_rvw_ttl?ie=UTF8&ASIN=B07W781XWF,12 people found this helpful,"Reviewed in the United States on May 3, 2022","At first I was wary to get the gaming glasses because of the tint. I was worried that the tint would bother me when playing, but actually its quite the opposite...when I take the glasses off my eyes hurt looking at my screen! The eyeglass tint is like a good night mode on a computer screen. I can wear these comfortably for hours. And even though I have had these less than a week, I have already worn them for over a dozen of hours in front of the screen and have not found them to be uncomfortable once and I am sensitive to how glasses fit generally! I would recommend these gaming glasses.update: after about 2 or so weeks of wear I did notice behind the ear soreness. For some reason I did not notice before, but then it became all I could focus on. I figured out that if I situate the eyeglass arms to sit higher up on my head I don't get any soreness and they stay put. I ended up buying some silicone temple tips (also purchased on amazon) and was able to wear the eyeglasses normally without pain so far, its pretty comfortable. Also, it did not pass the RGB color model test. According to the test, with the blue light glasses on, the images should appear ""almost identical"", however, the left image has more blue visible and it is even more apparent in person. I will say though, I do appreciate the yellow tint of the glasses because I do feel like the screen bothers me less while I am looking at it, so for that it was money well spent. I might look into spending more money on a Gunnar pair in the future.",True,Color: MulticolorLens Color: Amber,['https://m.media-amazon.com/images/I/61lJMZiSSfL._SY88.jpg'],62,49764,4353,https://www.amazon.com/product-reviews/B07W781XWF?pageNumber=7&filterByStar=all_stars&sortBy=helpful&formatType=all_formats,allStars,,"{'price': None, 'listPrice': None}",2022-05-03,United States,,B07W781XWF,0.9801
72,72,5,Absolutely wonderful!,R3I5T1ZDC59RP7,https://www.amazon.com/gp/customer-reviews/R3I5T1ZDC59RP7/ref=cm_cr_arp_d_rvw_ttl?ie=UTF8&ASIN=B07W781XWF,,"Reviewed in the United States on January 5, 2024",I got them for watching my LCD TV and working on computer.  The blue light was affecting my sleep.  These glasses do the trick.  Less strain on my eyes and better sleep.  These glasses fit comfortably and come with 2 sleeves.  These will probably protect your cataracts too.  Take preventative care of yourself.  And these are not expensive.,True,Color: *B1 Light Black+clearLens Color: Clear,[],63,49764,4353,https://www.amazon.com/product-reviews/B07W781XWF?pageNumber=7&filterByStar=all_stars&sortBy=helpful&formatType=all_formats,allStars,,"{'price': None, 'listPrice': None}",2024-01-05,United States,,B07W781XWF,0.9168
73,73,5,Great product,R1WSXLKGNHJIOK,https://www.amazon.com/gp/customer-reviews/R1WSXLKGNHJIOK/ref=cm_cr_arp_d_rvw_ttl?ie=UTF8&ASIN=B07W781XWF,,"Reviewed in the United States on January 18, 2024",The product fits really well on my head. Using this product has really helped me to reduce the amount of fatigue from using a computer. You also have the option to use the clear frame or black frame glasses. I would highly recommend this product.,True,Color: *B1 Light Black+clearLens Color: Clear,[],64,49764,4353,https://www.amazon.com/product-reviews/B07W781XWF?pageNumber=7&filterByStar=all_stars&sortBy=helpful&formatType=all_formats,allStars,,"{'price': None, 'listPrice': None}",2024-01-18,United States,,B07W781XWF,0.699
74,74,5,A well loved christmas present lol,R2XZOK5ECGRDW9,https://www.amazon.com/gp/customer-reviews/R2XZOK5ECGRDW9/ref=cm_cr_arp_d_rvw_ttl?ie=UTF8&ASIN=B07W781XWF,,"Reviewed in the United States on January 16, 2024",i got it for my boy as a stocking stuffer. just something extra he had. he messaged me last night and said that they prevented an oncoming headache entirely. they come with the clear and the black pair. both are cute.,True,Color: *B1 Light Black+clearLens Color: Clear,[],65,49764,4353,https://www.amazon.com/product-reviews/B07W781XWF?pageNumber=7&filterByStar=all_stars&sortBy=helpful&formatType=all_formats,allStars,,"{'price': None, 'listPrice': None}",2024-01-16,United States,,B07W781XWF,0.6908
75,75,5,I never knew!,R1R8FA6RDGHEL,https://www.amazon.com/gp/customer-reviews/R1R8FA6RDGHEL/ref=cm_cr_arp_d_rvw_ttl?ie=UTF8&ASIN=B07W781XWF,,"Reviewed in the United States on January 10, 2024","I never knew how much my eyes would hurt after starting at the computer for long periods of time. These glasses are a life saver, I love them and would recommend them to anyone who has to work on a computer. Not very stylish but worth every penny!",True,Color: *B1 Light Black+clearLens Color: Clear,[],66,49764,4353,https://www.amazon.com/product-reviews/B07W781XWF?pageNumber=7&filterByStar=all_stars&sortBy=helpful&formatType=all_formats,allStars,,"{'price': None, 'listPrice': None}",2024-01-10,United States,,B07W781XWF,0.6355
76,76,4,They get the job done,R3V4Q1BADAV692,https://www.amazon.com/gp/customer-reviews/R3V4Q1BADAV692/ref=cm_cr_arp_d_rvw_ttl?ie=UTF8&ASIN=B07W781XWF,5 people found this helpful,"Reviewed in the United States on June 15, 2022","I recently had LASIK vision correction (Yay!). Didn't take the time off of my job where I stare at multiple computer monitors all day (Boo!). I thought I was just going to tough it out, but by day 2 of doing so, I realized I needed to do something.Reviews for this were good, there were several other reviews mentioning LASIK, so I pulled the triggerSo, initial thoughtsThese do work. There was another review that 1 starred them because they made their vision seem 'off'. I get where they are coming from. With the filtration of the light, things seem flatter. It's not too bad, once you recognize what's happening. But it does seem weird, at first.Now for the main concern. Eye strain and glare. While I won't say that these cut out all of the glare (keeping in mind that I'm less than a week post surgery, as I type this), I will say that they do a reasonable job. Combined with the 20/20/20 rule, I think these will allow me to function normally. Before, I was looking away after 5 minutes. And that was after tinkering incessantly with my monitors to find the best combination. Now, I can look at them back on standard settings, with mild redshift, and I'm no longer getting glare or haloing on dark mode apps (such as slack), and minimal on light mode apps (such as chrome, running Salesforce or Google Sheets).Overall, I'll call it 15 bucks well spent",True,Color: *B1 Light Black+clearLens Color: Clear,[],67,49764,4353,https://www.amazon.com/product-reviews/B07W781XWF?pageNumber=7&filterByStar=all_stars&sortBy=helpful&formatType=all_formats,allStars,,"{'price': None, 'listPrice': None}",2022-06-15,United States,,B07W781XWF,0.9482
77,77,5,LOVE THEM!!!,R31LCJCZWL8K79,https://www.amazon.com/gp/customer-reviews/R31LCJCZWL8K79/ref=cm_cr_arp_d_rvw_ttl?ie=UTF8&ASIN=B07W781XWF,4 people found this helpful,"Reviewed in the United States on December 19, 2023","Definitely a great buy and you get two🙌🏽So, I was able to have a pair and give one to my son. I have a hard time even wearing glasses with having chronic migraines as most trigger a headache for me when wearing because of the sides at times touching my temples… But these are very easy to adjust and aren’t tight at all. I love them because it’s very helpful when looking at my phone, screens on computer/laptop, TV etc. Also, very fashionable and we love them. So much so my darn kids keep taking mine.. smh",True,Color: *B1 Light Black+clearLens Color: Clear,['https://m.media-amazon.com/images/I/81YX2Cd31EL._SY88.jpg'],68,49764,4353,https://www.amazon.com/product-reviews/B07W781XWF?pageNumber=7&filterByStar=all_stars&sortBy=helpful&formatType=all_formats,allStars,,"{'price': None, 'listPrice': None}",2023-12-19,United States,,B07W781XWF,0.9728
78,78,5,Worked For Me and Included Nice Bonus Items,R30NMXJNV9ZYQ6,https://www.amazon.com/gp/customer-reviews/R30NMXJNV9ZYQ6/ref=cm_cr_arp_d_rvw_ttl?ie=UTF8&ASIN=B07W781XWF,9 people found this helpful,"Reviewed in the United States on November 20, 2023","I've been spending too much time in front of a screen overall. I was starting to get headaches and eye strain. I feel like I have to squint to see the screen, particularly at night.These glasses worked for me. I feel a reduction in strain. I'm squinting less. I have to wear them over my existing glasses because I do not wear contact lenses.The glasses came with a bunch of extras! There were separate cases for the two glasses, a lens wipe, a testing card, a blue light flashlight, and a cute little screwdriver for repairs (so extra!) Overall, I'm happy with the purchase.",True,Color: *B9 Clear+clear PinkLens Color: Clear,[],69,49764,4353,https://www.amazon.com/product-reviews/B07W781XWF?pageNumber=7&filterByStar=all_stars&sortBy=helpful&formatType=all_formats,allStars,,"{'price': None, 'listPrice': None}",2023-11-20,United States,,B07W781XWF,0.8552
79,79,5,Great fit and Look,R12D011G6FZTC3,https://www.amazon.com/gp/customer-reviews/R12D011G6FZTC3/ref=cm_cr_arp_d_rvw_ttl?ie=UTF8&ASIN=B07W781XWF,,"Reviewed in the United States on January 21, 2024",Love the light pink color.  I have a small head and these fit perfectly.  No slip on the nose and narrow enough for a snug fit.,True,Color: *B9 Clear+clear PinkLens Color: Clear,[],70,49764,4353,https://www.amazon.com/product-reviews/B07W781XWF?pageNumber=7&filterByStar=all_stars&sortBy=helpful&formatType=all_formats,allStars,,"{'price': None, 'listPrice': None}",2024-01-21,United States,,B07W781XWF,0.9042
80,80,5,Very stylish and cute!,R3TPMHGFJ8LOK8,https://www.amazon.com/gp/customer-reviews/R3TPMHGFJ8LOK8/ref=cm_cr_arp_d_rvw_ttl?ie=UTF8&ASIN=B07W781XWF,5 people found this helpful,"Reviewed in the United States on January 14, 2024","I got these blue light glasses because I’m always in front of the computer, whether it be for work or school. These definitely help minimize the headaches I get if I’m in front of the computer too long. Very cute and stylish!",True,Color: *B1 Light Black+clearLens Color: Clear,['https://m.media-amazon.com/images/I/6147WxvIk0L._SY88.jpg'],71,49764,4353,https://www.amazon.com/product-reviews/B07W781XWF?pageNumber=8&filterByStar=all_stars&sortBy=helpful&formatType=all_formats,allStars,,"{'price': None, 'listPrice': None}",2024-01-14,United States,,B07W781XWF,0.8395
81,81,5,Cute,R3GWILJ13EWIBF,https://www.amazon.com/gp/customer-reviews/R3GWILJ13EWIBF/ref=cm_cr_arp_d_rvw_ttl?ie=UTF8&ASIN=B07W781XWF,One person found this helpful,"Reviewed in the United States on February 8, 2024",These are cute and my son loves them,True,Color: *B1 Light Black+clearLens Color: Clear,[],72,49764,4353,https://www.amazon.com/product-reviews/B07W781XWF?pageNumber=8&filterByStar=all_stars&sortBy=helpful&formatType=all_formats,allStars,,"{'price': None, 'listPrice': None}",2024-02-08,United States,,B07W781XWF,0.7717
82,82,5,They do the work,RTUO99IWJRYNG,https://www.amazon.com/gp/customer-reviews/RTUO99IWJRYNG/ref=cm_cr_arp_d_rvw_ttl?ie=UTF8&ASIN=B07W781XWF,,"Reviewed in the United States on January 27, 2024","Nice glasses, nice fit. Eyes feel much better after a long day in front of the computer.",True,Color: *B1 Light Black+clearLens Color: Clear,[],73,49764,4353,https://www.amazon.com/product-reviews/B07W781XWF?pageNumber=8&filterByStar=all_stars&sortBy=helpful&formatType=all_formats,allStars,,"{'price': None, 'listPrice': None}",2024-01-27,United States,,B07W781XWF,0.875
83,83,5,Very Nice Glasses,RHFHXQWLTG3H8,https://www.amazon.com/gp/customer-reviews/RHFHXQWLTG3H8/ref=cm_cr_arp_d_rvw_ttl?ie=UTF8&ASIN=B07W781XWF,14 people found this helpful,"Reviewed in the United States on January 7, 2023","I have been having trouble sleeping, at night, and it is partly due to using the computer until right before bedtime. So I ordered a pair of these glasses in hopes they would block the blue light so I could fall asleep faster.The pair of glasses come with 2 eyeglass sleeves, for storing the glasses, a cleaning cloth, a tiny double-headed screwdriver, that can be put on your keychain, a little flashlight that can also be put on your keychain, and a nice box for storing your glasses or organizing your bedside drawer, and a test card so you can see if the glasses block blue light.They do seem to block blue light--at least their test card says they do. I could see they were doing something, when I put them on, but I'm not exactly sure what they were doing. Whatever it was, it made my eyes hurt after about an hour so I think I will have to gradually increase the time I wear them.They also hurt the bridge of my nose and my ears but then again I'm not used to wearing glasses for more then a few minutes. I suspect I will need to buy some silicone nose and ear pads for the glasses since I'll need to wear them for a couple of hours each night.This is my initial impression of the glasses and my opinion might change over time. However, the pair of glasses seem to be a good buy as they are well made and come with some handy accessories.",True,Color: *B1 Light Black+clearLens Color: Clear,[],74,49764,4353,https://www.amazon.com/product-reviews/B07W781XWF?pageNumber=8&filterByStar=all_stars&sortBy=helpful&formatType=all_formats,allStars,,"{'price': None, 'listPrice': None}",2023-01-07,United States,,B07W781XWF,-0.7501
84,84,5,Absolutely AMAZING,R2FPZHZVEG49QM,https://www.amazon.com/gp/customer-reviews/R2FPZHZVEG49QM/ref=cm_cr_arp_d_rvw_ttl?ie=UTF8&ASIN=B07W781XWF,4 people found this helpful,"Reviewed in the United States on July 26, 2023","I’m a huge gamer and a nurse so I’m constantly looking at screens. I’d always play my Nintendo switch at night, in the dark. I began suffering from migraines because of this. One migraine lasted 3 days and was unbearable. The screens at work even started to bother me. I spoke to a colleague and she recommended blue light glasses so I ordered them! Guys.. these glasses changed my life !! I wear them every night when I’m gaming in bed and everyday at work. I have not suffered any migraines since I bought these glasses and I literally play Zelda for hours on end. Like 6-7 hours straight on my days off, I’m serious. These glasses are so cute, so affordable and working wonderfully. They even come with a case and a blue like tester thing. If I ever lose or break the ones I have, I will buy more. I officially cannot go without them!!",True,Color: *B9 Clear+clear PinkLens Color: Clear,[],75,49764,4353,https://www.amazon.com/product-reviews/B07W781XWF?pageNumber=8&filterByStar=all_stars&sortBy=helpful&formatType=all_formats,allStars,,"{'price': None, 'listPrice': None}",2023-07-26,United States,,B07W781XWF,0.9506
85,85,4,Great value for money but too small,R30YWAAW8ZY57H,https://www.amazon.com/gp/customer-reviews/R30YWAAW8ZY57H/ref=cm_cr_arp_d_rvw_ttl?ie=UTF8&ASIN=B07W781XWF,17 people found this helpful,"Reviewed in the United States on February 5, 2023","It’s been about a week of work (40+ hours of screen time w/ these glass on) and these r my pros and cons.4 Pros: 1) my sleep got better. My eye’s definitely hurt less at the end of the day. 2) They are light weight 3) The case is great for traveling. 4) Very reasonably priced.2 Cons: 1) the frames were too small for my face, specifically the temples (the side part of the frame) which were not long enough to go over my entire ear. I’m not sure how to measure the size of my face but I’m a 6’2” slender male. 2) the nose bridge consistently leaves red marks on my nose which does fade over time.Overall, I’d buy them again because they are reasonably priced and reduce my eye strain, but I wouldn’t buy them for me. The next pair I buy I’ll look for a larger temple length so they fit my face better.",True,Color: *B1 Light Black+clearLens Color: Clear,[],76,49764,4353,https://www.amazon.com/product-reviews/B07W781XWF?pageNumber=8&filterByStar=all_stars&sortBy=helpful&formatType=all_formats,allStars,,"{'price': None, 'listPrice': None}",2023-02-05,United States,,B07W781XWF,0.8716
86,86,5,Great for jobs involving a lot of screen-time,R14ZFDVMG9CNOA,https://www.amazon.com/gp/customer-reviews/R14ZFDVMG9CNOA/ref=cm_cr_arp_d_rvw_ttl?ie=UTF8&ASIN=B07W781XWF,3 people found this helpful,"Reviewed in the United States on October 22, 2023","I work in accounting and my job requires many hours of screen time which was hurting my eyes, so I bought these to test out if it would really help. I found they significantly help me during the day and my eyes and head don't hurt nearly as much as it did without them. I got the clear and black set which is great because I can keep a pair at home and a pair at work. They are lightweight and don't hurt the bridge of my nose. I wear them for around 6 hours a day and I would highly recommend them if you have a lot of screen time.",True,Color: *B1 Light Black+clearLens Color: Clear,['https://m.media-amazon.com/images/I/71Mpwf43oBL._SY88.jpg'],77,49764,4353,https://www.amazon.com/product-reviews/B07W781XWF?pageNumber=8&filterByStar=all_stars&sortBy=helpful&formatType=all_formats,allStars,,"{'price': None, 'listPrice': None}",2023-10-22,United States,,B07W781XWF,0.954
87,87,5,Super impactful!!!!,RWZXI8TTHS563,https://www.amazon.com/gp/customer-reviews/RWZXI8TTHS563/ref=cm_cr_arp_d_rvw_ttl?ie=UTF8&ASIN=B07W781XWF,14 people found this helpful,"Reviewed in the United States on September 9, 2023","I am a grad student in analytics who has to look at computers and programming software hours at a time, every single day. I used to get headaches all the time after completing assignment and being online, and I knew I needed a pair of blue light glasses. I ordered from a different brand a few months ago and there was no significant difference. But these glasses??? From the moment you put them on you know these are the real deal. They have an effective tint that allows you to stare at a screen all day if you needed too. They are also lightweight, and comfortable to wear all day if you needed to! If I were to ever lose them or someone needed a recommendation for a pair, I would definitely order these bad boys again. Not to mention they are cute AF!!!!!",True,Color: *B9 Clear+clear PinkLens Color: Clear,[],78,49764,4353,https://www.amazon.com/product-reviews/B07W781XWF?pageNumber=8&filterByStar=all_stars&sortBy=helpful&formatType=all_formats,allStars,,"{'price': None, 'listPrice': None}",2023-09-09,United States,,B07W781XWF,0.8849
88,88,5,Nicer than I expected,R73EBM775YDOG,https://www.amazon.com/gp/customer-reviews/R73EBM775YDOG/ref=cm_cr_arp_d_rvw_ttl?ie=UTF8&ASIN=B07W781XWF,One person found this helpful,"Reviewed in the United States on January 14, 2024",My son is a gamer and requested these for his birthday I’m very impressed with how good they look and the value for the money,True,Color: *B1 Light Black+clearLens Color: Clear,['https://m.media-amazon.com/images/I/61MMytcMJyL._SY88.jpg'],79,49764,4353,https://www.amazon.com/product-reviews/B07W781XWF?pageNumber=8&filterByStar=all_stars&sortBy=helpful&formatType=all_formats,allStars,,"{'price': None, 'listPrice': None}",2024-01-14,United States,,B07W781XWF,0.8268
89,89,5,Highly recommended,ROI86SXREGXUG,https://www.amazon.com/gp/customer-reviews/ROI86SXREGXUG/ref=cm_cr_arp_d_rvw_ttl?ie=UTF8&ASIN=B07W781XWF,,"Reviewed in the United States on February 3, 2024",Perfect product and delivery.,True,Color: *B1 Light Black+clearLens Color: Clear,[],80,49764,4353,https://www.amazon.com/product-reviews/B07W781XWF?pageNumber=8&filterByStar=all_stars&sortBy=helpful&formatType=all_formats,allStars,,"{'price': None, 'listPrice': None}",2024-02-03,United States,,B07W781XWF,0.5719
