,Unnamed: 0,ratingScore,reviewTitle,reviewId,reviewUrl,reviewReaction,reviewedIn,reviewDescription,isVerified,variant,reviewImages,position,totalCategoryRatings,totalCategoryReviews,reviewCategoryUrl,filterByRating,filterByKeyword,product,date,country,countryCode,productAsin,sentiment_score
0,0,5,GREAT Value!,R179W4OM0NC7OR,https://www.amazon.com/gp/customer-reviews/R179W4OM0NC7OR/ref=cm_cr_arp_d_rvw_ttl?ie=UTF8&ASIN=B08MQ9C5DH,,"Reviewed in the United States on April 3, 2024","To be honest, I wasn't expecting much for this price, but these are nice quality, look cute, and have held up really well!",True,Color: MixMagnification Strength: 2.5 x,[],1,5156,721,https://www.amazon.com/product-reviews/B08MQ9C5DH?pageNumber=1&filterByStar=all_stars&sortBy=helpful&formatType=all_formats,allStars,,"{'price': None, 'listPrice': None}",2024-04-03,United States,,B08MQ9C5DH,0.9221
1,1,5,Well made glasses,R2P9WALB5XHMM5,https://www.amazon.com/gp/customer-reviews/R2P9WALB5XHMM5/ref=cm_cr_arp_d_rvw_ttl?ie=UTF8&ASIN=B08MQ9C5DH,,"Reviewed in the United States on April 3, 2024","They seem sturdy, yet fashionable.  I have ordered reading glasses online before, and they make creaky noises when I open them to put them on.  These do not make noises and are comfortable once on.",True,Color: MixMagnification Strength: 2.5 x,['https://m.media-amazon.com/images/I/61XHbrgOdML._SY88.jpg'],2,5156,721,https://www.amazon.com/product-reviews/B08MQ9C5DH?pageNumber=1&filterByStar=all_stars&sortBy=helpful&formatType=all_formats,allStars,,"{'price': None, 'listPrice': None}",2024-04-03,United States,,B08MQ9C5DH,0.5106
2,2,5,Excellent product!,R2Z2D7J2CD8S5N,https://www.amazon.com/gp/customer-reviews/R2Z2D7J2CD8S5N/ref=cm_cr_arp_d_rvw_ttl?ie=UTF8&ASIN=B08MQ9C5DH,,"Reviewed in the United States on March 30, 2024",Love the fit and size! Great glasses,True,Color: MixMagnification Strength: 2.0 x,[],3,5156,721,https://www.amazon.com/product-reviews/B08MQ9C5DH?pageNumber=1&filterByStar=all_stars&sortBy=helpful&formatType=all_formats,allStars,,"{'price': None, 'listPrice': None}",2024-03-30,United States,,B08MQ9C5DH,0.902
3,3,4,Good value for glasses to assist me reading.,R1TRLPY2JH29SR,https://www.amazon.com/gp/customer-reviews/R1TRLPY2JH29SR/ref=cm_cr_arp_d_rvw_ttl?ie=UTF8&ASIN=B08MQ9C5DH,One person found this helpful,"Reviewed in the United States on November 9, 2023",Have only worn 2 pair--one fits slightly tighter than other pair. Also wish maybe u could get in mixed vision ratings. These are 3.50 but would like to mix in maybe 4.0. Nice looking I think. Sprin side may not break easily.,True,Color: MixMagnification Strength: 3.5 x,[],4,5156,721,https://www.amazon.com/product-reviews/B08MQ9C5DH?pageNumber=1&filterByStar=all_stars&sortBy=helpful&formatType=all_formats,allStars,,"{'price': None, 'listPrice': None}",2023-11-09,United States,,B08MQ9C5DH,0.7308
4,4,5,Studious Gal,RMIAYN7GIVQY2,https://www.amazon.com/gp/customer-reviews/RMIAYN7GIVQY2/ref=cm_cr_arp_d_rvw_ttl?ie=UTF8&ASIN=B08MQ9C5DH,,"Reviewed in the United States on March 28, 2024","These are pretty fantastic! I love the range of colors, the little cases to keep them in, and most of all the price paid to get all of this! I'm petty sure my IQ increases by a few points when I put them on....or at least I feel that way!",True,Color: Mix-3(6glasses 6 Holster)Magnification Strength: 1.75 x,[],5,5156,721,https://www.amazon.com/product-reviews/B08MQ9C5DH?pageNumber=1&filterByStar=all_stars&sortBy=helpful&formatType=all_formats,allStars,,"{'price': None, 'listPrice': None}",2024-03-28,United States,,B08MQ9C5DH,0.9243
5,5,5,Durable,RGUFUDM8ZPM77,https://www.amazon.com/gp/customer-reviews/RGUFUDM8ZPM77/ref=cm_cr_arp_d_rvw_ttl?ie=UTF8&ASIN=B08MQ9C5DH,,"Reviewed in the United States on March 21, 2024",I get tons of compliments when I wear these. Took many falls to break. No matter how careful I am they fall at times.,True,Color: Mix-1Magnification Strength: 1.0 x,[],6,5156,721,https://www.amazon.com/product-reviews/B08MQ9C5DH?pageNumber=1&filterByStar=all_stars&sortBy=helpful&formatType=all_formats,allStars,,"{'price': None, 'listPrice': None}",2024-03-21,United States,,B08MQ9C5DH,0.296
6,6,3,Pretty but large glasses,RMHLCG11SO713,https://www.amazon.com/gp/customer-reviews/RMHLCG11SO713/ref=cm_cr_arp_d_rvw_ttl?ie=UTF8&ASIN=B08MQ9C5DH,,"Reviewed in the United States on March 14, 2024","These are great glasses if you plan on wearing them while reading. If you plan to use them while doing other things such as looking down on your desk and looking back at the computer, these are not the glasses for you. They are slightly heavy, and are too tall to sit on the bridge of your nose.",True,Color: Mix-4(6glasses 6 Holster)Magnification Strength: 2.0 x,[],7,5156,721,https://www.amazon.com/product-reviews/B08MQ9C5DH?pageNumber=1&filterByStar=all_stars&sortBy=helpful&formatType=all_formats,allStars,,"{'price': None, 'listPrice': None}",2024-03-14,United States,,B08MQ9C5DH,0.6249
7,7,5,Great for the price,R1AWGGVXPVTIHA,https://www.amazon.com/gp/customer-reviews/R1AWGGVXPVTIHA/ref=cm_cr_arp_d_rvw_ttl?ie=UTF8&ASIN=B08MQ9C5DH,,"Reviewed in the United States on March 29, 2024","5 pairs should last a while, and they are very sturdy. I feel like I got a great deal. I broke a pair sitting on them, but they take a beating. Really happy with them. And I get compliments.",True,Color: MixMagnification Strength: 2.5 x,[],8,5156,721,https://www.amazon.com/product-reviews/B08MQ9C5DH?pageNumber=1&filterByStar=all_stars&sortBy=helpful&formatType=all_formats,allStars,,"{'price': None, 'listPrice': None}",2024-03-29,United States,,B08MQ9C5DH,0.8211
8,8,4,Good socks,RFVV56NDE4XPN,https://www.amazon.com/gp/customer-reviews/RFVV56NDE4XPN/ref=cm_cr_arp_d_rvw_ttl?ie=UTF8&ASIN=B08MQ9C5DH,,"Reviewed in the United States on March 31, 2024","I like these socks they are just what I wanted, soft and stretchy.",True,Color: MixMagnification Strength: 5.0 x,[],9,5156,721,https://www.amazon.com/product-reviews/B08MQ9C5DH?pageNumber=1&filterByStar=all_stars&sortBy=helpful&formatType=all_formats,allStars,,"{'price': None, 'listPrice': None}",2024-03-31,United States,,B08MQ9C5DH,0.3612
9,9,5,I can read-anywhere,R3GVPWLS78XCOV,https://www.amazon.com/gp/customer-reviews/R3GVPWLS78XCOV/ref=cm_cr_arp_d_rvw_ttl?ie=UTF8&ASIN=B08MQ9C5DH,,"Reviewed in the United States on April 6, 2024",They all fit great and love the different colors. I have a pair in every room.,True,Color: Mix-3(6glasses 6 Holster)Magnification Strength: 2.5 x,[],10,5156,721,https://www.amazon.com/product-reviews/B08MQ9C5DH?pageNumber=1&filterByStar=all_stars&sortBy=helpful&formatType=all_formats,allStars,,"{'price': None, 'listPrice': None}",2024-04-06,United States,,B08MQ9C5DH,0.8957
10,10,5,Nice,R10ZW6A5Z0RGOT,https://www.amazon.com/gp/customer-reviews/R10ZW6A5Z0RGOT/ref=cm_cr_arp_d_rvw_ttl?ie=UTF8&ASIN=B08MQ9C5DH,,"Reviewed in the United States on January 3, 2024",These glasses are great,True,Color: MixMagnification Strength: 5.0 x,[],61,5156,721,https://www.amazon.com/product-reviews/B08MQ9C5DH?pageNumber=7&filterByStar=all_stars&sortBy=helpful&formatType=all_formats,allStars,,"{'price': None, 'listPrice': None}",2024-01-03,United States,,B08MQ9C5DH,0.6249
11,11,5,"Sturdy, Wide and Comfortable",R2S7VVGRL5S6I9,https://www.amazon.com/gp/customer-reviews/R2S7VVGRL5S6I9/ref=cm_cr_arp_d_rvw_ttl?ie=UTF8&ASIN=B08MQ9C5DH,,"Reviewed in the United States on October 23, 2023","Have tried several versions of these reading glasses and these are the best so far.  Unlike others, the frame is firm and solid. The glass area is a little broader and wider than others too. They're also very comfortable, the springs work well and it sits nicely on the face.",True,Color: Mix-1Magnification Strength: 1.5 x,[],62,5156,721,https://www.amazon.com/product-reviews/B08MQ9C5DH?pageNumber=7&filterByStar=all_stars&sortBy=helpful&formatType=all_formats,allStars,,"{'price': None, 'listPrice': None}",2023-10-23,United States,,B08MQ9C5DH,0.9245
12,12,5,Not for tiny eyes,R1NF59WRVH12OK,https://www.amazon.com/gp/customer-reviews/R1NF59WRVH12OK/ref=cm_cr_arp_d_rvw_ttl?ie=UTF8&ASIN=B08MQ9C5DH,,"Reviewed in the United States on December 4, 2023",They didn't work for me.  They were just too big.  My coworker to whom I gave them absolutely loves them!,True,Color: Mix-1Magnification Strength: 1.5 x,[],63,5156,721,https://www.amazon.com/product-reviews/B08MQ9C5DH?pageNumber=7&filterByStar=all_stars&sortBy=helpful&formatType=all_formats,allStars,,"{'price': None, 'listPrice': None}",2023-12-04,United States,,B08MQ9C5DH,0.6468
13,13,5,Work great comfortable to wear,R2QFQASZ5HYUMI,https://www.amazon.com/gp/customer-reviews/R2QFQASZ5HYUMI/ref=cm_cr_arp_d_rvw_ttl?ie=UTF8&ASIN=B08MQ9C5DH,,"Reviewed in the United States on January 5, 2024",Readers,True,,[],64,5156,721,https://www.amazon.com/product-reviews/B08MQ9C5DH?pageNumber=7&filterByStar=all_stars&sortBy=helpful&formatType=all_formats,allStars,,"{'price': None, 'listPrice': None}",2024-01-05,United States,,B08MQ9C5DH,0.0
14,14,3,Too big for my face,R1EK7ODND9U26E,https://www.amazon.com/gp/customer-reviews/R1EK7ODND9U26E/ref=cm_cr_arp_d_rvw_ttl?ie=UTF8&ASIN=B08MQ9C5DH,,"Reviewed in the United States on January 7, 2024",Like the colors but they were too big for my face. Returned.,True,Color: Mix-1Magnification Strength: 2.0 x,[],65,5156,721,https://www.amazon.com/product-reviews/B08MQ9C5DH?pageNumber=7&filterByStar=all_stars&sortBy=helpful&formatType=all_formats,allStars,,"{'price': None, 'listPrice': None}",2024-01-07,United States,,B08MQ9C5DH,0.1901
15,15,4,Comfortable,R1Z4JXIV8M9EI9,https://www.amazon.com/gp/customer-reviews/R1Z4JXIV8M9EI9/ref=cm_cr_arp_d_rvw_ttl?ie=UTF8&ASIN=B08MQ9C5DH,,"Reviewed in the United States on August 27, 2023",I like how they look and feel on face.,True,Color: MixMagnification Strength: 2.75 x,[],66,5156,721,https://www.amazon.com/product-reviews/B08MQ9C5DH?pageNumber=7&filterByStar=all_stars&sortBy=helpful&formatType=all_formats,allStars,,"{'price': None, 'listPrice': None}",2023-08-27,United States,,B08MQ9C5DH,0.3612
16,16,5,Best reading glasses I’ve bought,R2AXVDHZA9988B,https://www.amazon.com/gp/customer-reviews/R2AXVDHZA9988B/ref=cm_cr_arp_d_rvw_ttl?ie=UTF8&ASIN=B08MQ9C5DH,2 people found this helpful,"Reviewed in the United States on September 11, 2023","I’ve purchased several different reading glasses from Amazon, and this is my favorite! If you are like me, and stash these all over the house, because you always lose a pair, these fit the bill. They are larger, and have the bendable arms that don’t squeeze your head, which is a BIG plus. They are very well-made and sturdy even when tossed around.I highly recommend them.",True,Color: MixMagnification Strength: 2.0 x,[],67,5156,721,https://www.amazon.com/product-reviews/B08MQ9C5DH?pageNumber=7&filterByStar=all_stars&sortBy=helpful&formatType=all_formats,allStars,,"{'price': None, 'listPrice': None}",2023-09-11,United States,,B08MQ9C5DH,0.8436
17,17,5,Good quality,RML3PD980QD2,https://www.amazon.com/gp/customer-reviews/RML3PD980QD2/ref=cm_cr_arp_d_rvw_ttl?ie=UTF8&ASIN=B08MQ9C5DH,,"Reviewed in the United States on December 4, 2023",Nice and cute color variation. Light weight. It doesn’t hurt my ears. I love it,True,Color: MixMagnification Strength: 1.5 x,[],68,5156,721,https://www.amazon.com/product-reviews/B08MQ9C5DH?pageNumber=7&filterByStar=all_stars&sortBy=helpful&formatType=all_formats,allStars,,"{'price': None, 'listPrice': None}",2023-12-04,United States,,B08MQ9C5DH,0.765
18,18,5,Great Value,R1L6GJBOPTU6VT,https://www.amazon.com/gp/customer-reviews/R1L6GJBOPTU6VT/ref=cm_cr_arp_d_rvw_ttl?ie=UTF8&ASIN=B08MQ9C5DH,,"Reviewed in the United States on December 20, 2023",Great looking and great value,True,Color: MixMagnification Strength: 1.25 x,[],69,5156,721,https://www.amazon.com/product-reviews/B08MQ9C5DH?pageNumber=7&filterByStar=all_stars&sortBy=helpful&formatType=all_formats,allStars,,"{'price': None, 'listPrice': None}",2023-12-20,United States,,B08MQ9C5DH,0.891
19,19,3,Look great but hurt my nose,R2LT9RSOV1V07J,https://www.amazon.com/gp/customer-reviews/R2LT9RSOV1V07J/ref=cm_cr_arp_d_rvw_ttl?ie=UTF8&ASIN=B08MQ9C5DH,,"Reviewed in the United States on December 3, 2023",These were exactly what I was looking for. But after a day of wearing I had a headache and the bridge of my nose was bruised.  Would recommend if the bridge of your nose is narrow.,True,Color: Mix-2Magnification Strength: 1.5 x,[],70,5156,721,https://www.amazon.com/product-reviews/B08MQ9C5DH?pageNumber=7&filterByStar=all_stars&sortBy=helpful&formatType=all_formats,allStars,,"{'price': None, 'listPrice': None}",2023-12-03,United States,,B08MQ9C5DH,0.5023
20,20,5,Nice quality,R1MKYW7TJCOWZJ,https://www.amazon.com/gp/customer-reviews/R1MKYW7TJCOWZJ/ref=cm_cr_arp_d_rvw_ttl?ie=UTF8&ASIN=B08MQ9C5DH,,"Reviewed in the United States on January 25, 2024",Nice quality. Will reorder again when I lose all of these.,True,Color: Mix-1Magnification Strength: 1.75 x,[],41,5156,721,https://www.amazon.com/product-reviews/B08MQ9C5DH?pageNumber=5&filterByStar=all_stars&sortBy=helpful&formatType=all_formats,allStars,,"{'price': None, 'listPrice': None}",2024-01-25,United States,,B08MQ9C5DH,0.0258
21,21,3,Too Heavy,R1K2WA2MUMK5KG,https://www.amazon.com/gp/customer-reviews/R1K2WA2MUMK5KG/ref=cm_cr_arp_d_rvw_ttl?ie=UTF8&ASIN=B08MQ9C5DH,,"Reviewed in the United States on February 29, 2024",I like how these look but they are too heavy to wear all day while sitting at a laptop.  Very thick frames and get uncomfortable quickly.,True,Color: Mix-2Magnification Strength: 1.5 x,[],42,5156,721,https://www.amazon.com/product-reviews/B08MQ9C5DH?pageNumber=5&filterByStar=all_stars&sortBy=helpful&formatType=all_formats,allStars,,"{'price': None, 'listPrice': None}",2024-02-29,United States,,B08MQ9C5DH,-0.3919
22,22,5,"Nice assortment, shape, price and fast delivery!",R31FYEME8MX5XP,https://www.amazon.com/gp/customer-reviews/R31FYEME8MX5XP/ref=cm_cr_arp_d_rvw_ttl?ie=UTF8&ASIN=B08MQ9C5DH,2 people found this helpful,"Reviewed in the United States on February 29, 2024",Great price. Fast shipping.  Nice shape and colors.,True,Color: MixMagnification Strength: 1.0 x,[],43,5156,721,https://www.amazon.com/product-reviews/B08MQ9C5DH?pageNumber=5&filterByStar=all_stars&sortBy=helpful&formatType=all_formats,allStars,,"{'price': None, 'listPrice': None}",2024-02-29,United States,,B08MQ9C5DH,0.7845
23,23,5,MIGHT be perfect,R3GR7NB0T0TR9U,https://www.amazon.com/gp/customer-reviews/R3GR7NB0T0TR9U/ref=cm_cr_arp_d_rvw_ttl?ie=UTF8&ASIN=B08MQ9C5DH,11 people found this helpful,"Reviewed in the United States on July 18, 2023","UPDATE...Originally purchased in July 2023.  It is now November 2023 four months later.  With daily use and multiple drops the glasses are still as good as new.  Wanted to share for those who are on the fence about ordering due to the reviews of the glasses being too fragile.ORIGINAL POST...Despite some of the negative reviews suggesting these glasses break easily, I purchased them anyway.  I just received today and they SEEM perfect.  I have purchased many readers and blue light glasses from Amazon and returned quite a few either because they were too tight on my face or the lenses seemed cloudy.  These lenses truly do seem different as they make my vision much more crisp. As all blue light glasses they do have a subtle tint but much less noticeable than other blue light glasses I purchased from Amazon in the past.  Haven't had them long enough to rate on durability and will update my review if they don't hold up as expected.",True,Color: 5 Mix Color C1Magnification Strength: 1.0 x,['https://m.media-amazon.com/images/I/81HyFF4MxML._SY88.jpg'],44,5156,721,https://www.amazon.com/product-reviews/B08MQ9C5DH?pageNumber=5&filterByStar=all_stars&sortBy=helpful&formatType=all_formats,allStars,,"{'price': None, 'listPrice': None}",2023-07-18,United States,,B08MQ9C5DH,0.7964
24,24,5,Readers,R25PFCMHNR04O2,https://www.amazon.com/gp/customer-reviews/R25PFCMHNR04O2/ref=cm_cr_arp_d_rvw_ttl?ie=UTF8&ASIN=B08MQ9C5DH,,"Reviewed in the United States on January 2, 2024",I got these for my daughter as she needs readers now. The pack came in with 5 very cute pairs. They look and feel like a good quality pair of glasses from an eye doctor. Definitely recommend!,True,Color: MixMagnification Strength: 1.0 x,[],45,5156,721,https://www.amazon.com/product-reviews/B08MQ9C5DH?pageNumber=5&filterByStar=all_stars&sortBy=helpful&formatType=all_formats,allStars,,"{'price': None, 'listPrice': None}",2024-01-02,United States,,B08MQ9C5DH,0.9214
25,25,5,look,R190C069REARBG,https://www.amazon.com/gp/customer-reviews/R190C069REARBG/ref=cm_cr_arp_d_rvw_ttl?ie=UTF8&ASIN=B08MQ9C5DH,,"Reviewed in the United States on January 23, 2024",Very pretty and were awesome to use.,True,Color: Mix-4(6glasses 6 Holster)Magnification Strength: 1.75 x,[],46,5156,721,https://www.amazon.com/product-reviews/B08MQ9C5DH?pageNumber=5&filterByStar=all_stars&sortBy=helpful&formatType=all_formats,allStars,,"{'price': None, 'listPrice': None}",2024-01-23,United States,,B08MQ9C5DH,0.8221
26,26,5,I like these a lot,RQBYMH5CBT10O,https://www.amazon.com/gp/customer-reviews/RQBYMH5CBT10O/ref=cm_cr_arp_d_rvw_ttl?ie=UTF8&ASIN=B08MQ9C5DH,2 people found this helpful,"Reviewed in the United States on October 13, 2023",They seem to be lasting a good amount of time. The prescription seems to be accurate. The durability is pretty good I dropped them a few times laid down on them Etc and they haven't broken like the other one that I've had from Amazon. Plus I do believe the blue blocking is working as my eyes don't seem to be as strained as much as they used to be. I should have started wearing that earlier. I had been recommended to wear computer glasses but I just blew it off as nonsense but now I see that the blue blocking actually does work.,True,,[],47,5156,721,https://www.amazon.com/product-reviews/B08MQ9C5DH?pageNumber=5&filterByStar=all_stars&sortBy=helpful&formatType=all_formats,allStars,,"{'price': None, 'listPrice': None}",2023-10-13,United States,,B08MQ9C5DH,-0.5615
27,27,5,Comfortable and great if you’re prone to misplacing glasses,R22LFC0HXHRMPJ,https://www.amazon.com/gp/customer-reviews/R22LFC0HXHRMPJ/ref=cm_cr_arp_d_rvw_ttl?ie=UTF8&ASIN=B08MQ9C5DH,One person found this helpful,"Reviewed in the United States on December 15, 2023",These are comfortable and sturdy.  The color options are great for matching to your outfit.  They are also great to leave in different areas of the house in case you forget to bring them with you.  Big fan! Wish they came in more colors,True,Color: MixMagnification Strength: 1.75 x,[],48,5156,721,https://www.amazon.com/product-reviews/B08MQ9C5DH?pageNumber=5&filterByStar=all_stars&sortBy=helpful&formatType=all_formats,allStars,,"{'price': None, 'listPrice': None}",2023-12-15,United States,,B08MQ9C5DH,0.9402
28,28,5,Just as good as Peepers,R7GD9A86LUBQP,https://www.amazon.com/gp/customer-reviews/R7GD9A86LUBQP/ref=cm_cr_arp_d_rvw_ttl?ie=UTF8&ASIN=B08MQ9C5DH,,"Reviewed in the United States on January 2, 2024",You get five pair of glasses for less than 20 dollars. They work as well as more expensive brands. I love this glasses. Highly recommend!!,True,Color: MixMagnification Strength: 2.0 x,[],49,5156,721,https://www.amazon.com/product-reviews/B08MQ9C5DH?pageNumber=5&filterByStar=all_stars&sortBy=helpful&formatType=all_formats,allStars,,"{'price': None, 'listPrice': None}",2024-01-02,United States,,B08MQ9C5DH,0.8732
29,29,3,Break easy,R1PUGDTV1O8I80,https://www.amazon.com/gp/customer-reviews/R1PUGDTV1O8I80/ref=cm_cr_arp_d_rvw_ttl?ie=UTF8&ASIN=B08MQ9C5DH,,"Reviewed in the United States on February 21, 2024",If you drop them they will break,True,Color: MixMagnification Strength: 2.5 x,[],50,5156,721,https://www.amazon.com/product-reviews/B08MQ9C5DH?pageNumber=5&filterByStar=all_stars&sortBy=helpful&formatType=all_formats,allStars,,"{'price': None, 'listPrice': None}",2024-02-21,United States,,B08MQ9C5DH,-0.2732
30,30,4,Comfortable!,R4HO6DCT5KKYJ,https://www.amazon.com/gp/customer-reviews/R4HO6DCT5KKYJ/ref=cm_cr_arp_d_rvw_ttl?ie=UTF8&ASIN=B08MQ9C5DH,,"Reviewed in the United States on July 9, 2023","These are heavier than most readers, and I wear them all the time! I like them so much, I have to remind myself to change to my prescription glasses to drive.",True,Color: MixMagnification Strength: 3.0 x,[],71,5156,721,https://www.amazon.com/product-reviews/B08MQ9C5DH?pageNumber=8&filterByStar=all_stars&sortBy=helpful&formatType=all_formats,allStars,,"{'price': None, 'listPrice': None}",2023-07-09,United States,,B08MQ9C5DH,0.4199
31,31,5,Great value,R3IWBO0W9QCRJE,https://www.amazon.com/gp/customer-reviews/R3IWBO0W9QCRJE/ref=cm_cr_arp_d_rvw_ttl?ie=UTF8&ASIN=B08MQ9C5DH,,"Reviewed in the United States on December 7, 2023",I have purchased so many of these. These are great value for money.,True,Color: Mix-4(6glasses 6 Holster)Magnification Strength: 2.0 x,[],72,5156,721,https://www.amazon.com/product-reviews/B08MQ9C5DH?pageNumber=8&filterByStar=all_stars&sortBy=helpful&formatType=all_formats,allStars,,"{'price': None, 'listPrice': None}",2023-12-07,United States,,B08MQ9C5DH,0.7579
32,32,5,Good,R1S70BP9GOVI8,https://www.amazon.com/gp/customer-reviews/R1S70BP9GOVI8/ref=cm_cr_arp_d_rvw_ttl?ie=UTF8&ASIN=B08MQ9C5DH,,"Reviewed in the United States on December 15, 2023",Good products and cheap,True,Color: MixMagnification Strength: 1.25 x,[],73,5156,721,https://www.amazon.com/product-reviews/B08MQ9C5DH?pageNumber=8&filterByStar=all_stars&sortBy=helpful&formatType=all_formats,allStars,,"{'price': None, 'listPrice': None}",2023-12-15,United States,,B08MQ9C5DH,0.4404
33,33,5,Stylish Readers,RHI8FUAJRAFOQ,https://www.amazon.com/gp/customer-reviews/RHI8FUAJRAFOQ/ref=cm_cr_arp_d_rvw_ttl?ie=UTF8&ASIN=B08MQ9C5DH,,"Reviewed in the United States on October 20, 2023",I love everything about all five pair of readers. They are very stylish and “frames” your face just right. I highly recommend these readers and would definitely buy again. Unbelievable price for such great quality.,True,Color: 5 Mix ColorMagnification Strength: 1.5 x,[],74,5156,721,https://www.amazon.com/product-reviews/B08MQ9C5DH?pageNumber=8&filterByStar=all_stars&sortBy=helpful&formatType=all_formats,allStars,,"{'price': None, 'listPrice': None}",2023-10-20,United States,,B08MQ9C5DH,0.9392
34,34,4,Great Deal for the Price,R2UJU4UF0FKGYC,https://www.amazon.com/gp/customer-reviews/R2UJU4UF0FKGYC/ref=cm_cr_arp_d_rvw_ttl?ie=UTF8&ASIN=B08MQ9C5DH,4 people found this helpful,"Reviewed in the United States on April 1, 2023",Im kind of mad at my eye doctor for convincing me that I needed prescription reading glasses.  Especially when they cost me over $200 and this 5 pack cost me a fraction of the price and come in so many cute colors.  Im loving mixing it up with the different frames to match different outfits and the lenses are more comfortable to read through than my stupid prescribed glasses.,True,Color: MixMagnification Strength: 1.25 x,[],75,5156,721,https://www.amazon.com/product-reviews/B08MQ9C5DH?pageNumber=8&filterByStar=all_stars&sortBy=helpful&formatType=all_formats,allStars,,"{'price': None, 'listPrice': None}",2023-04-01,United States,,B08MQ9C5DH,0.7635
35,35,5,Wow great reading glasses at a great price,R27UFDDNSYS5IG,https://www.amazon.com/gp/customer-reviews/R27UFDDNSYS5IG/ref=cm_cr_arp_d_rvw_ttl?ie=UTF8&ASIN=B08MQ9C5DH,,"Reviewed in the United States on December 13, 2023",Love these readers!,True,Color: MixMagnification Strength: 1.75 x,[],76,5156,721,https://www.amazon.com/product-reviews/B08MQ9C5DH?pageNumber=8&filterByStar=all_stars&sortBy=helpful&formatType=all_formats,allStars,,"{'price': None, 'listPrice': None}",2023-12-13,United States,,B08MQ9C5DH,0.6696
36,36,5,Very nice,R38PF5GSHM3UO,https://www.amazon.com/gp/customer-reviews/R38PF5GSHM3UO/ref=cm_cr_arp_d_rvw_ttl?ie=UTF8&ASIN=B08MQ9C5DH,,"Reviewed in the United States on December 11, 2023",Very comfy and looks great.,True,Color: MixMagnification Strength: 3.0 x,[],77,5156,721,https://www.amazon.com/product-reviews/B08MQ9C5DH?pageNumber=8&filterByStar=all_stars&sortBy=helpful&formatType=all_formats,allStars,,"{'price': None, 'listPrice': None}",2023-12-11,United States,,B08MQ9C5DH,0.6249
37,37,5,Beautiful,R37PV60RH0C0FJ,https://www.amazon.com/gp/customer-reviews/R37PV60RH0C0FJ/ref=cm_cr_arp_d_rvw_ttl?ie=UTF8&ASIN=B08MQ9C5DH,,"Reviewed in the United States on December 19, 2023",Sturdy big beautiful,True,Color: Mix-4(6glasses 6 Holster)Magnification Strength: 1.75 x,[],78,5156,721,https://www.amazon.com/product-reviews/B08MQ9C5DH?pageNumber=8&filterByStar=all_stars&sortBy=helpful&formatType=all_formats,allStars,,"{'price': None, 'listPrice': None}",2023-12-19,United States,,B08MQ9C5DH,0.5994
38,38,5,Big and strong lenses.,R2ZPR26AKJ803T,https://www.amazon.com/gp/customer-reviews/R2ZPR26AKJ803T/ref=cm_cr_arp_d_rvw_ttl?ie=UTF8&ASIN=B08MQ9C5DH,One person found this helpful,"Reviewed in the United States on October 25, 2023",Good price for 5 low vision glasses for reading. If you are always losing your readers these will help you out. They come in various strength and color,True,Color: 5 Mix ColorMagnification Strength: 4.5 x,[],79,5156,721,https://www.amazon.com/product-reviews/B08MQ9C5DH?pageNumber=8&filterByStar=all_stars&sortBy=helpful&formatType=all_formats,allStars,,"{'price': None, 'listPrice': None}",2023-10-25,United States,,B08MQ9C5DH,0.7269
39,39,5,Great Computer Reading glasses,R1O6LYFY8RIB0N,https://www.amazon.com/gp/customer-reviews/R1O6LYFY8RIB0N/ref=cm_cr_arp_d_rvw_ttl?ie=UTF8&ASIN=B08MQ9C5DH,,"Reviewed in the United States on November 8, 2023",These work perfectly. I am on a computer all day and my eyes are no longer sore and tired at the end of the day.,True,Color: MixMagnification Strength: 1.25 x,[],80,5156,721,https://www.amazon.com/product-reviews/B08MQ9C5DH?pageNumber=8&filterByStar=all_stars&sortBy=helpful&formatType=all_formats,allStars,,"{'price': None, 'listPrice': None}",2023-11-08,United States,,B08MQ9C5DH,-0.34
40,40,5,frames,R2PX99KZDIRTQ7,https://www.amazon.com/gp/customer-reviews/R2PX99KZDIRTQ7/ref=cm_cr_arp_d_rvw_ttl?ie=UTF8&ASIN=B08MQ9C5DH,,"Reviewed in the United States on February 18, 2024",they are so cute for the price! would recommended. kinda bigger framed but still cute,True,Color: MixMagnification Strength: 0.0 x,[],21,5156,721,https://www.amazon.com/product-reviews/B08MQ9C5DH?pageNumber=3&filterByStar=all_stars&sortBy=helpful&formatType=all_formats,allStars,,"{'price': None, 'listPrice': None}",2024-02-18,United States,,B08MQ9C5DH,0.8564
41,41,4,Wow - They're made for Shaq,R3OFJYYBI0ASW8,https://www.amazon.com/gp/customer-reviews/R3OFJYYBI0ASW8/ref=cm_cr_arp_d_rvw_ttl?ie=UTF8&ASIN=B08MQ9C5DH,3 people found this helpful,"Reviewed in the United States on October 15, 2023","I like these glasses, but dang, they're really big, loose on my head.  I have a pretty big head, so usually glasses, hats, etc., are too small or tight on my head - not these.  I only need glasses to read things, so I'm constantly putting them on and then putting them up on my head until I need them again - can't do that with these, as soon as I bend down for something they fall off my head - not something that's ever happened with any other glasses or sunglasses - I still use them, but to keep them from smashing on my unforgiving tile floors, I take them off my head when I don't need them...",True,Color: Mix-1Magnification Strength: 1.75 x,[],22,5156,721,https://www.amazon.com/product-reviews/B08MQ9C5DH?pageNumber=3&filterByStar=all_stars&sortBy=helpful&formatType=all_formats,allStars,,"{'price': None, 'listPrice': None}",2023-10-15,United States,,B08MQ9C5DH,0.3984
42,42,4,Cutest but not the most durable,R3QTI8BUL3H64S,https://www.amazon.com/gp/customer-reviews/R3QTI8BUL3H64S/ref=cm_cr_arp_d_rvw_ttl?ie=UTF8&ASIN=B08MQ9C5DH,,"Reviewed in the United States on November 22, 2023","I work overnights & spend too much time staring at screens. I've bought this set 3 times over the past year or so, because I love the variety of colors & patterns on them. However, the plastic holding the temples/arms to the frames break pretty easily & not in a repairable way. I wear them enough to make it worth the initial price, maybe even a second purchase. However, having to repurchase for the third time now undoubtedly challenges that notion.",True,Color: Mix-2Magnification Strength: 0.0 x,[],23,5156,721,https://www.amazon.com/product-reviews/B08MQ9C5DH?pageNumber=3&filterByStar=all_stars&sortBy=helpful&formatType=all_formats,allStars,,"{'price': None, 'listPrice': None}",2023-11-22,United States,,B08MQ9C5DH,0.9058
43,43,5,Great fit,R19IBF18MXNXV3,https://www.amazon.com/gp/customer-reviews/R19IBF18MXNXV3/ref=cm_cr_arp_d_rvw_ttl?ie=UTF8&ASIN=B08MQ9C5DH,,"Reviewed in the United States on February 20, 2024",Great price for a wide array of colors!,True,Color: Mix-4(6glasses 6 Holster)Magnification Strength: 2.5 x,[],24,5156,721,https://www.amazon.com/product-reviews/B08MQ9C5DH?pageNumber=3&filterByStar=all_stars&sortBy=helpful&formatType=all_formats,allStars,,"{'price': None, 'listPrice': None}",2024-02-20,United States,,B08MQ9C5DH,0.6588
44,44,5,Love these glasses,R13HGUVWV6L4O0,https://www.amazon.com/gp/customer-reviews/R13HGUVWV6L4O0/ref=cm_cr_arp_d_rvw_ttl?ie=UTF8&ASIN=B08MQ9C5DH,One person found this helpful,"Reviewed in the United States on February 8, 2024",Love these glasses.  Big enough I don’t see the rim on the top which bothers me.  They are very well made and very stylish.,True,Color: MixMagnification Strength: 2.5 x,[],25,5156,721,https://www.amazon.com/product-reviews/B08MQ9C5DH?pageNumber=3&filterByStar=all_stars&sortBy=helpful&formatType=all_formats,allStars,,"{'price': None, 'listPrice': None}",2024-02-08,United States,,B08MQ9C5DH,0.7645
45,45,5,Perfect,R9ES7CRJ0IRSD,https://www.amazon.com/gp/customer-reviews/R9ES7CRJ0IRSD/ref=cm_cr_arp_d_rvw_ttl?ie=UTF8&ASIN=B08MQ9C5DH,,"Reviewed in the United States on February 22, 2024",Love these glasses!,True,Color: MixMagnification Strength: 2.0 x,[],26,5156,721,https://www.amazon.com/product-reviews/B08MQ9C5DH?pageNumber=3&filterByStar=all_stars&sortBy=helpful&formatType=all_formats,allStars,,"{'price': None, 'listPrice': None}",2024-02-22,United States,,B08MQ9C5DH,0.6696
46,46,5,100% better than I thought.,RIVDE32E1Q5B1,https://www.amazon.com/gp/customer-reviews/RIVDE32E1Q5B1/ref=cm_cr_arp_d_rvw_ttl?ie=UTF8&ASIN=B08MQ9C5DH,,"Reviewed in the United States on February 15, 2024","Absolutely great price, they are sturdy they also don’t feel cheap.",True,Color: MixMagnification Strength: 1.5 x,[],27,5156,721,https://www.amazon.com/product-reviews/B08MQ9C5DH?pageNumber=3&filterByStar=all_stars&sortBy=helpful&formatType=all_formats,allStars,,"{'price': None, 'listPrice': None}",2024-02-15,United States,,B08MQ9C5DH,0.659
47,47,4,Work well but little difference between frame colors,RSGKR3XVLUEDO,https://www.amazon.com/gp/customer-reviews/RSGKR3XVLUEDO/ref=cm_cr_arp_d_rvw_ttl?ie=UTF8&ASIN=B08MQ9C5DH,,"Reviewed in the United States on November 7, 2023","They're on the large side, which for me is a good thing, and they do what they're supposed to. So no real complaints, but I'm a little disappointed in the colors. The color contrast among the pairs is minimal, not anywhere near what it looks like on screen. Just slightly darker and lighter shades of grayish brown. If I wore a different pair every day and didn't tell anyone I doubt they'd notice that I was actually wearing different glasses.",True,Color: Mix-2Magnification Strength: 2.75 x,[],28,5156,721,https://www.amazon.com/product-reviews/B08MQ9C5DH?pageNumber=3&filterByStar=all_stars&sortBy=helpful&formatType=all_formats,allStars,,"{'price': None, 'listPrice': None}",2023-11-07,United States,,B08MQ9C5DH,0.1094
48,48,5,My eyes are thanking me,R2X00IBJZ3SIVJ,https://www.amazon.com/gp/customer-reviews/R2X00IBJZ3SIVJ/ref=cm_cr_arp_d_rvw_ttl?ie=UTF8&ASIN=B08MQ9C5DH,,"Reviewed in the United States on January 25, 2024",I was spending a lot of time on my kindle and my eyes were bothering me. These glasses have definitely helped. Having multiple pairs have let me leave them all over the house.,True,Color: Mix-2Magnification Strength: 2.5 x,[],29,5156,721,https://www.amazon.com/product-reviews/B08MQ9C5DH?pageNumber=3&filterByStar=all_stars&sortBy=helpful&formatType=all_formats,allStars,,"{'price': None, 'listPrice': None}",2024-01-25,United States,,B08MQ9C5DH,-0.0258
49,49,5,Nice Design,R1HCP88OUKYE54,https://www.amazon.com/gp/customer-reviews/R1HCP88OUKYE54/ref=cm_cr_arp_d_rvw_ttl?ie=UTF8&ASIN=B08MQ9C5DH,2 people found this helpful,"Reviewed in the United States on February 3, 2024",I have prescription glasses and still choose these readers. They are a great value and feel well built. Would definitely purchase again,True,Color: MixMagnification Strength: 1.75 x,[],30,5156,721,https://www.amazon.com/product-reviews/B08MQ9C5DH?pageNumber=3&filterByStar=all_stars&sortBy=helpful&formatType=all_formats,allStars,,"{'price': None, 'listPrice': None}",2024-02-03,United States,,B08MQ9C5DH,0.8834
50,50,5,Perfect and flattering,R3NNQISHL7KXE6,https://www.amazon.com/gp/customer-reviews/R3NNQISHL7KXE6/ref=cm_cr_arp_d_rvw_ttl?ie=UTF8&ASIN=B08MQ9C5DH,,"Reviewed in the United States on January 26, 2024","I liked them so much I bought two sets so I can have them in many areas of the house and vehicles.  Also, I use them to match my wardrobe. 😆",True,Color: MixMagnification Strength: 2.75 x,[],31,5156,721,https://www.amazon.com/product-reviews/B08MQ9C5DH?pageNumber=4&filterByStar=all_stars&sortBy=helpful&formatType=all_formats,allStars,,"{'price': None, 'listPrice': None}",2024-01-26,United States,,B08MQ9C5DH,0.4215
51,51,5,Really cute,R1GAJ7DBGJRMK3,https://www.amazon.com/gp/customer-reviews/R1GAJ7DBGJRMK3/ref=cm_cr_arp_d_rvw_ttl?ie=UTF8&ASIN=B08MQ9C5DH,One person found this helpful,"Reviewed in the United States on January 27, 2024",Honestly I wasn’t expecting much because the price was so cheap. Happily surprised with great looking style and actual quality! I’m so glad I got these!,True,Color: MixMagnification Strength: 2.5 x,[],32,5156,721,https://www.amazon.com/product-reviews/B08MQ9C5DH?pageNumber=4&filterByStar=all_stars&sortBy=helpful&formatType=all_formats,allStars,,"{'price': None, 'listPrice': None}",2024-01-27,United States,,B08MQ9C5DH,0.9558
52,52,4,Good,RZVR22836A9UO,https://www.amazon.com/gp/customer-reviews/RZVR22836A9UO/ref=cm_cr_arp_d_rvw_ttl?ie=UTF8&ASIN=B08MQ9C5DH,,"Reviewed in the United States on December 27, 2023",Good,True,Color: Mix-3(6glasses 6 Holster)Magnification Strength: 2.75 x,[],33,5156,721,https://www.amazon.com/product-reviews/B08MQ9C5DH?pageNumber=4&filterByStar=all_stars&sortBy=helpful&formatType=all_formats,allStars,,"{'price': None, 'listPrice': None}",2023-12-27,United States,,B08MQ9C5DH,0.4404
53,53,5,Great glasses,R2NIOO9KHURC6A,https://www.amazon.com/gp/customer-reviews/R2NIOO9KHURC6A/ref=cm_cr_arp_d_rvw_ttl?ie=UTF8&ASIN=B08MQ9C5DH,,"Reviewed in the United States on February 7, 2024",Optics are great! Fast delivery. Comfortable.,True,Color: MixMagnification Strength: 2.75 x,[],34,5156,721,https://www.amazon.com/product-reviews/B08MQ9C5DH?pageNumber=4&filterByStar=all_stars&sortBy=helpful&formatType=all_formats,allStars,,"{'price': None, 'listPrice': None}",2024-02-07,United States,,B08MQ9C5DH,0.8268
54,54,5,Just what I wanted!,R3BLAH2CD5O8RY,https://www.amazon.com/gp/customer-reviews/R3BLAH2CD5O8RY/ref=cm_cr_arp_d_rvw_ttl?ie=UTF8&ASIN=B08MQ9C5DH,,"Reviewed in the United States on February 3, 2024",Love the lightness of the frames. Great quality lenses and colors.,True,Color: MixMagnification Strength: 1.75 x,[],35,5156,721,https://www.amazon.com/product-reviews/B08MQ9C5DH?pageNumber=4&filterByStar=all_stars&sortBy=helpful&formatType=all_formats,allStars,,"{'price': None, 'listPrice': None}",2024-02-03,United States,,B08MQ9C5DH,0.8519
55,55,4,Good computer glasses,R2VK9CX9FTEBI0,https://www.amazon.com/gp/customer-reviews/R2VK9CX9FTEBI0/ref=cm_cr_arp_d_rvw_ttl?ie=UTF8&ASIN=B08MQ9C5DH,,"Reviewed in the United States on November 5, 2023","Was a bit concerned about the lack of nose pads since I usually need them.  But these fit well.  They are a bit heavy, but do stay in place.",True,Color: MixMagnification Strength: 1.25 x,[],36,5156,721,https://www.amazon.com/product-reviews/B08MQ9C5DH?pageNumber=4&filterByStar=all_stars&sortBy=helpful&formatType=all_formats,allStars,,"{'price': None, 'listPrice': None}",2023-11-05,United States,,B08MQ9C5DH,0.6428
56,56,5,Great for Lash Artists,RXG70557C575A,https://www.amazon.com/gp/customer-reviews/RXG70557C575A/ref=cm_cr_arp_d_rvw_ttl?ie=UTF8&ASIN=B08MQ9C5DH,,"Reviewed in the United States on January 18, 2024",Got these glasses to see better while doing lash extensions. They’re perfect. Very cute and good quality for the price. Will purchase again with a bit higher magnification.,True,Color: MixMagnification Strength: 2.5 x,[],37,5156,721,https://www.amazon.com/product-reviews/B08MQ9C5DH?pageNumber=4&filterByStar=all_stars&sortBy=helpful&formatType=all_formats,allStars,,"{'price': None, 'listPrice': None}",2024-01-18,United States,,B08MQ9C5DH,0.9332
57,57,3,How big are people's heads & faces?,R24H5VRNX3X99M,https://www.amazon.com/gp/customer-reviews/R24H5VRNX3X99M/ref=cm_cr_arp_d_rvw_ttl?ie=UTF8&ASIN=B08MQ9C5DH,,"Reviewed in the United States on February 26, 2024","Seems to be made well, BUT, lenses are so HUGE that they cover half my face and they keep falling off my head so easily!  Are they made for people with fat or wide heads only?????  So annoying!",True,Color: MixMagnification Strength: 2.5 x,[],38,5156,721,https://www.amazon.com/product-reviews/B08MQ9C5DH?pageNumber=4&filterByStar=all_stars&sortBy=helpful&formatType=all_formats,allStars,,"{'price': None, 'listPrice': None}",2024-02-26,United States,,B08MQ9C5DH,0.829
58,58,5,Love them!!!,R15KH24H63MAWZ,https://www.amazon.com/gp/customer-reviews/R15KH24H63MAWZ/ref=cm_cr_arp_d_rvw_ttl?ie=UTF8&ASIN=B08MQ9C5DH,One person found this helpful,"Reviewed in the United States on January 9, 2024","I have bought these several times. I’m really rough on my readers, but these have held up great! I keep coming back and buying more as my eyes get worse or loose them 🫠  Have been great every time! And they’re cute!",True,Color: MixMagnification Strength: 1.25 x,[],39,5156,721,https://www.amazon.com/product-reviews/B08MQ9C5DH?pageNumber=4&filterByStar=all_stars&sortBy=helpful&formatType=all_formats,allStars,,"{'price': None, 'listPrice': None}",2024-01-09,United States,,B08MQ9C5DH,0.9017
59,59,5,Love them!,R2IN3PV35M26N9,https://www.amazon.com/gp/customer-reviews/R2IN3PV35M26N9/ref=cm_cr_arp_d_rvw_ttl?ie=UTF8&ASIN=B08MQ9C5DH,,"Reviewed in the United States on December 6, 2023","This is the third time I’ve bought these glasses and this specific brand. First time I bought them I loved them as well and had a difference lens strength. Had to bump it up over the years and bought them again… tried a different brand, same strength and I was so disappointed for even considering another brand lol I recently boight another set for more color options and so happy I did. These are the best!",True,,[],40,5156,721,https://www.amazon.com/product-reviews/B08MQ9C5DH?pageNumber=4&filterByStar=all_stars&sortBy=helpful&formatType=all_formats,allStars,,"{'price': None, 'listPrice': None}",2023-12-06,United States,,B08MQ9C5DH,0.9659
60,60,5,Great wise lens.,R1Y307V10CGUSH,https://www.amazon.com/gp/customer-reviews/R1Y307V10CGUSH/ref=cm_cr_arp_d_rvw_ttl?ie=UTF8&ASIN=B08MQ9C5DH,,"Reviewed in the United States on January 5, 2024","The lens gets cloudy very easy but for the money, I can see and they go with every outfit.",True,Color: MixMagnification Strength: 1.5 x,[],51,5156,721,https://www.amazon.com/product-reviews/B08MQ9C5DH?pageNumber=6&filterByStar=all_stars&sortBy=helpful&formatType=all_formats,allStars,,"{'price': None, 'listPrice': None}",2024-01-05,United States,,B08MQ9C5DH,0.2724
61,61,4,The 5-pack bundle is a fantastic value for the money!,R1HTCJMD5JVKV,https://www.amazon.com/gp/customer-reviews/R1HTCJMD5JVKV/ref=cm_cr_arp_d_rvw_ttl?ie=UTF8&ASIN=B08MQ9C5DH,One person found this helpful,"Reviewed in the United States on July 17, 2023","These glasses have become an absolute essential in my daily routine. I get to pick a new color each day to match my outfit and mood! The blue light-blocking feature of these glasses is outstanding.  I appreciate that they are lightweight and sit comfortably on my nose, allowing me to wear them for extended periods without discomfort. The VIDEBLA 5 Pack Blue Light Blocking Reading Glasses are a must-have for anyone seeking eye protection and style!",True,Color: MixMagnification Strength: 0.75 x,[],52,5156,721,https://www.amazon.com/product-reviews/B08MQ9C5DH?pageNumber=6&filterByStar=all_stars&sortBy=helpful&formatType=all_formats,allStars,,"{'price': None, 'listPrice': None}",2023-07-17,United States,,B08MQ9C5DH,0.8694
62,62,4,Works for price,R1UGI5SDQU6EWE,https://www.amazon.com/gp/customer-reviews/R1UGI5SDQU6EWE/ref=cm_cr_arp_d_rvw_ttl?ie=UTF8&ASIN=B08MQ9C5DH,One person found this helpful,"Reviewed in the United States on September 30, 2023","These work fine, but wish I had ordered the ones with snappy arms",True,Color: MixMagnification Strength: 2.5 x,[],53,5156,721,https://www.amazon.com/product-reviews/B08MQ9C5DH?pageNumber=6&filterByStar=all_stars&sortBy=helpful&formatType=all_formats,allStars,,"{'price': None, 'listPrice': None}",2023-09-30,United States,,B08MQ9C5DH,0.6059
63,63,3,Love these but….,R1PG8YJ67ODBRG,https://www.amazon.com/gp/customer-reviews/R1PG8YJ67ODBRG/ref=cm_cr_arp_d_rvw_ttl?ie=UTF8&ASIN=B08MQ9C5DH,,"Reviewed in the United States on January 7, 2024",I love these glasses but one of them was a different strength even though it was marked with a sticker of the strength I ordered. Kind of a bummer but overall nice quality.,True,Color: MixMagnification Strength: 1.0 x,[],54,5156,721,https://www.amazon.com/product-reviews/B08MQ9C5DH?pageNumber=6&filterByStar=all_stars&sortBy=helpful&formatType=all_formats,allStars,,"{'price': None, 'listPrice': None}",2024-01-07,United States,,B08MQ9C5DH,0.91
64,64,4,"Nice looking,as described",R23FNDVKQMH7Y2,https://www.amazon.com/gp/customer-reviews/R23FNDVKQMH7Y2/ref=cm_cr_arp_d_rvw_ttl?ie=UTF8&ASIN=B08MQ9C5DH,,"Reviewed in the United States on August 28, 2023",Nice looking reading glasses.  I use them as extra support when my eyes get tired from computer. I love how they look and quality is great for a price.,True,Color: MixMagnification Strength: 0.5 x,[],55,5156,721,https://www.amazon.com/product-reviews/B08MQ9C5DH?pageNumber=6&filterByStar=all_stars&sortBy=helpful&formatType=all_formats,allStars,,"{'price': None, 'listPrice': None}",2023-08-28,United States,,B08MQ9C5DH,0.8979
65,65,5,Great quality,R1O9WU8KOM1ISB,https://www.amazon.com/gp/customer-reviews/R1O9WU8KOM1ISB/ref=cm_cr_arp_d_rvw_ttl?ie=UTF8&ASIN=B08MQ9C5DH,3 people found this helpful,"Reviewed in the United States on November 1, 2023","I bought these for my 68 year old dad who just started needing readers. These are super cute on him and better quality than the $30 pair of readers he bought from walgreens or cvs. I highly recommend! They’re adorable, durable, and clear! He reads perfectly with them. The cases are pretty small but flexible fabric.",True,Color: Mix-4(6glasses 6 Holster)Magnification Strength: 1.25 x,[],56,5156,721,https://www.amazon.com/product-reviews/B08MQ9C5DH?pageNumber=6&filterByStar=all_stars&sortBy=helpful&formatType=all_formats,allStars,,"{'price': None, 'listPrice': None}",2023-11-01,United States,,B08MQ9C5DH,0.9429
66,66,4,That's More LIke It!,R2ILL1PQRCSQ2H,https://www.amazon.com/gp/customer-reviews/R2ILL1PQRCSQ2H/ref=cm_cr_arp_d_rvw_ttl?ie=UTF8&ASIN=B08MQ9C5DH,4 people found this helpful,"Reviewed in the United States on December 24, 2022","These appear to be quite sturdy.  I am hard on glasses, and so many plastic frames have either cracked where the lenses sit or the arm breaks off.  These look as if they might last a decent amount of time.  So far, so good!  And great value!The only down side is that they did not send me *all* the colors I ordered.  I was supposed to receive one clear colorless frame along with the others, but they sent me two of the tortoise shell color instead, so that's disappointing.  But, with deliveries as they are now, I don't want to bother to wait with returns and redeliveries.On the positive side, also - they are the right size!  Just as indicated in the description - large enough for my face and look good!",True,Color: Mix-4(6glasses 6 Holster)Magnification Strength: 2.75 x,[],57,5156,721,https://www.amazon.com/product-reviews/B08MQ9C5DH?pageNumber=6&filterByStar=all_stars&sortBy=helpful&formatType=all_formats,allStars,,"{'price': None, 'listPrice': None}",2022-12-24,United States,,B08MQ9C5DH,0.9419
67,67,4,Blue light filtering,R6UPMJ4MO9433,https://www.amazon.com/gp/customer-reviews/R6UPMJ4MO9433/ref=cm_cr_arp_d_rvw_ttl?ie=UTF8&ASIN=B08MQ9C5DH,,"Reviewed in the United States on August 10, 2023",Nice selection. Features you'd pay a lot more for but frame are a bit heavy on bridge of my nose after a short while. Nice to have a pair everywhere.,True,Color: Mix-1Magnification Strength: 2.5 x,[],58,5156,721,https://www.amazon.com/product-reviews/B08MQ9C5DH?pageNumber=6&filterByStar=all_stars&sortBy=helpful&formatType=all_formats,allStars,,"{'price': None, 'listPrice': None}",2023-08-10,United States,,B08MQ9C5DH,0.6597
68,68,5,Love them,R3FQV2B4218IQX,https://www.amazon.com/gp/customer-reviews/R3FQV2B4218IQX/ref=cm_cr_arp_d_rvw_ttl?ie=UTF8&ASIN=B08MQ9C5DH,,"Reviewed in the United States on December 9, 2023",I needed new readers and the ones at Walmart have gotten expensive for just one pair. I got this pack for basically the price of one at Walmart!,True,Color: MixMagnification Strength: 1.5 x,[],59,5156,721,https://www.amazon.com/product-reviews/B08MQ9C5DH?pageNumber=6&filterByStar=all_stars&sortBy=helpful&formatType=all_formats,allStars,,"{'price': None, 'listPrice': None}",2023-12-09,United States,,B08MQ9C5DH,0.0
69,69,5,Best quality glasses,R2C4Q1RMTKS27A,https://www.amazon.com/gp/customer-reviews/R2C4Q1RMTKS27A/ref=cm_cr_arp_d_rvw_ttl?ie=UTF8&ASIN=B08MQ9C5DH,,"Reviewed in the United States on December 5, 2023","Purchased the set of blue light glasses, they were all nice colors. Good quality and love that it also came with a travel bag case and cleaner rag",True,Color: MixMagnification Strength: 0.0 x,[],60,5156,721,https://www.amazon.com/product-reviews/B08MQ9C5DH?pageNumber=6&filterByStar=all_stars&sortBy=helpful&formatType=all_formats,allStars,,"{'price': None, 'listPrice': None}",2023-12-05,United States,,B08MQ9C5DH,0.891
70,70,5,Looks good and works,R1QUZ5U8KYMREM,https://www.amazon.com/gp/customer-reviews/R1QUZ5U8KYMREM/ref=cm_cr_arp_d_rvw_ttl?ie=UTF8&ASIN=B08MQ9C5DH,,"Reviewed in the United States on March 31, 2024","I won’t be without these . I have them scattered around the house , in my car, in my bag.",True,Color: MixMagnification Strength: 3.0 x,[],11,5156,721,https://www.amazon.com/product-reviews/B08MQ9C5DH?pageNumber=2&filterByStar=all_stars&sortBy=helpful&formatType=all_formats,allStars,,"{'price': None, 'listPrice': None}",2024-03-31,United States,,B08MQ9C5DH,0.0
71,71,5,In love !,R2EGIX41AGS6XZ,https://www.amazon.com/gp/customer-reviews/R2EGIX41AGS6XZ/ref=cm_cr_arp_d_rvw_ttl?ie=UTF8&ASIN=B08MQ9C5DH,,"Reviewed in the United States on March 18, 2024","These are so cute and work so good! I keep a pair in my bag, in the car, at school, and on my nightstand ! Protects my eyes from blue light and helps me read ! Buying more now !",True,Color: MixMagnification Strength: 1.5 x,[],12,5156,721,https://www.amazon.com/product-reviews/B08MQ9C5DH?pageNumber=2&filterByStar=all_stars&sortBy=helpful&formatType=all_formats,allStars,,"{'price': None, 'listPrice': None}",2024-03-18,United States,,B08MQ9C5DH,0.9284
72,72,5,stylish,R85ZJOIMMK43Q,https://www.amazon.com/gp/customer-reviews/R85ZJOIMMK43Q/ref=cm_cr_arp_d_rvw_ttl?ie=UTF8&ASIN=B08MQ9C5DH,,"Reviewed in the United States on March 31, 2024",This eyewear is great compliments my face very well. They are stylish and can be put together with many outfits.,True,Color: MixMagnification Strength: 1.0 x,[],13,5156,721,https://www.amazon.com/product-reviews/B08MQ9C5DH?pageNumber=2&filterByStar=all_stars&sortBy=helpful&formatType=all_formats,allStars,,"{'price': None, 'listPrice': None}",2024-03-31,United States,,B08MQ9C5DH,0.8479
73,73,5,Love them,RJ1DNR8XGB5I,https://www.amazon.com/gp/customer-reviews/RJ1DNR8XGB5I/ref=cm_cr_arp_d_rvw_ttl?ie=UTF8&ASIN=B08MQ9C5DH,,"Reviewed in the United States on March 30, 2024",I use them for reading  and my sewing.  Very comfortable,True,Color: MixMagnification Strength: 3.0 x,[],14,5156,721,https://www.amazon.com/product-reviews/B08MQ9C5DH?pageNumber=2&filterByStar=all_stars&sortBy=helpful&formatType=all_formats,allStars,,"{'price': None, 'listPrice': None}",2024-03-30,United States,,B08MQ9C5DH,0.5563
74,74,5,Perfect choice of colors!!,R8NDLT1UDTAAN,https://www.amazon.com/gp/customer-reviews/R8NDLT1UDTAAN/ref=cm_cr_arp_d_rvw_ttl?ie=UTF8&ASIN=B08MQ9C5DH,,"Reviewed in the United States on March 14, 2024",I bought these for the different colors and big frames.. the lens are durable and don’t scratch,True,Color: MixMagnification Strength: 1.25 x,[],15,5156,721,https://www.amazon.com/product-reviews/B08MQ9C5DH?pageNumber=2&filterByStar=all_stars&sortBy=helpful&formatType=all_formats,allStars,,"{'price': None, 'listPrice': None}",2024-03-14,United States,,B08MQ9C5DH,0.0
75,75,5,Buena compra,R1JU8S2KYGUA89,https://www.amazon.com/gp/customer-reviews/R1JU8S2KYGUA89/ref=cm_cr_arp_d_rvw_ttl?ie=UTF8&ASIN=B08MQ9C5DH,,"Reviewed in the United States on February 29, 2024",Me gustaron mucho estos lentes  son livianos y tienen resorte en las visagras. Por tener un poco mas de aumento veo mucho mejor lo que es obvio.,True,Color: MixMagnification Strength: 3.0 x,[],16,5156,721,https://www.amazon.com/product-reviews/B08MQ9C5DH?pageNumber=2&filterByStar=all_stars&sortBy=helpful&formatType=all_formats,allStars,,"{'price': None, 'listPrice': None}",2024-02-29,United States,,B08MQ9C5DH,0.0
76,76,5,Good quality for the money,R15XZ7X9IF64ZS,https://www.amazon.com/gp/customer-reviews/R15XZ7X9IF64ZS/ref=cm_cr_arp_d_rvw_ttl?ie=UTF8&ASIN=B08MQ9C5DH,,"Reviewed in the United States on March 11, 2024",Cute glasses,True,Color: MixMagnification Strength: 1.75 x,[],17,5156,721,https://www.amazon.com/product-reviews/B08MQ9C5DH?pageNumber=2&filterByStar=all_stars&sortBy=helpful&formatType=all_formats,allStars,,"{'price': None, 'listPrice': None}",2024-03-11,United States,,B08MQ9C5DH,0.4588
77,77,4,Not bad for the price - NOTE: They ARE tinted!,R3N4SIBQE8NXO7,https://www.amazon.com/gp/customer-reviews/R3N4SIBQE8NXO7/ref=cm_cr_arp_d_rvw_ttl?ie=UTF8&ASIN=B08MQ9C5DH,22 people found this helpful,"Reviewed in the United States on May 19, 2023","1.5 magnification, all black frames.For the price paid (5 pairs for ~$14) and for general reading and computer work, they aren't bad - fairly comfortable and effective.NOTE: While the web images say ""… restore the real color..."" - THE LENSES ARE TINTED!  Presumably to filter blue light as noted extensively in the descriptions.  See the photo next to my prescription blue light blocking reading/computer glasses which are not tinted (or not much).  To be fair, I haven't found any blue light blocking/reducing glasses on Amazon that don't have tint at some level.  Regardless, if you have to do accurate or sophisticated color work on a computer or artwork, these may not be for you.  I should also note that my wife has these in a 1.0 magnification which are not as tinted as the 1.50.Other issues: If you are wearing them for Zoom or other video calls, they will likely reflect the blue light from your monitor such that it may look like you are wearing blue lens sunglasses. There are no nose pad or ear hook adjustments possible so make sure you like them the way the are.  They also reflect the light from behind you a bit. They only come with one pouch and one cleaning cloth for all 5 pairs.On the plus side they do filter blue light substantively, they are very light and the lenses are nice and big which is particularly useful if you use a wide computer monitor or a big tablet.I'm not wild about the color distortion of the tint, but for the price I'll live with it. They will make good glasses to leave about and have handy.",True,,['https://m.media-amazon.com/images/I/61++r8jPIcL._SY88.jpg'],18,5156,721,https://www.amazon.com/product-reviews/B08MQ9C5DH?pageNumber=2&filterByStar=all_stars&sortBy=helpful&formatType=all_formats,allStars,,"{'price': None, 'listPrice': None}",2023-05-19,United States,,B08MQ9C5DH,0.9287
78,78,5,Quality better than expected!,R3AHU1FBHIBLK8,https://www.amazon.com/gp/customer-reviews/R3AHU1FBHIBLK8/ref=cm_cr_arp_d_rvw_ttl?ie=UTF8&ASIN=B08MQ9C5DH,,"Reviewed in the United States on February 22, 2024",The quality of these glasses really surprised me!  They are pretty sturdy and cute!Great price too!,True,Color: MixMagnification Strength: 2.0 x,[],19,5156,721,https://www.amazon.com/product-reviews/B08MQ9C5DH?pageNumber=2&filterByStar=all_stars&sortBy=helpful&formatType=all_formats,allStars,,"{'price': None, 'listPrice': None}",2024-02-22,United States,,B08MQ9C5DH,0.7406
79,79,4,Small nose bridge,R3Q5AU05375MJQ,https://www.amazon.com/gp/customer-reviews/R3Q5AU05375MJQ/ref=cm_cr_arp_d_rvw_ttl?ie=UTF8&ASIN=B08MQ9C5DH,,"Reviewed in the United States on January 7, 2024",These are nice but the nose bridge is really narrow which means they sit up high on my face. And I'm pretty small if you have a narrower than average nose they'll be great,True,Color: MixMagnification Strength: 2.0 x,[],20,5156,721,https://www.amazon.com/product-reviews/B08MQ9C5DH?pageNumber=2&filterByStar=all_stars&sortBy=helpful&formatType=all_formats,allStars,,"{'price': None, 'listPrice': None}",2024-01-07,United States,,B08MQ9C5DH,0.9161
80,80,5,Great readers,R8EPRD2S0305R,https://www.amazon.com/gp/customer-reviews/R8EPRD2S0305R/ref=cm_cr_arp_d_rvw_ttl?ie=UTF8&ASIN=B08MQ9C5DH,,"Reviewed in the United States on November 24, 2023",These are excellent and for the price you can’t beat them!,True,Color: MixMagnification Strength: 2.5 x,[],81,5156,721,https://www.amazon.com/product-reviews/B08MQ9C5DH?pageNumber=9&filterByStar=all_stars&sortBy=helpful&formatType=all_formats,allStars,,"{'price': None, 'listPrice': None}",2023-11-24,United States,,B08MQ9C5DH,0.6114
81,81,5,"If you're hard on glasses, these are perfect",R1VJU3RUEH5Y6V,https://www.amazon.com/gp/customer-reviews/R1VJU3RUEH5Y6V/ref=cm_cr_arp_d_rvw_ttl?ie=UTF8&ASIN=B08MQ9C5DH,,"Reviewed in the United States on August 15, 2023","Such a bargain!  They are amazingly tough.  My only negative and it's a big one for me, is that I wear my glasses on my head when not needed for reading, and I bought hinged ones hoping they would stay on top of my head, but they do fall off  when I bend over to pick something up.",True,Color: Mix-1Magnification Strength: 2.0 x,[],82,5156,721,https://www.amazon.com/product-reviews/B08MQ9C5DH?pageNumber=9&filterByStar=all_stars&sortBy=helpful&formatType=all_formats,allStars,,"{'price': None, 'listPrice': None}",2023-08-15,United States,,B08MQ9C5DH,-0.0871
82,82,5,Nice for the price!,R3TG0CPYONAJFD,https://www.amazon.com/gp/customer-reviews/R3TG0CPYONAJFD/ref=cm_cr_arp_d_rvw_ttl?ie=UTF8&ASIN=B08MQ9C5DH,3 people found this helpful,"Reviewed in the United States on November 8, 2023","I would highly recommend, they fit well and are comfortable to wear. Super cute colors and well made.",True,Color: MixMagnification Strength: 2.25 x,[],83,5156,721,https://www.amazon.com/product-reviews/B08MQ9C5DH?pageNumber=9&filterByStar=all_stars&sortBy=helpful&formatType=all_formats,allStars,,"{'price': None, 'listPrice': None}",2023-11-08,United States,,B08MQ9C5DH,0.9581
83,83,3,Heavy Clunky,R2EBL3ABVDCKY4,https://www.amazon.com/gp/customer-reviews/R2EBL3ABVDCKY4/ref=cm_cr_arp_d_rvw_ttl?ie=UTF8&ASIN=B08MQ9C5DH,2 people found this helpful,"Reviewed in the United States on November 6, 2023",I really did not care for these classes they are quite large and quite heavy. When I lean forward they fall off my face. I am going to have to order something different.,True,,[],84,5156,721,https://www.amazon.com/product-reviews/B08MQ9C5DH?pageNumber=9&filterByStar=all_stars&sortBy=helpful&formatType=all_formats,allStars,,"{'price': None, 'listPrice': None}",2023-11-06,United States,,B08MQ9C5DH,-0.4389
84,84,5,Great quality,R2R3O947TUXHM,https://www.amazon.com/gp/customer-reviews/R2R3O947TUXHM/ref=cm_cr_arp_d_rvw_ttl?ie=UTF8&ASIN=B08MQ9C5DH,,"Reviewed in the United States on November 7, 2023",Love how many pairs I got and how sturdy they are cause I am always dropping them,True,Color: 5 Mix ColorMagnification Strength: 2.75 x,[],85,5156,721,https://www.amazon.com/product-reviews/B08MQ9C5DH?pageNumber=9&filterByStar=all_stars&sortBy=helpful&formatType=all_formats,allStars,,"{'price': None, 'listPrice': None}",2023-11-07,United States,,B08MQ9C5DH,0.6369
85,85,5,Excellemt,R6M23ICKI0JZL,https://www.amazon.com/gp/customer-reviews/R6M23ICKI0JZL/ref=cm_cr_arp_d_rvw_ttl?ie=UTF8&ASIN=B08MQ9C5DH,,"Reviewed in the United States on November 27, 2023",Quick and efficientDelivered rxprdiently,True,Color: MixMagnification Strength: 1.5 x,[],86,5156,721,https://www.amazon.com/product-reviews/B08MQ9C5DH?pageNumber=9&filterByStar=all_stars&sortBy=helpful&formatType=all_formats,allStars,,"{'price': None, 'listPrice': None}",2023-11-27,United States,,B08MQ9C5DH,0.0
86,86,5,Best Durable Readers,R1I0EXPM4L27G8,https://www.amazon.com/gp/customer-reviews/R1I0EXPM4L27G8/ref=cm_cr_arp_d_rvw_ttl?ie=UTF8&ASIN=B08MQ9C5DH,,"Reviewed in the United States on October 13, 2023","Purchased 2 others neither the quality as these, just the right weight. If you get cheaper ones, they are too light and break easily.",True,Color: MixMagnification Strength: 2.0 x,[],87,5156,721,https://www.amazon.com/product-reviews/B08MQ9C5DH?pageNumber=9&filterByStar=all_stars&sortBy=helpful&formatType=all_formats,allStars,,"{'price': None, 'listPrice': None}",2023-10-13,United States,,B08MQ9C5DH,0.34
87,87,4,Love it,R34AFI66A0OIXT,https://www.amazon.com/gp/customer-reviews/R34AFI66A0OIXT/ref=cm_cr_arp_d_rvw_ttl?ie=UTF8&ASIN=B08MQ9C5DH,,"Reviewed in the United States on March 25, 2023","So far so good. I usually get my reading glasses from dollar tree but I’m glad I got these instead. It’s comfortable, stylish and it came with four just incase I lose one or break one. Now my eyes doesn’t hurt when I read or stare at the screen for to long.",True,Color: MixMagnification Strength: 1.25 x,[],88,5156,721,https://www.amazon.com/product-reviews/B08MQ9C5DH?pageNumber=9&filterByStar=all_stars&sortBy=helpful&formatType=all_formats,allStars,,"{'price': None, 'listPrice': None}",2023-03-25,United States,,B08MQ9C5DH,0.4283
88,88,5,Perfect,R2TB4INL7ECO3V,https://www.amazon.com/gp/customer-reviews/R2TB4INL7ECO3V/ref=cm_cr_arp_d_rvw_ttl?ie=UTF8&ASIN=B08MQ9C5DH,,"Reviewed in the United States on October 28, 2023",I have ordered these twice so far.  They are great! I keep them everywhere,True,Color: MixMagnification Strength: 3.5 x,[],89,5156,721,https://www.amazon.com/product-reviews/B08MQ9C5DH?pageNumber=9&filterByStar=all_stars&sortBy=helpful&formatType=all_formats,allStars,,"{'price': None, 'listPrice': None}",2023-10-28,United States,,B08MQ9C5DH,0.6588
89,89,5,GREAT VALUE!!!!,R1PQFZTFQBGS4K,https://www.amazon.com/gp/customer-reviews/R1PQFZTFQBGS4K/ref=cm_cr_arp_d_rvw_ttl?ie=UTF8&ASIN=B08MQ9C5DH,,"Reviewed in the United States on October 19, 2023","I was skeptical for the price but they are great, one pair is worth price paid.",True,Color: Mix-1Magnification Strength: 1.75 x,[],90,5156,721,https://www.amazon.com/product-reviews/B08MQ9C5DH?pageNumber=9&filterByStar=all_stars&sortBy=helpful&formatType=all_formats,allStars,,"{'price': None, 'listPrice': None}",2023-10-19,United States,,B08MQ9C5DH,0.81
