,Unnamed: 0,ratingScore,reviewTitle,reviewId,reviewUrl,reviewReaction,reviewedIn,reviewDescription,isVerified,variant,reviewImages,position,totalCategoryRatings,totalCategoryReviews,reviewCategoryUrl,filterByRating,filterByKeyword,product,date,country,countryCode,productAsin,sentiment_score
0,0,5,Outstanding well made computer/reading glasses,R172WG0V8S98AO,https://www.amazon.com/gp/customer-reviews/R172WG0V8S98AO/ref=cm_cr_arp_d_rvw_ttl?ie=UTF8&ASIN=B08T7NN393,One person found this helpful,"Reviewed in the United States on March 10, 2024","Note: In this review I am comparing these to other reading glasses, not to prescription glasses that are significantly more expensive.These are very high quality reading glasses.  The frames and ear pieces feel very sturdy and the ear pieces have a good feel when being opened and closed.I like the size of these lenses.  They give me lots of viewing area and the outer edges of the frame are thin enough that I typically don't notice them at all when I'm wearing them.The lenses seem very transparent, which means they aren't distracting to look through.  And they don't seem to have any out-of-focus areas at the edges.The blue light filter definitely works. So if you are someone for whom that makes a difference, these definitely get the job done.The accompany photos show what's included.  Different colored cases, one for each pair of glasses are included.  The close-up of one of the lenses is there to show you the removable sticker that contains the magnification amount.  This is nice, because when you order these, there have all the standand magnifications available and the sticker provides re-assurance that they shipped you the one you ordered.I'm very happy with these.  And when you consider that you get three for $20, these are an excellent value.  I definitely recommend these.",True,Color: 3 Pack Mix ColorMagnification Strength: 0.75 x,"['https://m.media-amazon.com/images/I/51TVNm5U3mL._SY88.jpg', 'https://m.media-amazon.com/images/I/61hxXT6AW8L._SY88.jpg', 'https://m.media-amazon.com/images/I/71b4ksJEHmL._SY88.jpg', 'https://m.media-amazon.com/images/I/71kdeJT8i9L._SY88.jpg']",1,4585,1197,https://www.amazon.com/product-reviews/B08T7NN393?pageNumber=1&filterByStar=all_stars&sortBy=helpful&formatType=all_formats,allStars,,"{'price': None, 'listPrice': None}",2024-03-10,United States,,B08T7NN393,0.9848
1,1,5,"Well made, classy, nice spring-loaded temple arms",R3E21NJYIC5P3I,https://www.amazon.com/gp/customer-reviews/R3E21NJYIC5P3I/ref=cm_cr_arp_d_rvw_ttl?ie=UTF8&ASIN=B08T7NN393,,"Reviewed in the United States on March 11, 2024","Clear viewing, anti-glare coating works nice for PC display watching, and the value for the 3-pair bundle is great. I like the styling that is similar to my prescription progressive lens glasses. These I use for intermediate distance view of computer screens.",True,Color: 3 Pack Mix ColorMagnification Strength: 1.0 x,[],2,4585,1197,https://www.amazon.com/product-reviews/B08T7NN393?pageNumber=1&filterByStar=all_stars&sortBy=helpful&formatType=all_formats,allStars,,"{'price': None, 'listPrice': None}",2024-03-11,United States,,B08T7NN393,0.9246
2,2,4,"better, more durable than the Home Depot glasses I was using",RBMM326XTBORQ,https://www.amazon.com/gp/customer-reviews/RBMM326XTBORQ/ref=cm_cr_arp_d_rvw_ttl?ie=UTF8&ASIN=B08T7NN393,,"Reviewed in the United States on March 5, 2024","I finally gave up on the HD glasses, they kept cracking at the thin part on the lens area, and the arms would crack too. These are pretty cheap and much more durable.",True,Color: 3 Pack Mix ColorMagnification Strength: 2.0 x,[],3,4585,1197,https://www.amazon.com/product-reviews/B08T7NN393?pageNumber=1&filterByStar=all_stars&sortBy=helpful&formatType=all_formats,allStars,,"{'price': None, 'listPrice': None}",2024-03-05,United States,,B08T7NN393,0.4939
3,3,5,Lcbestbro 3 Pack Blue Light Reading Glasses,R40NDFSH83TFW,https://www.amazon.com/gp/customer-reviews/R40NDFSH83TFW/ref=cm_cr_arp_d_rvw_ttl?ie=UTF8&ASIN=B08T7NN393,,"Reviewed in the United States on March 30, 2024",I beat up glasses so I wanted to try and find some that were sturdy enough to take what I do and yet still not break the bank with their cost.  These  ( so far )  are a  WIN  /  WIN.  Very comfortable and seem to survive being dropped and even stepped on.  Definitely worth the money  -  IMO,True,Color: 3 Pack Mix ColorMagnification Strength: 1.5 x,[],4,4585,1197,https://www.amazon.com/product-reviews/B08T7NN393?pageNumber=1&filterByStar=all_stars&sortBy=helpful&formatType=all_formats,allStars,,"{'price': None, 'listPrice': None}",2024-03-30,United States,,B08T7NN393,0.9571
4,4,5,Good quality glasses,R2TNDS4TC1G4DV,https://www.amazon.com/gp/customer-reviews/R2TNDS4TC1G4DV/ref=cm_cr_arp_d_rvw_ttl?ie=UTF8&ASIN=B08T7NN393,,"Reviewed in the United States on March 22, 2024",They fit my face good and I am enjoying having them. I keep reading glasses of different strengths scattered around and will buy more in a different strengthComfortable and light weight,True,Color: 3 Pack Mix ColorMagnification Strength: 1.5 x,[],5,4585,1197,https://www.amazon.com/product-reviews/B08T7NN393?pageNumber=1&filterByStar=all_stars&sortBy=helpful&formatType=all_formats,allStars,,"{'price': None, 'listPrice': None}",2024-03-22,United States,,B08T7NN393,0.8885
5,5,5,Great Glasses!,RUIU9A00D61FW,https://www.amazon.com/gp/customer-reviews/RUIU9A00D61FW/ref=cm_cr_arp_d_rvw_ttl?ie=UTF8&ASIN=B08T7NN393,,"Reviewed in the United States on April 2, 2024",Great glasses. They have lasted me a very long time. And the frames are metal which is very nice. And they also look very nice. Very pleased with my purchase!,True,Color: 3 Pack Mix ColorMagnification Strength: 0.75 x,[],6,4585,1197,https://www.amazon.com/product-reviews/B08T7NN393?pageNumber=1&filterByStar=all_stars&sortBy=helpful&formatType=all_formats,allStars,,"{'price': None, 'listPrice': None}",2024-04-02,United States,,B08T7NN393,0.9329
6,6,5,The Best Bang for the Buck in Reading Glasses,R2Z9Y5RA5JHYD0,https://www.amazon.com/gp/customer-reviews/R2Z9Y5RA5JHYD0/ref=cm_cr_arp_d_rvw_ttl?ie=UTF8&ASIN=B08T7NN393,,"Reviewed in the United States on February 9, 2024","My wife, like most, loses her readers. I had previously purchased the Lcbestbro 3-pack so when she lost or broke her readers, I gave her one of mine. She really, really liked them.I like them also because they are comfortable to wear, they look good and they are very durable. I wear $400 no-line bifocals that I misplace on occasion and the Lcbestbro readers are a great backup so I ordered another 3 pack for when the inevitable misplacement happens, we'll be ready.",True,Color: 3 Pack Mix ColorMagnification Strength: 1.75 x,['https://m.media-amazon.com/images/I/31Whut-iiyL._SY88.jpg'],7,4585,1197,https://www.amazon.com/product-reviews/B08T7NN393?pageNumber=1&filterByStar=all_stars&sortBy=helpful&formatType=all_formats,allStars,,"{'price': None, 'listPrice': None}",2024-02-09,United States,,B08T7NN393,0.9219
7,7,3,OK except for the petroleum smell on the nose guards,R1RQROSVIFMZ8H,https://www.amazon.com/gp/customer-reviews/R1RQROSVIFMZ8H/ref=cm_cr_arp_d_rvw_ttl?ie=UTF8&ASIN=B08T7NN393,,"Reviewed in the United States on April 1, 2024",Glasses fit well and are lightweight but the nose guards have a strong petroleum smell that lingers on your face long after taking the glasses off,True,Color: 3 Pack Mix ColorMagnification Strength: 1.5 x,[],8,4585,1197,https://www.amazon.com/product-reviews/B08T7NN393?pageNumber=1&filterByStar=all_stars&sortBy=helpful&formatType=all_formats,allStars,,"{'price': None, 'listPrice': None}",2024-04-01,United States,,B08T7NN393,0.775
8,8,5,Better than you can buy in the store and at a good price.,R2UHPTZOV4VFVS,https://www.amazon.com/gp/customer-reviews/R2UHPTZOV4VFVS/ref=cm_cr_arp_d_rvw_ttl?ie=UTF8&ASIN=B08T7NN393,,"Reviewed in the United States on March 28, 2024",I purchased the 2.5 Blue light blocking.What I need the most in reading glasses is to put them in my pocket and not worry about them getting bent. These do the job. of course if you set on or step on them well something will get bent but then its your fault.,True,Color: 3 Pack Mix ColorMagnification Strength: 2.5 x,[],9,4585,1197,https://www.amazon.com/product-reviews/B08T7NN393?pageNumber=1&filterByStar=all_stars&sortBy=helpful&formatType=all_formats,allStars,,"{'price': None, 'listPrice': None}",2024-03-28,United States,,B08T7NN393,-0.3176
9,9,4,Tight fitting Temples,R19IZJ2SJC5OZU,https://www.amazon.com/gp/customer-reviews/R19IZJ2SJC5OZU/ref=cm_cr_arp_d_rvw_ttl?ie=UTF8&ASIN=B08T7NN393,,"Reviewed in the United States on March 25, 2024",The expandable temples of the glasses are a nice feature but still tight fitting fully expanded. I'm an adult male weighing 175 lbs. with an average size head.,True,Color: 3 Pack Mix ColorMagnification Strength: 2.0 x,[],10,4585,1197,https://www.amazon.com/product-reviews/B08T7NN393?pageNumber=1&filterByStar=all_stars&sortBy=helpful&formatType=all_formats,allStars,,"{'price': None, 'listPrice': None}",2024-03-25,United States,,B08T7NN393,0.2263
10,10,5,Very nice readers. Great optics.,R1Y1F6UX95ATAW,https://www.amazon.com/gp/customer-reviews/R1Y1F6UX95ATAW/ref=cm_cr_arp_d_rvw_ttl?ie=UTF8&ASIN=B08T7NN393,,"Reviewed in the United States on February 16, 2024",The optics in these are great especially for disposable readers. I love the blue block feature the most.  They look good and are comfortable too.,True,Color: 3 Pack Mix ColorMagnification Strength: 1.5 x,[],41,4585,1197,https://www.amazon.com/product-reviews/B08T7NN393?pageNumber=5&filterByStar=all_stars&sortBy=helpful&formatType=all_formats,allStars,,"{'price': None, 'listPrice': None}",2024-02-16,United States,,B08T7NN393,0.9163
11,11,5,Great Product,R2MRPRAA2ELKXE,https://www.amazon.com/gp/customer-reviews/R2MRPRAA2ELKXE/ref=cm_cr_arp_d_rvw_ttl?ie=UTF8&ASIN=B08T7NN393,,"Reviewed in the United States on February 21, 2024",I purchased several pairs to keep around the house and car. It's and essential for me.,True,Color: 3 Pack Mix ColorMagnification Strength: 1.25 x,[],42,4585,1197,https://www.amazon.com/product-reviews/B08T7NN393?pageNumber=5&filterByStar=all_stars&sortBy=helpful&formatType=all_formats,allStars,,"{'price': None, 'listPrice': None}",2024-02-21,United States,,B08T7NN393,0.0
12,12,5,Not just for Men!,R1YQ6YUGW7FXXR,https://www.amazon.com/gp/customer-reviews/R1YQ6YUGW7FXXR/ref=cm_cr_arp_d_rvw_ttl?ie=UTF8&ASIN=B08T7NN393,3 people found this helpful,"Reviewed in the United States on September 15, 2023","I wanted some ""not to worry if they break"" reading glasses and I've owned my first set of these for almost three years now, and bought a second set to keep at my partner's house very recently... And minus my occasional misplacement of a pair, I haven't actually had one break on me. They're lightweight and only begin to bother me once I've been wearing them basically the whole day, which is usually when I have projects due or studying for finals or such.. And at the same time, I'm not a seasoned glasses wearer, and only wear them as needed. But I have worn frames before that I didn't want to keep wearing beyond 30 minutes.I have a minor prescription but mostly to aid my eyes after long bouts of reading or studying or working for school, as the eye strain has contributed to a minor astigmatism over time. That, plus the blue light filters help a ton to not feel near as much eye strain...  But very much included is the shape of my nose doesn't allow for most frames of glasses. I need the added bridge support and for some reason, frames providing for that is pretty tricky to find, except for these sets.. There's nothing about these glasses that remain gender specific, so I wanted to include that recognition in my title.. As I even enjoy how the frames look on my face.",True,Color: 3 Pack Mix ColorMagnification Strength: 0.5 x,['https://m.media-amazon.com/images/I/61CJlQTIfOL._SY88.jpg'],43,4585,1197,https://www.amazon.com/product-reviews/B08T7NN393?pageNumber=5&filterByStar=all_stars&sortBy=helpful&formatType=all_formats,allStars,,"{'price': None, 'listPrice': None}",2023-09-15,United States,,B08T7NN393,0.8852
13,13,5,Nice Glasses,R2320CVHA7PH7N,https://www.amazon.com/gp/customer-reviews/R2320CVHA7PH7N/ref=cm_cr_arp_d_rvw_ttl?ie=UTF8&ASIN=B08T7NN393,,"Reviewed in the United States on February 18, 2024",These are very light and fir great. Price is very attractive as well.,True,Color: 3 Pack Mix ColorMagnification Strength: 2.0 x,[],44,4585,1197,https://www.amazon.com/product-reviews/B08T7NN393?pageNumber=5&filterByStar=all_stars&sortBy=helpful&formatType=all_formats,allStars,,"{'price': None, 'listPrice': None}",2024-02-18,United States,,B08T7NN393,0.8643
14,14,5,Looks good,R1RABYEXDSQ9QU,https://www.amazon.com/gp/customer-reviews/R1RABYEXDSQ9QU/ref=cm_cr_arp_d_rvw_ttl?ie=UTF8&ASIN=B08T7NN393,,"Reviewed in the United States on February 15, 2024",Finallly found the ones I need.......Plus they came with holders and  cleaning cloth........Good buy........,True,Color: 3 Pack Mix ColorMagnification Strength: 1.25 x,[],45,4585,1197,https://www.amazon.com/product-reviews/B08T7NN393?pageNumber=5&filterByStar=all_stars&sortBy=helpful&formatType=all_formats,allStars,,"{'price': None, 'listPrice': None}",2024-02-15,United States,,B08T7NN393,0.0
15,15,5,Functional glasses,R2Z66YO77DEQTE,https://www.amazon.com/gp/customer-reviews/R2Z66YO77DEQTE/ref=cm_cr_arp_d_rvw_ttl?ie=UTF8&ASIN=B08T7NN393,,"Reviewed in the United States on February 14, 2024",Glasses are especially helpful when staring at the monitor.They were received in perfect condition.,True,Color: 3 Pack Mix ColorMagnification Strength: 1.75 x,[],46,4585,1197,https://www.amazon.com/product-reviews/B08T7NN393?pageNumber=5&filterByStar=all_stars&sortBy=helpful&formatType=all_formats,allStars,,"{'price': None, 'listPrice': None}",2024-02-14,United States,,B08T7NN393,0.7778
16,16,5,i have a big head and they fit prefect,R2MZWL8C0KA15X,https://www.amazon.com/gp/customer-reviews/R2MZWL8C0KA15X/ref=cm_cr_arp_d_rvw_ttl?ie=UTF8&ASIN=B08T7NN393,,"Reviewed in the United States on February 10, 2024",Good fit. comfortable. still have and use about 1 year later and i am hard on glasses,True,Color: 3 Pack Mix ColorMagnification Strength: 4.0 x,[],47,4585,1197,https://www.amazon.com/product-reviews/B08T7NN393?pageNumber=5&filterByStar=all_stars&sortBy=helpful&formatType=all_formats,allStars,,"{'price': None, 'listPrice': None}",2024-02-10,United States,,B08T7NN393,0.8074
17,17,5,See sturdy enough,R33AEEJAMBGWY0,https://www.amazon.com/gp/customer-reviews/R33AEEJAMBGWY0/ref=cm_cr_arp_d_rvw_ttl?ie=UTF8&ASIN=B08T7NN393,One person found this helpful,"Reviewed in the United States on January 8, 2024","Glasses arrived undamaged. Now to see how long they last. I had cataract surgery one year ago and had my vision corrected to 20/20. The only time I need reading glasses is for computer work as my monitor is about 2 feet away. The other use is for close up mechanical work. So I'm constantly taking the reading glasses on and off, not in the best conditions. I'll update this review when I get some age on the glasses.",True,Color: 3 Pack Mix ColorMagnification Strength: 2.5 x,[],48,4585,1197,https://www.amazon.com/product-reviews/B08T7NN393?pageNumber=5&filterByStar=all_stars&sortBy=helpful&formatType=all_formats,allStars,,"{'price': None, 'listPrice': None}",2024-01-08,United States,,B08T7NN393,-0.3331
18,18,5,Study and Stylish Reading Glasses,R1DSMTZALPHZKQ,https://www.amazon.com/gp/customer-reviews/R1DSMTZALPHZKQ/ref=cm_cr_arp_d_rvw_ttl?ie=UTF8&ASIN=B08T7NN393,,"Reviewed in the United States on February 9, 2024",These glasses are sturdy and stylish.  They arrived quickly came with a case and are comfortable to wear.,True,Color: 3 Pack Mix ColorMagnification Strength: 1.0 x,[],49,4585,1197,https://www.amazon.com/product-reviews/B08T7NN393?pageNumber=5&filterByStar=all_stars&sortBy=helpful&formatType=all_formats,allStars,,"{'price': None, 'listPrice': None}",2024-02-09,United States,,B08T7NN393,0.5106
19,19,4,Great vlaue,R3UQ8L6SK7X7EO,https://www.amazon.com/gp/customer-reviews/R3UQ8L6SK7X7EO/ref=cm_cr_arp_d_rvw_ttl?ie=UTF8&ASIN=B08T7NN393,One person found this helpful,"Reviewed in the United States on December 20, 2023",They are a great value and seem to be made very well.,True,Color: 3 Pack Mix ColorMagnification Strength: 2.5 x,[],50,4585,1197,https://www.amazon.com/product-reviews/B08T7NN393?pageNumber=5&filterByStar=all_stars&sortBy=helpful&formatType=all_formats,allStars,,"{'price': None, 'listPrice': None}",2023-12-20,United States,,B08T7NN393,0.8357
20,20,5,Glasses are good fit and quality.,R69W1XITUI32J,https://www.amazon.com/gp/customer-reviews/R69W1XITUI32J/ref=cm_cr_arp_d_rvw_ttl?ie=UTF8&ASIN=B08T7NN393,One person found this helpful,"Reviewed in the United States on December 20, 2023",Nice glasses. I like the fit and look. They seem to be good quality.,True,Color: 3 Pack Mix ColorMagnification Strength: 2.0 x,['https://m.media-amazon.com/images/I/71ccRD3RAYL._SY88.jpg'],81,4585,1197,https://www.amazon.com/product-reviews/B08T7NN393?pageNumber=9&filterByStar=all_stars&sortBy=helpful&formatType=all_formats,allStars,,"{'price': None, 'listPrice': None}",2023-12-20,United States,,B08T7NN393,0.8658
21,21,5,Came as described,R3FRFEAG5OBQ0U,https://www.amazon.com/gp/customer-reviews/R3FRFEAG5OBQ0U/ref=cm_cr_arp_d_rvw_ttl?ie=UTF8&ASIN=B08T7NN393,One person found this helpful,"Reviewed in the United States on December 5, 2023",These make great reading glasses. I also appreciated the lanyard for hanging them around your neck.They are much sturdier than the ones from Walmart or Dollar stores.,True,Color: 3 Pack Mix ColorMagnification Strength: 2.5 x,[],82,4585,1197,https://www.amazon.com/product-reviews/B08T7NN393?pageNumber=9&filterByStar=all_stars&sortBy=helpful&formatType=all_formats,allStars,,"{'price': None, 'listPrice': None}",2023-12-05,United States,,B08T7NN393,0.8126
22,22,5,"Surprisingly Nice in Appearance, Comfort and Function",RRKQVQTVDLVG9,https://www.amazon.com/gp/customer-reviews/RRKQVQTVDLVG9/ref=cm_cr_arp_d_rvw_ttl?ie=UTF8&ASIN=B08T7NN393,One person found this helpful,"Reviewed in the United States on December 15, 2022","I've had the glasses for a few weeks.  They are attractive, seemingly sturdy if used with care, and quite comfortable.  Most important, they work very well.  My selection of power, +2.0, was determined by dividing 39 inches by the lens power.  The +2.0 lens gave me clear vision at about 19 inches - good for computer work.  I'm also pleased with the vendor.  I received yellow-tinted lenses - apparently to filter blue light.  I wanted clear.  The vendor quickly delivered a package of 3 glasses with clear lenses, no charge.  (And without asking for a positive review, which I'm giving freely.)  Two things to note:  use care in cleaning the lenses, since I suspect no lenses at this price are scratch proof.  That also means it's best to not slide them into a eyeglass holder.  Also, the lenses seem not to be replaceable since there's no set screw.  So even though they look like regular prescription glasses, I suspect that prescription lenses cannot be inserted.",True,Color: 3 Pack Mix ColorMagnification Strength: 2.0 x,[],83,4585,1197,https://www.amazon.com/product-reviews/B08T7NN393?pageNumber=9&filterByStar=all_stars&sortBy=helpful&formatType=all_formats,allStars,,"{'price': None, 'listPrice': None}",2022-12-15,United States,,B08T7NN393,0.9825
23,23,5,Best seller support I have ever received on Amazon,R1TJOSHA8YVOPS,https://www.amazon.com/gp/customer-reviews/R1TJOSHA8YVOPS/ref=cm_cr_arp_d_rvw_ttl?ie=UTF8&ASIN=B08T7NN393,3 people found this helpful,"Reviewed in the United States on August 28, 2023",The glasses were crushed in transit and when the seller contacted me to ascertain my satisfaction I relayed that as a problem.  One pair destroyed and the other 2 wearable but with some repair.  They immediately shipped 3 new pair and refunded 100% plus a buck of the purchase price.  1000 percent customer oriented and reputable. The glasses are excellent 2.0 readers for working at home on the PC and their prescription is spot on with blue light blocking that keeps down fatigue.,True,Color: 3 Pack Mix ColorMagnification Strength: 2.0 x,[],84,4585,1197,https://www.amazon.com/product-reviews/B08T7NN393?pageNumber=9&filterByStar=all_stars&sortBy=helpful&formatType=all_formats,allStars,,"{'price': None, 'listPrice': None}",2023-08-28,United States,,B08T7NN393,-0.4118
24,24,5,Good value,R39MYMKYRFG8KP,https://www.amazon.com/gp/customer-reviews/R39MYMKYRFG8KP/ref=cm_cr_arp_d_rvw_ttl?ie=UTF8&ASIN=B08T7NN393,,"Reviewed in the United States on December 4, 2023",They arrived on time and in good condition. No worries so far and I would order again.,True,Color: 3 Pack Mix ColorMagnification Strength: 1.5 x,[],85,4585,1197,https://www.amazon.com/product-reviews/B08T7NN393?pageNumber=9&filterByStar=all_stars&sortBy=helpful&formatType=all_formats,allStars,,"{'price': None, 'listPrice': None}",2023-12-04,United States,,B08T7NN393,-0.2732
25,25,4,Size just doesn't fit my face,R30180Y5EPHTNK,https://www.amazon.com/gp/customer-reviews/R30180Y5EPHTNK/ref=cm_cr_arp_d_rvw_ttl?ie=UTF8&ASIN=B08T7NN393,,"Reviewed in the United States on July 25, 2023",Just not what I was looking for but seem to be alright otherwise. Light weight sturdy made and would be worth the price. Just too small for me.,True,Color: 3 Pack Mix ColorMagnification Strength: 2.5 x,[],86,4585,1197,https://www.amazon.com/product-reviews/B08T7NN393?pageNumber=9&filterByStar=all_stars&sortBy=helpful&formatType=all_formats,allStars,,"{'price': None, 'listPrice': None}",2023-07-25,United States,,B08T7NN393,0.5927
26,26,5,These are very quality made and fit fantastic.,R1LH50KP8YUOPM,https://www.amazon.com/gp/customer-reviews/R1LH50KP8YUOPM/ref=cm_cr_arp_d_rvw_ttl?ie=UTF8&ASIN=B08T7NN393,One person found this helpful,"Reviewed in the United States on December 8, 2023",I liked that these were very high quality and made very well.,True,Color: 3 Pack Mix ColorMagnification Strength: 2.5 x,[],87,4585,1197,https://www.amazon.com/product-reviews/B08T7NN393?pageNumber=9&filterByStar=all_stars&sortBy=helpful&formatType=all_formats,allStars,,"{'price': None, 'listPrice': None}",2023-12-08,United States,,B08T7NN393,0.6361
27,27,5,Good quality,RV8997HW0BXPZ,https://www.amazon.com/gp/customer-reviews/RV8997HW0BXPZ/ref=cm_cr_arp_d_rvw_ttl?ie=UTF8&ASIN=B08T7NN393,One person found this helpful,"Reviewed in the United States on December 11, 2023","Good quality, not expensive and perfect fit for me. Recommend for everyone.",True,Color: 3 Pack Mix ColorMagnification Strength: 2.0 x,[],88,4585,1197,https://www.amazon.com/product-reviews/B08T7NN393?pageNumber=9&filterByStar=all_stars&sortBy=helpful&formatType=all_formats,allStars,,"{'price': None, 'listPrice': None}",2023-12-11,United States,,B08T7NN393,0.5996
28,28,5,Well made,R352609UIMQVGX,https://www.amazon.com/gp/customer-reviews/R352609UIMQVGX/ref=cm_cr_arp_d_rvw_ttl?ie=UTF8&ASIN=B08T7NN393,,"Reviewed in the United States on December 4, 2023",Very well made and a comfortable fit if you match the dimensions correctly.,True,Color: 3 Pack Mix ColorMagnification Strength: 3.5 x,[],89,4585,1197,https://www.amazon.com/product-reviews/B08T7NN393?pageNumber=9&filterByStar=all_stars&sortBy=helpful&formatType=all_formats,allStars,,"{'price': None, 'listPrice': None}",2023-12-04,United States,,B08T7NN393,0.8016
29,29,5,Husband loves his glasses,R60LBAEYQYM9W,https://www.amazon.com/gp/customer-reviews/R60LBAEYQYM9W/ref=cm_cr_arp_d_rvw_ttl?ie=UTF8&ASIN=B08T7NN393,One person found this helpful,"Reviewed in the United States on December 14, 2023",Brought glasses for my husband and he likes them.,True,Color: 3 Pack Mix ColorMagnification Strength: 1.75 x,[],90,4585,1197,https://www.amazon.com/product-reviews/B08T7NN393?pageNumber=9&filterByStar=all_stars&sortBy=helpful&formatType=all_formats,allStars,,"{'price': None, 'listPrice': None}",2023-12-14,United States,,B08T7NN393,0.4215
30,30,5,Great big head reading/helper glasses,R1Q0X9BQI9RU6,https://www.amazon.com/gp/customer-reviews/R1Q0X9BQI9RU6/ref=cm_cr_arp_d_rvw_ttl?ie=UTF8&ASIN=B08T7NN393,,"Reviewed in the United States on February 29, 2024",I’ve order these several times cause I lose them constantly but these never disappoint always the same great quality for a big head,True,Color: 3 Pack Mix ColorMagnification Strength: 2.5 x,[],31,4585,1197,https://www.amazon.com/product-reviews/B08T7NN393?pageNumber=4&filterByStar=all_stars&sortBy=helpful&formatType=all_formats,allStars,,"{'price': None, 'listPrice': None}",2024-02-29,United States,,B08T7NN393,0.8265
31,31,5,Works well!,R20NJIPGD88NWV,https://www.amazon.com/gp/customer-reviews/R20NJIPGD88NWV/ref=cm_cr_arp_d_rvw_ttl?ie=UTF8&ASIN=B08T7NN393,,"Reviewed in the United States on March 5, 2024",Sturdy yet light weight. Getting a pouch for each pair of glasses is a real plus.,True,Color: 3 Pack Mix ColorMagnification Strength: 1.5 x,[],32,4585,1197,https://www.amazon.com/product-reviews/B08T7NN393?pageNumber=4&filterByStar=all_stars&sortBy=helpful&formatType=all_formats,allStars,,"{'price': None, 'listPrice': None}",2024-03-05,United States,,B08T7NN393,0.0
32,32,5,Excelente relación entre costo y beneficio,R1K9JA88OZRVLL,https://www.amazon.com/gp/customer-reviews/R1K9JA88OZRVLL/ref=cm_cr_arp_d_rvw_ttl?ie=UTF8&ASIN=B08T7NN393,,"Reviewed in the United States on March 12, 2024",Excelente relación entre costo y beneficio,True,Color: 3 Pack Mix ColorMagnification Strength: 0.5 x,[],33,4585,1197,https://www.amazon.com/product-reviews/B08T7NN393?pageNumber=4&filterByStar=all_stars&sortBy=helpful&formatType=all_formats,allStars,,"{'price': None, 'listPrice': None}",2024-03-12,United States,,B08T7NN393,0.0
33,33,5,Great Product,RTT2V83MKWYR,https://www.amazon.com/gp/customer-reviews/RTT2V83MKWYR/ref=cm_cr_arp_d_rvw_ttl?ie=UTF8&ASIN=B08T7NN393,,"Reviewed in the United States on March 8, 2024",Fast Shipment; product just as described,True,Color: 3 Pack Mix ColorMagnification Strength: 0.5 x,[],34,4585,1197,https://www.amazon.com/product-reviews/B08T7NN393?pageNumber=4&filterByStar=all_stars&sortBy=helpful&formatType=all_formats,allStars,,"{'price': None, 'listPrice': None}",2024-03-08,United States,,B08T7NN393,0.0
34,34,5,Very good readers,RK45LEKSQ3K3C,https://www.amazon.com/gp/customer-reviews/RK45LEKSQ3K3C/ref=cm_cr_arp_d_rvw_ttl?ie=UTF8&ASIN=B08T7NN393,,"Reviewed in the United States on March 3, 2024",The metal frames are very rugged yet good looking. The lenses are great too.,True,Color: 3 Pack Mix ColorMagnification Strength: 2.5 x,[],35,4585,1197,https://www.amazon.com/product-reviews/B08T7NN393?pageNumber=4&filterByStar=all_stars&sortBy=helpful&formatType=all_formats,allStars,,"{'price': None, 'listPrice': None}",2024-03-03,United States,,B08T7NN393,0.8055
35,35,5,Does the job,R971TFG4G9VAF,https://www.amazon.com/gp/customer-reviews/R971TFG4G9VAF/ref=cm_cr_arp_d_rvw_ttl?ie=UTF8&ASIN=B08T7NN393,,"Reviewed in the United States on March 6, 2024",stay on unlike my old pair,True,Color: 3 Pack Mix ColorMagnification Strength: 2.5 x,[],36,4585,1197,https://www.amazon.com/product-reviews/B08T7NN393?pageNumber=4&filterByStar=all_stars&sortBy=helpful&formatType=all_formats,allStars,,"{'price': None, 'listPrice': None}",2024-03-06,United States,,B08T7NN393,0.0
36,36,5,TIMING,R14IB73UDDLKZF,https://www.amazon.com/gp/customer-reviews/R14IB73UDDLKZF/ref=cm_cr_arp_d_rvw_ttl?ie=UTF8&ASIN=B08T7NN393,,"Reviewed in the United States on March 5, 2024",very well maintained,True,Color: 3 Pack Mix ColorMagnification Strength: 1.25 x,[],37,4585,1197,https://www.amazon.com/product-reviews/B08T7NN393?pageNumber=4&filterByStar=all_stars&sortBy=helpful&formatType=all_formats,allStars,,"{'price': None, 'listPrice': None}",2024-03-05,United States,,B08T7NN393,0.3384
37,37,5,Great glasses,R1HKEQI87DX3XI,https://www.amazon.com/gp/customer-reviews/R1HKEQI87DX3XI/ref=cm_cr_arp_d_rvw_ttl?ie=UTF8&ASIN=B08T7NN393,,"Reviewed in the United States on February 26, 2024",They arrived right on time in good condition they are very well made glasses,True,Color: 3 Pack Mix ColorMagnification Strength: 2.0 x,[],38,4585,1197,https://www.amazon.com/product-reviews/B08T7NN393?pageNumber=4&filterByStar=all_stars&sortBy=helpful&formatType=all_formats,allStars,,"{'price': None, 'listPrice': None}",2024-02-26,United States,,B08T7NN393,0.6478
38,38,5,Great glasses,R296JNH61Z6FJ,https://www.amazon.com/gp/customer-reviews/R296JNH61Z6FJ/ref=cm_cr_arp_d_rvw_ttl?ie=UTF8&ASIN=B08T7NN393,,"Reviewed in the United States on February 25, 2024",I love your glasses. They fit right and I will buy them again,True,Color: 3 Pack Mix ColorMagnification Strength: 1.75 x,[],39,4585,1197,https://www.amazon.com/product-reviews/B08T7NN393?pageNumber=4&filterByStar=all_stars&sortBy=helpful&formatType=all_formats,allStars,,"{'price': None, 'listPrice': None}",2024-02-25,United States,,B08T7NN393,0.7717
39,39,4,Great Glasses! Best Readers Ever!,RKN62ETAXJ05D,https://www.amazon.com/gp/customer-reviews/RKN62ETAXJ05D/ref=cm_cr_arp_d_rvw_ttl?ie=UTF8&ASIN=B08T7NN393,One person found this helpful,"Reviewed in the United States on October 18, 2023","The glasses I've purchased in the past have always had the Faux Leather Cases. I like them A LOT!! This last set came with some fabric crap that are cheaply made and I really do NOT care for!! Good thing I still have my old cases to put my New glasses in or I may have returned this set I just purchased! I hate the NEW cases that much. I wear pocket T-shirts and I need to be able to insert and remove my reading glasses often without having to deal with these cheap light weight cases that come out of my pocket with the glasses every time I want to use them, THEM REMOVE GLASSES FROM CASE, RETURN IT TO MY POCKET THEN PUT MY GLASSES ON. STRAIGHT SUCKS AND IT.S A MAJOR INCONVENIENCE!!!!!!!!!!!!",True,Color: 3 Pack Mix ColorMagnification Strength: 2.5 x,[],40,4585,1197,https://www.amazon.com/product-reviews/B08T7NN393?pageNumber=4&filterByStar=all_stars&sortBy=helpful&formatType=all_formats,allStars,,"{'price': None, 'listPrice': None}",2023-10-18,United States,,B08T7NN393,-0.8901
40,40,4,Exactly as Described,R1PFYFLII693Q7,https://www.amazon.com/gp/customer-reviews/R1PFYFLII693Q7/ref=cm_cr_arp_d_rvw_ttl?ie=UTF8&ASIN=B08T7NN393,,"Reviewed in the United States on February 27, 2024",I rated a 4 because 2.25 was not available which would be perfect for me. I have tried 2.50 and they are too much. These are working for me.,True,Color: 3 Pack Mix ColorMagnification Strength: 2.0 x,[],21,4585,1197,https://www.amazon.com/product-reviews/B08T7NN393?pageNumber=3&filterByStar=all_stars&sortBy=helpful&formatType=all_formats,allStars,,"{'price': None, 'listPrice': None}",2024-02-27,United States,,B08T7NN393,0.5719
41,41,5,Great Reading Glasses.,R3QX3QT7PD1OD1,https://www.amazon.com/gp/customer-reviews/R3QX3QT7PD1OD1/ref=cm_cr_arp_d_rvw_ttl?ie=UTF8&ASIN=B08T7NN393,,"Reviewed in the United States on March 7, 2024","They fit my face perfectly. They were clean & clear right out of the wrapper. As my vision changes, I would buy from this company again. My only egret is they are made in communist China.",True,Color: 3 Pack Mix ColorMagnification Strength: 4.0 x,[],22,4585,1197,https://www.amazon.com/product-reviews/B08T7NN393?pageNumber=3&filterByStar=all_stars&sortBy=helpful&formatType=all_formats,allStars,,"{'price': None, 'listPrice': None}",2024-03-07,United States,,B08T7NN393,0.9186
42,42,5,GREAT,R2GY44KZ6KU8FV,https://www.amazon.com/gp/customer-reviews/R2GY44KZ6KU8FV/ref=cm_cr_arp_d_rvw_ttl?ie=UTF8&ASIN=B08T7NN393,,"Reviewed in the United States on March 19, 2024",These readers are really great and it took only several hours to get them.,True,Color: 3 Pack Mix ColorMagnification Strength: 2.0 x,[],23,4585,1197,https://www.amazon.com/product-reviews/B08T7NN393?pageNumber=3&filterByStar=all_stars&sortBy=helpful&formatType=all_formats,allStars,,"{'price': None, 'listPrice': None}",2024-03-19,United States,,B08T7NN393,0.659
43,43,5,Good quality,RUAY160MA7QJL,https://www.amazon.com/gp/customer-reviews/RUAY160MA7QJL/ref=cm_cr_arp_d_rvw_ttl?ie=UTF8&ASIN=B08T7NN393,,"Reviewed in the United States on March 11, 2024",This was a good deal for 3 pairs for the low cost.  Great to have 3 pairs around the house.,True,Color: 3 Pack Mix ColorMagnification Strength: 2.0 x,[],24,4585,1197,https://www.amazon.com/product-reviews/B08T7NN393?pageNumber=3&filterByStar=all_stars&sortBy=helpful&formatType=all_formats,allStars,,"{'price': None, 'listPrice': None}",2024-03-11,United States,,B08T7NN393,0.7096
44,44,5,Glasses were nice,RPPWTUV4S3ZFA,https://www.amazon.com/gp/customer-reviews/RPPWTUV4S3ZFA/ref=cm_cr_arp_d_rvw_ttl?ie=UTF8&ASIN=B08T7NN393,,"Reviewed in the United States on March 19, 2024",They were the wrong strength for me,True,Color: 3 Pack Mix ColorMagnification Strength: 2.0 x,[],25,4585,1197,https://www.amazon.com/product-reviews/B08T7NN393?pageNumber=3&filterByStar=all_stars&sortBy=helpful&formatType=all_formats,allStars,,"{'price': None, 'listPrice': None}",2024-03-19,United States,,B08T7NN393,0.0258
45,45,5,"Great product, fair price and fast shipping",R3V04OTWKLRD8H,https://www.amazon.com/gp/customer-reviews/R3V04OTWKLRD8H/ref=cm_cr_arp_d_rvw_ttl?ie=UTF8&ASIN=B08T7NN393,,"Reviewed in the United States on March 17, 2024","Great product, fair price and fast shipping",True,Color: 3 Pack Mix ColorMagnification Strength: 2.0 x,[],26,4585,1197,https://www.amazon.com/product-reviews/B08T7NN393?pageNumber=3&filterByStar=all_stars&sortBy=helpful&formatType=all_formats,allStars,,"{'price': None, 'listPrice': None}",2024-03-17,United States,,B08T7NN393,0.7506
46,46,5,nice,R3USFM5HC3MPYT,https://www.amazon.com/gp/customer-reviews/R3USFM5HC3MPYT/ref=cm_cr_arp_d_rvw_ttl?ie=UTF8&ASIN=B08T7NN393,,"Reviewed in the United States on March 17, 2024",these are really nice for the price.,True,Color: 3 Pack Mix ColorMagnification Strength: 2.5 x,[],27,4585,1197,https://www.amazon.com/product-reviews/B08T7NN393?pageNumber=3&filterByStar=all_stars&sortBy=helpful&formatType=all_formats,allStars,,"{'price': None, 'listPrice': None}",2024-03-17,United States,,B08T7NN393,0.4754
47,47,4,good for  reading,R3UGOYEVKLNC6J,https://www.amazon.com/gp/customer-reviews/R3UGOYEVKLNC6J/ref=cm_cr_arp_d_rvw_ttl?ie=UTF8&ASIN=B08T7NN393,,"Reviewed in the United States on March 1, 2024",they are normal,True,Color: 3 Pack Mix ColorMagnification Strength: 4.0 x,[],28,4585,1197,https://www.amazon.com/product-reviews/B08T7NN393?pageNumber=3&filterByStar=all_stars&sortBy=helpful&formatType=all_formats,allStars,,"{'price': None, 'listPrice': None}",2024-03-01,United States,,B08T7NN393,0.0
48,48,5,Nice glasses,R3J22QWYDV5NE7,https://www.amazon.com/gp/customer-reviews/R3J22QWYDV5NE7/ref=cm_cr_arp_d_rvw_ttl?ie=UTF8&ASIN=B08T7NN393,,"Reviewed in the United States on March 12, 2024",I will be using these glasses for reading.,True,Color: 3 Pack Mix ColorMagnification Strength: 2.5 x,[],29,4585,1197,https://www.amazon.com/product-reviews/B08T7NN393?pageNumber=3&filterByStar=all_stars&sortBy=helpful&formatType=all_formats,allStars,,"{'price': None, 'listPrice': None}",2024-03-12,United States,,B08T7NN393,0.0
49,49,5,Good Readers,RFL0IS5LWDCO7,https://www.amazon.com/gp/customer-reviews/RFL0IS5LWDCO7/ref=cm_cr_arp_d_rvw_ttl?ie=UTF8&ASIN=B08T7NN393,,"Reviewed in the United States on March 1, 2024","These readers cost a bit more than the half-lens versions but they’re more substantial, have blue light blocking and nice frames.",True,Color: 3 Pack Mix ColorMagnification Strength: 2.0 x,[],30,4585,1197,https://www.amazon.com/product-reviews/B08T7NN393?pageNumber=3&filterByStar=all_stars&sortBy=helpful&formatType=all_formats,allStars,,"{'price': None, 'listPrice': None}",2024-03-01,United States,,B08T7NN393,0.4478
50,50,4,Glasses,R21XPAFPFGUKGB,https://www.amazon.com/gp/customer-reviews/R21XPAFPFGUKGB/ref=cm_cr_arp_d_rvw_ttl?ie=UTF8&ASIN=B08T7NN393,One person found this helpful,"Reviewed in the United States on November 21, 2023",Received glasses in good shape. Thank you,True,Color: 3 Pack Mix ColorMagnification Strength: 2.5 x,[],61,4585,1197,https://www.amazon.com/product-reviews/B08T7NN393?pageNumber=7&filterByStar=all_stars&sortBy=helpful&formatType=all_formats,allStars,,"{'price': None, 'listPrice': None}",2023-11-21,United States,,B08T7NN393,0.6597
51,51,5,I'll never buy store spin-rack readers again!,R5NO2TTJH8L1Z,https://www.amazon.com/gp/customer-reviews/R5NO2TTJH8L1Z/ref=cm_cr_arp_d_rvw_ttl?ie=UTF8&ASIN=B08T7NN393,One person found this helpful,"Reviewed in the United States on December 4, 2023","These are the only ones I will use now.  If your reading this congratulations, you did your due diligence and stumbled upon the best readers out there. I only wish they also made them without magnification so my wife and kids had the blue light protection from these quality, light, spring hinge, crisp-clear, full lens glasses. All my other glasses are going in the car or a drawer!",True,Color: 3 Pack Mix ColorMagnification Strength: 1.5 x,[],62,4585,1197,https://www.amazon.com/product-reviews/B08T7NN393?pageNumber=7&filterByStar=all_stars&sortBy=helpful&formatType=all_formats,allStars,,"{'price': None, 'listPrice': None}",2023-12-04,United States,,B08T7NN393,0.9017
52,52,3,they are OK for reading,R3QA3IKY26W0FM,https://www.amazon.com/gp/customer-reviews/R3QA3IKY26W0FM/ref=cm_cr_arp_d_rvw_ttl?ie=UTF8&ASIN=B08T7NN393,,"Reviewed in the United States on March 12, 2024",good,True,Color: 3 Pack Mix ColorMagnification Strength: 2.5 x,[],63,4585,1197,https://www.amazon.com/product-reviews/B08T7NN393?pageNumber=7&filterByStar=all_stars&sortBy=helpful&formatType=all_formats,allStars,,"{'price': None, 'listPrice': None}",2024-03-12,United States,,B08T7NN393,0.4404
53,53,5,Well built,R89X3BGERY64L,https://www.amazon.com/gp/customer-reviews/R89X3BGERY64L/ref=cm_cr_arp_d_rvw_ttl?ie=UTF8&ASIN=B08T7NN393,One person found this helpful,"Reviewed in the United States on January 24, 2024",Great price and the tint truly helps,True,Color: 3 Pack Mix ColorMagnification Strength: 2.0 x,[],64,4585,1197,https://www.amazon.com/product-reviews/B08T7NN393?pageNumber=7&filterByStar=all_stars&sortBy=helpful&formatType=all_formats,allStars,,"{'price': None, 'listPrice': None}",2024-01-24,United States,,B08T7NN393,0.8625
54,54,5,Inexpensive but quality,R3BGRHL5KH0TXF,https://www.amazon.com/gp/customer-reviews/R3BGRHL5KH0TXF/ref=cm_cr_arp_d_rvw_ttl?ie=UTF8&ASIN=B08T7NN393,2 people found this helpful,"Reviewed in the United States on January 5, 2024","These reading glasses are lightweight, less expensive (so I am not as concerned about loss or breaking them) and quality (again, so I don’t feel like they will easily break). Well worth the purchase!",True,Color: 3 Pack Mix ColorMagnification Strength: 0.75 x,[],65,4585,1197,https://www.amazon.com/product-reviews/B08T7NN393?pageNumber=7&filterByStar=all_stars&sortBy=helpful&formatType=all_formats,allStars,,"{'price': None, 'listPrice': None}",2024-01-05,United States,,B08T7NN393,0.7316
55,55,5,Durable,R1LLYPPEEW18VJ,https://www.amazon.com/gp/customer-reviews/R1LLYPPEEW18VJ/ref=cm_cr_arp_d_rvw_ttl?ie=UTF8&ASIN=B08T7NN393,One person found this helpful,"Reviewed in the United States on December 10, 2023",I've gone through so many readers with the thin clear filament that holds the lens in place. They always break so I tried these all metal frames and they have already outlasted the other type of readers. Very happy with these and so far they are holding up.. even my pair that I keep on the workbench.,True,Color: 3 Pack Mix ColorMagnification Strength: 2.0 x,[],66,4585,1197,https://www.amazon.com/product-reviews/B08T7NN393?pageNumber=7&filterByStar=all_stars&sortBy=helpful&formatType=all_formats,allStars,,"{'price': None, 'listPrice': None}",2023-12-10,United States,,B08T7NN393,0.7645
56,56,3,Clear view,R3DJYS9XZ7N7H5,https://www.amazon.com/gp/customer-reviews/R3DJYS9XZ7N7H5/ref=cm_cr_arp_d_rvw_ttl?ie=UTF8&ASIN=B08T7NN393,,"Reviewed in the United States on February 11, 2024","I don’t like that they are not clear. Im going back to Home Depot for a lot better ones, and cost less",True,Color: 3 Pack Mix ColorMagnification Strength: 2.5 x,[],67,4585,1197,https://www.amazon.com/product-reviews/B08T7NN393?pageNumber=7&filterByStar=all_stars&sortBy=helpful&formatType=all_formats,allStars,,"{'price': None, 'listPrice': None}",2024-02-11,United States,,B08T7NN393,0.4966
57,57,5,Great quality--they actually last. Fantastic price.,R354KBJ74SVZHU,https://www.amazon.com/gp/customer-reviews/R354KBJ74SVZHU/ref=cm_cr_arp_d_rvw_ttl?ie=UTF8&ASIN=B08T7NN393,One person found this helpful,"Reviewed in the United States on December 27, 2023","These glasses are surprisingly good, especially for the price. I use them so much that I bought a second set so I'll have some everywhere I might need them.",True,Color: 3 Pack Mix ColorMagnification Strength: 1.0 x,[],68,4585,1197,https://www.amazon.com/product-reviews/B08T7NN393?pageNumber=7&filterByStar=all_stars&sortBy=helpful&formatType=all_formats,allStars,,"{'price': None, 'listPrice': None}",2023-12-27,United States,,B08T7NN393,0.6249
58,58,5,Very nice,R3SOHHLHJRDCEM,https://www.amazon.com/gp/customer-reviews/R3SOHHLHJRDCEM/ref=cm_cr_arp_d_rvw_ttl?ie=UTF8&ASIN=B08T7NN393,One person found this helpful,"Reviewed in the United States on January 9, 2024","Good Quality, and accurate prescription.  Arrived quickly and undamaged.  What more could you ask.",True,Color: 3 Pack Mix ColorMagnification Strength: 0.5 x,[],69,4585,1197,https://www.amazon.com/product-reviews/B08T7NN393?pageNumber=7&filterByStar=all_stars&sortBy=helpful&formatType=all_formats,allStars,,"{'price': None, 'listPrice': None}",2024-01-09,United States,,B08T7NN393,0.4404
59,59,4,1st order filled with 3 power and discarded. 2nd order was filled correctly with 2 power,R1SJJG8QETSKR2,https://www.amazon.com/gp/customer-reviews/R1SJJG8QETSKR2/ref=cm_cr_arp_d_rvw_ttl?ie=UTF8&ASIN=B08T7NN393,One person found this helpful,"Reviewed in the United States on October 27, 2023",2 power glasses are great. D,True,Color: 3 Pack Mix ColorMagnification Strength: 3.0 x,[],70,4585,1197,https://www.amazon.com/product-reviews/B08T7NN393?pageNumber=7&filterByStar=all_stars&sortBy=helpful&formatType=all_formats,allStars,,"{'price': None, 'listPrice': None}",2023-10-27,United States,,B08T7NN393,0.6249
60,60,5,Slight color shift to be aware of,RDX7YEV2SSTZC,https://www.amazon.com/gp/customer-reviews/RDX7YEV2SSTZC/ref=cm_cr_arp_d_rvw_ttl?ie=UTF8&ASIN=B08T7NN393,2 people found this helpful,"Reviewed in the United States on January 29, 2023","As others have mentioned these glasses are not as big as the photoshopped images would have you believe.The 2.0 power magnification I purchased is comfortable and sharp from between 7 up to 14 inches from the subject or screen.I personally do not have any vision issues, and needed these to magnify the controls on my smart phone astrophotography app as well as help with my 4k monitor which is a bit too small to be a 4k monitor.These seem to remain clear and are easier to clean with a microfiber cloth than most others I have tried, but there is one slight issue that is really not a problem unless you need color accuracy like I sometimes do.  The blue light blocking of these cause a noticeable colorshift giving your view a very slight off white but it is not awful.  As I already installed blue light filters on all of my electronic devices I did not need the blue light blocking, but it does appear to be a good blue light blocker if you are in need of that.I am satisfied,  especially since I can keep them cleaner and clearer than most others I have been trying.",True,Color: 3 Pack Mix ColorMagnification Strength: 2.0 x,[],71,4585,1197,https://www.amazon.com/product-reviews/B08T7NN393?pageNumber=8&filterByStar=all_stars&sortBy=helpful&formatType=all_formats,allStars,,"{'price': None, 'listPrice': None}",2023-01-29,United States,,B08T7NN393,0.9743
61,61,5,I like them,R1JO3ZLBTA5PS7,https://www.amazon.com/gp/customer-reviews/R1JO3ZLBTA5PS7/ref=cm_cr_arp_d_rvw_ttl?ie=UTF8&ASIN=B08T7NN393,One person found this helpful,"Reviewed in the United States on January 9, 2024",Rec'd my glasses in a timely manner and like them a lot. Very light and crystal clear,True,Color: 3 Pack Mix ColorMagnification Strength: 1.5 x,[],72,4585,1197,https://www.amazon.com/product-reviews/B08T7NN393?pageNumber=8&filterByStar=all_stars&sortBy=helpful&formatType=all_formats,allStars,,"{'price': None, 'listPrice': None}",2024-01-09,United States,,B08T7NN393,0.6249
62,62,5,Quality readers,RLM55CUIO9B4F,https://www.amazon.com/gp/customer-reviews/RLM55CUIO9B4F/ref=cm_cr_arp_d_rvw_ttl?ie=UTF8&ASIN=B08T7NN393,One person found this helpful,"Reviewed in the United States on January 21, 2024",Made very well.,True,Color: 3 Pack Mix ColorMagnification Strength: 2.0 x,[],73,4585,1197,https://www.amazon.com/product-reviews/B08T7NN393?pageNumber=8&filterByStar=all_stars&sortBy=helpful&formatType=all_formats,allStars,,"{'price': None, 'listPrice': None}",2024-01-21,United States,,B08T7NN393,0.3384
63,63,5,Really good value,R27MSHOZFSX6Y3,https://www.amazon.com/gp/customer-reviews/R27MSHOZFSX6Y3/ref=cm_cr_arp_d_rvw_ttl?ie=UTF8&ASIN=B08T7NN393,2 people found this helpful,"Reviewed in the United States on November 26, 2023","Glasses were replacements for previous reading glasses that were worn out or underpowered for my eyes. These glasses are light weight, fit my head and seem to be the strength advertised. I looked at most of their competition and at this point consider these glasses to be an excellent value!",True,Color: 3 Pack Mix ColorMagnification Strength: 3.5 x,[],74,4585,1197,https://www.amazon.com/product-reviews/B08T7NN393?pageNumber=8&filterByStar=all_stars&sortBy=helpful&formatType=all_formats,allStars,,"{'price': None, 'listPrice': None}",2023-11-26,United States,,B08T7NN393,0.8718
64,64,5,high quality product,R3ERGKA5QP5O10,https://www.amazon.com/gp/customer-reviews/R3ERGKA5QP5O10/ref=cm_cr_arp_d_rvw_ttl?ie=UTF8&ASIN=B08T7NN393,One person found this helpful,"Reviewed in the United States on January 2, 2024",These are a true bargain.They are well made and are very consistent from one pair to the other.,True,Color: 3 Pack Mix ColorMagnification Strength: 2.5 x,[],75,4585,1197,https://www.amazon.com/product-reviews/B08T7NN393?pageNumber=8&filterByStar=all_stars&sortBy=helpful&formatType=all_formats,allStars,,"{'price': None, 'listPrice': None}",2024-01-02,United States,,B08T7NN393,0.5994
65,65,4,Glasses,RAWY6G762QQSY,https://www.amazon.com/gp/customer-reviews/RAWY6G762QQSY/ref=cm_cr_arp_d_rvw_ttl?ie=UTF8&ASIN=B08T7NN393,,"Reviewed in the United States on September 30, 2023",Bought these for my husband . He loves them,True,Color: 3 Pack Mix ColorMagnification Strength: 2.0 x,[],76,4585,1197,https://www.amazon.com/product-reviews/B08T7NN393?pageNumber=8&filterByStar=all_stars&sortBy=helpful&formatType=all_formats,allStars,,"{'price': None, 'listPrice': None}",2023-09-30,United States,,B08T7NN393,0.5719
66,66,4,GREAT PRICE,RY3BRYWDW0UB5,https://www.amazon.com/gp/customer-reviews/RY3BRYWDW0UB5/ref=cm_cr_arp_d_rvw_ttl?ie=UTF8&ASIN=B08T7NN393,One person found this helpful,"Reviewed in the United States on October 6, 2023","BEUTIFUL READING GLASSES, EXCELENT GUALITY",True,Color: 3 Pack Mix ColorMagnification Strength: 3.0 x,[],77,4585,1197,https://www.amazon.com/product-reviews/B08T7NN393?pageNumber=8&filterByStar=all_stars&sortBy=helpful&formatType=all_formats,allStars,,"{'price': None, 'listPrice': None}",2023-10-06,United States,,B08T7NN393,0.0
67,67,4,Look through the Pictures Well!,R29TVFSYKIGS4H,https://www.amazon.com/gp/customer-reviews/R29TVFSYKIGS4H/ref=cm_cr_arp_d_rvw_ttl?ie=UTF8&ASIN=B08T7NN393,3 people found this helpful,"Reviewed in the United States on November 21, 2022","These are good glasses, and well worth the price that I paid for them, and are at least as good as the ones sold at Wally World.Why the 4 stars not 5?  Because the pictures of the product on Amazon are false advertising.Look hard at the pics that show the size of the glasses in millimeters.  Those pics are accurate.  The pics of model's wearing the glasses are photoshopped and misleading.  They mislead me to believe that  the frames were larger than they really are.  They look large on the models' faces.  In reality they are a lot smaller.  The glasses were digitally added to stock photos of the models.  Those models are not really wearing the glasses.  If they were, the glasses would not span wider than their faces, unless of course they are hobbits.",True,Color: 3 Pack Mix ColorMagnification Strength: 1.0 x,[],78,4585,1197,https://www.amazon.com/product-reviews/B08T7NN393?pageNumber=8&filterByStar=all_stars&sortBy=helpful&formatType=all_formats,allStars,,"{'price': None, 'listPrice': None}",2022-11-21,United States,,B08T7NN393,0.7506
68,68,5,Great glasses,R3VX6EHBOQG510,https://www.amazon.com/gp/customer-reviews/R3VX6EHBOQG510/ref=cm_cr_arp_d_rvw_ttl?ie=UTF8&ASIN=B08T7NN393,,"Reviewed in the United States on September 30, 2023","Great glasses for the price.  I was looking at picking some at the local CVS.  Similar classes were $25+ each.  I got three for less.  At first they felt too light weight and not sturdy enough.  After using them for a week, they have held up extremely well.  Using these for computer work - blue light works good, light weight feels good.  Going to get another set for reading that are a bit stronger.",True,Color: 3 Pack Mix ColorMagnification Strength: 1.75 x,[],79,4585,1197,https://www.amazon.com/product-reviews/B08T7NN393?pageNumber=8&filterByStar=all_stars&sortBy=helpful&formatType=all_formats,allStars,,"{'price': None, 'listPrice': None}",2023-09-30,United States,,B08T7NN393,0.9312
69,69,4,Could be more sturdy,R14JWG2UXFTXPM,https://www.amazon.com/gp/customer-reviews/R14JWG2UXFTXPM/ref=cm_cr_arp_d_rvw_ttl?ie=UTF8&ASIN=B08T7NN393,,"Reviewed in the United States on September 18, 2023",they were light and was what was offered,True,Color: 3 Pack Mix ColorMagnification Strength: 3.0 x,[],80,4585,1197,https://www.amazon.com/product-reviews/B08T7NN393?pageNumber=8&filterByStar=all_stars&sortBy=helpful&formatType=all_formats,allStars,,"{'price': None, 'listPrice': None}",2023-09-18,United States,,B08T7NN393,0.0
70,70,5,Great fit,R29JGUADL881IR,https://www.amazon.com/gp/customer-reviews/R29JGUADL881IR/ref=cm_cr_arp_d_rvw_ttl?ie=UTF8&ASIN=B08T7NN393,One person found this helpful,"Reviewed in the United States on January 19, 2024","I love the glasses, didn’t realize they were different colors but that ok, they really fit me good and the lens are great, they were packaged perfect, no damage, I will alway order these,",True,Color: 3 Pack Mix ColorMagnification Strength: 2.5 x,[],51,4585,1197,https://www.amazon.com/product-reviews/B08T7NN393?pageNumber=6&filterByStar=all_stars&sortBy=helpful&formatType=all_formats,allStars,,"{'price': None, 'listPrice': None}",2024-01-19,United States,,B08T7NN393,0.958
71,71,5,"Best reading glasses I've bought, so far",R2FTA32BLUP71N,https://www.amazon.com/gp/customer-reviews/R2FTA32BLUP71N/ref=cm_cr_arp_d_rvw_ttl?ie=UTF8&ASIN=B08T7NN393,One person found this helpful,"Reviewed in the United States on January 21, 2024","Each pair came with a case. They fit well and much more well made than the ones I had before, which were pretty flimsy. Also comfortable and the blue blocking is good.",True,Color: 3 Pack Mix ColorMagnification Strength: 1.25 x,[],52,4585,1197,https://www.amazon.com/product-reviews/B08T7NN393?pageNumber=6&filterByStar=all_stars&sortBy=helpful&formatType=all_formats,allStars,,"{'price': None, 'listPrice': None}",2024-01-21,United States,,B08T7NN393,0.91
72,72,5,They are exactly like the description.,R10DQG5E8WYS3P,https://www.amazon.com/gp/customer-reviews/R10DQG5E8WYS3P/ref=cm_cr_arp_d_rvw_ttl?ie=UTF8&ASIN=B08T7NN393,,"Reviewed in the United States on February 5, 2024",They are very lightweight.,True,Color: 3 Pack Mix ColorMagnification Strength: 1.75 x,[],53,4585,1197,https://www.amazon.com/product-reviews/B08T7NN393?pageNumber=6&filterByStar=all_stars&sortBy=helpful&formatType=all_formats,allStars,,"{'price': None, 'listPrice': None}",2024-02-05,United States,,B08T7NN393,0.0
73,73,5,I like them,R1VTVVZ5U84IS3,https://www.amazon.com/gp/customer-reviews/R1VTVVZ5U84IS3/ref=cm_cr_arp_d_rvw_ttl?ie=UTF8&ASIN=B08T7NN393,,"Reviewed in the United States on January 31, 2024","I like the size of the lends, frame, fit.",True,Color: 3 Pack Mix ColorMagnification Strength: 2.0 x,[],54,4585,1197,https://www.amazon.com/product-reviews/B08T7NN393?pageNumber=6&filterByStar=all_stars&sortBy=helpful&formatType=all_formats,allStars,,"{'price': None, 'listPrice': None}",2024-01-31,United States,,B08T7NN393,0.6124
74,74,4,Delivered as advertised,RFZTMVW0Y57FQ,https://www.amazon.com/gp/customer-reviews/RFZTMVW0Y57FQ/ref=cm_cr_arp_d_rvw_ttl?ie=UTF8&ASIN=B08T7NN393,One person found this helpful,"Reviewed in the United States on November 8, 2023",I keep pairs of readers everywhere but added these for work because of the blue light reduction. They made a big difference when looking at computer monitor all day.,True,Color: 3 Pack Mix ColorMagnification Strength: 1.0 x,[],55,4585,1197,https://www.amazon.com/product-reviews/B08T7NN393?pageNumber=6&filterByStar=all_stars&sortBy=helpful&formatType=all_formats,allStars,,"{'price': None, 'listPrice': None}",2023-11-08,United States,,B08T7NN393,0.0
75,75,5,Such good value,R1XR2MKAIGHZBN,https://www.amazon.com/gp/customer-reviews/R1XR2MKAIGHZBN/ref=cm_cr_arp_d_rvw_ttl?ie=UTF8&ASIN=B08T7NN393,,"Reviewed in the United States on January 30, 2024",Good clear lenses at a great price.,True,Color: 3 Pack Mix ColorMagnification Strength: 3.0 x,[],56,4585,1197,https://www.amazon.com/product-reviews/B08T7NN393?pageNumber=6&filterByStar=all_stars&sortBy=helpful&formatType=all_formats,allStars,,"{'price': None, 'listPrice': None}",2024-01-30,United States,,B08T7NN393,0.8625
76,76,5,Great value,R3LHC00H5X7UV2,https://www.amazon.com/gp/customer-reviews/R3LHC00H5X7UV2/ref=cm_cr_arp_d_rvw_ttl?ie=UTF8&ASIN=B08T7NN393,,"Reviewed in the United States on January 29, 2024",Received and as advertised,True,Color: 3 Pack Mix ColorMagnification Strength: 1.0 x,[],57,4585,1197,https://www.amazon.com/product-reviews/B08T7NN393?pageNumber=6&filterByStar=all_stars&sortBy=helpful&formatType=all_formats,allStars,,"{'price': None, 'listPrice': None}",2024-01-29,United States,,B08T7NN393,0.0
77,77,5,Fits nicely,R1V0OVNBU87OU6,https://www.amazon.com/gp/customer-reviews/R1V0OVNBU87OU6/ref=cm_cr_arp_d_rvw_ttl?ie=UTF8&ASIN=B08T7NN393,,"Reviewed in the United States on February 3, 2024",Fits nicely,True,Color: 3 Pack Mix ColorMagnification Strength: 3.0 x,[],58,4585,1197,https://www.amazon.com/product-reviews/B08T7NN393?pageNumber=6&filterByStar=all_stars&sortBy=helpful&formatType=all_formats,allStars,,"{'price': None, 'listPrice': None}",2024-02-03,United States,,B08T7NN393,0.4404
78,78,3,focal point too close,R2L2G21U01WIAP,https://www.amazon.com/gp/customer-reviews/R2L2G21U01WIAP/ref=cm_cr_arp_d_rvw_ttl?ie=UTF8&ASIN=B08T7NN393,,"Reviewed in the United States on March 11, 2024","focus point of the glasses is too close, at 6in, needs to be at 12in.",True,Color: 3 Pack Mix ColorMagnification Strength: 4.0 x,[],59,4585,1197,https://www.amazon.com/product-reviews/B08T7NN393?pageNumber=6&filterByStar=all_stars&sortBy=helpful&formatType=all_formats,allStars,,"{'price': None, 'listPrice': None}",2024-03-11,United States,,B08T7NN393,0.0
79,79,5,As expected!,R1NRNL30XTQCJK,https://www.amazon.com/gp/customer-reviews/R1NRNL30XTQCJK/ref=cm_cr_arp_d_rvw_ttl?ie=UTF8&ASIN=B08T7NN393,One person found this helpful,"Reviewed in the United States on January 25, 2024",Rec’d in great shape. For general reading and close distance needs.,True,Color: 3 Pack Mix ColorMagnification Strength: 2.5 x,[],60,4585,1197,https://www.amazon.com/product-reviews/B08T7NN393?pageNumber=6&filterByStar=all_stars&sortBy=helpful&formatType=all_formats,allStars,,"{'price': None, 'listPrice': None}",2024-01-25,United States,,B08T7NN393,0.6249
80,80,5,Great Inexpensive Reading Glasses,R2ELLLV1ZTL62I,https://www.amazon.com/gp/customer-reviews/R2ELLLV1ZTL62I/ref=cm_cr_arp_d_rvw_ttl?ie=UTF8&ASIN=B08T7NN393,,"Reviewed in the United States on April 2, 2024",These reading glasses were inexpensive but were every bit as good both in frame strength and prescription as the drugstore versions. Quite nice fit,True,Color: 3 Pack Mix ColorMagnification Strength: 2.5 x,[],11,4585,1197,https://www.amazon.com/product-reviews/B08T7NN393?pageNumber=2&filterByStar=all_stars&sortBy=helpful&formatType=all_formats,allStars,,"{'price': None, 'listPrice': None}",2024-04-02,United States,,B08T7NN393,0.9513
81,81,4,Fit well and magnify well,R2USUA1X948LTO,https://www.amazon.com/gp/customer-reviews/R2USUA1X948LTO/ref=cm_cr_arp_d_rvw_ttl?ie=UTF8&ASIN=B08T7NN393,,"Reviewed in the United States on March 22, 2024",They're comfortable are well made and provide clear vision reading..everything a reading glass needs to do.,True,Color: 3 Pack Mix ColorMagnification Strength: 3.0 x,[],12,4585,1197,https://www.amazon.com/product-reviews/B08T7NN393?pageNumber=2&filterByStar=all_stars&sortBy=helpful&formatType=all_formats,allStars,,"{'price': None, 'listPrice': None}",2024-03-22,United States,,B08T7NN393,0.8402
82,82,5,Better than the usual,R1FAEV0CIHND9R,https://www.amazon.com/gp/customer-reviews/R1FAEV0CIHND9R/ref=cm_cr_arp_d_rvw_ttl?ie=UTF8&ASIN=B08T7NN393,,"Reviewed in the United States on March 27, 2024",Better than the usual drug store reader that cost 20 to 30 each. Excellent quality and quite a bargain.,True,Color: 3 Pack Mix ColorMagnification Strength: 2.0 x,[],13,4585,1197,https://www.amazon.com/product-reviews/B08T7NN393?pageNumber=2&filterByStar=all_stars&sortBy=helpful&formatType=all_formats,allStars,,"{'price': None, 'listPrice': None}",2024-03-27,United States,,B08T7NN393,0.8268
83,83,5,reading glasses,RQ2QALY9P3U1K,https://www.amazon.com/gp/customer-reviews/RQ2QALY9P3U1K/ref=cm_cr_arp_d_rvw_ttl?ie=UTF8&ASIN=B08T7NN393,,"Reviewed in the United States on April 2, 2024",Pefect for what I use them for...,True,Color: 3 Pack Mix ColorMagnification Strength: 2.0 x,[],14,4585,1197,https://www.amazon.com/product-reviews/B08T7NN393?pageNumber=2&filterByStar=all_stars&sortBy=helpful&formatType=all_formats,allStars,,"{'price': None, 'listPrice': None}",2024-04-02,United States,,B08T7NN393,0.0
84,84,5,"I received them in excellent shape, just what I needed, thank you.",RA638Y3LYTHRM,https://www.amazon.com/gp/customer-reviews/RA638Y3LYTHRM/ref=cm_cr_arp_d_rvw_ttl?ie=UTF8&ASIN=B08T7NN393,,"Reviewed in the United States on April 5, 2024",Excellent eye glasses.,True,Color: 3 Pack Mix ColorMagnification Strength: 4.0 x,[],15,4585,1197,https://www.amazon.com/product-reviews/B08T7NN393?pageNumber=2&filterByStar=all_stars&sortBy=helpful&formatType=all_formats,allStars,,"{'price': None, 'listPrice': None}",2024-04-05,United States,,B08T7NN393,0.5719
85,85,5,nice coating,R2A5Q8QPY02SNB,https://www.amazon.com/gp/customer-reviews/R2A5Q8QPY02SNB/ref=cm_cr_arp_d_rvw_ttl?ie=UTF8&ASIN=B08T7NN393,,"Reviewed in the United States on March 29, 2024","they work fine ,I like the lens coating",True,Color: 3 Pack Mix ColorMagnification Strength: 3.5 x,[],16,4585,1197,https://www.amazon.com/product-reviews/B08T7NN393?pageNumber=2&filterByStar=all_stars&sortBy=helpful&formatType=all_formats,allStars,,"{'price': None, 'listPrice': None}",2024-03-29,United States,,B08T7NN393,0.5106
86,86,5,Nice,RX4L1X7ZOINPM,https://www.amazon.com/gp/customer-reviews/RX4L1X7ZOINPM/ref=cm_cr_arp_d_rvw_ttl?ie=UTF8&ASIN=B08T7NN393,,"Reviewed in the United States on March 8, 2024",Second time purchasing. Sturdy. Lasted a long time compared to other brands I bought. Only need more because I am brutal the way I handle them and two of my first set( bought over a year ago) were damaged by me.,True,Color: 3 Pack Mix ColorMagnification Strength: 3.5 x,[],17,4585,1197,https://www.amazon.com/product-reviews/B08T7NN393?pageNumber=2&filterByStar=all_stars&sortBy=helpful&formatType=all_formats,allStars,,"{'price': None, 'listPrice': None}",2024-03-08,United States,,B08T7NN393,-0.8055
87,87,5,They work,R3746LB2KJZLYF,https://www.amazon.com/gp/customer-reviews/R3746LB2KJZLYF/ref=cm_cr_arp_d_rvw_ttl?ie=UTF8&ASIN=B08T7NN393,,"Reviewed in the United States on April 1, 2024",They work,True,Color: 3 Pack Mix ColorMagnification Strength: 3.0 x,[],18,4585,1197,https://www.amazon.com/product-reviews/B08T7NN393?pageNumber=2&filterByStar=all_stars&sortBy=helpful&formatType=all_formats,allStars,,"{'price': None, 'listPrice': None}",2024-04-01,United States,,B08T7NN393,0.0
88,88,5,Just what I ordered,R1OMMTZ1GSY5K3,https://www.amazon.com/gp/customer-reviews/R1OMMTZ1GSY5K3/ref=cm_cr_arp_d_rvw_ttl?ie=UTF8&ASIN=B08T7NN393,,"Reviewed in the United States on April 2, 2024",Great!,True,Color: 3 Pack Mix ColorMagnification Strength: 2.5 x,[],19,4585,1197,https://www.amazon.com/product-reviews/B08T7NN393?pageNumber=2&filterByStar=all_stars&sortBy=helpful&formatType=all_formats,allStars,,"{'price': None, 'listPrice': None}",2024-04-02,United States,,B08T7NN393,0.6588
89,89,5,Very good purchase,RHQESJHY08ERH,https://www.amazon.com/gp/customer-reviews/RHQESJHY08ERH/ref=cm_cr_arp_d_rvw_ttl?ie=UTF8&ASIN=B08T7NN393,,"Reviewed in the United States on March 22, 2024",Glasses arrived quickly and as advertised. Very good reading glasses. I’m happy with this purchase.,True,Color: 3 Pack Mix ColorMagnification Strength: 2.5 x,[],20,4585,1197,https://www.amazon.com/product-reviews/B08T7NN393?pageNumber=2&filterByStar=all_stars&sortBy=helpful&formatType=all_formats,allStars,,"{'price': None, 'listPrice': None}",2024-03-22,United States,,B08T7NN393,0.7841
