,Unnamed: 0,ratingScore,reviewTitle,reviewId,reviewUrl,reviewReaction,reviewedIn,reviewDescription,isVerified,variant,reviewImages,position,totalCategoryRatings,totalCategoryReviews,reviewCategoryUrl,filterByRating,filterByKeyword,product,date,country,countryCode,productAsin,sentiment_score
0,0,5,Great glasses,R20IDPY9QUXVQ,https://www.amazon.com/gp/customer-reviews/R20IDPY9QUXVQ/ref=cm_cr_arp_d_rvw_ttl?ie=UTF8&ASIN=B09LRHJ516,,"Reviewed in the United States on March 29, 2024","I purchased these to help with fluorescent lighting and they have worked wonders.For work I have to sit in a room once a week from 9-4 with the most awful lighting and look at a tv screen for presentations. The headache I would get was terrible. Purchased the blue light glasses after recommendations from friends and I found this pair. They are quite comfortable, I like how they look, the price is perfect, and the most important part….no headache after a full day!",True,Style: MontanaColor: Clear,[],1,2110,245,https://www.amazon.com/product-reviews/B09LRHJ516?pageNumber=1&filterByStar=all_stars&sortBy=helpful&formatType=all_formats,allStars,,"{'price': None, 'listPrice': None}",2024-03-29,United States,,B09LRHJ516,0.8971
1,1,5,My new favorite glasses!,R2JOYX56CH2D52,https://www.amazon.com/gp/customer-reviews/R2JOYX56CH2D52/ref=cm_cr_arp_d_rvw_ttl?ie=UTF8&ASIN=B09LRHJ516,,"Reviewed in the United States on February 28, 2024","These glasses are look great AND are affordable! Better than some more expensive ones I’ve seen in the same color or similar styles. The frames are not too big. They’re like the perfect size for any face. The quality feels good, and these have been my absolute favorites since buying them. Totally recommend them!",True,Style: MontanaColor: Clear,[],2,2110,245,https://www.amazon.com/product-reviews/B09LRHJ516?pageNumber=1&filterByStar=all_stars&sortBy=helpful&formatType=all_formats,allStars,,"{'price': None, 'listPrice': None}",2024-02-28,United States,,B09LRHJ516,0.9693
2,2,5,Cute & Affordable,R25ZHN5HNO96Q8,https://www.amazon.com/gp/customer-reviews/R25ZHN5HNO96Q8/ref=cm_cr_arp_d_rvw_ttl?ie=UTF8&ASIN=B09LRHJ516,,"Reviewed in the United States on March 26, 2024","Bought these for my 11 year old daughter and she loves them! She uses them every day. The glasses are very well made, they don’t feel cheap or flimsy. I didn’t expect them to be as good as they are because of the price, but they’re great!",True,Style: 2 PackColor: Clear+clear Blue,[],3,2110,245,https://www.amazon.com/product-reviews/B09LRHJ516?pageNumber=1&filterByStar=all_stars&sortBy=helpful&formatType=all_formats,allStars,,"{'price': None, 'listPrice': None}",2024-03-26,United States,,B09LRHJ516,0.9048
3,3,4,Blue Light Block with Style,RM3CJZ7ML3C4M,https://www.amazon.com/gp/customer-reviews/RM3CJZ7ML3C4M/ref=cm_cr_arp_d_rvw_ttl?ie=UTF8&ASIN=B09LRHJ516,,"Reviewed in the United States on March 26, 2024","I love these glasses as they are light weight, very stylish but can be slightly uncomfortable if wearing for a long period of time.  That's the only reason I did not give a 5 star rating (could depend on your head size).  Besides that, they are definitely worth getting as the fit may be better for someone else.",True,Style: MontanaColor: Clear,[],4,2110,245,https://www.amazon.com/product-reviews/B09LRHJ516?pageNumber=1&filterByStar=all_stars&sortBy=helpful&formatType=all_formats,allStars,,"{'price': None, 'listPrice': None}",2024-03-26,United States,,B09LRHJ516,0.9125
4,4,5,Perfect,REWU0EUPC8ZJG,https://www.amazon.com/gp/customer-reviews/REWU0EUPC8ZJG/ref=cm_cr_arp_d_rvw_ttl?ie=UTF8&ASIN=B09LRHJ516,,"Reviewed in the United States on April 3, 2024",All I'm saying is I'm getting the rest of the colors.  I already had my sibling try and steal them .  Great quality and looking real dapper with my outfits of choice.,True,Style: MontanaColor: Clear,[],5,2110,245,https://www.amazon.com/product-reviews/B09LRHJ516?pageNumber=1&filterByStar=all_stars&sortBy=helpful&formatType=all_formats,allStars,,"{'price': None, 'listPrice': None}",2024-04-03,United States,,B09LRHJ516,0.2263
5,5,5,Works Great!,R1LZH3UJSN9CLB,https://www.amazon.com/gp/customer-reviews/R1LZH3UJSN9CLB/ref=cm_cr_arp_d_rvw_ttl?ie=UTF8&ASIN=B09LRHJ516,,"Reviewed in the United States on March 19, 2024",They work great to block the blue light. Has helped the eyes.,True,Style: MontanaColor: Clear,[],6,2110,245,https://www.amazon.com/product-reviews/B09LRHJ516?pageNumber=1&filterByStar=all_stars&sortBy=helpful&formatType=all_formats,allStars,,"{'price': None, 'listPrice': None}",2024-03-19,United States,,B09LRHJ516,0.296
6,6,3,The glare is ridiculous,RC550JCL3ZOTT,https://www.amazon.com/gp/customer-reviews/RC550JCL3ZOTT/ref=cm_cr_arp_d_rvw_ttl?ie=UTF8&ASIN=B09LRHJ516,2 people found this helpful,"Reviewed in the United States on February 12, 2024","These might block blue light, but the glare is just to much, you can see your monitors reflection on the glass and it's really bothersome. Other than that they are pretty sturdy, not heavy and the lenses has a yellowish tint.",True,Style: 2 PackColor: Black+clear,[],7,2110,245,https://www.amazon.com/product-reviews/B09LRHJ516?pageNumber=1&filterByStar=all_stars&sortBy=helpful&formatType=all_formats,allStars,,"{'price': None, 'listPrice': None}",2024-02-12,United States,,B09LRHJ516,-0.0102
7,7,5,"Looks, works, and feels well",R2V1KPKK6B4OYJ,https://www.amazon.com/gp/customer-reviews/R2V1KPKK6B4OYJ/ref=cm_cr_arp_d_rvw_ttl?ie=UTF8&ASIN=B09LRHJ516,,"Reviewed in the United States on March 25, 2024","Works well, feels well, looks well.",True,Style: MontanaColor: Clear,[],8,2110,245,https://www.amazon.com/product-reviews/B09LRHJ516?pageNumber=1&filterByStar=all_stars&sortBy=helpful&formatType=all_formats,allStars,,"{'price': None, 'listPrice': None}",2024-03-25,United States,,B09LRHJ516,0.6486
8,8,5,Salvadores,R1LPJNQQPEK66M,https://www.amazon.com/gp/customer-reviews/R1LPJNQQPEK66M/ref=cm_cr_arp_d_rvw_ttl?ie=UTF8&ASIN=B09LRHJ516,,"Reviewed in the United States on March 19, 2024",Soy estudiante universitaria y estar en la computadora casi todo el día me genera ardor en los ojos y necesitaba con urgencia unos lentes anti blue para la luz de la pantalla! Y estos lentes an funcionando muy bien! Los recomiendo 100%,True,Style: MontanaColor: Clear,[],9,2110,245,https://www.amazon.com/product-reviews/B09LRHJ516?pageNumber=1&filterByStar=all_stars&sortBy=helpful&formatType=all_formats,allStars,,"{'price': None, 'listPrice': None}",2024-03-19,United States,,B09LRHJ516,-0.4374
9,9,5,Better here than a store!,R166WP2E8A165U,https://www.amazon.com/gp/customer-reviews/R166WP2E8A165U/ref=cm_cr_arp_d_rvw_ttl?ie=UTF8&ASIN=B09LRHJ516,,"Reviewed in the United States on March 23, 2024","I work half labor & half PC/phone work and they do help! My eyes aren't exhausted, & I love them as sn accessory! 🤓😎",True,Style: MontanaColor: Clear,"['https://m.media-amazon.com/images/I/61yFrlYboDL._SY88.jpg', 'https://m.media-amazon.com/images/I/71MXfx99tqL._SY88.jpg']",10,2110,245,https://www.amazon.com/product-reviews/B09LRHJ516?pageNumber=1&filterByStar=all_stars&sortBy=helpful&formatType=all_formats,allStars,,"{'price': None, 'listPrice': None}",2024-03-23,United States,,B09LRHJ516,0.2561
10,10,5,˙helped me with my headaches,R1ABFIUDLLWFUH,https://www.amazon.com/gp/customer-reviews/R1ABFIUDLLWFUH/ref=cm_cr_arp_d_rvw_ttl?ie=UTF8&ASIN=B09LRHJ516,,"Reviewed in the United States on March 1, 2023","I bough this because I am currently in nursing school and doing ritual classes for my pre-reqs, and I am on the computer ALLL day. this made my eyes more comfortable while using the computer, no headaches , very comfortable. I even worn them to style them with outfits LOL",True,Style: MontanaColor: Clear,[],81,2110,245,https://www.amazon.com/product-reviews/B09LRHJ516?pageNumber=9&filterByStar=all_stars&sortBy=helpful&formatType=all_formats,allStars,,"{'price': None, 'listPrice': None}",2023-03-01,United States,,B09LRHJ516,0.7938
11,11,2,"Great price, but broke within weeks",R2OOCCNECWGQLL,https://www.amazon.com/gp/customer-reviews/R2OOCCNECWGQLL/ref=cm_cr_arp_d_rvw_ttl?ie=UTF8&ASIN=B09LRHJ516,,"Reviewed in the United States on October 5, 2023",Only lasted a few weeks of occasional use. One of the arms fell off so I assumed it was the small hinge screw but when I went to repair it I noticed the screw was still intact and it was actually the plastic around the hinge screw that completely broke off. The price was great so next time I will spend a little more on a different type in hopes that they hold up better. This one was truly a “you get what you pay for” experience!!,True,Style: MontanaColor: Clear,[],82,2110,245,https://www.amazon.com/product-reviews/B09LRHJ516?pageNumber=9&filterByStar=all_stars&sortBy=helpful&formatType=all_formats,allStars,,"{'price': None, 'listPrice': None}",2023-10-05,United States,,B09LRHJ516,0.9286
12,12,5,Love them,ROFKCZ1Z1YHVH,https://www.amazon.com/gp/customer-reviews/ROFKCZ1Z1YHVH/ref=cm_cr_arp_d_rvw_ttl?ie=UTF8&ASIN=B09LRHJ516,,"Reviewed in the United States on August 15, 2023",A must for me!,True,Style: MontanaColor: Clear,[],83,2110,245,https://www.amazon.com/product-reviews/B09LRHJ516?pageNumber=9&filterByStar=all_stars&sortBy=helpful&formatType=all_formats,allStars,,"{'price': None, 'listPrice': None}",2023-08-15,United States,,B09LRHJ516,0.0
13,13,3,Good appearance,R1CJX3TOTUMJ3,https://www.amazon.com/gp/customer-reviews/R1CJX3TOTUMJ3/ref=cm_cr_arp_d_rvw_ttl?ie=UTF8&ASIN=B09LRHJ516,2 people found this helpful,"Reviewed in the United States on August 5, 2023",One side of ear arm longer than the other but was inexpensive,True,Style: MontanaColor: Clear,[],84,2110,245,https://www.amazon.com/product-reviews/B09LRHJ516?pageNumber=9&filterByStar=all_stars&sortBy=helpful&formatType=all_formats,allStars,,"{'price': None, 'listPrice': None}",2023-08-05,United States,,B09LRHJ516,0.0
14,14,5,Cute. Fits perfectly.,ROIQZA9AZV9RN,https://www.amazon.com/gp/customer-reviews/ROIQZA9AZV9RN/ref=cm_cr_arp_d_rvw_ttl?ie=UTF8&ASIN=B09LRHJ516,One person found this helpful,"Reviewed in the United States on July 19, 2023","I have a plump,round face and they are cute on me.",True,Style: MontanaColor: Clear,[],85,2110,245,https://www.amazon.com/product-reviews/B09LRHJ516?pageNumber=9&filterByStar=all_stars&sortBy=helpful&formatType=all_formats,allStars,,"{'price': None, 'listPrice': None}",2023-07-19,United States,,B09LRHJ516,0.4588
15,15,4,"Works well, but wish it fit better.",R10ROKCIWHWMJE,https://www.amazon.com/gp/customer-reviews/R10ROKCIWHWMJE/ref=cm_cr_arp_d_rvw_ttl?ie=UTF8&ASIN=B09LRHJ516,2 people found this helpful,"Reviewed in the United States on April 12, 2022","You can tell the difference right away. It took a minute for my eyes to get use to my computer screen looking different, but I could definitely tell the difference when taking them off. My bridge of my nose is a bit wider than the glasses, so they sit up higher than I’d like.",True,Style: MontanaColor: Clear,[],86,2110,245,https://www.amazon.com/product-reviews/B09LRHJ516?pageNumber=9&filterByStar=all_stars&sortBy=helpful&formatType=all_formats,allStars,,"{'price': None, 'listPrice': None}",2022-04-12,United States,,B09LRHJ516,0.7783
16,16,5,Best!!,R35ITV5AN788S2,https://www.amazon.com/gp/customer-reviews/R35ITV5AN788S2/ref=cm_cr_arp_d_rvw_ttl?ie=UTF8&ASIN=B09LRHJ516,,"Reviewed in the United States on July 1, 2023",I love my glasses! I use them everyday at work💼,True,Style: MontanaColor: Clear,[],87,2110,245,https://www.amazon.com/product-reviews/B09LRHJ516?pageNumber=9&filterByStar=all_stars&sortBy=helpful&formatType=all_formats,allStars,,"{'price': None, 'listPrice': None}",2023-07-01,United States,,B09LRHJ516,0.6696
17,17,5,Amazing,R36LMHVS35OC5U,https://www.amazon.com/gp/customer-reviews/R36LMHVS35OC5U/ref=cm_cr_arp_d_rvw_ttl?ie=UTF8&ASIN=B09LRHJ516,,"Reviewed in the United States on May 30, 2023",I bought it for me because I like how they look. 10/10 recommend for looks and blue light.,True,Style: MontanaColor: Clear,[],88,2110,245,https://www.amazon.com/product-reviews/B09LRHJ516?pageNumber=9&filterByStar=all_stars&sortBy=helpful&formatType=all_formats,allStars,,"{'price': None, 'listPrice': None}",2023-05-30,United States,,B09LRHJ516,0.6124
18,18,5,I love it thank you,R3E03FFKHUMS20,https://www.amazon.com/gp/customer-reviews/R3E03FFKHUMS20/ref=cm_cr_arp_d_rvw_ttl?ie=UTF8&ASIN=B09LRHJ516,One person found this helpful,"Reviewed in the United States on September 10, 2023",,True,,[],89,2110,245,https://www.amazon.com/product-reviews/B09LRHJ516?pageNumber=9&filterByStar=all_stars&sortBy=helpful&formatType=all_formats,allStars,,"{'price': None, 'listPrice': None}",2023-09-10,United States,,B09LRHJ516,0.0
19,19,5,Lightweight,R8FA05M4HNK05,https://www.amazon.com/gp/customer-reviews/R8FA05M4HNK05/ref=cm_cr_arp_d_rvw_ttl?ie=UTF8&ASIN=B09LRHJ516,One person found this helpful,"Reviewed in the United States on May 20, 2023",Super lightweight and stylish.  Love the blue tint. Helps me with the light on my computer,True,Style: MontanaColor: Clear,[],90,2110,245,https://www.amazon.com/product-reviews/B09LRHJ516?pageNumber=9&filterByStar=all_stars&sortBy=helpful&formatType=all_formats,allStars,,"{'price': None, 'listPrice': None}",2023-05-20,United States,,B09LRHJ516,0.8934
20,20,5,Very cute. Kinda big on my face though,R3R6JWGBS1XSKN,https://www.amazon.com/gp/customer-reviews/R3R6JWGBS1XSKN/ref=cm_cr_arp_d_rvw_ttl?ie=UTF8&ASIN=B09LRHJ516,One person found this helpful,"Reviewed in the United States on October 24, 2023",I like these especially since I stare at screens a lot all day due to school. I've gotten many compliments on em! Only thing is that they're a little bit big.,True,Style: MontanaColor: Clear,[],41,2110,245,https://www.amazon.com/product-reviews/B09LRHJ516?pageNumber=5&filterByStar=all_stars&sortBy=helpful&formatType=all_formats,allStars,,"{'price': None, 'listPrice': None}",2023-10-24,United States,,B09LRHJ516,0.6696
21,21,4,Love them,R2XI95NUOIN97,https://www.amazon.com/gp/customer-reviews/R2XI95NUOIN97/ref=cm_cr_arp_d_rvw_ttl?ie=UTF8&ASIN=B09LRHJ516,One person found this helpful,"Reviewed in the United States on August 8, 2023",They are so cute and elegant,True,Style: MontanaColor: Clear,[],42,2110,245,https://www.amazon.com/product-reviews/B09LRHJ516?pageNumber=5&filterByStar=all_stars&sortBy=helpful&formatType=all_formats,allStars,,"{'price': None, 'listPrice': None}",2023-08-08,United States,,B09LRHJ516,0.8036
22,22,5,Great!,R19A4MKUUP8M6R,https://www.amazon.com/gp/customer-reviews/R19A4MKUUP8M6R/ref=cm_cr_arp_d_rvw_ttl?ie=UTF8&ASIN=B09LRHJ516,,"Reviewed in the United States on October 18, 2023",My daughter loves this. She is using it for college and loves how this helps her help when using lots of screen time. And good size for her.,True,Style: 2 PackColor: Clear+clear Red,[],43,2110,245,https://www.amazon.com/product-reviews/B09LRHJ516?pageNumber=5&filterByStar=all_stars&sortBy=helpful&formatType=all_formats,allStars,,"{'price': None, 'listPrice': None}",2023-10-18,United States,,B09LRHJ516,0.9393
23,23,5,my 9year old loves them,R21XO7BCRA3T7B,https://www.amazon.com/gp/customer-reviews/R21XO7BCRA3T7B/ref=cm_cr_arp_d_rvw_ttl?ie=UTF8&ASIN=B09LRHJ516,,"Reviewed in the United States on December 7, 2023",love them,True,Style: MontanaColor: Clear,[],44,2110,245,https://www.amazon.com/product-reviews/B09LRHJ516?pageNumber=5&filterByStar=all_stars&sortBy=helpful&formatType=all_formats,allStars,,"{'price': None, 'listPrice': None}",2023-12-07,United States,,B09LRHJ516,0.6369
24,24,5,Daughter loves them!,R34VNM5FD092R2,https://www.amazon.com/gp/customer-reviews/R34VNM5FD092R2/ref=cm_cr_arp_d_rvw_ttl?ie=UTF8&ASIN=B09LRHJ516,,"Reviewed in the United States on October 27, 2023",Function wellSeem sturdy enough for my 12 year old. Very Fashionable. She doesn't like to go to school without them.,True,Style: MontanaColor: Clear,[],45,2110,245,https://www.amazon.com/product-reviews/B09LRHJ516?pageNumber=5&filterByStar=all_stars&sortBy=helpful&formatType=all_formats,allStars,,"{'price': None, 'listPrice': None}",2023-10-27,United States,,B09LRHJ516,-0.2755
25,25,5,Great classes for the price!,R11PQT5A57JPIS,https://www.amazon.com/gp/customer-reviews/R11PQT5A57JPIS/ref=cm_cr_arp_d_rvw_ttl?ie=UTF8&ASIN=B09LRHJ516,,"Reviewed in the United States on October 9, 2023",If I wear these at night when I’m on  any devices I fall asleep at least a half hour earlier when I go to bed.,True,Style: MontanaColor: Clear,[],46,2110,245,https://www.amazon.com/product-reviews/B09LRHJ516?pageNumber=5&filterByStar=all_stars&sortBy=helpful&formatType=all_formats,allStars,,"{'price': None, 'listPrice': None}",2023-10-09,United States,,B09LRHJ516,0.0
26,26,3,Blue light,R26WS1T1E5UKQC,https://www.amazon.com/gp/customer-reviews/R26WS1T1E5UKQC/ref=cm_cr_arp_d_rvw_ttl?ie=UTF8&ASIN=B09LRHJ516,2 people found this helpful,"Reviewed in the United States on December 5, 2023",Not big head friendly,True,,[],47,2110,245,https://www.amazon.com/product-reviews/B09LRHJ516?pageNumber=5&filterByStar=all_stars&sortBy=helpful&formatType=all_formats,allStars,,"{'price': None, 'listPrice': None}",2023-12-05,United States,,B09LRHJ516,-0.3875
27,27,5,Glass,R17BU9VF1YWOGL,https://www.amazon.com/gp/customer-reviews/R17BU9VF1YWOGL/ref=cm_cr_arp_d_rvw_ttl?ie=UTF8&ASIN=B09LRHJ516,,"Reviewed in the United States on November 15, 2023",Granddaughter likes them.,True,Style: MontanaColor: Clear,[],48,2110,245,https://www.amazon.com/product-reviews/B09LRHJ516?pageNumber=5&filterByStar=all_stars&sortBy=helpful&formatType=all_formats,allStars,,"{'price': None, 'listPrice': None}",2023-11-15,United States,,B09LRHJ516,0.4215
28,28,4,Big glasses,R3U4OE2VOYFAVO,https://www.amazon.com/gp/customer-reviews/R3U4OE2VOYFAVO/ref=cm_cr_arp_d_rvw_ttl?ie=UTF8&ASIN=B09LRHJ516,,"Reviewed in the United States on June 16, 2023","These are great and serve their purpose, they are rather large and square",True,Style: MontanaColor: Black,[],49,2110,245,https://www.amazon.com/product-reviews/B09LRHJ516?pageNumber=5&filterByStar=all_stars&sortBy=helpful&formatType=all_formats,allStars,,"{'price': None, 'listPrice': None}",2023-06-16,United States,,B09LRHJ516,0.6249
29,29,5,Nice Item,RB59WMKN7JYC4,https://www.amazon.com/gp/customer-reviews/RB59WMKN7JYC4/ref=cm_cr_arp_d_rvw_ttl?ie=UTF8&ASIN=B09LRHJ516,,"Reviewed in the United States on November 15, 2023",Nice Item,True,Style: MontanaColor: Clear,[],50,2110,245,https://www.amazon.com/product-reviews/B09LRHJ516?pageNumber=5&filterByStar=all_stars&sortBy=helpful&formatType=all_formats,allStars,,"{'price': None, 'listPrice': None}",2023-11-15,United States,,B09LRHJ516,0.4215
30,30,5,Great quality,R2L22XHCDYEHH6,https://www.amazon.com/gp/customer-reviews/R2L22XHCDYEHH6/ref=cm_cr_arp_d_rvw_ttl?ie=UTF8&ASIN=B09LRHJ516,,"Reviewed in the United States on March 10, 2024",So I bought these for work and now I can’t take them off!! I truly believe these glasses has allowed me to sleep better. Only thing is I wish they would come with the eyeglasses cloth to clean them! Otherwise great glasses!,True,Style: MontanaColor: Clear,[],11,2110,245,https://www.amazon.com/product-reviews/B09LRHJ516?pageNumber=2&filterByStar=all_stars&sortBy=helpful&formatType=all_formats,allStars,,"{'price': None, 'listPrice': None}",2024-03-10,United States,,B09LRHJ516,0.9474
31,31,5,Outstanding,R1RPA3UUZO6X43,https://www.amazon.com/gp/customer-reviews/R1RPA3UUZO6X43/ref=cm_cr_arp_d_rvw_ttl?ie=UTF8&ASIN=B09LRHJ516,,"Reviewed in the United States on April 4, 2024",Love my glasses❤️❤️❤️❤️,True,Style: MontanaColor: Clear,[],12,2110,245,https://www.amazon.com/product-reviews/B09LRHJ516?pageNumber=2&filterByStar=all_stars&sortBy=helpful&formatType=all_formats,allStars,,"{'price': None, 'listPrice': None}",2024-04-04,United States,,B09LRHJ516,0.6369
32,32,4,A good deal,R27E7TWNU8H3J1,https://www.amazon.com/gp/customer-reviews/R27E7TWNU8H3J1/ref=cm_cr_arp_d_rvw_ttl?ie=UTF8&ASIN=B09LRHJ516,,"Reviewed in the United States on March 25, 2024",i am very happy with these.,True,Style: MontanaColor: Black,[],13,2110,245,https://www.amazon.com/product-reviews/B09LRHJ516?pageNumber=2&filterByStar=all_stars&sortBy=helpful&formatType=all_formats,allStars,,"{'price': None, 'listPrice': None}",2024-03-25,United States,,B09LRHJ516,0.6115
33,33,5,Yes!,RR95JVP6T3FUM,https://www.amazon.com/gp/customer-reviews/RR95JVP6T3FUM/ref=cm_cr_arp_d_rvw_ttl?ie=UTF8&ASIN=B09LRHJ516,,"Reviewed in the United States on April 2, 2024",My daughter loves them,True,Style: MontanaColor: Clear,[],14,2110,245,https://www.amazon.com/product-reviews/B09LRHJ516?pageNumber=2&filterByStar=all_stars&sortBy=helpful&formatType=all_formats,allStars,,"{'price': None, 'listPrice': None}",2024-04-02,United States,,B09LRHJ516,0.5719
34,34,5,Muy bien,R3POBJ4INZCO83,https://www.amazon.com/gp/customer-reviews/R3POBJ4INZCO83/ref=cm_cr_arp_d_rvw_ttl?ie=UTF8&ASIN=B09LRHJ516,,"Reviewed in the United States on March 28, 2024",Execelemtes,True,Style: MontanaColor: Clear,[],15,2110,245,https://www.amazon.com/product-reviews/B09LRHJ516?pageNumber=2&filterByStar=all_stars&sortBy=helpful&formatType=all_formats,allStars,,"{'price': None, 'listPrice': None}",2024-03-28,United States,,B09LRHJ516,0.0
35,35,5,Great,R3565L0HTUZBAC,https://www.amazon.com/gp/customer-reviews/R3565L0HTUZBAC/ref=cm_cr_arp_d_rvw_ttl?ie=UTF8&ASIN=B09LRHJ516,,"Reviewed in the United States on March 24, 2024",Works great exactly as described,True,Style: MontanaColor: Black,[],16,2110,245,https://www.amazon.com/product-reviews/B09LRHJ516?pageNumber=2&filterByStar=all_stars&sortBy=helpful&formatType=all_formats,allStars,,"{'price': None, 'listPrice': None}",2024-03-24,United States,,B09LRHJ516,0.6249
36,36,5,High quality lenses,RRYG32S42A62L,https://www.amazon.com/gp/customer-reviews/RRYG32S42A62L/ref=cm_cr_arp_d_rvw_ttl?ie=UTF8&ASIN=B09LRHJ516,,"Reviewed in the United States on February 29, 2024",Previous blue light glasses purchased always had clouded lenses after a few weeks even when cleaned. These lenses have stayed clear for months since purchased. Frames are very sturdy.,True,,[],17,2110,245,https://www.amazon.com/product-reviews/B09LRHJ516?pageNumber=2&filterByStar=all_stars&sortBy=helpful&formatType=all_formats,allStars,,"{'price': None, 'listPrice': None}",2024-02-29,United States,,B09LRHJ516,0.34
37,37,5,The light is kinda like a different color,R36IS41OSD251D,https://www.amazon.com/gp/customer-reviews/R36IS41OSD251D/ref=cm_cr_arp_d_rvw_ttl?ie=UTF8&ASIN=B09LRHJ516,,"Reviewed in the United States on March 18, 2024",I love it,True,Style: MontanaColor: Clear,[],18,2110,245,https://www.amazon.com/product-reviews/B09LRHJ516?pageNumber=2&filterByStar=all_stars&sortBy=helpful&formatType=all_formats,allStars,,"{'price': None, 'listPrice': None}",2024-03-18,United States,,B09LRHJ516,0.6369
38,38,5,Works Great,R1ECBAYG2E75QP,https://www.amazon.com/gp/customer-reviews/R1ECBAYG2E75QP/ref=cm_cr_arp_d_rvw_ttl?ie=UTF8&ASIN=B09LRHJ516,3 people found this helpful,"Reviewed in the United States on February 6, 2024",These glasses work so well. I work in a school with fluorescent lighting all day long and these glasses protected my eyes from the brightness.and drying out of my eyes. They work for the computer too. The yellow tint did not bother me at all. Just keep your fingers off the lenses they do smudge quickly. The cases could have been a softer material. That hard plastic is unnecessary.,True,Style: 2 PackColor: Clear+basil Green,[],19,2110,245,https://www.amazon.com/product-reviews/B09LRHJ516?pageNumber=2&filterByStar=all_stars&sortBy=helpful&formatType=all_formats,allStars,,"{'price': None, 'listPrice': None}",2024-02-06,United States,,B09LRHJ516,0.7413
39,39,5,Comfortable Blue Light Blockers,R1LZB7H67VE5V7,https://www.amazon.com/gp/customer-reviews/R1LZB7H67VE5V7/ref=cm_cr_arp_d_rvw_ttl?ie=UTF8&ASIN=B09LRHJ516,,"Reviewed in the United States on January 28, 2024","These glasses are comfortable I've been using blue light glasses for about 2 years now but these take the cake. I could wear these for hours and they don't budge, or make my nose sore, and I wake up refreshed like it was a night that I didn't have to wear these. I'll put these on my head and forget sometimes I still have them on. Overall a great gift and great product.",True,Style: 2 PackColor: Black+clear Grey,[],20,2110,245,https://www.amazon.com/product-reviews/B09LRHJ516?pageNumber=2&filterByStar=all_stars&sortBy=helpful&formatType=all_formats,allStars,,"{'price': None, 'listPrice': None}",2024-01-28,United States,,B09LRHJ516,0.9513
40,40,5,Met expectations perfectly,R2LVYJDXNUPGA1,https://www.amazon.com/gp/customer-reviews/R2LVYJDXNUPGA1/ref=cm_cr_arp_d_rvw_ttl?ie=UTF8&ASIN=B09LRHJ516,,"Reviewed in the United States on October 30, 2023",I’m thoroughly happy with these glassws,True,Style: MontanaColor: Clear,[],51,2110,245,https://www.amazon.com/product-reviews/B09LRHJ516?pageNumber=6&filterByStar=all_stars&sortBy=helpful&formatType=all_formats,allStars,,"{'price': None, 'listPrice': None}",2023-10-30,United States,,B09LRHJ516,0.6115
41,41,5,Great Glass,RLUBM8U5NZA6A,https://www.amazon.com/gp/customer-reviews/RLUBM8U5NZA6A/ref=cm_cr_arp_d_rvw_ttl?ie=UTF8&ASIN=B09LRHJ516,,"Reviewed in the United States on November 5, 2023",Fits well and are super cute,True,Style: MontanaColor: Clear,[],52,2110,245,https://www.amazon.com/product-reviews/B09LRHJ516?pageNumber=6&filterByStar=all_stars&sortBy=helpful&formatType=all_formats,allStars,,"{'price': None, 'listPrice': None}",2023-11-05,United States,,B09LRHJ516,0.8402
42,42,4,Cute!,R39C2WIP4PQKXI,https://www.amazon.com/gp/customer-reviews/R39C2WIP4PQKXI/ref=cm_cr_arp_d_rvw_ttl?ie=UTF8&ASIN=B09LRHJ516,,"Reviewed in the United States on March 1, 2023","Cute! Kind of blocky. But I can see why others would really like this! Compared to my other blue light glasses, I wear this style less, but it does look good with some outfits. Just kind of depends! But I think they are cute.",True,,[],53,2110,245,https://www.amazon.com/product-reviews/B09LRHJ516?pageNumber=6&filterByStar=all_stars&sortBy=helpful&formatType=all_formats,allStars,,"{'price': None, 'listPrice': None}",2023-03-01,United States,,B09LRHJ516,0.9373
43,43,5,Really helps with cool the blue light,R2W1ZIR3HA7QDQ,https://www.amazon.com/gp/customer-reviews/R2W1ZIR3HA7QDQ/ref=cm_cr_arp_d_rvw_ttl?ie=UTF8&ASIN=B09LRHJ516,,"Reviewed in the United States on October 2, 2023",No case or pouch to store them in only comes with cleaning towel.,True,Style: MontanaColor: Clear,[],54,2110,245,https://www.amazon.com/product-reviews/B09LRHJ516?pageNumber=6&filterByStar=all_stars&sortBy=helpful&formatType=all_formats,allStars,,"{'price': None, 'listPrice': None}",2023-10-02,United States,,B09LRHJ516,-0.296
44,44,4,Boo,R3GH71ZUFSQ9DX,https://www.amazon.com/gp/customer-reviews/R3GH71ZUFSQ9DX/ref=cm_cr_arp_d_rvw_ttl?ie=UTF8&ASIN=B09LRHJ516,,"Reviewed in the United States on June 4, 2023",Muy sencillo por el precio me parece que está bien.,True,Style: MontanaColor: Clear,[],55,2110,245,https://www.amazon.com/product-reviews/B09LRHJ516?pageNumber=6&filterByStar=all_stars&sortBy=helpful&formatType=all_formats,allStars,,"{'price': None, 'listPrice': None}",2023-06-04,United States,,B09LRHJ516,0.0
45,45,4,Does what it’s suppose to,R1AO9QY3V6GJA4,https://www.amazon.com/gp/customer-reviews/R1AO9QY3V6GJA4/ref=cm_cr_arp_d_rvw_ttl?ie=UTF8&ASIN=B09LRHJ516,One person found this helpful,"Reviewed in the United States on May 30, 2023",There is a weird glare. But overall for the price I’m happy.,True,Style: MontanaColor: Clear,['https://m.media-amazon.com/images/I/81zmzPrk7pL._SY88.jpg'],56,2110,245,https://www.amazon.com/product-reviews/B09LRHJ516?pageNumber=6&filterByStar=all_stars&sortBy=helpful&formatType=all_formats,allStars,,"{'price': None, 'listPrice': None}",2023-05-30,United States,,B09LRHJ516,0.6908
46,46,5,Look exactly how described!,R3PB7KXRHVX4ST,https://www.amazon.com/gp/customer-reviews/R3PB7KXRHVX4ST/ref=cm_cr_arp_d_rvw_ttl?ie=UTF8&ASIN=B09LRHJ516,One person found this helpful,"Reviewed in the United States on August 12, 2023",My daughter ordered these and she loves them for doing her schoolwork on the computer! She just started homeschooling so I’m hoping these will ward off headaches from so much screen time.,True,Style: MontanaColor: Clear,['https://m.media-amazon.com/images/I/61kLyp5cOFL._SY88.jpg'],57,2110,245,https://www.amazon.com/product-reviews/B09LRHJ516?pageNumber=6&filterByStar=all_stars&sortBy=helpful&formatType=all_formats,allStars,,"{'price': None, 'listPrice': None}",2023-08-12,United States,,B09LRHJ516,0.7947
47,47,5,Great Deal,R2NUKJCJO3CBKY,https://www.amazon.com/gp/customer-reviews/R2NUKJCJO3CBKY/ref=cm_cr_arp_d_rvw_ttl?ie=UTF8&ASIN=B09LRHJ516,,"Reviewed in the United States on October 20, 2023",Helps cut glare down.,True,Style: 2 PackColor: Clear+clear Blue,[],58,2110,245,https://www.amazon.com/product-reviews/B09LRHJ516?pageNumber=6&filterByStar=all_stars&sortBy=helpful&formatType=all_formats,allStars,,"{'price': None, 'listPrice': None}",2023-10-20,United States,,B09LRHJ516,0.128
48,48,5,High quality,RRWVTBJS5SF64,https://www.amazon.com/gp/customer-reviews/RRWVTBJS5SF64/ref=cm_cr_arp_d_rvw_ttl?ie=UTF8&ASIN=B09LRHJ516,,"Reviewed in the United States on September 5, 2023",I love these glasses!  The frames are sturdy and my eyes now don’t hurt when I play my games,True,,[],59,2110,245,https://www.amazon.com/product-reviews/B09LRHJ516?pageNumber=6&filterByStar=all_stars&sortBy=helpful&formatType=all_formats,allStars,,"{'price': None, 'listPrice': None}",2023-09-05,United States,,B09LRHJ516,0.5411
49,49,4,Great for screens,R13IXSQXVFXHJU,https://www.amazon.com/gp/customer-reviews/R13IXSQXVFXHJU/ref=cm_cr_arp_d_rvw_ttl?ie=UTF8&ASIN=B09LRHJ516,One person found this helpful,"Reviewed in the United States on May 18, 2023","Nothing really bad about it, the best thing is the price",True,Style: MontanaColor: Clear,[],60,2110,245,https://www.amazon.com/product-reviews/B09LRHJ516?pageNumber=6&filterByStar=all_stars&sortBy=helpful&formatType=all_formats,allStars,,"{'price': None, 'listPrice': None}",2023-05-18,United States,,B09LRHJ516,0.8056
50,50,5,Nice,R3M0P59V9EP8SI,https://www.amazon.com/gp/customer-reviews/R3M0P59V9EP8SI/ref=cm_cr_arp_d_rvw_ttl?ie=UTF8&ASIN=B09LRHJ516,,"Reviewed in the United States on June 20, 2023","They are nice and elegant, goes with everything I wear . They also reflect the blue light wonderfully, my eyes is not so tired after work. Buying another pair soon",True,Style: MontanaColor: Clear,[],71,2110,245,https://www.amazon.com/product-reviews/B09LRHJ516?pageNumber=8&filterByStar=all_stars&sortBy=helpful&formatType=all_formats,allStars,,"{'price': None, 'listPrice': None}",2023-06-20,United States,,B09LRHJ516,0.9158
51,51,5,Good value,R1G3KCO216HC5T,https://www.amazon.com/gp/customer-reviews/R1G3KCO216HC5T/ref=cm_cr_arp_d_rvw_ttl?ie=UTF8&ASIN=B09LRHJ516,,"Reviewed in the United States on August 20, 2023",I could tell the difference between when I was and wasn’t wearing them.,True,Style: MontanaColor: Clear,[],72,2110,245,https://www.amazon.com/product-reviews/B09LRHJ516?pageNumber=8&filterByStar=all_stars&sortBy=helpful&formatType=all_formats,allStars,,"{'price': None, 'listPrice': None}",2023-08-20,United States,,B09LRHJ516,0.0
52,52,2,large frames and look more feminine,R23TDRNKLQA38L,https://www.amazon.com/gp/customer-reviews/R23TDRNKLQA38L/ref=cm_cr_arp_d_rvw_ttl?ie=UTF8&ASIN=B09LRHJ516,,"Reviewed in the United States on March 9, 2024",large frames and look more feminine not for men in my opinion,True,Style: MontanaColor: Black,[],73,2110,245,https://www.amazon.com/product-reviews/B09LRHJ516?pageNumber=8&filterByStar=all_stars&sortBy=helpful&formatType=all_formats,allStars,,"{'price': None, 'listPrice': None}",2024-03-09,United States,,B09LRHJ516,0.0
53,53,5,Montana Soil Flesh,R1EETAX0AV3Y1P,https://www.amazon.com/gp/customer-reviews/R1EETAX0AV3Y1P/ref=cm_cr_arp_d_rvw_ttl?ie=UTF8&ASIN=B09LRHJ516,,"Reviewed in the United States on July 12, 2023",The color is like a pale beige. This is exactly what I had been looking for. Big flame and it fits my face. Highly recommended.,True,,[],74,2110,245,https://www.amazon.com/product-reviews/B09LRHJ516?pageNumber=8&filterByStar=all_stars&sortBy=helpful&formatType=all_formats,allStars,,"{'price': None, 'listPrice': None}",2023-07-12,United States,,B09LRHJ516,0.5563
54,54,5,Love these glasses,R28F7YSUMN3W74,https://www.amazon.com/gp/customer-reviews/R28F7YSUMN3W74/ref=cm_cr_arp_d_rvw_ttl?ie=UTF8&ASIN=B09LRHJ516,2 people found this helpful,"Reviewed in the United States on October 16, 2023",I loved these,True,Style: MontanaColor: Clear,[],75,2110,245,https://www.amazon.com/product-reviews/B09LRHJ516?pageNumber=8&filterByStar=all_stars&sortBy=helpful&formatType=all_formats,allStars,,"{'price': None, 'listPrice': None}",2023-10-16,United States,,B09LRHJ516,0.5994
55,55,5,JUST WHAT THE DOCTOR ORDERED,R2NF73VMQ999F4,https://www.amazon.com/gp/customer-reviews/R2NF73VMQ999F4/ref=cm_cr_arp_d_rvw_ttl?ie=UTF8&ASIN=B09LRHJ516,,"Reviewed in the United States on September 12, 2023",LOVE THESE!!!!,True,Style: MontanaColor: Clear,[],76,2110,245,https://www.amazon.com/product-reviews/B09LRHJ516?pageNumber=8&filterByStar=all_stars&sortBy=helpful&formatType=all_formats,allStars,,"{'price': None, 'listPrice': None}",2023-09-12,United States,,B09LRHJ516,0.7482
56,56,2,Is it yellow - not blue,R2UOPM43UJQIYI,https://www.amazon.com/gp/customer-reviews/R2UOPM43UJQIYI/ref=cm_cr_arp_d_rvw_ttl?ie=UTF8&ASIN=B09LRHJ516,,"Reviewed in the United States on March 1, 2024",These Blue Light Blocking Glasses have a yellow tint that is not pretty.,True,Style: MontanaColor: Clear,[],77,2110,245,https://www.amazon.com/product-reviews/B09LRHJ516?pageNumber=8&filterByStar=all_stars&sortBy=helpful&formatType=all_formats,allStars,,"{'price': None, 'listPrice': None}",2024-03-01,United States,,B09LRHJ516,-0.6402
57,57,5,llego tarde pero llego,RQ2W9NZX2SKS9,https://www.amazon.com/gp/customer-reviews/RQ2W9NZX2SKS9/ref=cm_cr_arp_d_rvw_ttl?ie=UTF8&ASIN=B09LRHJ516,,"Reviewed in the United States on August 12, 2023","la entrega fue demorada, pero el producto cumple con la calidad esperada.",True,Style: MontanaColor: Clear,[],78,2110,245,https://www.amazon.com/product-reviews/B09LRHJ516?pageNumber=8&filterByStar=all_stars&sortBy=helpful&formatType=all_formats,allStars,,"{'price': None, 'listPrice': None}",2023-08-12,United States,,B09LRHJ516,0.0
58,58,5,these help so much,R3QY1T20RZ7JPY,https://www.amazon.com/gp/customer-reviews/R3QY1T20RZ7JPY/ref=cm_cr_arp_d_rvw_ttl?ie=UTF8&ASIN=B09LRHJ516,One person found this helpful,"Reviewed in the United States on July 31, 2023","very helpful with my devices the brightness was hurting my eyes, I'm older these were very affordable",True,,[],79,2110,245,https://www.amazon.com/product-reviews/B09LRHJ516?pageNumber=8&filterByStar=all_stars&sortBy=helpful&formatType=all_formats,allStars,,"{'price': None, 'listPrice': None}",2023-07-31,United States,,B09LRHJ516,0.4576
59,59,4,clear difference,R1Y3GV1FLER017,https://www.amazon.com/gp/customer-reviews/R1Y3GV1FLER017/ref=cm_cr_arp_d_rvw_ttl?ie=UTF8&ASIN=B09LRHJ516,5 people found this helpful,"Reviewed in the United States on October 30, 2022",I got these because my eyes are very sensitive to light and I like that they have a kind of “tint” to deflect the natural bright light. They’re thicker and a little heavier than I expected but overall good purchase :),True,Style: MontanaColor: Black,['https://m.media-amazon.com/images/I/61RUFbGRO9L._SY88.jpg'],80,2110,245,https://www.amazon.com/product-reviews/B09LRHJ516?pageNumber=8&filterByStar=all_stars&sortBy=helpful&formatType=all_formats,allStars,,"{'price': None, 'listPrice': None}",2022-10-30,United States,,B09LRHJ516,0.9062
60,60,5,I love these,R3763HDK1UW9GZ,https://www.amazon.com/gp/customer-reviews/R3763HDK1UW9GZ/ref=cm_cr_arp_d_rvw_ttl?ie=UTF8&ASIN=B09LRHJ516,One person found this helpful,"Reviewed in the United States on September 17, 2023",I get so many compliments . I will say they scratch easily . But other than that great buy!,True,Style: MontanaColor: Clear,['https://m.media-amazon.com/images/I/61aTd9BsB1L._SY88.jpg'],61,2110,245,https://www.amazon.com/product-reviews/B09LRHJ516?pageNumber=7&filterByStar=all_stars&sortBy=helpful&formatType=all_formats,allStars,,"{'price': None, 'listPrice': None}",2023-09-17,United States,,B09LRHJ516,0.8635
61,61,4,Nice,R3Q6QG3PMCBIHF,https://www.amazon.com/gp/customer-reviews/R3Q6QG3PMCBIHF/ref=cm_cr_arp_d_rvw_ttl?ie=UTF8&ASIN=B09LRHJ516,One person found this helpful,"Reviewed in the United States on May 16, 2023","I bought it for my husband, he loves it!",True,Style: MontanaColor: Clear,[],62,2110,245,https://www.amazon.com/product-reviews/B09LRHJ516?pageNumber=7&filterByStar=all_stars&sortBy=helpful&formatType=all_formats,allStars,,"{'price': None, 'listPrice': None}",2023-05-16,United States,,B09LRHJ516,0.6114
62,62,5,Good product for the price,R2QFXMK74NYN47,https://www.amazon.com/gp/customer-reviews/R2QFXMK74NYN47/ref=cm_cr_arp_d_rvw_ttl?ie=UTF8&ASIN=B09LRHJ516,,"Reviewed in the United States on October 12, 2023",Great product,True,Style: MontanaColor: Clear,[],63,2110,245,https://www.amazon.com/product-reviews/B09LRHJ516?pageNumber=7&filterByStar=all_stars&sortBy=helpful&formatType=all_formats,allStars,,"{'price': None, 'listPrice': None}",2023-10-12,United States,,B09LRHJ516,0.6249
63,63,4,"Cute, stylish glasses and reduced headaches",R20BTE1HUXCP97,https://www.amazon.com/gp/customer-reviews/R20BTE1HUXCP97/ref=cm_cr_arp_d_rvw_ttl?ie=UTF8&ASIN=B09LRHJ516,,"Reviewed in the United States on November 19, 2022","I love the style and shape of these glasses, but it was very huge for my face. I would say that it reduces the strain on my eye while on computer for long periods. I didn't have many headaches as I normally did. I also wear these at night when I'm on my phone in bed.",True,Style: MontanaColor: Clear,[],64,2110,245,https://www.amazon.com/product-reviews/B09LRHJ516?pageNumber=7&filterByStar=all_stars&sortBy=helpful&formatType=all_formats,allStars,,"{'price': None, 'listPrice': None}",2022-11-19,United States,,B09LRHJ516,0.6897
64,64,5,Comfortable for long periods,R66LYJPCQL1VM,https://www.amazon.com/gp/customer-reviews/R66LYJPCQL1VM/ref=cm_cr_arp_d_rvw_ttl?ie=UTF8&ASIN=B09LRHJ516,,"Reviewed in the United States on August 19, 2023",I bought these to replace a pair that my son outgrew.  He wears them consistently and says they are comfortable.,True,Style: MontanaColor: Clear,[],65,2110,245,https://www.amazon.com/product-reviews/B09LRHJ516?pageNumber=7&filterByStar=all_stars&sortBy=helpful&formatType=all_formats,allStars,,"{'price': None, 'listPrice': None}",2023-08-19,United States,,B09LRHJ516,0.5106
65,65,5,My good review,R3UXWMO83IG1WQ,https://www.amazon.com/gp/customer-reviews/R3UXWMO83IG1WQ/ref=cm_cr_arp_d_rvw_ttl?ie=UTF8&ASIN=B09LRHJ516,One person found this helpful,"Reviewed in the United States on August 26, 2023","I still have these after almost a year, still good no scratches and not even broke",True,Style: MontanaColor: Clear,[],66,2110,245,https://www.amazon.com/product-reviews/B09LRHJ516?pageNumber=7&filterByStar=all_stars&sortBy=helpful&formatType=all_formats,allStars,,"{'price': None, 'listPrice': None}",2023-08-26,United States,,B09LRHJ516,0.4153
66,66,4,Good quality but…,R2JHW5DDD8RSBO,https://www.amazon.com/gp/customer-reviews/R2JHW5DDD8RSBO/ref=cm_cr_arp_d_rvw_ttl?ie=UTF8&ASIN=B09LRHJ516,,"Reviewed in the United States on April 2, 2023",They are good quality but the lenses have a slight yellow tint.,True,Style: MontanaColor: Clear,[],67,2110,245,https://www.amazon.com/product-reviews/B09LRHJ516?pageNumber=7&filterByStar=all_stars&sortBy=helpful&formatType=all_formats,allStars,,"{'price': None, 'listPrice': None}",2023-04-02,United States,,B09LRHJ516,0.2382
67,67,5,Safety glasses for lapidary!,R1SJ6SL75VT2TW,https://www.amazon.com/gp/customer-reviews/R1SJ6SL75VT2TW/ref=cm_cr_arp_d_rvw_ttl?ie=UTF8&ASIN=B09LRHJ516,2 people found this helpful,"Reviewed in the United States on May 13, 2023","I hate the huge wrap around safety glasses so I wanted to try these out. I was skeptical but they were actually bigger than expected which worked out perfectly. I use them everyday on my stone work and they wipe clean, no scratches!",True,Style: MontanaColor: Clear,['https://m.media-amazon.com/images/I/817h8dJMgEL._SY88.jpg'],68,2110,245,https://www.amazon.com/product-reviews/B09LRHJ516?pageNumber=7&filterByStar=all_stars&sortBy=helpful&formatType=all_formats,allStars,,"{'price': None, 'listPrice': None}",2023-05-13,United States,,B09LRHJ516,0.8122
68,68,5,Good quality,R2BGWFIZQGHFOX,https://www.amazon.com/gp/customer-reviews/R2BGWFIZQGHFOX/ref=cm_cr_arp_d_rvw_ttl?ie=UTF8&ASIN=B09LRHJ516,,"Reviewed in the United States on August 28, 2023",Glasses are good quality and look really nice on,True,Style: MontanaColor: Clear,[],69,2110,245,https://www.amazon.com/product-reviews/B09LRHJ516?pageNumber=7&filterByStar=all_stars&sortBy=helpful&formatType=all_formats,allStars,,"{'price': None, 'listPrice': None}",2023-08-28,United States,,B09LRHJ516,0.7178
69,69,5,Love the Fit,RFEHW1L20HO5I,https://www.amazon.com/gp/customer-reviews/RFEHW1L20HO5I/ref=cm_cr_arp_d_rvw_ttl?ie=UTF8&ASIN=B09LRHJ516,,"Reviewed in the United States on August 29, 2023",They fit perfectly. I love the big frames,True,Style: MontanaColor: Clear,[],70,2110,245,https://www.amazon.com/product-reviews/B09LRHJ516?pageNumber=7&filterByStar=all_stars&sortBy=helpful&formatType=all_formats,allStars,,"{'price': None, 'listPrice': None}",2023-08-29,United States,,B09LRHJ516,0.8979
70,70,5,Rapido,RBH4WVK7VM521,https://www.amazon.com/gp/customer-reviews/RBH4WVK7VM521/ref=cm_cr_arp_d_rvw_ttl?ie=UTF8&ASIN=B09LRHJ516,,"Reviewed in the United States on February 28, 2024",Es el mismo artículo que se muestra en la imagen,True,Style: 2 PackColor: Clear+clear Red,[],21,2110,245,https://www.amazon.com/product-reviews/B09LRHJ516?pageNumber=3&filterByStar=all_stars&sortBy=helpful&formatType=all_formats,allStars,,"{'price': None, 'listPrice': None}",2024-02-28,United States,,B09LRHJ516,0.0
71,71,5,Fashionable,RC7SG7D5U9ETZ,https://www.amazon.com/gp/customer-reviews/RC7SG7D5U9ETZ/ref=cm_cr_arp_d_rvw_ttl?ie=UTF8&ASIN=B09LRHJ516,,"Reviewed in the United States on February 20, 2024",If you need eyewear to block out the office and computer lights these are it!,True,Style: MontanaColor: Clear,[],22,2110,245,https://www.amazon.com/product-reviews/B09LRHJ516?pageNumber=3&filterByStar=all_stars&sortBy=helpful&formatType=all_formats,allStars,,"{'price': None, 'listPrice': None}",2024-02-20,United States,,B09LRHJ516,-0.4926
72,72,5,Perfect fit,RGLE0Z238431C,https://www.amazon.com/gp/customer-reviews/RGLE0Z238431C/ref=cm_cr_arp_d_rvw_ttl?ie=UTF8&ASIN=B09LRHJ516,,"Reviewed in the United States on February 22, 2024",Fit was great would look good on anyone,True,Style: MontanaColor: Clear,[],23,2110,245,https://www.amazon.com/product-reviews/B09LRHJ516?pageNumber=3&filterByStar=all_stars&sortBy=helpful&formatType=all_formats,allStars,,"{'price': None, 'listPrice': None}",2024-02-22,United States,,B09LRHJ516,0.8591
73,73,4,Very good for the price,RYBTKBCAR8OR4,https://www.amazon.com/gp/customer-reviews/RYBTKBCAR8OR4/ref=cm_cr_arp_d_rvw_ttl?ie=UTF8&ASIN=B09LRHJ516,3 people found this helpful,"Reviewed in the United States on September 28, 2023","I really like these glasses. I am a CS major and spend a lot of time in front of a computer, so I decided I needed something to protect my eyes (and I love the way these clear glass styles look). They came packaged in a nice yellow plastic see-through container that is sturdy enough to store them in. They also came with a wiping cloth and manual for use-cases. I was surprised I even got a cloth for the price of these glasses, but they also were just great quality. Picking them up, you can feel that they are sturdier than others and I am overall just very impressed. The only issue is that they seem to be a little large on my face personally, but that is not a universal issue, just something to watch out for before ordering.",True,Style: MontanaColor: Clear,[],24,2110,245,https://www.amazon.com/product-reviews/B09LRHJ516?pageNumber=3&filterByStar=all_stars&sortBy=helpful&formatType=all_formats,allStars,,"{'price': None, 'listPrice': None}",2023-09-28,United States,,B09LRHJ516,0.9622
74,74,5,Does the job.,R1R7SYQ30SD4Q6,https://www.amazon.com/gp/customer-reviews/R1R7SYQ30SD4Q6/ref=cm_cr_arp_d_rvw_ttl?ie=UTF8&ASIN=B09LRHJ516,,"Reviewed in the United States on February 19, 2024",Just what my son wanted.,True,Style: MontanaColor: Clear,[],25,2110,245,https://www.amazon.com/product-reviews/B09LRHJ516?pageNumber=3&filterByStar=all_stars&sortBy=helpful&formatType=all_formats,allStars,,"{'price': None, 'listPrice': None}",2024-02-19,United States,,B09LRHJ516,0.0
75,75,3,Color not as expected,R1IGHAUQSXRUHK,https://www.amazon.com/gp/customer-reviews/R1IGHAUQSXRUHK/ref=cm_cr_arp_d_rvw_ttl?ie=UTF8&ASIN=B09LRHJ516,,"Reviewed in the United States on April 4, 2024",Based on the pictures I expected it to be a brighter kelly green color. This is pretty dark. The color is half the reason I chose these glasses over a competitor 🙃,True,Style: 2 PackColor: Clear+basil Green,['https://m.media-amazon.com/images/I/51XFrFAuJvL._SY88.jpg'],26,2110,245,https://www.amazon.com/product-reviews/B09LRHJ516?pageNumber=3&filterByStar=all_stars&sortBy=helpful&formatType=all_formats,allStars,,"{'price': None, 'listPrice': None}",2024-04-04,United States,,B09LRHJ516,0.7003
76,76,5,Works well,R2MZGM9YH6JJAR,https://www.amazon.com/gp/customer-reviews/R2MZGM9YH6JJAR/ref=cm_cr_arp_d_rvw_ttl?ie=UTF8&ASIN=B09LRHJ516,,"Reviewed in the United States on February 7, 2024","It works very well i ise it everyday since i got it, thank you so much",True,Style: MontanaColor: Clear,[],27,2110,245,https://www.amazon.com/product-reviews/B09LRHJ516?pageNumber=3&filterByStar=all_stars&sortBy=helpful&formatType=all_formats,allStars,,"{'price': None, 'listPrice': None}",2024-02-07,United States,,B09LRHJ516,0.5984
77,77,5,Life Changer,R3CGYBW77GJXLN,https://www.amazon.com/gp/customer-reviews/R3CGYBW77GJXLN/ref=cm_cr_arp_d_rvw_ttl?ie=UTF8&ASIN=B09LRHJ516,3 people found this helpful,"Reviewed in the United States on November 11, 2023","I work from home and i'm  always on my computer/ phone/ tablet. My Eyes got so bad  with pain and feeling extremely heavy, I undergone 3 eye surgeries only for the systems to return. My mother advised I purchase blue light blocker glasses. I just knew it was going to be a waste of money and time  but I Purchased them anyway with hope. BABYYYYYY this was the best purchase I have made ever. Been using them for 3 months now and My eyes feels soooooo good. I just brought a pair for my kids to protect there eyes. I highly recommend to everyone of all ages",True,,[],28,2110,245,https://www.amazon.com/product-reviews/B09LRHJ516?pageNumber=3&filterByStar=all_stars&sortBy=helpful&formatType=all_formats,allStars,,"{'price': None, 'listPrice': None}",2023-11-11,United States,,B09LRHJ516,0.951
78,78,4,Cute BUT Cheaply Made,RRDZL7DM32OC6,https://www.amazon.com/gp/customer-reviews/RRDZL7DM32OC6/ref=cm_cr_arp_d_rvw_ttl?ie=UTF8&ASIN=B09LRHJ516,One person found this helpful,"Reviewed in the United States on October 30, 2023","I've had these glasses for almost a year and they suddenly broke on me. These are very affordable and work well but if you are looking for a longer lasting wear, I suggest you find another pair.",True,Style: MontanaColor: Clear,[],29,2110,245,https://www.amazon.com/product-reviews/B09LRHJ516?pageNumber=3&filterByStar=all_stars&sortBy=helpful&formatType=all_formats,allStars,,"{'price': None, 'listPrice': None}",2023-10-30,United States,,B09LRHJ516,-0.09
79,79,5,Great glasses!,R2TKFX2MO57I2B,https://www.amazon.com/gp/customer-reviews/R2TKFX2MO57I2B/ref=cm_cr_arp_d_rvw_ttl?ie=UTF8&ASIN=B09LRHJ516,2 people found this helpful,"Reviewed in the United States on November 13, 2023","The color was good, I bought the clear and black set of 2. The quality is good, seems like it can take a fall. It fit my face almost perfect, not too big or small. It’s really neat and professional looking. Additionally,  the blue light tint really helps when I’m reading because I’m behind a screen most times at work or otherwise, reading mostly.The only thing I was disappointed with is the case, could’ve been better but that’s what you get for the price.",True,Style: 2 PackColor: Black+clear,[],30,2110,245,https://www.amazon.com/product-reviews/B09LRHJ516?pageNumber=3&filterByStar=all_stars&sortBy=helpful&formatType=all_formats,allStars,,"{'price': None, 'listPrice': None}",2023-11-13,United States,,B09LRHJ516,0.8859
80,80,5,Great buy,RYSTTEEXQ7Q6,https://www.amazon.com/gp/customer-reviews/RYSTTEEXQ7Q6/ref=cm_cr_arp_d_rvw_ttl?ie=UTF8&ASIN=B09LRHJ516,,"Reviewed in the United States on January 21, 2024",They work great to block the blue light. Has helped the eyes.,True,Style: MontanaColor: Clear,[],31,2110,245,https://www.amazon.com/product-reviews/B09LRHJ516?pageNumber=4&filterByStar=all_stars&sortBy=helpful&formatType=all_formats,allStars,,"{'price': None, 'listPrice': None}",2024-01-21,United States,,B09LRHJ516,0.296
81,81,4,Buenos,R140YRZ49MP4YI,https://www.amazon.com/gp/customer-reviews/R140YRZ49MP4YI/ref=cm_cr_arp_d_rvw_ttl?ie=UTF8&ASIN=B09LRHJ516,One person found this helpful,"Reviewed in the United States on November 6, 2023",Los use porque me lastimaba mucho la luz y pues me ayudaron,True,Style: MontanaColor: Clear,[],32,2110,245,https://www.amazon.com/product-reviews/B09LRHJ516?pageNumber=4&filterByStar=all_stars&sortBy=helpful&formatType=all_formats,allStars,,"{'price': None, 'listPrice': None}",2023-11-06,United States,,B09LRHJ516,0.0
82,82,3,Don’t work for me.,R2UVFEU2ZMUQ7K,https://www.amazon.com/gp/customer-reviews/R2UVFEU2ZMUQ7K/ref=cm_cr_arp_d_rvw_ttl?ie=UTF8&ASIN=B09LRHJ516,,"Reviewed in the United States on February 4, 2024","I thought I was getting 2.5 correction as well as blue light filter, but I can’t see with them alone. I have to wear them over my prescription eyeglasses and that is awkward so I have not been wearing them.",True,Style: 2 PackColor: Clear+clear Red,[],33,2110,245,https://www.amazon.com/product-reviews/B09LRHJ516?pageNumber=4&filterByStar=all_stars&sortBy=helpful&formatType=all_formats,allStars,,"{'price': None, 'listPrice': None}",2024-02-04,United States,,B09LRHJ516,-0.431
83,83,5,Just as expected,RLHB7JPZ96MY1,https://www.amazon.com/gp/customer-reviews/RLHB7JPZ96MY1/ref=cm_cr_arp_d_rvw_ttl?ie=UTF8&ASIN=B09LRHJ516,,"Reviewed in the United States on January 20, 2024",Glasses were perfect!,True,Style: MontanaColor: Clear,[],34,2110,245,https://www.amazon.com/product-reviews/B09LRHJ516?pageNumber=4&filterByStar=all_stars&sortBy=helpful&formatType=all_formats,allStars,,"{'price': None, 'listPrice': None}",2024-01-20,United States,,B09LRHJ516,0.6114
84,84,5,Great glasses!,RQPR9LUTETB18,https://www.amazon.com/gp/customer-reviews/RQPR9LUTETB18/ref=cm_cr_arp_d_rvw_ttl?ie=UTF8&ASIN=B09LRHJ516,,"Reviewed in the United States on January 14, 2024",Writing papers on a computer screen. Takesaware the glare!,True,Style: MontanaColor: Clear,[],35,2110,245,https://www.amazon.com/product-reviews/B09LRHJ516?pageNumber=4&filterByStar=all_stars&sortBy=helpful&formatType=all_formats,allStars,,"{'price': None, 'listPrice': None}",2024-01-14,United States,,B09LRHJ516,0.0
85,85,4,cute glassess,RTSY8IJ9CC0W0,https://www.amazon.com/gp/customer-reviews/RTSY8IJ9CC0W0/ref=cm_cr_arp_d_rvw_ttl?ie=UTF8&ASIN=B09LRHJ516,One person found this helpful,"Reviewed in the United States on September 19, 2023","pretty and classy like glasses , great for dining light !",True,Style: MontanaColor: Clear,[],36,2110,245,https://www.amazon.com/product-reviews/B09LRHJ516?pageNumber=4&filterByStar=all_stars&sortBy=helpful&formatType=all_formats,allStars,,"{'price': None, 'listPrice': None}",2023-09-19,United States,,B09LRHJ516,0.9184
86,86,5,Perfect,R3IZ21ULAPNN8X,https://www.amazon.com/gp/customer-reviews/R3IZ21ULAPNN8X/ref=cm_cr_arp_d_rvw_ttl?ie=UTF8&ASIN=B09LRHJ516,,"Reviewed in the United States on December 13, 2023",My daughter wears contacts but she feels more comfortable in her glasses. These are perfect and match everything.,True,Style: MontanaColor: Clear,[],37,2110,245,https://www.amazon.com/product-reviews/B09LRHJ516?pageNumber=4&filterByStar=all_stars&sortBy=helpful&formatType=all_formats,allStars,,"{'price': None, 'listPrice': None}",2023-12-13,United States,,B09LRHJ516,0.8988
87,87,5,Love these 😎,R13251PAXWX1TW,https://www.amazon.com/gp/customer-reviews/R13251PAXWX1TW/ref=cm_cr_arp_d_rvw_ttl?ie=UTF8&ASIN=B09LRHJ516,,"Reviewed in the United States on December 10, 2023",Got so many compliments with my glasses and they made my outfit so cute. These glasses was a vibe 💕,True,Style: MontanaColor: Clear,[],38,2110,245,https://www.amazon.com/product-reviews/B09LRHJ516?pageNumber=4&filterByStar=all_stars&sortBy=helpful&formatType=all_formats,allStars,,"{'price': None, 'listPrice': None}",2023-12-10,United States,,B09LRHJ516,0.7811
88,88,5,No headache my caregiver is a student and wears contact she uses all the time and for tv.,R368SL1VNWQZ9U,https://www.amazon.com/gp/customer-reviews/R368SL1VNWQZ9U/ref=cm_cr_arp_d_rvw_ttl?ie=UTF8&ASIN=B09LRHJ516,,"Reviewed in the United States on December 31, 2023",Nothing,True,Style: MontanaColor: Clear,[],39,2110,245,https://www.amazon.com/product-reviews/B09LRHJ516?pageNumber=4&filterByStar=all_stars&sortBy=helpful&formatType=all_formats,allStars,,"{'price': None, 'listPrice': None}",2023-12-31,United States,,B09LRHJ516,0.0
89,89,4,Good purchase,R13JM24G5JJ0XT,https://www.amazon.com/gp/customer-reviews/R13JM24G5JJ0XT/ref=cm_cr_arp_d_rvw_ttl?ie=UTF8&ASIN=B09LRHJ516,,"Reviewed in the United States on August 17, 2023",They look stylish and do the job,True,Style: MontanaColor: Clear,[],40,2110,245,https://www.amazon.com/product-reviews/B09LRHJ516?pageNumber=4&filterByStar=all_stars&sortBy=helpful&formatType=all_formats,allStars,,"{'price': None, 'listPrice': None}",2023-08-17,United States,,B09LRHJ516,0.0
