,Unnamed: 0,ratingScore,reviewTitle,reviewId,reviewUrl,reviewReaction,reviewedIn,reviewDescription,isVerified,variant,reviewImages,position,totalCategoryRatings,totalCategoryReviews,reviewCategoryUrl,filterByRating,filterByKeyword,product,date,country,countryCode,productAsin,sentiment_score
0,0,5,A confusing amount of compliments,R3P3ZWXXGOBHOR,https://www.amazon.com/gp/customer-reviews/R3P3ZWXXGOBHOR/ref=cm_cr_arp_d_rvw_ttl?ie=UTF8&ASIN=B09NZJYH4D,4 people found this helpful,"Reviewed in the United States on January 27, 2024","At first, I thought these readers were ridiculous. They're so large and bulky and I thought overwhelmed my face (I am a petite middle aged woman). But. Every time (and I do mean nearly every single time) I wear these, whether it's a zoom meeting or out running errands, people compliment them! It's gotten to the point I suspect the glasses are actually as ridiculous as I thought they were, and folks are just scrambling for something to say when caught staring at me. But my Gen Z coworkers assure me that they are in fact trendy and super cute.Skepticism and cynicism aside though, I've had them almost a year and they've held up great. They're comfortable, the lenses are of surprising quality and easy to clean, and the blue light filter really helps. Also, they help me with driving at night.So whether they're as fashionable as everyone assures me, they're exceedingly functional-- particularly for the price. And that's really all I needed anyway.",True,Color: Black&leopard&grey LeopardMagnification Strength: 1.0 x,[],1,1937,344,https://www.amazon.com/product-reviews/B09NZJYH4D?pageNumber=1&filterByStar=all_stars&sortBy=helpful&formatType=all_formats,allStars,,"{'price': None, 'listPrice': None}",2024-01-27,United States,,B09NZJYH4D,0.9883
1,1,5,Great readers!,R335W3Q7EUERMH,https://www.amazon.com/gp/customer-reviews/R335W3Q7EUERMH/ref=cm_cr_arp_d_rvw_ttl?ie=UTF8&ASIN=B09NZJYH4D,,"Reviewed in the United States on March 11, 2024",Great value for the money. Very stylish,True,Color: Black&leopard&grey LeopardMagnification Strength: 1.0 x,[],2,1937,344,https://www.amazon.com/product-reviews/B09NZJYH4D?pageNumber=1&filterByStar=all_stars&sortBy=helpful&formatType=all_formats,allStars,,"{'price': None, 'listPrice': None}",2024-03-11,United States,,B09NZJYH4D,0.7579
2,2,5,Fashionable and quality,R2WVT3VNW3BUD2,https://www.amazon.com/gp/customer-reviews/R2WVT3VNW3BUD2/ref=cm_cr_arp_d_rvw_ttl?ie=UTF8&ASIN=B09NZJYH4D,One person found this helpful,"Reviewed in the United States on January 30, 2024","This is my second time ordering these glasses.  I get so many compliments when I wear them, so  I have given away my first order. This order is for me! Great buy.",True,Color: Black&leopard&grey LeopardMagnification Strength: 2.25 x,[],3,1937,344,https://www.amazon.com/product-reviews/B09NZJYH4D?pageNumber=1&filterByStar=all_stars&sortBy=helpful&formatType=all_formats,allStars,,"{'price': None, 'listPrice': None}",2024-01-30,United States,,B09NZJYH4D,0.8111
3,3,4,Stylish,R2LA5UBNJAKOOR,https://www.amazon.com/gp/customer-reviews/R2LA5UBNJAKOOR/ref=cm_cr_arp_d_rvw_ttl?ie=UTF8&ASIN=B09NZJYH4D,,"Reviewed in the United States on March 13, 2024","I loved these readers, they are very stylish and great for work. I bought them for my friends and family. We have all received so many compliments on them.",True,Color: Black&leopard&grey LeopardMagnification Strength: 2.0 x,[],4,1937,344,https://www.amazon.com/product-reviews/B09NZJYH4D?pageNumber=1&filterByStar=all_stars&sortBy=helpful&formatType=all_formats,allStars,,"{'price': None, 'listPrice': None}",2024-03-13,United States,,B09NZJYH4D,0.9365
4,4,5,Durable and stylish,RT3HI0HE20T6N,https://www.amazon.com/gp/customer-reviews/RT3HI0HE20T6N/ref=cm_cr_arp_d_rvw_ttl?ie=UTF8&ASIN=B09NZJYH4D,One person found this helpful,"Reviewed in the United States on December 28, 2023","This is my 4th set of these reading glasses, I keep some at work, in various rooms etc. they are sturdy, light weight, stylish and work great.  Even my husband prefers over the ones he has tried.  Great price for quality.",True,Color: Black&leopard&grey LeopardMagnification Strength: 1.5 x,[],5,1937,344,https://www.amazon.com/product-reviews/B09NZJYH4D?pageNumber=1&filterByStar=all_stars&sortBy=helpful&formatType=all_formats,allStars,,"{'price': None, 'listPrice': None}",2023-12-28,United States,,B09NZJYH4D,0.8481
5,5,5,Good quality,RH2VRNPTNYKUG,https://www.amazon.com/gp/customer-reviews/RH2VRNPTNYKUG/ref=cm_cr_arp_d_rvw_ttl?ie=UTF8&ASIN=B09NZJYH4D,,"Reviewed in the United States on February 23, 2024",I like the style and the quality of these reading glasses.,True,Color: Black&leopard&grey LeopardMagnification Strength: 3.0 x,[],6,1937,344,https://www.amazon.com/product-reviews/B09NZJYH4D?pageNumber=1&filterByStar=all_stars&sortBy=helpful&formatType=all_formats,allStars,,"{'price': None, 'listPrice': None}",2024-02-23,United States,,B09NZJYH4D,0.3612
6,6,3,They all broke quickly,R2739NXO2UE9S4,https://www.amazon.com/gp/customer-reviews/R2739NXO2UE9S4/ref=cm_cr_arp_d_rvw_ttl?ie=UTF8&ASIN=B09NZJYH4D,2 people found this helpful,"Reviewed in the United States on October 4, 2023","I ordered a three-pack of these glasses. I will say that they look gorgeous, fit comfortably, and are fairly wide, which I personally like. However, I ordered these glasses in July 2023, and here it is Oct 2023, and all three pair have broken, and all have broken in the exact same place (at the screw joint).On each pair, the small section where the screw is have broken off so there's no way to repair it.  On one of the pairs, the joint broke the first time I used it, and was wearing them when they broke. The other two, I may have worn four times each when they broke. I should add that I don't harshly handle them, nor do I have them hanging on a chain or anything like that around my neck. When I take them off, I close them, put them in their case, and leave them on my desk.It's sad because I really do like them, but they are entirely too fragile at the screw joint!",True,Color: Black&violet Leopard&y LeopardMagnification Strength: 0.0 x,[],7,1937,344,https://www.amazon.com/product-reviews/B09NZJYH4D?pageNumber=1&filterByStar=all_stars&sortBy=helpful&formatType=all_formats,allStars,,"{'price': None, 'listPrice': None}",2023-10-04,United States,,B09NZJYH4D,-0.7376
7,7,5,Great reading glasses bargain!,R1KVS1393KSSVU,https://www.amazon.com/gp/customer-reviews/R1KVS1393KSSVU/ref=cm_cr_arp_d_rvw_ttl?ie=UTF8&ASIN=B09NZJYH4D,,"Reviewed in the United States on September 28, 2023","This was a great buy! I've been looking for oversized readers for a while and prices varied. I was pleasantly surprised when I received this 3pack. Contemporary, great quality, great fit, carrying case included. I have one in my purse, one in the tv room and one in my office.",True,Color: Black&leopard&grey LeopardMagnification Strength: 1.5 x,[],8,1937,344,https://www.amazon.com/product-reviews/B09NZJYH4D?pageNumber=1&filterByStar=all_stars&sortBy=helpful&formatType=all_formats,allStars,,"{'price': None, 'listPrice': None}",2023-09-28,United States,,B09NZJYH4D,0.9642
8,8,4,Very large,R313P6E3ZL9P21,https://www.amazon.com/gp/customer-reviews/R313P6E3ZL9P21/ref=cm_cr_arp_d_rvw_ttl?ie=UTF8&ASIN=B09NZJYH4D,,"Reviewed in the United States on April 5, 2024",Arrived quickly. Nice glasses. A little big for my face but I will keep them. The black ones seem huge. The other two tortoise-shell ones r good. I scatter them around so one is within easy reach. Good buy.,True,Color: Black&leopard&grey LeopardMagnification Strength: 2.5 x,[],9,1937,344,https://www.amazon.com/product-reviews/B09NZJYH4D?pageNumber=1&filterByStar=all_stars&sortBy=helpful&formatType=all_formats,allStars,,"{'price': None, 'listPrice': None}",2024-04-05,United States,,B09NZJYH4D,0.9481
9,9,5,I LOVE THE DESIGN,R2BKR824SEE2OT,https://www.amazon.com/gp/customer-reviews/R2BKR824SEE2OT/ref=cm_cr_arp_d_rvw_ttl?ie=UTF8&ASIN=B09NZJYH4D,,"Reviewed in the United States on April 4, 2024","Everyone loves them but I love them more.  The shape, the colors, the fit, the design...I LOVE THEM",True,Color: 6mix-c1Magnification Strength: 1.75 x,[],10,1937,344,https://www.amazon.com/product-reviews/B09NZJYH4D?pageNumber=1&filterByStar=all_stars&sortBy=helpful&formatType=all_formats,allStars,,"{'price': None, 'listPrice': None}",2024-04-04,United States,,B09NZJYH4D,0.9652
10,10,5,SOOO cute,R2NAT4TM70NWGP,https://www.amazon.com/gp/customer-reviews/R2NAT4TM70NWGP/ref=cm_cr_arp_d_rvw_ttl?ie=UTF8&ASIN=B09NZJYH4D,,"Reviewed in the United States on October 23, 2023","I love the size of these glasses and how many come for the price. They all come with their little carrying case, which I love!!!",True,Color: 6mix-c1Magnification Strength: 2.0 x,[],51,1937,344,https://www.amazon.com/product-reviews/B09NZJYH4D?pageNumber=6&filterByStar=all_stars&sortBy=helpful&formatType=all_formats,allStars,,"{'price': None, 'listPrice': None}",2023-10-23,United States,,B09NZJYH4D,0.8827
11,11,5,Function with fashion,R26E02GHCODM63,https://www.amazon.com/gp/customer-reviews/R26E02GHCODM63/ref=cm_cr_arp_d_rvw_ttl?ie=UTF8&ASIN=B09NZJYH4D,,"Reviewed in the United States on October 21, 2023",I get so many compliments when I put my readers on. I will definitely purchase more of these. They do exactly what they’re supposed to do while making me look fashionable!,True,Color: Black&violet Leopard&y LeopardMagnification Strength: 1.75 x,[],52,1937,344,https://www.amazon.com/product-reviews/B09NZJYH4D?pageNumber=6&filterByStar=all_stars&sortBy=helpful&formatType=all_formats,allStars,,"{'price': None, 'listPrice': None}",2023-10-21,United States,,B09NZJYH4D,0.7158
12,12,5,"Stylish, but comfortable",R102Y46E3Y6GAF,https://www.amazon.com/gp/customer-reviews/R102Y46E3Y6GAF/ref=cm_cr_arp_d_rvw_ttl?ie=UTF8&ASIN=B09NZJYH4D,,"Reviewed in the United States on October 9, 2023","These are easy to throw on in the evening to read. They are stylish enough that I don’t feel frumpy in my reading glasses, but they actually magnify just enough to prevent eye strain.",True,Color: Black&leopard&grey LeopardMagnification Strength: 1.0 x,[],53,1937,344,https://www.amazon.com/product-reviews/B09NZJYH4D?pageNumber=6&filterByStar=all_stars&sortBy=helpful&formatType=all_formats,allStars,,"{'price': None, 'listPrice': None}",2023-10-09,United States,,B09NZJYH4D,0.0927
13,13,4,Fashionable attractive affordable and good reader vision.,R34W4FGSAOL9TW,https://www.amazon.com/gp/customer-reviews/R34W4FGSAOL9TW/ref=cm_cr_arp_d_rvw_ttl?ie=UTF8&ASIN=B09NZJYH4D,One person found this helpful,"Reviewed in the United States on January 28, 2023",I love these.  Tortoise look is so attractive.I don’t like the blue looking lens reflection though. I buy these for readers and not for blue light reasons. But they come with that blue light feature and look though. And I prefer no blue reflection.  But I do love the tortoise look!  Especially the grey pair.  Everyone complimented them!  Nice frame size too.  Fashionably larger frame but not too big.  Just right sized.,True,Color: Black&leopard&grey LeopardMagnification Strength: 1.75 x,[],54,1937,344,https://www.amazon.com/product-reviews/B09NZJYH4D?pageNumber=6&filterByStar=all_stars&sortBy=helpful&formatType=all_formats,allStars,,"{'price': None, 'listPrice': None}",2023-01-28,United States,,B09NZJYH4D,0.953
14,14,3,Cheaper looking in person,RS3V7XNHKMROO,https://www.amazon.com/gp/customer-reviews/RS3V7XNHKMROO/ref=cm_cr_arp_d_rvw_ttl?ie=UTF8&ASIN=B09NZJYH4D,,"Reviewed in the United States on October 21, 2023",Style is nice. Price is great. Like the variety of colors. However the glasses look cheap. The plastic is thick. Red ones lol more like pink. They get the job done but would have preferred a more,True,Color: Yellow Sunset&blue Sunset&pink SunsetMagnification Strength: 1.75 x,[],55,1937,344,https://www.amazon.com/product-reviews/B09NZJYH4D?pageNumber=6&filterByStar=all_stars&sortBy=helpful&formatType=all_formats,allStars,,"{'price': None, 'listPrice': None}",2023-10-21,United States,,B09NZJYH4D,0.7904
15,15,4,Almost perfect,R1665PZQXKENSG,https://www.amazon.com/gp/customer-reviews/R1665PZQXKENSG/ref=cm_cr_arp_d_rvw_ttl?ie=UTF8&ASIN=B09NZJYH4D,One person found this helpful,"Reviewed in the United States on January 13, 2023","I like everything about these glasses: the price, the fit, the color, the style. I took one star off because the anti-blue light lenses cast a weird yellowish shadow on the skin beneath my glasses. I also bought a pair of Peepers brand glasses on the same order (much higher cost) and don’t get that weird yellowish tint. I’ll keep these because they are a hella good deal, but will probably just wear them at home",True,Color: Yellow Sunset&blue Sunset&pink SunsetMagnification Strength: 1.25 x,[],56,1937,344,https://www.amazon.com/product-reviews/B09NZJYH4D?pageNumber=6&filterByStar=all_stars&sortBy=helpful&formatType=all_formats,allStars,,"{'price': None, 'listPrice': None}",2023-01-13,United States,,B09NZJYH4D,0.4398
16,16,5,Beautiful Colorful glasses!,R368G9Y6X9XA8H,https://www.amazon.com/gp/customer-reviews/R368G9Y6X9XA8H/ref=cm_cr_arp_d_rvw_ttl?ie=UTF8&ASIN=B09NZJYH4D,,"Reviewed in the United States on November 14, 2023",Which they were a tad larger but the matching cover case it perfection. YAY,True,Color: 6mix-c1Magnification Strength: 2.75 x,[],57,1937,344,https://www.amazon.com/product-reviews/B09NZJYH4D?pageNumber=6&filterByStar=all_stars&sortBy=helpful&formatType=all_formats,allStars,,"{'price': None, 'listPrice': None}",2023-11-14,United States,,B09NZJYH4D,0.9144
17,17,5,Love these!,RJX9TAK6UTEG7,https://www.amazon.com/gp/customer-reviews/RJX9TAK6UTEG7/ref=cm_cr_arp_d_rvw_ttl?ie=UTF8&ASIN=B09NZJYH4D,,"Reviewed in the United States on December 4, 2023",Super cute!,True,Color: Black&leopard&grey LeopardMagnification Strength: 1.0 x,[],58,1937,344,https://www.amazon.com/product-reviews/B09NZJYH4D?pageNumber=6&filterByStar=all_stars&sortBy=helpful&formatType=all_formats,allStars,,"{'price': None, 'listPrice': None}",2023-12-04,United States,,B09NZJYH4D,0.8016
18,18,5,Fashionable,R1BTW4WMLFI2M0,https://www.amazon.com/gp/customer-reviews/R1BTW4WMLFI2M0/ref=cm_cr_arp_d_rvw_ttl?ie=UTF8&ASIN=B09NZJYH4D,,"Reviewed in the United States on November 6, 2023",The fit is great and they help with the glare on the computer screens.,True,Color: Black&leopard&grey LeopardMagnification Strength: 1.25 x,[],59,1937,344,https://www.amazon.com/product-reviews/B09NZJYH4D?pageNumber=6&filterByStar=all_stars&sortBy=helpful&formatType=all_formats,allStars,,"{'price': None, 'listPrice': None}",2023-11-06,United States,,B09NZJYH4D,0.8519
19,19,4,Blue tint,R3BI6FUSNGAT3X,https://www.amazon.com/gp/customer-reviews/R3BI6FUSNGAT3X/ref=cm_cr_arp_d_rvw_ttl?ie=UTF8&ASIN=B09NZJYH4D,,"Reviewed in the United States on June 25, 2023","The glassware great, especially for this price.  You can see the blue tint at certain angles",True,Color: Black&leopard&grey LeopardMagnification Strength: 1.75 x,[],60,1937,344,https://www.amazon.com/product-reviews/B09NZJYH4D?pageNumber=6&filterByStar=all_stars&sortBy=helpful&formatType=all_formats,allStars,,"{'price': None, 'listPrice': None}",2023-06-25,United States,,B09NZJYH4D,0.7351
20,20,5,Quality product,R3IS3HJ7RAHEVP,https://www.amazon.com/gp/customer-reviews/R3IS3HJ7RAHEVP/ref=cm_cr_arp_d_rvw_ttl?ie=UTF8&ASIN=B09NZJYH4D,,"Reviewed in the United States on October 29, 2023",The quality is fantastic. Colors were very vibrant and there was no scratches or issues. Fits comfortably.,True,Color: Black&leopard&grey LeopardMagnification Strength: 1.25 x,[],61,1937,344,https://www.amazon.com/product-reviews/B09NZJYH4D?pageNumber=7&filterByStar=all_stars&sortBy=helpful&formatType=all_formats,allStars,,"{'price': None, 'listPrice': None}",2023-10-29,United States,,B09NZJYH4D,0.8357
21,21,3,Ok,R1A3LKEUWOWHQ2,https://www.amazon.com/gp/customer-reviews/R1A3LKEUWOWHQ2/ref=cm_cr_arp_d_rvw_ttl?ie=UTF8&ASIN=B09NZJYH4D,,"Reviewed in the United States on November 16, 2023",Kinda heavy on my face.  But the size makes them easier to find,True,Color: Black&leopard&grey LeopardMagnification Strength: 2.5 x,[],62,1937,344,https://www.amazon.com/product-reviews/B09NZJYH4D?pageNumber=7&filterByStar=all_stars&sortBy=helpful&formatType=all_formats,allStars,,"{'price': None, 'listPrice': None}",2023-11-16,United States,,B09NZJYH4D,0.5719
22,22,5,Fits very comfortable,R26ROYWK0V5ZD2,https://www.amazon.com/gp/customer-reviews/R26ROYWK0V5ZD2/ref=cm_cr_arp_d_rvw_ttl?ie=UTF8&ASIN=B09NZJYH4D,,"Reviewed in the United States on November 17, 2023",The colors are really nice,True,Color: Black&violet Leopard&y LeopardMagnification Strength: 1.75 x,[],63,1937,344,https://www.amazon.com/product-reviews/B09NZJYH4D?pageNumber=7&filterByStar=all_stars&sortBy=helpful&formatType=all_formats,allStars,,"{'price': None, 'listPrice': None}",2023-11-17,United States,,B09NZJYH4D,0.4754
23,23,3,"""Oprah"" style readers",REIH7XVMMIBWB,https://www.amazon.com/gp/customer-reviews/REIH7XVMMIBWB/ref=cm_cr_arp_d_rvw_ttl?ie=UTF8&ASIN=B09NZJYH4D,,"Reviewed in the United States on October 2, 2023",I have purchased (3) sets of these glasses.  I like the style and colorations but the hinges are easy to break off.  That's the issue I've had with all sets so far.  I have only 4 pairs left which are not broken.,True,Color: Black&leopard&grey LeopardMagnification Strength: 3.0 x,[],64,1937,344,https://www.amazon.com/product-reviews/B09NZJYH4D?pageNumber=7&filterByStar=all_stars&sortBy=helpful&formatType=all_formats,allStars,,"{'price': None, 'listPrice': None}",2023-10-02,United States,,B09NZJYH4D,0.8373
24,24,3,The frames are too thick.,R1ARSJS2SAHY10,https://www.amazon.com/gp/customer-reviews/R1ARSJS2SAHY10/ref=cm_cr_arp_d_rvw_ttl?ie=UTF8&ASIN=B09NZJYH4D,,"Reviewed in the United States on October 11, 2023",I bought the 2.0 and I’m really happy with them. There is a tint to them which helps because I’m on the computer a lot. Plus they fit really well.But the frames are so thick I don’t think they’re very attractive.,True,Color: Black&leopard&grey LeopardMagnification Strength: 2.0 x,[],65,1937,344,https://www.amazon.com/product-reviews/B09NZJYH4D?pageNumber=7&filterByStar=all_stars&sortBy=helpful&formatType=all_formats,allStars,,"{'price': None, 'listPrice': None}",2023-10-11,United States,,B09NZJYH4D,0.9059
25,25,5,"My glasses are fashion neutral, very pleased.",R2GEKY4A0BQROQ,https://www.amazon.com/gp/customer-reviews/R2GEKY4A0BQROQ/ref=cm_cr_arp_d_rvw_ttl?ie=UTF8&ASIN=B09NZJYH4D,,"Reviewed in the United States on October 18, 2023","My glasses have a special spring on it’s handle, they are not easily broken, I am pleased with my purchase.",True,Color: 6mix-c1Magnification Strength: 2.75 x,[],66,1937,344,https://www.amazon.com/product-reviews/B09NZJYH4D?pageNumber=7&filterByStar=all_stars&sortBy=helpful&formatType=all_formats,allStars,,"{'price': None, 'listPrice': None}",2023-10-18,United States,,B09NZJYH4D,0.7284
26,26,5,Very cute and well made !!!!!,R39W7TH1B2SJBO,https://www.amazon.com/gp/customer-reviews/R39W7TH1B2SJBO/ref=cm_cr_arp_d_rvw_ttl?ie=UTF8&ASIN=B09NZJYH4D,,"Reviewed in the United States on October 16, 2023",Love the quality and colors. Very well made NOT cheaply made. Just bought 2 more sets for Christmas presents ❣️❣️❣️❣️❣️❣️,True,Color: Yellow Sunset&blue Sunset&pink SunsetMagnification Strength: 2.5 x,[],67,1937,344,https://www.amazon.com/product-reviews/B09NZJYH4D?pageNumber=7&filterByStar=all_stars&sortBy=helpful&formatType=all_formats,allStars,,"{'price': None, 'listPrice': None}",2023-10-16,United States,,B09NZJYH4D,0.7645
27,27,5,Very stylish!,R3AKTK7G129BHJ,https://www.amazon.com/gp/customer-reviews/R3AKTK7G129BHJ/ref=cm_cr_arp_d_rvw_ttl?ie=UTF8&ASIN=B09NZJYH4D,,"Reviewed in the United States on October 31, 2023",I got a lot of compliments wherever I got these glasses on!,True,Color: Black&pink Leopard&clearMagnification Strength: 1.25 x,[],68,1937,344,https://www.amazon.com/product-reviews/B09NZJYH4D?pageNumber=7&filterByStar=all_stars&sortBy=helpful&formatType=all_formats,allStars,,"{'price': None, 'listPrice': None}",2023-10-31,United States,,B09NZJYH4D,0.4574
28,28,5,HOT!,RZNXXG7N9VT82,https://www.amazon.com/gp/customer-reviews/RZNXXG7N9VT82/ref=cm_cr_arp_d_rvw_ttl?ie=UTF8&ASIN=B09NZJYH4D,,"Reviewed in the United States on September 14, 2023",These are my favorite readers and best value! I get MORE compliments on these glasses.  Have ordered multiple sets and constantly sharing the link with friends and family! So many cute color selections!,True,Color: Black&leopard&grey LeopardMagnification Strength: 2.0 x,[],69,1937,344,https://www.amazon.com/product-reviews/B09NZJYH4D?pageNumber=7&filterByStar=all_stars&sortBy=helpful&formatType=all_formats,allStars,,"{'price': None, 'listPrice': None}",2023-09-14,United States,,B09NZJYH4D,0.9732
29,29,2,These aren't transitional lenses,R19R3QNQ9KHA3S,https://www.amazon.com/gp/customer-reviews/R19R3QNQ9KHA3S/ref=cm_cr_arp_d_rvw_ttl?ie=UTF8&ASIN=B09NZJYH4D,,"Reviewed in the United States on February 23, 2024","I liked the color shape and comfort of these glasses, but they only work for closeup. I couldn't see far away--they blurred everything--nor could I use them for my computer screens without getting 18"" away from them. If they could fix the lenses they'd get 5 stars.",True,,[],70,1937,344,https://www.amazon.com/product-reviews/B09NZJYH4D?pageNumber=7&filterByStar=all_stars&sortBy=helpful&formatType=all_formats,allStars,,"{'price': None, 'listPrice': None}",2024-02-23,United States,,B09NZJYH4D,0.3919
30,30,4,Stylish and comfortable,R3MZ2M984DOMMH,https://www.amazon.com/gp/customer-reviews/R3MZ2M984DOMMH/ref=cm_cr_arp_d_rvw_ttl?ie=UTF8&ASIN=B09NZJYH4D,5 people found this helpful,"Reviewed in the United States on June 24, 2023","I rarely don't do reviews ..but I felt I had share this with who ever read this...they are nice on my face , comfortable and definitely Worth the little money I spent on the three pairs...you won't be unhappy if you choose to purchase these glasses.",True,Color: Black&leopard&grey LeopardMagnification Strength: 1.5 x,['https://m.media-amazon.com/images/I/81Y69qOz6ML._SY88.jpg'],41,1937,344,https://www.amazon.com/product-reviews/B09NZJYH4D?pageNumber=5&filterByStar=all_stars&sortBy=helpful&formatType=all_formats,allStars,,"{'price': None, 'listPrice': None}",2023-06-24,United States,,B09NZJYH4D,0.9221
31,31,5,Great!,R3XHOX40EQ239,https://www.amazon.com/gp/customer-reviews/R3XHOX40EQ239/ref=cm_cr_arp_d_rvw_ttl?ie=UTF8&ASIN=B09NZJYH4D,,"Reviewed in the United States on November 23, 2023",These glasses are fun and look wonderful! Can’t beat the price and quality. Love the selection as they go with just about everything!,True,Color: 6mix-c1Magnification Strength: 1.75 x,[],42,1937,344,https://www.amazon.com/product-reviews/B09NZJYH4D?pageNumber=5&filterByStar=all_stars&sortBy=helpful&formatType=all_formats,allStars,,"{'price': None, 'listPrice': None}",2023-11-23,United States,,B09NZJYH4D,0.915
32,32,4,Clear,R3CH6K0ZI2H9G,https://www.amazon.com/gp/customer-reviews/R3CH6K0ZI2H9G/ref=cm_cr_arp_d_rvw_ttl?ie=UTF8&ASIN=B09NZJYH4D,,"Reviewed in the United States on September 7, 2023",So cute and comfortable,True,Color: Black&leopard&grey LeopardMagnification Strength: 1.75 x,[],43,1937,344,https://www.amazon.com/product-reviews/B09NZJYH4D?pageNumber=5&filterByStar=all_stars&sortBy=helpful&formatType=all_formats,allStars,,"{'price': None, 'listPrice': None}",2023-09-07,United States,,B09NZJYH4D,0.7818
33,33,4,Great product just not for me,R1PQN7KA7XCG4X,https://www.amazon.com/gp/customer-reviews/R1PQN7KA7XCG4X/ref=cm_cr_arp_d_rvw_ttl?ie=UTF8&ASIN=B09NZJYH4D,,"Reviewed in the United States on August 11, 2023","Great quality, a bit too heavy and kept sliding off my face.",True,Color: Black&leopard&grey LeopardMagnification Strength: 1.5 x,[],44,1937,344,https://www.amazon.com/product-reviews/B09NZJYH4D?pageNumber=5&filterByStar=all_stars&sortBy=helpful&formatType=all_formats,allStars,,"{'price': None, 'listPrice': None}",2023-08-11,United States,,B09NZJYH4D,0.6249
34,34,5,10/10 - a MUST buy!,R3BVOAUB0P2NO3,https://www.amazon.com/gp/customer-reviews/R3BVOAUB0P2NO3/ref=cm_cr_arp_d_rvw_ttl?ie=UTF8&ASIN=B09NZJYH4D,,"Reviewed in the United States on August 24, 2023","I needed glasses for work that were better quality than the dollar store, but not as much as prescription glasses. I was looking for a pair in the chunky/modern style...I got 3 pair for the price!! I have a rounder face and larger head so I doubted these would work for me. I have gotten compliments almost daily and have strangers asking where I got them. Happily, I encourage you to try them for yourself!",True,Color: Black&leopard&grey LeopardMagnification Strength: 2.5 x,[],45,1937,344,https://www.amazon.com/product-reviews/B09NZJYH4D?pageNumber=5&filterByStar=all_stars&sortBy=helpful&formatType=all_formats,allStars,,"{'price': None, 'listPrice': None}",2023-08-24,United States,,B09NZJYH4D,0.9203
35,35,5,Love!!!,R1S09EM1RRIKT2,https://www.amazon.com/gp/customer-reviews/R1S09EM1RRIKT2/ref=cm_cr_arp_d_rvw_ttl?ie=UTF8&ASIN=B09NZJYH4D,,"Reviewed in the United States on September 29, 2023",I absolutely love these readers!!  I get complemented every single day on how cute my glasses are and asked where I got them.  When I tell them that they are just $14.99 readers they are shocked!  I believe I’ve shared this link a thousand times!!,True,Color: Black&leopard&grey LeopardMagnification Strength: 2.0 x,[],46,1937,344,https://www.amazon.com/product-reviews/B09NZJYH4D?pageNumber=5&filterByStar=all_stars&sortBy=helpful&formatType=all_formats,allStars,,"{'price': None, 'listPrice': None}",2023-09-29,United States,,B09NZJYH4D,0.8677
36,36,5,These are fantastic.,R2T33ZX40UNQ4Y,https://www.amazon.com/gp/customer-reviews/R2T33ZX40UNQ4Y/ref=cm_cr_arp_d_rvw_ttl?ie=UTF8&ASIN=B09NZJYH4D,,"Reviewed in the United States on November 12, 2023","I've been wearing readers for a few years now, these are the best I've found. They are stylish and the lenses are clear and high quality.",True,Color: Black&pink Leopard&clearMagnification Strength: 1.5 x,[],47,1937,344,https://www.amazon.com/product-reviews/B09NZJYH4D?pageNumber=5&filterByStar=all_stars&sortBy=helpful&formatType=all_formats,allStars,,"{'price': None, 'listPrice': None}",2023-11-12,United States,,B09NZJYH4D,0.7783
37,37,5,Great Quality and Style!,R1BYGLC09E8M8V,https://www.amazon.com/gp/customer-reviews/R1BYGLC09E8M8V/ref=cm_cr_arp_d_rvw_ttl?ie=UTF8&ASIN=B09NZJYH4D,,"Reviewed in the United States on November 21, 2023","These are very good reading glasses with a great price. I love the style, price, and the blueray.",True,Color: Black&leopard&grey LeopardMagnification Strength: 1.25 x,[],48,1937,344,https://www.amazon.com/product-reviews/B09NZJYH4D?pageNumber=5&filterByStar=all_stars&sortBy=helpful&formatType=all_formats,allStars,,"{'price': None, 'listPrice': None}",2023-11-21,United States,,B09NZJYH4D,0.9099
38,38,5,Very stylish,R15AFTSPE560YA,https://www.amazon.com/gp/customer-reviews/R15AFTSPE560YA/ref=cm_cr_arp_d_rvw_ttl?ie=UTF8&ASIN=B09NZJYH4D,,"Reviewed in the United States on November 24, 2023",Love the glasses and they look great.  Get many compliments from total strangers.,True,Color: Black&leopard&grey LeopardMagnification Strength: 3.75 x,[],49,1937,344,https://www.amazon.com/product-reviews/B09NZJYH4D?pageNumber=5&filterByStar=all_stars&sortBy=helpful&formatType=all_formats,allStars,,"{'price': None, 'listPrice': None}",2023-11-24,United States,,B09NZJYH4D,0.9001
39,39,4,Love them,R3J1PL3QZXI7PL,https://www.amazon.com/gp/customer-reviews/R3J1PL3QZXI7PL/ref=cm_cr_arp_d_rvw_ttl?ie=UTF8&ASIN=B09NZJYH4D,,"Reviewed in the United States on March 7, 2023","I love these glasses, they are super cute and comfortable, the only issue I have is I have ordered 3 sets because they break after I wear them awhile, it may be me, maybe I’m too rough on them but I do have other reading glasses that I’ve owned for years so I’m not sure. They always break at the plastic piece that attaches to the hinge.",True,Color: Black&leopard&grey LeopardMagnification Strength: 1.75 x,[],50,1937,344,https://www.amazon.com/product-reviews/B09NZJYH4D?pageNumber=5&filterByStar=all_stars&sortBy=helpful&formatType=all_formats,allStars,,"{'price': None, 'listPrice': None}",2023-03-07,United States,,B09NZJYH4D,0.6555
40,40,2,They’re okay,R2NOD4EYAP408Z,https://www.amazon.com/gp/customer-reviews/R2NOD4EYAP408Z/ref=cm_cr_arp_d_rvw_ttl?ie=UTF8&ASIN=B09NZJYH4D,,"Reviewed in the United States on March 31, 2024","I bought these for my “travel glasses”—ie, glasses that I take on trips and won’t be heartbroken or out a lot of money if I lose or break them. They’re okay. I thought I’d like the chunky style, but they feel heavy or cumbersome, and they pinch my nose, which is not wide at all, leaving red marks if I wear them for any significant amount of time. I don’t think I’d buy them again, and I’m kind of bummed to have three pairs of them. They’re blue light glasses, which is good, but the lenses are so heavily tinted with them, they look kind of reflective and weird. I mostly have buyer’s remorse…",True,Color: Black&leopard&grey LeopardMagnification Strength: 1.5 x,[],31,1937,344,https://www.amazon.com/product-reviews/B09NZJYH4D?pageNumber=4&filterByStar=all_stars&sortBy=helpful&formatType=all_formats,allStars,,"{'price': None, 'listPrice': None}",2024-03-31,United States,,B09NZJYH4D,0.4019
41,41,5,The Best Bang For Your Buck,RXKEPTVPWKWPY,https://www.amazon.com/gp/customer-reviews/RXKEPTVPWKWPY/ref=cm_cr_arp_d_rvw_ttl?ie=UTF8&ASIN=B09NZJYH4D,,"Reviewed in the United States on December 19, 2023",I cannot tell you how many compliments I get on my reading glasses and when asked and tell people they are from Amazon and their price they are SHOCKED,True,Color: Black&leopard&grey LeopardMagnification Strength: 1.5 x,[],32,1937,344,https://www.amazon.com/product-reviews/B09NZJYH4D?pageNumber=4&filterByStar=all_stars&sortBy=helpful&formatType=all_formats,allStars,,"{'price': None, 'listPrice': None}",2023-12-19,United States,,B09NZJYH4D,0.0943
42,42,5,value,R2EF5K5NS24896,https://www.amazon.com/gp/customer-reviews/R2EF5K5NS24896/ref=cm_cr_arp_d_rvw_ttl?ie=UTF8&ASIN=B09NZJYH4D,,"Reviewed in the United States on January 14, 2024","good quality, stylish",True,Color: 6mix-c1Magnification Strength: 2.0 x,[],33,1937,344,https://www.amazon.com/product-reviews/B09NZJYH4D?pageNumber=4&filterByStar=all_stars&sortBy=helpful&formatType=all_formats,allStars,,"{'price': None, 'listPrice': None}",2024-01-14,United States,,B09NZJYH4D,0.4404
43,43,3,Not the best,R31ZQZ264AZWCM,https://www.amazon.com/gp/customer-reviews/R31ZQZ264AZWCM/ref=cm_cr_arp_d_rvw_ttl?ie=UTF8&ASIN=B09NZJYH4D,,"Reviewed in the United States on December 17, 2023",I was really excited for these with the cute frames and blue light.They smudged really easily and felt flimsy. The smudges wouldn’t come off. I was worried these would break and eventually be too smudged to use. I returned them.,True,Color: Black&leopard&grey LeopardMagnification Strength: 1.25 x,[],34,1937,344,https://www.amazon.com/product-reviews/B09NZJYH4D?pageNumber=4&filterByStar=all_stars&sortBy=helpful&formatType=all_formats,allStars,,"{'price': None, 'listPrice': None}",2023-12-17,United States,,B09NZJYH4D,0.734
44,44,5,Super Stylish,R39UWEZA2JHVPN,https://www.amazon.com/gp/customer-reviews/R39UWEZA2JHVPN/ref=cm_cr_arp_d_rvw_ttl?ie=UTF8&ASIN=B09NZJYH4D,,"Reviewed in the United States on October 30, 2023","I get so many compliments on these. They are stylish and look so much more expensive than what they are. After 8 moths though they are scratched and one broken so far, they other one seems to be on its way and I lost the 3rd. For the price however, I think it's a good value.",True,Color: Black&leopard&grey LeopardMagnification Strength: 2.5 x,[],35,1937,344,https://www.amazon.com/product-reviews/B09NZJYH4D?pageNumber=4&filterByStar=all_stars&sortBy=helpful&formatType=all_formats,allStars,,"{'price': None, 'listPrice': None}",2023-10-30,United States,,B09NZJYH4D,0.4364
45,45,4,Too heavy,R2EKNPRLXQGU67,https://www.amazon.com/gp/customer-reviews/R2EKNPRLXQGU67/ref=cm_cr_arp_d_rvw_ttl?ie=UTF8&ASIN=B09NZJYH4D,One person found this helpful,"Reviewed in the United States on August 19, 2023",I had a difficult time choosing the rating because the glasses are oh so cute but were just a bit too heavy for my liking.,True,Color: Black&leopard&grey LeopardMagnification Strength: 2.0 x,[],36,1937,344,https://www.amazon.com/product-reviews/B09NZJYH4D?pageNumber=4&filterByStar=all_stars&sortBy=helpful&formatType=all_formats,allStars,,"{'price': None, 'listPrice': None}",2023-08-19,United States,,B09NZJYH4D,0.6408
46,46,4,Very stylish for the price!!,R2ERAGTUTUH72Z,https://www.amazon.com/gp/customer-reviews/R2ERAGTUTUH72Z/ref=cm_cr_arp_d_rvw_ttl?ie=UTF8&ASIN=B09NZJYH4D,One person found this helpful,"Reviewed in the United States on August 15, 2023","I love these! However, disappointed that  two of the three have now broken - both left temples on the black and tortoise pattern.",True,Color: Black&leopard&grey LeopardMagnification Strength: 1.75 x,[],37,1937,344,https://www.amazon.com/product-reviews/B09NZJYH4D?pageNumber=4&filterByStar=all_stars&sortBy=helpful&formatType=all_formats,allStars,,"{'price': None, 'listPrice': None}",2023-08-15,United States,,B09NZJYH4D,-0.3164
47,47,5,Stylish and functional,R2KJZQ2CCR39QL,https://www.amazon.com/gp/customer-reviews/R2KJZQ2CCR39QL/ref=cm_cr_arp_d_rvw_ttl?ie=UTF8&ASIN=B09NZJYH4D,,"Reviewed in the United States on December 23, 2023",These are so stylish and good quality for the money! Highly recommend!!,True,Color: Black&leopard&grey LeopardMagnification Strength: 1.0 x,[],38,1937,344,https://www.amazon.com/product-reviews/B09NZJYH4D?pageNumber=4&filterByStar=all_stars&sortBy=helpful&formatType=all_formats,allStars,,"{'price': None, 'listPrice': None}",2023-12-23,United States,,B09NZJYH4D,0.7803
48,48,5,Cute and the lenses don’t distort stiff,R1K55LRRM52Z27,https://www.amazon.com/gp/customer-reviews/R1K55LRRM52Z27/ref=cm_cr_arp_d_rvw_ttl?ie=UTF8&ASIN=B09NZJYH4D,One person found this helpful,"Reviewed in the United States on September 30, 2023",I like these because they seem to have decent quality lenses for some affordable readers. I can get up and walk to the kitchen with them on without feeling like I’m going to tip over or bump into walls. If I glance up and look across the room while they’re in everything looks mostly normal. Anyhow they work great as readers and blue light filters too.,True,Color: Black&leopard&grey LeopardMagnification Strength: 0.5 x,"['https://m.media-amazon.com/images/I/710fAdvsRpL._SY88.jpg', 'https://m.media-amazon.com/images/I/71BMT3iJcaL._SY88.jpg']",39,1937,344,https://www.amazon.com/product-reviews/B09NZJYH4D?pageNumber=4&filterByStar=all_stars&sortBy=helpful&formatType=all_formats,allStars,,"{'price': None, 'listPrice': None}",2023-09-30,United States,,B09NZJYH4D,0.8285
49,49,5,You need reading glasses everywhere!,R3C3R1ROOZU46,https://www.amazon.com/gp/customer-reviews/R3C3R1ROOZU46/ref=cm_cr_arp_d_rvw_ttl?ie=UTF8&ASIN=B09NZJYH4D,,"Reviewed in the United States on October 15, 2023","I purchased these twice already. They look great, fashionable and anyone could pull them off, they're not flashy just stylish. Let's face it, reading glasses break or get lost. Also, you kind of need them in several places like the kitchen, by the bed etc. These are really affordable and serve the purpose well.",True,Color: Black&leopard&grey LeopardMagnification Strength: 1.25 x,[],40,1937,344,https://www.amazon.com/product-reviews/B09NZJYH4D?pageNumber=4&filterByStar=all_stars&sortBy=helpful&formatType=all_formats,allStars,,"{'price': None, 'listPrice': None}",2023-10-15,United States,,B09NZJYH4D,0.7506
50,50,5,Fun cheaters!,R276RCJXCUCSST,https://www.amazon.com/gp/customer-reviews/R276RCJXCUCSST/ref=cm_cr_arp_d_rvw_ttl?ie=UTF8&ASIN=B09NZJYH4D,,"Reviewed in the United States on January 27, 2024",These are super fun cheaters with blue blocker and durable spring hinges.  The red ones are a little tighter than the rest.  I bought a three pack of hard cases to carry them in purse/backpack.  Great value.,True,Color: 6mix-c1Magnification Strength: 1.25 x,[],21,1937,344,https://www.amazon.com/product-reviews/B09NZJYH4D?pageNumber=3&filterByStar=all_stars&sortBy=helpful&formatType=all_formats,allStars,,"{'price': None, 'listPrice': None}",2024-01-27,United States,,B09NZJYH4D,0.886
51,51,5,Cutest reading glass,R235J4XUZIO7AX,https://www.amazon.com/gp/customer-reviews/R235J4XUZIO7AX/ref=cm_cr_arp_d_rvw_ttl?ie=UTF8&ASIN=B09NZJYH4D,,"Reviewed in the United States on February 9, 2024",I was tired of the small square ones these are more classy and cute,True,Color: Black&leopard&grey LeopardMagnification Strength: 1.25 x,[],22,1937,344,https://www.amazon.com/product-reviews/B09NZJYH4D?pageNumber=3&filterByStar=all_stars&sortBy=helpful&formatType=all_formats,allStars,,"{'price': None, 'listPrice': None}",2024-02-09,United States,,B09NZJYH4D,0.5509
52,52,5,Adorable,RQ758EXZ92SCA,https://www.amazon.com/gp/customer-reviews/RQ758EXZ92SCA/ref=cm_cr_arp_d_rvw_ttl?ie=UTF8&ASIN=B09NZJYH4D,,"Reviewed in the United States on February 4, 2024",These are so cut and well made. Lots of compliments when wearing. The red ones are my favorite.,True,Color: 6mix-c1Magnification Strength: 1.5 x,[],23,1937,344,https://www.amazon.com/product-reviews/B09NZJYH4D?pageNumber=3&filterByStar=all_stars&sortBy=helpful&formatType=all_formats,allStars,,"{'price': None, 'listPrice': None}",2024-02-04,United States,,B09NZJYH4D,0.6511
53,53,4,All Good,R31OFM8E8APX0U,https://www.amazon.com/gp/customer-reviews/R31OFM8E8APX0U/ref=cm_cr_arp_d_rvw_ttl?ie=UTF8&ASIN=B09NZJYH4D,,"Reviewed in the United States on December 12, 2023",I bottom frames are clear- I thought they were white. Everything else as expected.,True,Color: Black&pink Leopard&clearMagnification Strength: 1.5 x,[],24,1937,344,https://www.amazon.com/product-reviews/B09NZJYH4D?pageNumber=3&filterByStar=all_stars&sortBy=helpful&formatType=all_formats,allStars,,"{'price': None, 'listPrice': None}",2023-12-12,United States,,B09NZJYH4D,0.3818
54,54,3,Not what I expected,R1X0HHTJVEFAQ2,https://www.amazon.com/gp/customer-reviews/R1X0HHTJVEFAQ2/ref=cm_cr_arp_d_rvw_ttl?ie=UTF8&ASIN=B09NZJYH4D,,"Reviewed in the United States on March 27, 2024",They are cute but they fail down my nose and were too bulky.,True,Color: Black&leopard&grey LeopardMagnification Strength: 2.0 x,[],25,1937,344,https://www.amazon.com/product-reviews/B09NZJYH4D?pageNumber=3&filterByStar=all_stars&sortBy=helpful&formatType=all_formats,allStars,,"{'price': None, 'listPrice': None}",2024-03-27,United States,,B09NZJYH4D,-0.5789
55,55,4,Good Lens,R3B0JZ8KEK5ZKD,https://www.amazon.com/gp/customer-reviews/R3B0JZ8KEK5ZKD/ref=cm_cr_arp_d_rvw_ttl?ie=UTF8&ASIN=B09NZJYH4D,,"Reviewed in the United States on December 5, 2023",....but one of them had loose hinges.,True,Color: Black&leopard&grey LeopardMagnification Strength: 2.0 x,[],26,1937,344,https://www.amazon.com/product-reviews/B09NZJYH4D?pageNumber=3&filterByStar=all_stars&sortBy=helpful&formatType=all_formats,allStars,,"{'price': None, 'listPrice': None}",2023-12-05,United States,,B09NZJYH4D,-0.3182
56,56,5,Fun specs!!,R10GWHHHSJZYH9,https://www.amazon.com/gp/customer-reviews/R10GWHHHSJZYH9/ref=cm_cr_arp_d_rvw_ttl?ie=UTF8&ASIN=B09NZJYH4D,,"Reviewed in the United States on January 29, 2024",Love these - on trend…LARGE AND IN CHARGE!!,True,Color: Yellow Sunset&blue Sunset&pink SunsetMagnification Strength: 3.0 x,[],27,1937,344,https://www.amazon.com/product-reviews/B09NZJYH4D?pageNumber=3&filterByStar=all_stars&sortBy=helpful&formatType=all_formats,allStars,,"{'price': None, 'listPrice': None}",2024-01-29,United States,,B09NZJYH4D,0.6988
57,57,4,Nice Glasses,R1B0Y3411FTJN2,https://www.amazon.com/gp/customer-reviews/R1B0Y3411FTJN2/ref=cm_cr_arp_d_rvw_ttl?ie=UTF8&ASIN=B09NZJYH4D,11 people found this helpful,"Reviewed in the United States on February 8, 2023",I ordered these frames in 125 and now 150. They are very nice frames and I like the blue light filtering on the lens. I went up to the next script after an eye exam. The 125s were still fine but again I chose to go up to the 150s. The new black frames I received  the lens was loose it rocked in the frame. I wish I would have reached out to the seller sooner but I thought I would just deal with it. Well afraid the lens would fall out so I wanted a replacement they no longer had the colors I ordered in the 150. The seller said they would send me a new frame at no cost and it would come on Friday. Well today is Wednesday so it arrived much faster than stated and they sent me 3 frame’s instead of just one. I appreciate them and would recommend their product and company!,True,Color: Black&violet Leopard&y LeopardMagnification Strength: 1.5 x,['https://m.media-amazon.com/images/I/71Fol9chp7L._SY88.jpg'],28,1937,344,https://www.amazon.com/product-reviews/B09NZJYH4D?pageNumber=3&filterByStar=all_stars&sortBy=helpful&formatType=all_formats,allStars,,"{'price': None, 'listPrice': None}",2023-02-08,United States,,B09NZJYH4D,0.904
58,58,5,These glasses are the best!!,REESM97C94M68,https://www.amazon.com/gp/customer-reviews/REESM97C94M68/ref=cm_cr_arp_d_rvw_ttl?ie=UTF8&ASIN=B09NZJYH4D,,"Reviewed in the United States on January 8, 2024",I have purchases a lot of reading glasses in the past and all aspects of these are superior to all the rest!!,True,Color: Black&leopard&grey LeopardMagnification Strength: 2.0 x,[],29,1937,344,https://www.amazon.com/product-reviews/B09NZJYH4D?pageNumber=3&filterByStar=all_stars&sortBy=helpful&formatType=all_formats,allStars,,"{'price': None, 'listPrice': None}",2024-01-08,United States,,B09NZJYH4D,0.6229
59,59,4,Stylish look,R35QU42RBGBBMO,https://www.amazon.com/gp/customer-reviews/R35QU42RBGBBMO/ref=cm_cr_arp_d_rvw_ttl?ie=UTF8&ASIN=B09NZJYH4D,One person found this helpful,"Reviewed in the United States on July 11, 2023","I have received so many compliments about the glasses. I love the way they fit and look. I would say the only issue I have is that they don't last long. I purchased them in December and I already had to start using the second pair. The first pair has a loose leg and I have tried to tighten but it continues to loosen up and fall off my face. For what they cost, I absolutely think there a good buy.",True,Color: Black&leopard&grey LeopardMagnification Strength: 1.25 x,[],30,1937,344,https://www.amazon.com/product-reviews/B09NZJYH4D?pageNumber=3&filterByStar=all_stars&sortBy=helpful&formatType=all_formats,allStars,,"{'price': None, 'listPrice': None}",2023-07-11,United States,,B09NZJYH4D,0.8374
60,60,4,Sturdy but too heavy,R36VQDM0Z02XFD,https://www.amazon.com/gp/customer-reviews/R36VQDM0Z02XFD/ref=cm_cr_arp_d_rvw_ttl?ie=UTF8&ASIN=B09NZJYH4D,,"Reviewed in the United States on March 26, 2024","Love them but too heavy, will leave dents on my nose because of weight. Had to return them.",True,Color: Black&leopard&grey LeopardMagnification Strength: 2.25 x,[],11,1937,344,https://www.amazon.com/product-reviews/B09NZJYH4D?pageNumber=2&filterByStar=all_stars&sortBy=helpful&formatType=all_formats,allStars,,"{'price': None, 'listPrice': None}",2024-03-26,United States,,B09NZJYH4D,0.3182
61,61,5,Love  these!,RNRX4H5SLBFNH,https://www.amazon.com/gp/customer-reviews/RNRX4H5SLBFNH/ref=cm_cr_arp_d_rvw_ttl?ie=UTF8&ASIN=B09NZJYH4D,,"Reviewed in the United States on March 31, 2024",Great quality for price,True,Color: Black&leopard&grey LeopardMagnification Strength: 2.5 x,[],12,1937,344,https://www.amazon.com/product-reviews/B09NZJYH4D?pageNumber=2&filterByStar=all_stars&sortBy=helpful&formatType=all_formats,allStars,,"{'price': None, 'listPrice': None}",2024-03-31,United States,,B09NZJYH4D,0.6249
62,62,5,Favorite Readers.,R3LO0NW5CYEQR,https://www.amazon.com/gp/customer-reviews/R3LO0NW5CYEQR/ref=cm_cr_arp_d_rvw_ttl?ie=UTF8&ASIN=B09NZJYH4D,,"Reviewed in the United States on March 25, 2024",Love these Readers. Can't beat the price for 3 pairs.,True,Color: Black&leopard&grey LeopardMagnification Strength: 2.0 x,[],13,1937,344,https://www.amazon.com/product-reviews/B09NZJYH4D?pageNumber=2&filterByStar=all_stars&sortBy=helpful&formatType=all_formats,allStars,,"{'price': None, 'listPrice': None}",2024-03-25,United States,,B09NZJYH4D,0.6369
63,63,5,Compliments,R2NY61803DJQTS,https://www.amazon.com/gp/customer-reviews/R2NY61803DJQTS/ref=cm_cr_arp_d_rvw_ttl?ie=UTF8&ASIN=B09NZJYH4D,,"Reviewed in the United States on March 24, 2024",I have received so many complinents. They look expensive,True,Color: Yellow Sunset&blue Sunset&pink SunsetMagnification Strength: 2.0 x,[],14,1937,344,https://www.amazon.com/product-reviews/B09NZJYH4D?pageNumber=2&filterByStar=all_stars&sortBy=helpful&formatType=all_formats,allStars,,"{'price': None, 'listPrice': None}",2024-03-24,United States,,B09NZJYH4D,0.0
64,64,5,Loved mine…,R2QD5L68Y23XC9,https://www.amazon.com/gp/customer-reviews/R2QD5L68Y23XC9/ref=cm_cr_arp_d_rvw_ttl?ie=UTF8&ASIN=B09NZJYH4D,,"Reviewed in the United States on March 29, 2024",These are PERFECT.,True,Color: Black&leopard&grey LeopardMagnification Strength: 1.0 x,[],15,1937,344,https://www.amazon.com/product-reviews/B09NZJYH4D?pageNumber=2&filterByStar=all_stars&sortBy=helpful&formatType=all_formats,allStars,,"{'price': None, 'listPrice': None}",2024-03-29,United States,,B09NZJYH4D,0.6633
65,65,5,Love these glasses!,R2HG3E5R7PXGHM,https://www.amazon.com/gp/customer-reviews/R2HG3E5R7PXGHM/ref=cm_cr_arp_d_rvw_ttl?ie=UTF8&ASIN=B09NZJYH4D,,"Reviewed in the United States on March 26, 2024","Strong, colorful, versatile",True,Color: Black&violet Leopard&y LeopardMagnification Strength: 2.75 x,[],16,1937,344,https://www.amazon.com/product-reviews/B09NZJYH4D?pageNumber=2&filterByStar=all_stars&sortBy=helpful&formatType=all_formats,allStars,,"{'price': None, 'listPrice': None}",2024-03-26,United States,,B09NZJYH4D,0.5106
66,66,5,Los necesitaba,R1MIPSXA90TPV5,https://www.amazon.com/gp/customer-reviews/R1MIPSXA90TPV5/ref=cm_cr_arp_d_rvw_ttl?ie=UTF8&ASIN=B09NZJYH4D,,"Reviewed in the United States on March 21, 2024","Son perfectos, hermosos y el precio súper bien",True,Color: Black&pink Leopard&clearMagnification Strength: 2.0 x,[],17,1937,344,https://www.amazon.com/product-reviews/B09NZJYH4D?pageNumber=2&filterByStar=all_stars&sortBy=helpful&formatType=all_formats,allStars,,"{'price': None, 'listPrice': None}",2024-03-21,United States,,B09NZJYH4D,0.0
67,67,5,Love these readers,R202QOBHGFB9,https://www.amazon.com/gp/customer-reviews/R202QOBHGFB9/ref=cm_cr_arp_d_rvw_ttl?ie=UTF8&ASIN=B09NZJYH4D,,"Reviewed in the United States on February 24, 2024",I like to add a touch of style with my readers.  These are all great but I get compliments every single time I wear the brown ones.  Fun and good quality.,True,Color: Black&violet Leopard&y LeopardMagnification Strength: 2.75 x,[],18,1937,344,https://www.amazon.com/product-reviews/B09NZJYH4D?pageNumber=2&filterByStar=all_stars&sortBy=helpful&formatType=all_formats,allStars,,"{'price': None, 'listPrice': None}",2024-02-24,United States,,B09NZJYH4D,0.9446
68,68,5,LOVE & SASSY,R2OOV7A7YYM86,https://www.amazon.com/gp/customer-reviews/R2OOV7A7YYM86/ref=cm_cr_arp_d_rvw_ttl?ie=UTF8&ASIN=B09NZJYH4D,,"Reviewed in the United States on March 1, 2024",Love these glasses!! They are so stylish and classic with a “added” accessory that stop people and they ask…. Where did you get those?,True,,['https://m.media-amazon.com/images/I/71Gdv0hgrOL._SY88.jpg'],19,1937,344,https://www.amazon.com/product-reviews/B09NZJYH4D?pageNumber=2&filterByStar=all_stars&sortBy=helpful&formatType=all_formats,allStars,,"{'price': None, 'listPrice': None}",2024-03-01,United States,,B09NZJYH4D,0.555
69,69,5,These Reading Glasses will have you looking Cute on Zoom Calls!,R1BSOBXFMOL46G,https://www.amazon.com/gp/customer-reviews/R1BSOBXFMOL46G/ref=cm_cr_arp_d_rvw_ttl?ie=UTF8&ASIN=B09NZJYH4D,,"Reviewed in the United States on February 27, 2024","I have a hard time seeing on Zoom calls with my young colleagues. I don't want to give away the fact that I'm over 50, so I love wearing cute reading glasses! I also want to match my outfits, so I love having three pairs to choose from. I love these oversized reading glasses!",True,Color: Black&pink Leopard&clearMagnification Strength: 1.5 x,[],20,1937,344,https://www.amazon.com/product-reviews/B09NZJYH4D?pageNumber=2&filterByStar=all_stars&sortBy=helpful&formatType=all_formats,allStars,,"{'price': None, 'listPrice': None}",2024-02-27,United States,,B09NZJYH4D,0.9687
70,70,5,Love LOVE love!!!!,R2AZQVW9M4P9U4,https://www.amazon.com/gp/customer-reviews/R2AZQVW9M4P9U4/ref=cm_cr_arp_d_rvw_ttl?ie=UTF8&ASIN=B09NZJYH4D,One person found this helpful,"Reviewed in the United States on July 17, 2023",Love these glasses!! I reordered for my Mom & Aunt as well. They are So CUTE!! If you have to wear readers 🙋🏻‍♀️ you will love these. Amazing price for 3 pair as well. I either have these on…or on the top of my head 24/7 and never wear any of my olds ones lying around now.,True,Color: Black&leopard&grey LeopardMagnification Strength: 1.25 x,[],71,1937,344,https://www.amazon.com/product-reviews/B09NZJYH4D?pageNumber=8&filterByStar=all_stars&sortBy=helpful&formatType=all_formats,allStars,,"{'price': None, 'listPrice': None}",2023-07-17,United States,,B09NZJYH4D,0.9638
71,71,2,Misleading pics or different manufacture batch,RYQ45R10PMR2L,https://www.amazon.com/gp/customer-reviews/RYQ45R10PMR2L/ref=cm_cr_arp_d_rvw_ttl?ie=UTF8&ASIN=B09NZJYH4D,,"Reviewed in the United States on February 25, 2024","Really small and nerdy! Not oversized at all, fun & stylish like in the pics. I wish I wouldn't have trashed my packaging or I'd send them back. I'm sensitive and feel ugly in these, so I know I won't wear them.",True,Color: Black&violet Leopard&y LeopardMagnification Strength: 2.25 x,[],72,1937,344,https://www.amazon.com/product-reviews/B09NZJYH4D?pageNumber=8&filterByStar=all_stars&sortBy=helpful&formatType=all_formats,allStars,,"{'price': None, 'listPrice': None}",2024-02-25,United States,,B09NZJYH4D,0.616
72,72,5,Glasses,R1PWCQZBP9H2OS,https://www.amazon.com/gp/customer-reviews/R1PWCQZBP9H2OS/ref=cm_cr_arp_d_rvw_ttl?ie=UTF8&ASIN=B09NZJYH4D,,"Reviewed in the United States on September 22, 2023",I like everythingMore compliments than anything I have ever hadStrangers stop me and ask me about themLove them,True,Color: Black&leopard&grey LeopardMagnification Strength: 2.5 x,[],73,1937,344,https://www.amazon.com/product-reviews/B09NZJYH4D?pageNumber=8&filterByStar=all_stars&sortBy=helpful&formatType=all_formats,allStars,,"{'price': None, 'listPrice': None}",2023-09-22,United States,,B09NZJYH4D,0.4588
73,73,5,Great for computer,R1RED85LUC4D8R,https://www.amazon.com/gp/customer-reviews/R1RED85LUC4D8R/ref=cm_cr_arp_d_rvw_ttl?ie=UTF8&ASIN=B09NZJYH4D,,"Reviewed in the United States on October 21, 2023",Nice readers and great for work I do on the computer.,True,Color: Black&leopard&grey LeopardMagnification Strength: 2.25 x,[],74,1937,344,https://www.amazon.com/product-reviews/B09NZJYH4D?pageNumber=8&filterByStar=all_stars&sortBy=helpful&formatType=all_formats,allStars,,"{'price': None, 'listPrice': None}",2023-10-21,United States,,B09NZJYH4D,0.7845
74,74,4,Cute readers,R1GO5XNJN4HBN2,https://www.amazon.com/gp/customer-reviews/R1GO5XNJN4HBN2/ref=cm_cr_arp_d_rvw_ttl?ie=UTF8&ASIN=B09NZJYH4D,,"Reviewed in the United States on May 10, 2023",Cute readers.  Very lightweight.  I just wish that all three pairs came with cases.,True,Color: Black&leopard&grey LeopardMagnification Strength: 2.0 x,[],75,1937,344,https://www.amazon.com/product-reviews/B09NZJYH4D?pageNumber=8&filterByStar=all_stars&sortBy=helpful&formatType=all_formats,allStars,,"{'price': None, 'listPrice': None}",2023-05-10,United States,,B09NZJYH4D,0.7152
75,75,3,Run big,R29WK4T10363JP,https://www.amazon.com/gp/customer-reviews/R29WK4T10363JP/ref=cm_cr_arp_d_rvw_ttl?ie=UTF8&ASIN=B09NZJYH4D,,"Reviewed in the United States on October 30, 2023",Only reading glasses that I have purchased that fall off my face. They run big.,True,Color: Black&leopard&grey LeopardMagnification Strength: 2.75 x,[],76,1937,344,https://www.amazon.com/product-reviews/B09NZJYH4D?pageNumber=8&filterByStar=all_stars&sortBy=helpful&formatType=all_formats,allStars,,"{'price': None, 'listPrice': None}",2023-10-30,United States,,B09NZJYH4D,0.0
76,76,5,Very Nice Glasses!,R3P9AMMF7VUK4L,https://www.amazon.com/gp/customer-reviews/R3P9AMMF7VUK4L/ref=cm_cr_arp_d_rvw_ttl?ie=UTF8&ASIN=B09NZJYH4D,,"Reviewed in the United States on September 15, 2023",I like the style and comfort of these specs.  Best of all - I can see through them very clearly.,True,Color: Black&violet Leopard&y LeopardMagnification Strength: 1.75 x,[],77,1937,344,https://www.amazon.com/product-reviews/B09NZJYH4D?pageNumber=8&filterByStar=all_stars&sortBy=helpful&formatType=all_formats,allStars,,"{'price': None, 'listPrice': None}",2023-09-15,United States,,B09NZJYH4D,0.9041
77,77,3,not oversized..smallish frames.,R1CHVU363TF42R,https://www.amazon.com/gp/customer-reviews/R1CHVU363TF42R/ref=cm_cr_arp_d_rvw_ttl?ie=UTF8&ASIN=B09NZJYH4D,,"Reviewed in the United States on November 2, 2023",not over sized. smallish to regular frame size..bummed,True,Color: Yellow Sunset&blue Sunset&pink SunsetMagnification Strength: 1.5 x,[],78,1937,344,https://www.amazon.com/product-reviews/B09NZJYH4D?pageNumber=8&filterByStar=all_stars&sortBy=helpful&formatType=all_formats,allStars,,"{'price': None, 'listPrice': None}",2023-11-02,United States,,B09NZJYH4D,0.0
78,78,5,Love these,R2C5PZ1TPJAYF0,https://www.amazon.com/gp/customer-reviews/R2C5PZ1TPJAYF0/ref=cm_cr_arp_d_rvw_ttl?ie=UTF8&ASIN=B09NZJYH4D,,"Reviewed in the United States on June 4, 2023",I’ve ordered all of my readers from Amazon and these are my favorite. They are well made- sturdy but light. They do make a statement but in a cute way. I love these and the price was perfect and I loved every color option in the set that I bought. They all go with dark hair very well.,True,Color: Black&leopard&grey LeopardMagnification Strength: 1.0 x,[],79,1937,344,https://www.amazon.com/product-reviews/B09NZJYH4D?pageNumber=8&filterByStar=all_stars&sortBy=helpful&formatType=all_formats,allStars,,"{'price': None, 'listPrice': None}",2023-06-04,United States,,B09NZJYH4D,0.9813
79,79,5,Look great!,R208ZZWGJ9VRYT,https://www.amazon.com/gp/customer-reviews/R208ZZWGJ9VRYT/ref=cm_cr_arp_d_rvw_ttl?ie=UTF8&ASIN=B09NZJYH4D,One person found this helpful,"Reviewed in the United States on June 19, 2023","What a great price for three pairs of readers. They look much more expensive, are comfortable and just what I wanted. They were shipped rapidly and came in a nice box with a lense cleaning wipe and a flexible sleeve for each of carrying a pair in a bookbag or purse. Highly recommend!",True,Color: Black&leopard&grey LeopardMagnification Strength: 2.0 x,['https://m.media-amazon.com/images/I/41duO1gxLfL._SY88.jpg'],80,1937,344,https://www.amazon.com/product-reviews/B09NZJYH4D?pageNumber=8&filterByStar=all_stars&sortBy=helpful&formatType=all_formats,allStars,,"{'price': None, 'listPrice': None}",2023-06-19,United States,,B09NZJYH4D,0.9377
80,80,5,Love these readers,REYVF93CX7N3R,https://www.amazon.com/gp/customer-reviews/REYVF93CX7N3R/ref=cm_cr_arp_d_rvw_ttl?ie=UTF8&ASIN=B09NZJYH4D,,"Reviewed in the United States on September 3, 2023",Love these readers!  I always am asked who makes my glasses-can’t beat the price for readers and blue light anti glare.,True,Color: Black&leopard&grey LeopardMagnification Strength: 1.5 x,[],81,1937,344,https://www.amazon.com/product-reviews/B09NZJYH4D?pageNumber=9&filterByStar=all_stars&sortBy=helpful&formatType=all_formats,allStars,,"{'price': None, 'listPrice': None}",2023-09-03,United States,,B09NZJYH4D,0.4926
81,81,5,"Super cute well made glasses, great price",R3IJ8OY51UVPE1,https://www.amazon.com/gp/customer-reviews/R3IJ8OY51UVPE1/ref=cm_cr_arp_d_rvw_ttl?ie=UTF8&ASIN=B09NZJYH4D,One person found this helpful,"Reviewed in the United States on July 13, 2023","Love all 3 pair, very well made, good weight, spring hinges. Perfect size to be “statement “ without being too trendy. I’m 46 and work in a hospital so I wanted bold but conservative, if that makes sense. I absolutely love them.",True,Color: Black&pink Leopard&clearMagnification Strength: 1.75 x,[],82,1937,344,https://www.amazon.com/product-reviews/B09NZJYH4D?pageNumber=9&filterByStar=all_stars&sortBy=helpful&formatType=all_formats,allStars,,"{'price': None, 'listPrice': None}",2023-07-13,United States,,B09NZJYH4D,0.9424
82,82,5,So many compliments,R1W5EVR1KH6N81,https://www.amazon.com/gp/customer-reviews/R1W5EVR1KH6N81/ref=cm_cr_arp_d_rvw_ttl?ie=UTF8&ASIN=B09NZJYH4D,,"Reviewed in the United States on September 16, 2023",I get so many compliments on these readers.  They do the job and look pretty as well.,True,Color: Black&leopard&grey LeopardMagnification Strength: 1.25 x,[],83,1937,344,https://www.amazon.com/product-reviews/B09NZJYH4D?pageNumber=9&filterByStar=all_stars&sortBy=helpful&formatType=all_formats,allStars,,"{'price': None, 'listPrice': None}",2023-09-16,United States,,B09NZJYH4D,0.8062
83,83,4,Great glasses but they’ve loosened a bit,R324H6T4XPX873,https://www.amazon.com/gp/customer-reviews/R324H6T4XPX873/ref=cm_cr_arp_d_rvw_ttl?ie=UTF8&ASIN=B09NZJYH4D,One person found this helpful,"Reviewed in the United States on January 8, 2023",Great glasses but they’ve loosened a little over time and won’t stay on my face or head when I Lean or bend over. That’s annoying as I keep them on my head around the house. Otherwise these are great!,True,Color: Black&leopard&grey LeopardMagnification Strength: 1.25 x,[],84,1937,344,https://www.amazon.com/product-reviews/B09NZJYH4D?pageNumber=9&filterByStar=all_stars&sortBy=helpful&formatType=all_formats,allStars,,"{'price': None, 'listPrice': None}",2023-01-08,United States,,B09NZJYH4D,0.7133
84,84,5,I like,R3VEROV3XA9VPI,https://www.amazon.com/gp/customer-reviews/R3VEROV3XA9VPI/ref=cm_cr_arp_d_rvw_ttl?ie=UTF8&ASIN=B09NZJYH4D,One person found this helpful,"Reviewed in the United States on September 27, 2023","Beautiful and useful, they do their job. good buy",True,Color: Black&leopard&grey LeopardMagnification Strength: 1.25 x,['https://m.media-amazon.com/images/I/71W7JNxU8HL._SY88.jpg'],85,1937,344,https://www.amazon.com/product-reviews/B09NZJYH4D?pageNumber=9&filterByStar=all_stars&sortBy=helpful&formatType=all_formats,allStars,,"{'price': None, 'listPrice': None}",2023-09-27,United States,,B09NZJYH4D,0.8658
85,85,5,Loads of compliments,R1BCHK24HIJN5E,https://www.amazon.com/gp/customer-reviews/R1BCHK24HIJN5E/ref=cm_cr_arp_d_rvw_ttl?ie=UTF8&ASIN=B09NZJYH4D,One person found this helpful,"Reviewed in the United States on August 13, 2023",I have a small face and usually look ridiculous in oversized glasses. Yet I keep trying. I receive so many compliments every time I wear them.,True,Color: Black&leopard&grey LeopardMagnification Strength: 2.5 x,[],86,1937,344,https://www.amazon.com/product-reviews/B09NZJYH4D?pageNumber=9&filterByStar=all_stars&sortBy=helpful&formatType=all_formats,allStars,,"{'price': None, 'listPrice': None}",2023-08-13,United States,,B09NZJYH4D,0.1226
86,86,5,Spring in the Hinges!!,RGGO0ISFESLHN,https://www.amazon.com/gp/customer-reviews/RGGO0ISFESLHN/ref=cm_cr_arp_d_rvw_ttl?ie=UTF8&ASIN=B09NZJYH4D,3 people found this helpful,"Reviewed in the United States on July 12, 2023",Yes the springs do it for me.The glasses are big enough to fit comfortably on an extra large sunglasses wearing face.Finally a company that understands that the standard size doesn’t work for everyone.,True,Color: Yellow Sunset&blue Sunset&pink SunsetMagnification Strength: 1.0 x,[],87,1937,344,https://www.amazon.com/product-reviews/B09NZJYH4D?pageNumber=9&filterByStar=all_stars&sortBy=helpful&formatType=all_formats,allStars,,"{'price': None, 'listPrice': None}",2023-07-12,United States,,B09NZJYH4D,0.7906
87,87,5,Amazing comfortable glasses,R2LNMEAZADHNRD,https://www.amazon.com/gp/customer-reviews/R2LNMEAZADHNRD/ref=cm_cr_arp_d_rvw_ttl?ie=UTF8&ASIN=B09NZJYH4D,3 people found this helpful,"Reviewed in the United States on July 11, 2022","I got the +1.50 glasses in Black, Brown Leopard, and Grey Leopard.  They're so comfortable and I love wearing the oversized glasses.  I can read my books much better with then, more room to move my eyes around instead of those tiny cheap glasses from the dollar store.  Also, the blue light in those glasses is a major plus which protects my eyes from the light screen on my tablet or while I'm reading a regular book, even the small fonts on a pill container, or nail polish color description which is super tiny to read.  I'd recommend these glasses for anyone who love style.  I've gotten complements on them :-)",True,Color: Black&leopard&grey LeopardMagnification Strength: 1.5 x,['https://m.media-amazon.com/images/I/71F08GuRCkL._SY88.jpg'],88,1937,344,https://www.amazon.com/product-reviews/B09NZJYH4D?pageNumber=9&filterByStar=all_stars&sortBy=helpful&formatType=all_formats,allStars,,"{'price': None, 'listPrice': None}",2022-07-11,United States,,B09NZJYH4D,0.9804
88,88,5,Great value,R2O6V9X2I4S4MF,https://www.amazon.com/gp/customer-reviews/R2O6V9X2I4S4MF/ref=cm_cr_arp_d_rvw_ttl?ie=UTF8&ASIN=B09NZJYH4D,2 people found this helpful,"Reviewed in the United States on April 4, 2023","These look much more expensive than they are. They do help with eye fatigue on days when I’m on zooms calls hours on end.I get a lot of compliments when I wear them.Side benefit, when you wear them on zoom, they shade your eyes (even with lights) so you can get away with no makeup. To me, that’s a big plus.",True,Color: Black&leopard&grey LeopardMagnification Strength: 3.0 x,[],89,1937,344,https://www.amazon.com/product-reviews/B09NZJYH4D?pageNumber=9&filterByStar=all_stars&sortBy=helpful&formatType=all_formats,allStars,,"{'price': None, 'listPrice': None}",2023-04-04,United States,,B09NZJYH4D,0.6369
89,89,2,Poor visual,RPVGINIMTXIR6,https://www.amazon.com/gp/customer-reviews/RPVGINIMTXIR6/ref=cm_cr_arp_d_rvw_ttl?ie=UTF8&ASIN=B09NZJYH4D,,"Reviewed in the United States on February 19, 2024",Very hard to focus or see.  NOt sure if because the readers are not true to a 2.0 but also lens is blurry.,True,Color: Yellow Sunset&blue Sunset&pink SunsetMagnification Strength: 2.0 x,[],90,1937,344,https://www.amazon.com/product-reviews/B09NZJYH4D?pageNumber=9&filterByStar=all_stars&sortBy=helpful&formatType=all_formats,allStars,,"{'price': None, 'listPrice': None}",2024-02-19,United States,,B09NZJYH4D,-0.4755
