,Unnamed: 0,ratingScore,reviewTitle,reviewId,reviewUrl,reviewReaction,reviewedIn,reviewDescription,isVerified,variant,reviewImages,position,totalCategoryRatings,totalCategoryReviews,reviewCategoryUrl,filterByRating,filterByKeyword,product,date,country,countryCode,productAsin,sentiment_score
0,0,5,Great glasses!,R17RFR65HS6ZQF,https://www.amazon.com/gp/customer-reviews/R17RFR65HS6ZQF/ref=cm_cr_arp_d_rvw_ttl?ie=UTF8&ASIN=B09PRDMKZW,2 people found this helpful,"Reviewed in the United States on March 13, 2024","I am really impressed with these glasses. The colors are attractive, and the price is right. Add to that they are comfortable to wear.  I just ordered another set.",True,Color: 6 Pack MixMagnification Strength: 1.5 x,[],1,3716,647,https://www.amazon.com/product-reviews/B09PRDMKZW?pageNumber=1&filterByStar=all_stars&sortBy=helpful&formatType=all_formats,allStars,,"{'price': None, 'listPrice': None}",2024-03-13,United States,,B09PRDMKZW,0.8622
1,1,5,multifunction glasses really do help.,RT9L5G93B5VK1,https://www.amazon.com/gp/customer-reviews/RT9L5G93B5VK1/ref=cm_cr_arp_d_rvw_ttl?ie=UTF8&ASIN=B09PRDMKZW,4 people found this helpful,"Reviewed in the United States on January 1, 2024","I find that these glasses were pretty accurate to be readers.  It's a plus that they actually are blue light protecting as well.  It also comes with a dye so you can tell if it's blocking out the blue light.  They are pretty sturdy, especially at the joints where the earpiece folds in.  Since wearing them I can tell my eyes are not as tired after sitting at the computer for a couple of hours or so.  They come in a variety of colors and are ""fashionable"" enough for me.  With 6 in the pack, I can put them all over the house or keep a couple for spares in a drawer.  They each have a little carrying case that's pretty thin, but not a big deal for me.  They arrived intact and sooner than expected.",True,Color: 6 Pack MixMagnification Strength: 2.0 x,[],2,3716,647,https://www.amazon.com/product-reviews/B09PRDMKZW?pageNumber=1&filterByStar=all_stars&sortBy=helpful&formatType=all_formats,allStars,,"{'price': None, 'listPrice': None}",2024-01-01,United States,,B09PRDMKZW,0.7878
2,2,5,This is the best pack of readers!!,R230HNDINRDLST,https://www.amazon.com/gp/customer-reviews/R230HNDINRDLST/ref=cm_cr_arp_d_rvw_ttl?ie=UTF8&ASIN=B09PRDMKZW,,"Reviewed in the United States on April 2, 2024","1.5 strength is hard to find in stores.  Since I like to keep them in practically every room in the house, a multipack is fantastic.  These are fairly stylish for the price AND each pair comes with a case.  (I actually get compliments on the bright colored ones.)  I accidentally knocked the lens out of the last pair of readers I had in my bag, while I was looking for my house keys.  These little compact glasses with the case, keep them protected from my keys and my fat fingers.",True,Color: 6 Pack MixMagnification Strength: 1.5 x,[],3,3716,647,https://www.amazon.com/product-reviews/B09PRDMKZW?pageNumber=1&filterByStar=all_stars&sortBy=helpful&formatType=all_formats,allStars,,"{'price': None, 'listPrice': None}",2024-04-02,United States,,B09PRDMKZW,0.9325
3,3,4,Wrong strength!,R3TNKV97L767XX,https://www.amazon.com/gp/customer-reviews/R3TNKV97L767XX/ref=cm_cr_arp_d_rvw_ttl?ie=UTF8&ASIN=B09PRDMKZW,,"Reviewed in the United States on April 2, 2024","The strength wasn't strong enough, but the appearance was great so I returned them.",True,Color: *A1 6 Pack MulticolorMagnification Strength: 2.0 x,[],4,3716,647,https://www.amazon.com/product-reviews/B09PRDMKZW?pageNumber=1&filterByStar=all_stars&sortBy=helpful&formatType=all_formats,allStars,,"{'price': None, 'listPrice': None}",2024-04-02,United States,,B09PRDMKZW,0.7845
4,4,5,Nice quality,R3JM6DX4UBB0TB,https://www.amazon.com/gp/customer-reviews/R3JM6DX4UBB0TB/ref=cm_cr_arp_d_rvw_ttl?ie=UTF8&ASIN=B09PRDMKZW,,"Reviewed in the United States on March 14, 2024",Quality glasses for the price. Variety of colors are fun !,True,Color: 6 Pack MixMagnification Strength: 2.5 x,[],5,3716,647,https://www.amazon.com/product-reviews/B09PRDMKZW?pageNumber=1&filterByStar=all_stars&sortBy=helpful&formatType=all_formats,allStars,,"{'price': None, 'listPrice': None}",2024-03-14,United States,,B09PRDMKZW,0.5562
5,5,5,nice glasses!,R3F02A8V5SCOTT,https://www.amazon.com/gp/customer-reviews/R3F02A8V5SCOTT/ref=cm_cr_arp_d_rvw_ttl?ie=UTF8&ASIN=B09PRDMKZW,5 people found this helpful,"Reviewed in the United States on January 21, 2024","I am genuinely impressed with these reading glasses! Their durability is exceptional—no lens scratches, and the hinges show no signs of breaking. Keeping them clean is a breeze, and the vibrant colors add a delightful touch. The color-coordinated cases are not only aesthetically pleasing but also durable. The price is unbeatable, and I can't express enough how satisfied I am with them!I plan to purchase them again as I like to have a pair in every room. My husband has a habit of misplacing his glasses, so having multiple pairs comes in handy. Whoever happens to find them is indeed fortunate! Don't hesitate—these glasses are a fantastic buy!",True,Color: 6 Pack MixMagnification Strength: 2.0 x,[],6,3716,647,https://www.amazon.com/product-reviews/B09PRDMKZW?pageNumber=1&filterByStar=all_stars&sortBy=helpful&formatType=all_formats,allStars,,"{'price': None, 'listPrice': None}",2024-01-21,United States,,B09PRDMKZW,0.9715
6,6,3,"Fun frame colors w/ case (low quality), Sloppy fit, Glass has spots of 'fog', okay for quick read",R3RZ0L5X77ABLB,https://www.amazon.com/gp/customer-reviews/R3RZ0L5X77ABLB/ref=cm_cr_arp_d_rvw_ttl?ie=UTF8&ASIN=B09PRDMKZW,6 people found this helpful,"Reviewed in the United States on May 11, 2023","If you need some affordable glasses all over the place and don't want to invest in a better quality to keep on your person, then these are do-able. The frame colors/patterns are fun and it was nice to have a glass case (low quality) for each pair to protect the glasses from getting scratched. They do fit sloppy and the glass had spots of fog on some of them so they aren't completely comfortable. They are very light weight if you like that. I can appreciate the price point!  I don't look forward to wearing them but when I need readers all over the place to grab, they will work for a quick read.  If they come up missing, for the price, it's no big deal.  Each pair fit differently on my face and each pair were loose fitting, probably because I do have a small face/head.  Be careful when removing the little sticker as holding the frames too tightly could cause them to break.  I gave 3 stars for the Antiglare because the 'fog' spots are not desirable.",True,Color: *A1 6 Pack MulticolorMagnification Strength: 2.25 x,"['https://m.media-amazon.com/images/I/71u561OVp6L._SY88.jpg', 'https://m.media-amazon.com/images/I/71yLciJY9eL._SY88.jpg']",7,3716,647,https://www.amazon.com/product-reviews/B09PRDMKZW?pageNumber=1&filterByStar=all_stars&sortBy=helpful&formatType=all_formats,allStars,,"{'price': None, 'listPrice': None}",2023-05-11,United States,,B09PRDMKZW,0.3671
7,7,5,Love them,RGXNIB0KGEFMP,https://www.amazon.com/gp/customer-reviews/RGXNIB0KGEFMP/ref=cm_cr_arp_d_rvw_ttl?ie=UTF8&ASIN=B09PRDMKZW,One person found this helpful,"Reviewed in the United States on February 1, 2024",I love these glasses! I have a small face and these fit perfectly. The lenses are so clear..and the blue filter is amazing. The frames are very stylish and flattering. Great product at a very good price.,True,Color: 6 Pack MixMagnification Strength: 1.75 x,[],8,3716,647,https://www.amazon.com/product-reviews/B09PRDMKZW?pageNumber=1&filterByStar=all_stars&sortBy=helpful&formatType=all_formats,allStars,,"{'price': None, 'listPrice': None}",2024-02-01,United States,,B09PRDMKZW,0.9773
8,8,5,Love my glasses,R38BE64LOTIGLR,https://www.amazon.com/gp/customer-reviews/R38BE64LOTIGLR/ref=cm_cr_arp_d_rvw_ttl?ie=UTF8&ASIN=B09PRDMKZW,,"Reviewed in the United States on March 18, 2024","I tend to lose my glasses or need them in places my readers usually aren't (ie.3 bathrooms, kitchen and 2 offices).  Now I have them exactly where I need them. They are lovely, look fashionable and the strength was perfect for me.  I'll buy them again as needed",True,Color: *A1 6 Pack MulticolorMagnification Strength: 2.25 x,[],9,3716,647,https://www.amazon.com/product-reviews/B09PRDMKZW?pageNumber=1&filterByStar=all_stars&sortBy=helpful&formatType=all_formats,allStars,,"{'price': None, 'listPrice': None}",2024-03-18,United States,,B09PRDMKZW,0.8402
9,9,5,Comfortable 😁😊,R2N51J24BZ4E04,https://www.amazon.com/gp/customer-reviews/R2N51J24BZ4E04/ref=cm_cr_arp_d_rvw_ttl?ie=UTF8&ASIN=B09PRDMKZW,,"Reviewed in the United States on April 1, 2024","More than what I expected, not thin has spring in sides, got a blue light tester, cloth to clean, just perfect",True,Color: 6 Pack MixMagnification Strength: 0.0 x,"['https://m.media-amazon.com/images/I/711wpKOHt+L._SY88.jpg', 'https://m.media-amazon.com/images/I/713G+IABnOL._SY88.jpg', 'https://m.media-amazon.com/images/I/71BYq9SpbjL._SY88.jpg', 'https://m.media-amazon.com/images/I/71Ifui2RzTL._SY88.jpg', 'https://m.media-amazon.com/images/I/71YqxFO9jmL._SY88.jpg']",10,3716,647,https://www.amazon.com/product-reviews/B09PRDMKZW?pageNumber=1&filterByStar=all_stars&sortBy=helpful&formatType=all_formats,allStars,,"{'price': None, 'listPrice': None}",2024-04-01,United States,,B09PRDMKZW,0.7506
10,10,5,Good blue light block,R6VBCHRQB6ECW,https://www.amazon.com/gp/customer-reviews/R6VBCHRQB6ECW/ref=cm_cr_arp_d_rvw_ttl?ie=UTF8&ASIN=B09PRDMKZW,,"Reviewed in the United States on February 25, 2024",I’ve bought these for years. I tried two other brands recently and didn’t like them. The only reason I strayed was that I wanted a whole set that was clearly feminine so they wouldn’t get confused with guy glasses around the house. I’d appreciate a whole set here in feminine colors for that purpose. The set I get now is half feminine and half neutral.I’m tough on glasses. But I rarely break these. I lose them instead. I have a wide face and they do fit.,True,Color: 6 Pack MixMagnification Strength: 3.0 x,[],11,3716,647,https://www.amazon.com/product-reviews/B09PRDMKZW?pageNumber=2&filterByStar=all_stars&sortBy=helpful&formatType=all_formats,allStars,,"{'price': None, 'listPrice': None}",2024-02-25,United States,,B09PRDMKZW,0.8265
11,11,5,Great glasses!,R2Z4P35MQE6JAH,https://www.amazon.com/gp/customer-reviews/R2Z4P35MQE6JAH/ref=cm_cr_arp_d_rvw_ttl?ie=UTF8&ASIN=B09PRDMKZW,,"Reviewed in the United States on March 17, 2024",I love these glasses not only do they look great on me but the colors are great! The best part is you can get them in many strengths to fit your eyes don't hesitate to get these!,True,Color: 6 Pack MixMagnification Strength: 3.0 x,[],12,3716,647,https://www.amazon.com/product-reviews/B09PRDMKZW?pageNumber=2&filterByStar=all_stars&sortBy=helpful&formatType=all_formats,allStars,,"{'price': None, 'listPrice': None}",2024-03-17,United States,,B09PRDMKZW,0.9803
12,12,5,Great for reading,R33L4ZVZWU21UT,https://www.amazon.com/gp/customer-reviews/R33L4ZVZWU21UT/ref=cm_cr_arp_d_rvw_ttl?ie=UTF8&ASIN=B09PRDMKZW,,"Reviewed in the United States on April 5, 2024",Perfect for work,True,Color: 6 Pack MixMagnification Strength: 1.75 x,[],13,3716,647,https://www.amazon.com/product-reviews/B09PRDMKZW?pageNumber=2&filterByStar=all_stars&sortBy=helpful&formatType=all_formats,allStars,,"{'price': None, 'listPrice': None}",2024-04-05,United States,,B09PRDMKZW,0.5719
13,13,5,Just what i was looking for,R2KR3Q0MUQARTB,https://www.amazon.com/gp/customer-reviews/R2KR3Q0MUQARTB/ref=cm_cr_arp_d_rvw_ttl?ie=UTF8&ASIN=B09PRDMKZW,,"Reviewed in the United States on March 19, 2024",Getting glasses at the grocery store had been getting very expensive. These glasses were exactly what I wanted and very affordable.,True,Color: 6 Pack MixMagnification Strength: 2.5 x,[],14,3716,647,https://www.amazon.com/product-reviews/B09PRDMKZW?pageNumber=2&filterByStar=all_stars&sortBy=helpful&formatType=all_formats,allStars,,"{'price': None, 'listPrice': None}",2024-03-19,United States,,B09PRDMKZW,0.0
14,14,5,Excellent and worth the money,RTZWZCUOUT37N,https://www.amazon.com/gp/customer-reviews/RTZWZCUOUT37N/ref=cm_cr_arp_d_rvw_ttl?ie=UTF8&ASIN=B09PRDMKZW,,"Reviewed in the United States on March 24, 2024",6 readers and comes with protective covers for each and a cleaning cloth,True,Color: 6 Pack MixMagnification Strength: 3.0 x,[],15,3716,647,https://www.amazon.com/product-reviews/B09PRDMKZW?pageNumber=2&filterByStar=all_stars&sortBy=helpful&formatType=all_formats,allStars,,"{'price': None, 'listPrice': None}",2024-03-24,United States,,B09PRDMKZW,0.0
15,15,4,Clear vision,R3QN6C0JTD26WR,https://www.amazon.com/gp/customer-reviews/R3QN6C0JTD26WR/ref=cm_cr_arp_d_rvw_ttl?ie=UTF8&ASIN=B09PRDMKZW,,"Reviewed in the United States on February 26, 2024","Great value, fast shipping, only gripe hinges don’t last but at this price it’s a bargain!",True,Color: Light BlackMagnification Strength: 4.0 x,[],16,3716,647,https://www.amazon.com/product-reviews/B09PRDMKZW?pageNumber=2&filterByStar=all_stars&sortBy=helpful&formatType=all_formats,allStars,,"{'price': None, 'listPrice': None}",2024-02-26,United States,,B09PRDMKZW,0.6948
16,16,5,Good,R2BTKOQQ59V74H,https://www.amazon.com/gp/customer-reviews/R2BTKOQQ59V74H/ref=cm_cr_arp_d_rvw_ttl?ie=UTF8&ASIN=B09PRDMKZW,,"Reviewed in the United States on March 29, 2024",Nice frames,True,Color: 6 Pack MixMagnification Strength: 1.75 x,[],17,3716,647,https://www.amazon.com/product-reviews/B09PRDMKZW?pageNumber=2&filterByStar=all_stars&sortBy=helpful&formatType=all_formats,allStars,,"{'price': None, 'listPrice': None}",2024-03-29,United States,,B09PRDMKZW,0.4215
17,17,5,Good quality,RWUPSABDCCIAY,https://www.amazon.com/gp/customer-reviews/RWUPSABDCCIAY/ref=cm_cr_arp_d_rvw_ttl?ie=UTF8&ASIN=B09PRDMKZW,,"Reviewed in the United States on March 23, 2024",Love these readers & the colors are awesome!,True,Color: 6 Pack MixMagnification Strength: 4.0 x,[],18,3716,647,https://www.amazon.com/product-reviews/B09PRDMKZW?pageNumber=2&filterByStar=all_stars&sortBy=helpful&formatType=all_formats,allStars,,"{'price': None, 'listPrice': None}",2024-03-23,United States,,B09PRDMKZW,0.8622
18,18,4,Great selection of colors,R2TN2AY2I67CQU,https://www.amazon.com/gp/customer-reviews/R2TN2AY2I67CQU/ref=cm_cr_arp_d_rvw_ttl?ie=UTF8&ASIN=B09PRDMKZW,One person found this helpful,"Reviewed in the United States on February 27, 2024",They are a bit big for me but otherwise work great.,True,Color: *A1 6 Pack MulticolorMagnification Strength: 2.0 x,[],19,3716,647,https://www.amazon.com/product-reviews/B09PRDMKZW?pageNumber=2&filterByStar=all_stars&sortBy=helpful&formatType=all_formats,allStars,,"{'price': None, 'listPrice': None}",2024-02-27,United States,,B09PRDMKZW,0.7684
19,19,5,😍,R3TWISMMYRT9F4,https://www.amazon.com/gp/customer-reviews/R3TWISMMYRT9F4/ref=cm_cr_arp_d_rvw_ttl?ie=UTF8&ASIN=B09PRDMKZW,,"Reviewed in the United States on March 29, 2024",Awesomeness,True,Color: 6 Pack MixMagnification Strength: 4.0 x,[],20,3716,647,https://www.amazon.com/product-reviews/B09PRDMKZW?pageNumber=2&filterByStar=all_stars&sortBy=helpful&formatType=all_formats,allStars,,"{'price': None, 'listPrice': None}",2024-03-29,United States,,B09PRDMKZW,0.0
20,20,5,Great Looking Glasses,RPKT5K3WTYPAG,https://www.amazon.com/gp/customer-reviews/RPKT5K3WTYPAG/ref=cm_cr_arp_d_rvw_ttl?ie=UTF8&ASIN=B09PRDMKZW,,"Reviewed in the United States on January 15, 2024",Arrived quickly. Great looking. I’d order them again.,True,Color: 6 Pack MixMagnification Strength: 2.5 x,[],61,3716,647,https://www.amazon.com/product-reviews/B09PRDMKZW?pageNumber=7&filterByStar=all_stars&sortBy=helpful&formatType=all_formats,allStars,,"{'price': None, 'listPrice': None}",2024-01-15,United States,,B09PRDMKZW,0.6249
21,21,5,As advertised,RYNTYD1A50V6Y,https://www.amazon.com/gp/customer-reviews/RYNTYD1A50V6Y/ref=cm_cr_arp_d_rvw_ttl?ie=UTF8&ASIN=B09PRDMKZW,,"Reviewed in the United States on December 14, 2023","Just as advertised. The case is thin, as I expected. Also received a bonus tiny light. About the size of the last joint of my thumb. Cute. These glasses have helped.I bought the  2.75 strength.",True,Color: 6 Pack MixMagnification Strength: 2.75 x,[],62,3716,647,https://www.amazon.com/product-reviews/B09PRDMKZW?pageNumber=7&filterByStar=all_stars&sortBy=helpful&formatType=all_formats,allStars,,"{'price': None, 'listPrice': None}",2023-12-14,United States,,B09PRDMKZW,0.8658
22,22,5,arrived on time,R1HDKTJH81FQZW,https://www.amazon.com/gp/customer-reviews/R1HDKTJH81FQZW/ref=cm_cr_arp_d_rvw_ttl?ie=UTF8&ASIN=B09PRDMKZW,,"Reviewed in the United States on January 18, 2024",just what I needed,True,Color: 6 Pack MixMagnification Strength: 2.5 x,[],63,3716,647,https://www.amazon.com/product-reviews/B09PRDMKZW?pageNumber=7&filterByStar=all_stars&sortBy=helpful&formatType=all_formats,allStars,,"{'price': None, 'listPrice': None}",2024-01-18,United States,,B09PRDMKZW,0.0
23,23,4,No excuse to not have a nearby pair,R16X5B6TGYKC40,https://www.amazon.com/gp/customer-reviews/R16X5B6TGYKC40/ref=cm_cr_arp_d_rvw_ttl?ie=UTF8&ASIN=B09PRDMKZW,One person found this helpful,"Reviewed in the United States on October 1, 2023",My wife really likes having a half dozen pairs at strategic places around the house.,True,Color: 6 Pack MixMagnification Strength: 2.75 x,[],64,3716,647,https://www.amazon.com/product-reviews/B09PRDMKZW?pageNumber=7&filterByStar=all_stars&sortBy=helpful&formatType=all_formats,allStars,,"{'price': None, 'listPrice': None}",2023-10-01,United States,,B09PRDMKZW,0.4754
24,24,4,They are fun and look nice. So many beautiful glasses.,R2Z7QGTA3XOBNX,https://www.amazon.com/gp/customer-reviews/R2Z7QGTA3XOBNX/ref=cm_cr_arp_d_rvw_ttl?ie=UTF8&ASIN=B09PRDMKZW,,"Reviewed in the United States on September 8, 2023",I loved them . Put them in place im always missing my reading glasses. So many for so many area to use them. Looks good.,True,Color: *A1 6 Pack MulticolorMagnification Strength: 2.0 x,[],65,3716,647,https://www.amazon.com/product-reviews/B09PRDMKZW?pageNumber=7&filterByStar=all_stars&sortBy=helpful&formatType=all_formats,allStars,,"{'price': None, 'listPrice': None}",2023-09-08,United States,,B09PRDMKZW,0.6808
25,25,5,Very stylish,R3M6YLBB1RQ5ZF,https://www.amazon.com/gp/customer-reviews/R3M6YLBB1RQ5ZF/ref=cm_cr_arp_d_rvw_ttl?ie=UTF8&ASIN=B09PRDMKZW,One person found this helpful,"Reviewed in the United States on January 5, 2024","These are super cute, truly block the blue light & are very sturdy! Worth every penny!",True,Color: 6 Pack MixMagnification Strength: 1.75 x,[],66,3716,647,https://www.amazon.com/product-reviews/B09PRDMKZW?pageNumber=7&filterByStar=all_stars&sortBy=helpful&formatType=all_formats,allStars,,"{'price': None, 'listPrice': None}",2024-01-05,United States,,B09PRDMKZW,0.8645
26,26,5,Fashionable and Colorful!,R1NWGFE509XSCT,https://www.amazon.com/gp/customer-reviews/R1NWGFE509XSCT/ref=cm_cr_arp_d_rvw_ttl?ie=UTF8&ASIN=B09PRDMKZW,One person found this helpful,"Reviewed in the United States on December 25, 2023",Love the strength for reading and the colors are fun to match whatever I’m wearing! Sturdy glass frames too!,True,Color: 6 Pack MixMagnification Strength: 3.5 x,[],67,3716,647,https://www.amazon.com/product-reviews/B09PRDMKZW?pageNumber=7&filterByStar=all_stars&sortBy=helpful&formatType=all_formats,allStars,,"{'price': None, 'listPrice': None}",2023-12-25,United States,,B09PRDMKZW,0.9059
27,27,5,These are great and look wonderful.,R10YMKV1Z3WU3R,https://www.amazon.com/gp/customer-reviews/R10YMKV1Z3WU3R/ref=cm_cr_arp_d_rvw_ttl?ie=UTF8&ASIN=B09PRDMKZW,One person found this helpful,"Reviewed in the United States on November 18, 2023","I think it is a great deal for the money, and I love the fact that they are all different, I leave them in different rooms and I know that the blue ones stay in the bedroom, etc. Great value, great quality.",True,Color: 6 Pack MixMagnification Strength: 1.75 x,[],68,3716,647,https://www.amazon.com/product-reviews/B09PRDMKZW?pageNumber=7&filterByStar=all_stars&sortBy=helpful&formatType=all_formats,allStars,,"{'price': None, 'listPrice': None}",2023-11-18,United States,,B09PRDMKZW,0.9623
28,28,4,nice product,R3PGULXD4U8329,https://www.amazon.com/gp/customer-reviews/R3PGULXD4U8329/ref=cm_cr_arp_d_rvw_ttl?ie=UTF8&ASIN=B09PRDMKZW,,"Reviewed in the United States on September 12, 2023","great quality, looks good and come with a soft case, happy with purchase",True,Color: 6 Pack MixMagnification Strength: 2.0 x,[],69,3716,647,https://www.amazon.com/product-reviews/B09PRDMKZW?pageNumber=7&filterByStar=all_stars&sortBy=helpful&formatType=all_formats,allStars,,"{'price': None, 'listPrice': None}",2023-09-12,United States,,B09PRDMKZW,0.8934
29,29,5,Best money I've spent on reading glasses,R3NLC33BNVEPEY,https://www.amazon.com/gp/customer-reviews/R3NLC33BNVEPEY/ref=cm_cr_arp_d_rvw_ttl?ie=UTF8&ASIN=B09PRDMKZW,3 people found this helpful,"Reviewed in the United States on August 6, 2023","I've spent over $30 for one pair of reading glasses and they didn't last any longer then a $5 pair. These are nice and you get 6 pair for what I normally pay for 2. These are also the first pair I have had that have the blue light removed, something I wouldn't have notice before, but when I compare the old with the new it does seem to make a difference as I'm not getting headaches while using them. I haven't had them long enough to say how long they last but even if they last close to as long as my others I count that as a win!",True,Color: 6 Pack MixMagnification Strength: 2.25 x,[],70,3716,647,https://www.amazon.com/product-reviews/B09PRDMKZW?pageNumber=7&filterByStar=all_stars&sortBy=helpful&formatType=all_formats,allStars,,"{'price': None, 'listPrice': None}",2023-08-06,United States,,B09PRDMKZW,0.8016
30,30,5,Great price!,R2VP72PY2A7E1G,https://www.amazon.com/gp/customer-reviews/R2VP72PY2A7E1G/ref=cm_cr_arp_d_rvw_ttl?ie=UTF8&ASIN=B09PRDMKZW,,"Reviewed in the United States on December 10, 2023",This is perfect for me. I can leave a pair all over the house. Good quality also,True,Color: 6 Pack MixMagnification Strength: 3.5 x,[],81,3716,647,https://www.amazon.com/product-reviews/B09PRDMKZW?pageNumber=9&filterByStar=all_stars&sortBy=helpful&formatType=all_formats,allStars,,"{'price': None, 'listPrice': None}",2023-12-10,United States,,B09PRDMKZW,0.7506
31,31,5,Must have for around the house,R2NPOZ4965PFX4,https://www.amazon.com/gp/customer-reviews/R2NPOZ4965PFX4/ref=cm_cr_arp_d_rvw_ttl?ie=UTF8&ASIN=B09PRDMKZW,One person found this helpful,"Reviewed in the United States on December 2, 2023","A pair by every table, book book and phoneGreat look and quality is about what you would expect for the price",True,Color: 6 Pack MixMagnification Strength: 1.75 x,[],82,3716,647,https://www.amazon.com/product-reviews/B09PRDMKZW?pageNumber=9&filterByStar=all_stars&sortBy=helpful&formatType=all_formats,allStars,,"{'price': None, 'listPrice': None}",2023-12-02,United States,,B09PRDMKZW,0.0
32,32,4,Helping a bunch!,R28OC4QO6OE8IU,https://www.amazon.com/gp/customer-reviews/R28OC4QO6OE8IU/ref=cm_cr_arp_d_rvw_ttl?ie=UTF8&ASIN=B09PRDMKZW,One person found this helpful,"Reviewed in the United States on July 21, 2023","With dry eyes and floaters, the blue light was not helping.  These glasses have actually been helping!  Very cute, lightweight. Don't stay on top of your head very well.....oh well.",True,Color: *A1 6 Pack MulticolorMagnification Strength: 1.5 x,[],83,3716,647,https://www.amazon.com/product-reviews/B09PRDMKZW?pageNumber=9&filterByStar=all_stars&sortBy=helpful&formatType=all_formats,allStars,,"{'price': None, 'listPrice': None}",2023-07-21,United States,,B09PRDMKZW,0.3809
33,33,5,I can see,R38EENWGLHT7GJ,https://www.amazon.com/gp/customer-reviews/R38EENWGLHT7GJ/ref=cm_cr_arp_d_rvw_ttl?ie=UTF8&ASIN=B09PRDMKZW,2 people found this helpful,"Reviewed in the United States on October 3, 2023","These are the best eye glasses I've ever bought... I thought they would be regular reading glasses, I was nicely surprised to realize I could see much farther in these than any other I've purchased. They stay in place, great for any occasion if you're like me and have to match everything 😉",True,Color: 6 Pack MixMagnification Strength: 2.5 x,[],84,3716,647,https://www.amazon.com/product-reviews/B09PRDMKZW?pageNumber=9&filterByStar=all_stars&sortBy=helpful&formatType=all_formats,allStars,,"{'price': None, 'listPrice': None}",2023-10-03,United States,,B09PRDMKZW,0.9393
34,34,5,Seeing,R1VZUTGPYSLYK4,https://www.amazon.com/gp/customer-reviews/R1VZUTGPYSLYK4/ref=cm_cr_arp_d_rvw_ttl?ie=UTF8&ASIN=B09PRDMKZW,,"Reviewed in the United States on December 23, 2023",Colorful frames and sturdy,True,Color: 6 Pack MixMagnification Strength: 2.0 x,[],85,3716,647,https://www.amazon.com/product-reviews/B09PRDMKZW?pageNumber=9&filterByStar=all_stars&sortBy=helpful&formatType=all_formats,allStars,,"{'price': None, 'listPrice': None}",2023-12-23,United States,,B09PRDMKZW,0.0
35,35,5,I really like them,R1GS6TLO0J4SQU,https://www.amazon.com/gp/customer-reviews/R1GS6TLO0J4SQU/ref=cm_cr_arp_d_rvw_ttl?ie=UTF8&ASIN=B09PRDMKZW,,"Reviewed in the United States on September 28, 2023","I can’t believe how good these glasses fit. I have a wide base of my nose and usually glasses don’t fit me well at all and I’m so happy with these ones, plus they come with all these fun colors. The anti blue filter makes everything look so clear, I love them. 5 stars!",True,Color: 6 Pack MixMagnification Strength: 1.25 x,[],86,3716,647,https://www.amazon.com/product-reviews/B09PRDMKZW?pageNumber=9&filterByStar=all_stars&sortBy=helpful&formatType=all_formats,allStars,,"{'price': None, 'listPrice': None}",2023-09-28,United States,,B09PRDMKZW,0.9747
36,36,4,Check each pair,R2FFJS1HJRHLXT,https://www.amazon.com/gp/customer-reviews/R2FFJS1HJRHLXT/ref=cm_cr_arp_d_rvw_ttl?ie=UTF8&ASIN=B09PRDMKZW,,"Reviewed in the United States on July 6, 2023","I loved the colors! However just my luck I pulled a pair out and nothing. No magnification at all. I checked the other 5 pair in the pack, and they were as supposed to be.",True,Color: *A1 6 Pack MulticolorMagnification Strength: 1.25 x,[],87,3716,647,https://www.amazon.com/product-reviews/B09PRDMKZW?pageNumber=9&filterByStar=all_stars&sortBy=helpful&formatType=all_formats,allStars,,"{'price': None, 'listPrice': None}",2023-07-06,United States,,B09PRDMKZW,0.8095
37,37,5,Fits perfect,R249DZNNR5E8VM,https://www.amazon.com/gp/customer-reviews/R249DZNNR5E8VM/ref=cm_cr_arp_d_rvw_ttl?ie=UTF8&ASIN=B09PRDMKZW,7 people found this helpful,"Reviewed in the United States on September 28, 2023","It comes with 6 reading glasses and then cases for all of them. This strength is 125. I really love the styles and colors I can switch to match my scrubs . Also it's so comfy I left them on all day on accident . I ordered this and the next day I received. Anti glare, lightweight",True,Color: *A1 6 Pack MulticolorMagnification Strength: 1.25 x,['https://m.media-amazon.com/images/I/61AwLAZsR-L._SY88.jpg'],88,3716,647,https://www.amazon.com/product-reviews/B09PRDMKZW?pageNumber=9&filterByStar=all_stars&sortBy=helpful&formatType=all_formats,allStars,,"{'price': None, 'listPrice': None}",2023-09-28,United States,,B09PRDMKZW,0.5095
38,38,5,Fantastic Reading Glasses!,R2M6KUGDN28OQW,https://www.amazon.com/gp/customer-reviews/R2M6KUGDN28OQW/ref=cm_cr_arp_d_rvw_ttl?ie=UTF8&ASIN=B09PRDMKZW,One person found this helpful,"Reviewed in the United States on October 25, 2023",I use this product for doing a lot of reading.  I can see so clearly out of these glasses! I absolutely love the variety of colors and shapes! Great job Amazon!,True,Color: 6 Pack MixMagnification Strength: 2.75 x,[],89,3716,647,https://www.amazon.com/product-reviews/B09PRDMKZW?pageNumber=9&filterByStar=all_stars&sortBy=helpful&formatType=all_formats,allStars,,"{'price': None, 'listPrice': None}",2023-10-25,United States,,B09PRDMKZW,0.9399
39,39,2,Not as good as I presumed,R22P8M5HC8YCU4,https://www.amazon.com/gp/customer-reviews/R22P8M5HC8YCU4/ref=cm_cr_arp_d_rvw_ttl?ie=UTF8&ASIN=B09PRDMKZW,,"Reviewed in the United States on December 2, 2023","Since I need reading glasses, I buy an assortment of them, from a multitude of stores. These were my first reading glasses purchase on Amazon. I was out of the country and started using them in November. They are good when you are working / reading; but if you have to look at something which is less than 2-3 feet away, everything becomes blur. Which is NOT the case for the reading glasses brought from other stores such as Fred Meyers, Dollar Store or Target. I understand that the main purpose is clarity for nearby reading / working, but things within 2-3-4 feet should be visible / readable too. For instance, I use Target reading glasses [same power as these!] for driving and am able to read the street signs clearly, but w/ these glasses, it is impossible, the letters are all blur. Disappointed user. Sadly, I cannot return them, as I am past the 9- day period.",True,Color: 6 Pack MixMagnification Strength: 3.5 x,[],90,3716,647,https://www.amazon.com/product-reviews/B09PRDMKZW?pageNumber=9&filterByStar=all_stars&sortBy=helpful&formatType=all_formats,allStars,,"{'price': None, 'listPrice': None}",2023-12-02,United States,,B09PRDMKZW,0.2124
40,40,3,Its ok,R5D9MNTVVAOL7,https://www.amazon.com/gp/customer-reviews/R5D9MNTVVAOL7/ref=cm_cr_arp_d_rvw_ttl?ie=UTF8&ASIN=B09PRDMKZW,,"Reviewed in the United States on January 12, 2024",I'm still getting headaches when I view the screen.,True,Color: Light BlackMagnification Strength: 2.0 x,[],71,3716,647,https://www.amazon.com/product-reviews/B09PRDMKZW?pageNumber=8&filterByStar=all_stars&sortBy=helpful&formatType=all_formats,allStars,,"{'price': None, 'listPrice': None}",2024-01-12,United States,,B09PRDMKZW,0.0
41,41,5,Nice quality,R1JD4DKOIPPKER,https://www.amazon.com/gp/customer-reviews/R1JD4DKOIPPKER/ref=cm_cr_arp_d_rvw_ttl?ie=UTF8&ASIN=B09PRDMKZW,,"Reviewed in the United States on December 2, 2023","I purchased some from another brand and company and 4 pair that I had broken within 2-3 months.  These have a good quality feel, and are really stylish also.",True,Color: *A1 6 Pack MulticolorMagnification Strength: 1.5 x,[],72,3716,647,https://www.amazon.com/product-reviews/B09PRDMKZW?pageNumber=8&filterByStar=all_stars&sortBy=helpful&formatType=all_formats,allStars,,"{'price': None, 'listPrice': None}",2023-12-02,United States,,B09PRDMKZW,-0.0516
42,42,5,works great,R36I7S6IIUZ5P5,https://www.amazon.com/gp/customer-reviews/R36I7S6IIUZ5P5/ref=cm_cr_arp_d_rvw_ttl?ie=UTF8&ASIN=B09PRDMKZW,,"Reviewed in the United States on January 1, 2024",wifes 2nd order they are well made,True,Color: 6 Pack MixMagnification Strength: 3.0 x,[],73,3716,647,https://www.amazon.com/product-reviews/B09PRDMKZW?pageNumber=8&filterByStar=all_stars&sortBy=helpful&formatType=all_formats,allStars,,"{'price': None, 'listPrice': None}",2024-01-01,United States,,B09PRDMKZW,0.2732
43,43,5,Good Product At A Bargain Price,R9NMUETHCBLE8,https://www.amazon.com/gp/customer-reviews/R9NMUETHCBLE8/ref=cm_cr_arp_d_rvw_ttl?ie=UTF8&ASIN=B09PRDMKZW,One person found this helpful,"Reviewed in the United States on December 5, 2023","Finding 4.strength reading glasses is difficult. At $3/pair, these are a bargain.  They're well made, nice looking, and, most importantly, do the job!",True,Color: Black-transparentMagnification Strength: 4.0 x,[],74,3716,647,https://www.amazon.com/product-reviews/B09PRDMKZW?pageNumber=8&filterByStar=all_stars&sortBy=helpful&formatType=all_formats,allStars,,"{'price': None, 'listPrice': None}",2023-12-05,United States,,B09PRDMKZW,0.7257
44,44,4,Very cute just too strong for me.,R1YBO37XVSX3WL,https://www.amazon.com/gp/customer-reviews/R1YBO37XVSX3WL/ref=cm_cr_arp_d_rvw_ttl?ie=UTF8&ASIN=B09PRDMKZW,,"Reviewed in the United States on September 7, 2023",.300 too strong fo me. They are very cute and good value.,True,Color: 6 Pack MixMagnification Strength: 2.75 x,[],75,3716,647,https://www.amazon.com/product-reviews/B09PRDMKZW?pageNumber=8&filterByStar=all_stars&sortBy=helpful&formatType=all_formats,allStars,,"{'price': None, 'listPrice': None}",2023-09-07,United States,,B09PRDMKZW,0.9033
45,45,3,Just ok,R2DUUE76HEV4OD,https://www.amazon.com/gp/customer-reviews/R2DUUE76HEV4OD/ref=cm_cr_arp_d_rvw_ttl?ie=UTF8&ASIN=B09PRDMKZW,One person found this helpful,"Reviewed in the United States on December 7, 2023","As much as I wanted to like these readers I do not! They are heavy and slip down my nose. I love the colors and protection from screen time. But sadly these glasses don't work for me. I should have noticed they are full size, not half.",True,Color: 6 Pack MixMagnification Strength: 2.75 x,[],76,3716,647,https://www.amazon.com/product-reviews/B09PRDMKZW?pageNumber=8&filterByStar=all_stars&sortBy=helpful&formatType=all_formats,allStars,,"{'price': None, 'listPrice': None}",2023-12-07,United States,,B09PRDMKZW,-0.1635
46,46,5,Great Glasses,R1EMG5523XJYF5,https://www.amazon.com/gp/customer-reviews/R1EMG5523XJYF5/ref=cm_cr_arp_d_rvw_ttl?ie=UTF8&ASIN=B09PRDMKZW,One person found this helpful,"Reviewed in the United States on December 24, 2023","Looks good , love the colors. Fit perfect, extremely happy with purchase.",True,Color: 6 Pack MixMagnification Strength: 2.25 x,[],77,3716,647,https://www.amazon.com/product-reviews/B09PRDMKZW?pageNumber=8&filterByStar=all_stars&sortBy=helpful&formatType=all_formats,allStars,,"{'price': None, 'listPrice': None}",2023-12-24,United States,,B09PRDMKZW,0.9538
47,47,5,I am happy with it!,R1EVK0ORQ4B0DJ,https://www.amazon.com/gp/customer-reviews/R1EVK0ORQ4B0DJ/ref=cm_cr_arp_d_rvw_ttl?ie=UTF8&ASIN=B09PRDMKZW,,"Reviewed in the United States on November 29, 2023",Exactly what I expected. I have no complaints and I think it is such a good deal. I like that I get to have all the little bags.,True,Color: *A1 6 Pack MulticolorMagnification Strength: 1.5 x,[],78,3716,647,https://www.amazon.com/product-reviews/B09PRDMKZW?pageNumber=8&filterByStar=all_stars&sortBy=helpful&formatType=all_formats,allStars,,"{'price': None, 'listPrice': None}",2023-11-29,United States,,B09PRDMKZW,0.128
48,48,4,Muy bueno,R2DR7OQPPOJSJY,https://www.amazon.com/gp/customer-reviews/R2DR7OQPPOJSJY/ref=cm_cr_arp_d_rvw_ttl?ie=UTF8&ASIN=B09PRDMKZW,,"Reviewed in the United States on September 11, 2023","Livianos, cómodos, excelente relación precio y cantidad",True,,[],79,3716,647,https://www.amazon.com/product-reviews/B09PRDMKZW?pageNumber=8&filterByStar=all_stars&sortBy=helpful&formatType=all_formats,allStars,,"{'price': None, 'listPrice': None}",2023-09-11,United States,,B09PRDMKZW,0.0
49,49,4,Variety,RLJ2VN8AZR32J,https://www.amazon.com/gp/customer-reviews/RLJ2VN8AZR32J/ref=cm_cr_arp_d_rvw_ttl?ie=UTF8&ASIN=B09PRDMKZW,8 people found this helpful,"Reviewed in the United States on July 13, 2023",I like these glasses for the variety of colors. I am disappointed that one pair has already cracked and the screw won’t stay in which make me sad. I have bought from this company before I did again because I had to go up in strength.,True,Color: 6 Pack MixMagnification Strength: 1.25 x,['https://m.media-amazon.com/images/I/81GVxBLGQRL._SY88.jpg'],80,3716,647,https://www.amazon.com/product-reviews/B09PRDMKZW?pageNumber=8&filterByStar=all_stars&sortBy=helpful&formatType=all_formats,allStars,,"{'price': None, 'listPrice': None}",2023-07-13,United States,,B09PRDMKZW,-0.2263
50,50,5,A terrific buy,R7V2HJXO7FLJX,https://www.amazon.com/gp/customer-reviews/R7V2HJXO7FLJX/ref=cm_cr_arp_d_rvw_ttl?ie=UTF8&ASIN=B09PRDMKZW,,"Reviewed in the United States on March 5, 2024",I’ve purchased these glasses several times.  I keep a pair in every place in my house.  Good clear glass with the blue tint for computer work.,True,Color: 6 Pack MixMagnification Strength: 2.5 x,[],21,3716,647,https://www.amazon.com/product-reviews/B09PRDMKZW?pageNumber=3&filterByStar=all_stars&sortBy=helpful&formatType=all_formats,allStars,,"{'price': None, 'listPrice': None}",2024-03-05,United States,,B09PRDMKZW,0.6705
51,51,5,Quick delivery!,R29WC2Y05907MT,https://www.amazon.com/gp/customer-reviews/R29WC2Y05907MT/ref=cm_cr_arp_d_rvw_ttl?ie=UTF8&ASIN=B09PRDMKZW,,"Reviewed in the United States on March 24, 2024",Great product.,True,Color: 6 Pack MixMagnification Strength: 3.0 x,[],22,3716,647,https://www.amazon.com/product-reviews/B09PRDMKZW?pageNumber=3&filterByStar=all_stars&sortBy=helpful&formatType=all_formats,allStars,,"{'price': None, 'listPrice': None}",2024-03-24,United States,,B09PRDMKZW,0.6249
52,52,5,They're great to have all around the house. Now I don't have to search whenever I need a pair.,RT6K12EDXPVZG,https://www.amazon.com/gp/customer-reviews/RT6K12EDXPVZG/ref=cm_cr_arp_d_rvw_ttl?ie=UTF8&ASIN=B09PRDMKZW,,"Reviewed in the United States on March 12, 2024","Just had eye surgery, have 20-20 vision but need them for up close reading.",True,Color: 6 Pack MixMagnification Strength: 2.25 x,[],23,3716,647,https://www.amazon.com/product-reviews/B09PRDMKZW?pageNumber=3&filterByStar=all_stars&sortBy=helpful&formatType=all_formats,allStars,,"{'price': None, 'listPrice': None}",2024-03-12,United States,,B09PRDMKZW,0.128
53,53,5,Love,R10EDYAH6J7QR6,https://www.amazon.com/gp/customer-reviews/R10EDYAH6J7QR6/ref=cm_cr_arp_d_rvw_ttl?ie=UTF8&ASIN=B09PRDMKZW,,"Reviewed in the United States on March 16, 2024",Great colors work great,True,Color: *A1 6 Pack MulticolorMagnification Strength: 1.25 x,[],24,3716,647,https://www.amazon.com/product-reviews/B09PRDMKZW?pageNumber=3&filterByStar=all_stars&sortBy=helpful&formatType=all_formats,allStars,,"{'price': None, 'listPrice': None}",2024-03-16,United States,,B09PRDMKZW,0.8481
54,54,4,One reading glasses is broken,RSWE047CAYT7L,https://www.amazon.com/gp/customer-reviews/RSWE047CAYT7L/ref=cm_cr_arp_d_rvw_ttl?ie=UTF8&ASIN=B09PRDMKZW,,"Reviewed in the United States on February 4, 2024",Only The white clear reading glasses was broken from inside the box,True,Color: 6 Pack MixMagnification Strength: 3.0 x,[],25,3716,647,https://www.amazon.com/product-reviews/B09PRDMKZW?pageNumber=3&filterByStar=all_stars&sortBy=helpful&formatType=all_formats,allStars,,"{'price': None, 'listPrice': None}",2024-02-04,United States,,B09PRDMKZW,-0.128
55,55,5,Quality,R2AQYIUM0A2F8R,https://www.amazon.com/gp/customer-reviews/R2AQYIUM0A2F8R/ref=cm_cr_arp_d_rvw_ttl?ie=UTF8&ASIN=B09PRDMKZW,,"Reviewed in the United States on March 6, 2024",Nice price and good quality,True,Color: 6 Pack MixMagnification Strength: 2.0 x,[],26,3716,647,https://www.amazon.com/product-reviews/B09PRDMKZW?pageNumber=3&filterByStar=all_stars&sortBy=helpful&formatType=all_formats,allStars,,"{'price': None, 'listPrice': None}",2024-03-06,United States,,B09PRDMKZW,0.6908
56,56,4,Good value,R3A3Q96FJLBI7S,https://www.amazon.com/gp/customer-reviews/R3A3Q96FJLBI7S/ref=cm_cr_arp_d_rvw_ttl?ie=UTF8&ASIN=B09PRDMKZW,,"Reviewed in the United States on January 13, 2024",They do the job and are sturdier than most cheap readers.  I threw out the janky “cases”- they smelled like preservative.  But the glasses themselves do the job.,True,Color: 6 Pack MixMagnification Strength: 2.5 x,[],27,3716,647,https://www.amazon.com/product-reviews/B09PRDMKZW?pageNumber=3&filterByStar=all_stars&sortBy=helpful&formatType=all_formats,allStars,,"{'price': None, 'listPrice': None}",2024-01-13,United States,,B09PRDMKZW,0.1901
57,57,5,Reader glasses,R3LTHJGT0XJKS3,https://www.amazon.com/gp/customer-reviews/R3LTHJGT0XJKS3/ref=cm_cr_arp_d_rvw_ttl?ie=UTF8&ASIN=B09PRDMKZW,,"Reviewed in the United States on February 16, 2024",I have friends who forget their readers . So having these on hand is a must . Because they of take them with them after our study. Good quality.,True,Color: 6 Pack MixMagnification Strength: 2.75 x,[],28,3716,647,https://www.amazon.com/product-reviews/B09PRDMKZW?pageNumber=3&filterByStar=all_stars&sortBy=helpful&formatType=all_formats,allStars,,"{'price': None, 'listPrice': None}",2024-02-16,United States,,B09PRDMKZW,0.8074
58,58,5,Muy buenos,R7HCHOZDWQEK1,https://www.amazon.com/gp/customer-reviews/R7HCHOZDWQEK1/ref=cm_cr_arp_d_rvw_ttl?ie=UTF8&ASIN=B09PRDMKZW,,"Reviewed in the United States on March 8, 2024",Aceptables,True,Color: 6 Pack MixMagnification Strength: 2.75 x,[],29,3716,647,https://www.amazon.com/product-reviews/B09PRDMKZW?pageNumber=3&filterByStar=all_stars&sortBy=helpful&formatType=all_formats,allStars,,"{'price': None, 'listPrice': None}",2024-03-08,United States,,B09PRDMKZW,0.0
59,59,4,Clear reading,R2Q719F1Z74GR8,https://www.amazon.com/gp/customer-reviews/R2Q719F1Z74GR8/ref=cm_cr_arp_d_rvw_ttl?ie=UTF8&ASIN=B09PRDMKZW,,"Reviewed in the United States on December 23, 2023",Great variety of colors. Shipped on time. Although the magnification is a bit much. Might want to go down one.,True,Color: 6 Pack MixMagnification Strength: 4.0 x,[],30,3716,647,https://www.amazon.com/product-reviews/B09PRDMKZW?pageNumber=3&filterByStar=all_stars&sortBy=helpful&formatType=all_formats,allStars,,"{'price': None, 'listPrice': None}",2023-12-23,United States,,B09PRDMKZW,0.7506
60,60,5,Wanted to have reading glasses everywhere I would need them,R2LFIWN6ER0IY5,https://www.amazon.com/gp/customer-reviews/R2LFIWN6ER0IY5/ref=cm_cr_arp_d_rvw_ttl?ie=UTF8&ASIN=B09PRDMKZW,,"Reviewed in the United States on January 30, 2024",Great color assortment,True,Color: 6 Pack MixMagnification Strength: 1.25 x,[],51,3716,647,https://www.amazon.com/product-reviews/B09PRDMKZW?pageNumber=6&filterByStar=all_stars&sortBy=helpful&formatType=all_formats,allStars,,"{'price': None, 'listPrice': None}",2024-01-30,United States,,B09PRDMKZW,0.6249
61,61,3,Works but looks cheap,R1RSZTW3BI7HBA,https://www.amazon.com/gp/customer-reviews/R1RSZTW3BI7HBA/ref=cm_cr_arp_d_rvw_ttl?ie=UTF8&ASIN=B09PRDMKZW,,"Reviewed in the United States on January 3, 2024","It does the job but really cheap looking. Like you got it from out of a cereal box. I mean, what you expect for the price? You can only wear it at home or when you’re about to read. They had different strengths but I had to return mine because it was too strong. So if you have 20/20 vision but need reading glasses then get the lowest strength.",True,Color: 6 Pack MixMagnification Strength: 2.0 x,[],52,3716,647,https://www.amazon.com/product-reviews/B09PRDMKZW?pageNumber=6&filterByStar=all_stars&sortBy=helpful&formatType=all_formats,allStars,,"{'price': None, 'listPrice': None}",2024-01-03,United States,,B09PRDMKZW,0.9437
62,62,5,Good value,R1Z5IH1WXIB89C,https://www.amazon.com/gp/customer-reviews/R1Z5IH1WXIB89C/ref=cm_cr_arp_d_rvw_ttl?ie=UTF8&ASIN=B09PRDMKZW,,"Reviewed in the United States on December 14, 2023","Great value- love the little cases. The only little rub is that on the back of the ""arms"" there is a little almost imperceptible notch that catches my hair all too often. I really like a full frame for reading glasses and these are great for the price.",True,Color: 6 Pack MixMagnification Strength: 1.5 x,[],53,3716,647,https://www.amazon.com/product-reviews/B09PRDMKZW?pageNumber=6&filterByStar=all_stars&sortBy=helpful&formatType=all_formats,allStars,,"{'price': None, 'listPrice': None}",2023-12-14,United States,,B09PRDMKZW,0.9558
63,63,5,Great to have spares,R2I5SVUA9EHRLG,https://www.amazon.com/gp/customer-reviews/R2I5SVUA9EHRLG/ref=cm_cr_arp_d_rvw_ttl?ie=UTF8&ASIN=B09PRDMKZW,One person found this helpful,"Reviewed in the United States on January 6, 2024",They are light and sometimes fly off my head when I'm walking and not wearing my hair up... But haven't broken or gotten scratched yet.,True,Color: 6 Pack MixMagnification Strength: 1.25 x,[],54,3716,647,https://www.amazon.com/product-reviews/B09PRDMKZW?pageNumber=6&filterByStar=all_stars&sortBy=helpful&formatType=all_formats,allStars,,"{'price': None, 'listPrice': None}",2024-01-06,United States,,B09PRDMKZW,0.5157
64,64,4,Great glasses,R21U9GPH00YNY1,https://www.amazon.com/gp/customer-reviews/R21U9GPH00YNY1/ref=cm_cr_arp_d_rvw_ttl?ie=UTF8&ASIN=B09PRDMKZW,,"Reviewed in the United States on October 23, 2023",Just a little lose on top of my head,True,Color: 6 Pack MixMagnification Strength: 2.25 x,[],55,3716,647,https://www.amazon.com/product-reviews/B09PRDMKZW?pageNumber=6&filterByStar=all_stars&sortBy=helpful&formatType=all_formats,allStars,,"{'price': None, 'listPrice': None}",2023-10-23,United States,,B09PRDMKZW,-0.2193
65,65,4,Not light weight,R1B87EGYBM2R3U,https://www.amazon.com/gp/customer-reviews/R1B87EGYBM2R3U/ref=cm_cr_arp_d_rvw_ttl?ie=UTF8&ASIN=B09PRDMKZW,2 people found this helpful,"Reviewed in the United States on July 4, 2023","I'm a heavy reader and play on my computer. I use readers for this and need a pair that are light weight so they don't give me headaches. I ordered a pair that are very light weight and wanted a couple more pairs. When these were described to be light weight I took the chance. They're over 26 grams, twice the weight of the ones I'm currently using. I realize that sounds not so heavy, but when balanced on your nose, it becomes painful. I returned them.",True,Color: *A1 6 Pack MulticolorMagnification Strength: 4.0 x,[],56,3716,647,https://www.amazon.com/product-reviews/B09PRDMKZW?pageNumber=6&filterByStar=all_stars&sortBy=helpful&formatType=all_formats,allStars,,"{'price': None, 'listPrice': None}",2023-07-04,United States,,B09PRDMKZW,-0.3919
66,66,5,clear vision,RWR2RGNJ72C98,https://www.amazon.com/gp/customer-reviews/RWR2RGNJ72C98/ref=cm_cr_arp_d_rvw_ttl?ie=UTF8&ASIN=B09PRDMKZW,,"Reviewed in the United States on January 22, 2024",The glasses are very nice,True,Color: 6 Pack MixMagnification Strength: 2.5 x,[],57,3716,647,https://www.amazon.com/product-reviews/B09PRDMKZW?pageNumber=6&filterByStar=all_stars&sortBy=helpful&formatType=all_formats,allStars,,"{'price': None, 'listPrice': None}",2024-01-22,United States,,B09PRDMKZW,0.4754
67,67,3,Quality of glasses,R2IBQ020DVCN6F,https://www.amazon.com/gp/customer-reviews/R2IBQ020DVCN6F/ref=cm_cr_arp_d_rvw_ttl?ie=UTF8&ASIN=B09PRDMKZW,,"Reviewed in the United States on January 29, 2024",They were not well made but considering the price I guess I should have expected that.,True,Color: 6 Pack MixMagnification Strength: 1.25 x,[],58,3716,647,https://www.amazon.com/product-reviews/B09PRDMKZW?pageNumber=6&filterByStar=all_stars&sortBy=helpful&formatType=all_formats,allStars,,"{'price': None, 'listPrice': None}",2024-01-29,United States,,B09PRDMKZW,-0.1045
68,68,5,They are exactly what I asked for,R3UH16TL1583S1,https://www.amazon.com/gp/customer-reviews/R3UH16TL1583S1/ref=cm_cr_arp_d_rvw_ttl?ie=UTF8&ASIN=B09PRDMKZW,,"Reviewed in the United States on January 6, 2024","It's the second package I purchased. The glasses are very nice, arrive well packed and I use them every day!",True,Color: 6 Pack MixMagnification Strength: 2.5 x,[],59,3716,647,https://www.amazon.com/product-reviews/B09PRDMKZW?pageNumber=6&filterByStar=all_stars&sortBy=helpful&formatType=all_formats,allStars,,"{'price': None, 'listPrice': None}",2024-01-06,United States,,B09PRDMKZW,0.6955
69,69,5,Great readers!!!!,R1OXK0BHK02B32,https://www.amazon.com/gp/customer-reviews/R1OXK0BHK02B32/ref=cm_cr_arp_d_rvw_ttl?ie=UTF8&ASIN=B09PRDMKZW,,"Reviewed in the United States on December 30, 2023","These are very solid, and have a blue screen protection. Highly recommend! They came with individual little cases as well. Great product!",True,Color: 6 Pack MixMagnification Strength: 1.5 x,[],60,3716,647,https://www.amazon.com/product-reviews/B09PRDMKZW?pageNumber=6&filterByStar=all_stars&sortBy=helpful&formatType=all_formats,allStars,,"{'price': None, 'listPrice': None}",2023-12-30,United States,,B09PRDMKZW,0.8808
70,70,5,Cute !,R3CV6YA6A1FBR6,https://www.amazon.com/gp/customer-reviews/R3CV6YA6A1FBR6/ref=cm_cr_arp_d_rvw_ttl?ie=UTF8&ASIN=B09PRDMKZW,,"Reviewed in the United States on January 28, 2024",Love these ! Great thin little cases to keep them in ! Loving them !,True,Color: *A1 6 Pack MulticolorMagnification Strength: 2.0 x,[],41,3716,647,https://www.amazon.com/product-reviews/B09PRDMKZW?pageNumber=5&filterByStar=all_stars&sortBy=helpful&formatType=all_formats,allStars,,"{'price': None, 'listPrice': None}",2024-01-28,United States,,B09PRDMKZW,0.9334
71,71,4,Handy,R3SYB5DRWWC1T5,https://www.amazon.com/gp/customer-reviews/R3SYB5DRWWC1T5/ref=cm_cr_arp_d_rvw_ttl?ie=UTF8&ASIN=B09PRDMKZW,,"Reviewed in the United States on October 30, 2023","Good bulk readers worth money, occasionally a lens pops out, but they due get tossed around. Will buy again as soon as I lose all these, ha ha.",True,Color: 6 Pack MixMagnification Strength: 2.0 x,[],42,3716,647,https://www.amazon.com/product-reviews/B09PRDMKZW?pageNumber=5&filterByStar=all_stars&sortBy=helpful&formatType=all_formats,allStars,,"{'price': None, 'listPrice': None}",2023-10-30,United States,,B09PRDMKZW,0.6187
72,72,4,I can See,RD3YO59K62VTE,https://www.amazon.com/gp/customer-reviews/RD3YO59K62VTE/ref=cm_cr_arp_d_rvw_ttl?ie=UTF8&ASIN=B09PRDMKZW,,"Reviewed in the United States on December 1, 2023",They work Great!!!,True,Color: 6 Pack MixMagnification Strength: 2.5 x,[],43,3716,647,https://www.amazon.com/product-reviews/B09PRDMKZW?pageNumber=5&filterByStar=all_stars&sortBy=helpful&formatType=all_formats,allStars,,"{'price': None, 'listPrice': None}",2023-12-01,United States,,B09PRDMKZW,0.7163
73,73,4,Stylish lightweight,R2WICTB8PLWQRY,https://www.amazon.com/gp/customer-reviews/R2WICTB8PLWQRY/ref=cm_cr_arp_d_rvw_ttl?ie=UTF8&ASIN=B09PRDMKZW,6 people found this helpful,"Reviewed in the United States on October 6, 2023","Update:  I’ve had 2 break where the plastic arm meets the screw. Otherwise, they’ve been very comfortable and useful.After purchase:  Great bundle of inexpensive readers to scatter around the house and purse. Not the best quality but you won’t cry if you accidentally sit on them. Can’t beat the price per pair!",True,Color: *A1 6 Pack MulticolorMagnification Strength: 1.25 x,[],44,3716,647,https://www.amazon.com/product-reviews/B09PRDMKZW?pageNumber=5&filterByStar=all_stars&sortBy=helpful&formatType=all_formats,allStars,,"{'price': None, 'listPrice': None}",2023-10-06,United States,,B09PRDMKZW,-0.7252
74,74,4,Decent for readers,R1LF4VBVM2QRZH,https://www.amazon.com/gp/customer-reviews/R1LF4VBVM2QRZH/ref=cm_cr_arp_d_rvw_ttl?ie=UTF8&ASIN=B09PRDMKZW,,"Reviewed in the United States on November 20, 2023",Pretty good selection for readers. Good buy for the price.,True,Color: 6 Pack MixMagnification Strength: 3.5 x,[],45,3716,647,https://www.amazon.com/product-reviews/B09PRDMKZW?pageNumber=5&filterByStar=all_stars&sortBy=helpful&formatType=all_formats,allStars,,"{'price': None, 'listPrice': None}",2023-11-20,United States,,B09PRDMKZW,0.8402
75,75,5,Couldn’t be happier with these glasses,RC0U16E970GHK,https://www.amazon.com/gp/customer-reviews/RC0U16E970GHK/ref=cm_cr_arp_d_rvw_ttl?ie=UTF8&ASIN=B09PRDMKZW,One person found this helpful,"Reviewed in the United States on January 6, 2024","For a pair of readers I couldn’t be happier with the durability and comfort of these glasses. And with so many pairs I have a pair in my car, the kitchen, my purse, the bedroom etc. Plus the price is great for so many pairs!!",True,Color: A1 6 Pack ProgressiveMagnification Strength: 1.5 x,[],46,3716,647,https://www.amazon.com/product-reviews/B09PRDMKZW?pageNumber=5&filterByStar=all_stars&sortBy=helpful&formatType=all_formats,allStars,,"{'price': None, 'listPrice': None}",2024-01-06,United States,,B09PRDMKZW,0.8906
76,76,4,Just what I wanted!,RAQ5ZGVAJF93G,https://www.amazon.com/gp/customer-reviews/RAQ5ZGVAJF93G/ref=cm_cr_arp_d_rvw_ttl?ie=UTF8&ASIN=B09PRDMKZW,,"Reviewed in the United States on November 8, 2023","I like the colors; they are comfortable, and the ""2"" is just right for me.",True,Color: 6 Pack MixMagnification Strength: 2.0 x,[],47,3716,647,https://www.amazon.com/product-reviews/B09PRDMKZW?pageNumber=5&filterByStar=all_stars&sortBy=helpful&formatType=all_formats,allStars,,"{'price': None, 'listPrice': None}",2023-11-08,United States,,B09PRDMKZW,0.7003
77,77,5,Love Love Love!!!!!,R1IGSYAE0UQWRS,https://www.amazon.com/gp/customer-reviews/R1IGSYAE0UQWRS/ref=cm_cr_arp_d_rvw_ttl?ie=UTF8&ASIN=B09PRDMKZW,2 people found this helpful,"Reviewed in the United States on December 2, 2023","These reading glasses are terrific!!!They are extremely durable too. No lens scratches, and no breaks at the hinges! Very easy to keep clean and I love the colors. The color coordinated cases are nice and durable too. You can't beat the price......I just can't say enough about them!Will purchase again because I like to keep them in every room, and my husband is always losing them, lol. Whoever finds them is a lucky person!Don't hesitate, buy these!!!!!!!!",True,Color: 6 Pack MixMagnification Strength: 1.75 x,[],48,3716,647,https://www.amazon.com/product-reviews/B09PRDMKZW?pageNumber=5&filterByStar=all_stars&sortBy=helpful&formatType=all_formats,allStars,,"{'price': None, 'listPrice': None}",2023-12-02,United States,,B09PRDMKZW,0.9494
78,78,4,They work,R1TYWI1UEI1V2E,https://www.amazon.com/gp/customer-reviews/R1TYWI1UEI1V2E/ref=cm_cr_arp_d_rvw_ttl?ie=UTF8&ASIN=B09PRDMKZW,,"Reviewed in the United States on October 15, 2023",I don’t have to take them off to walk around but could use tighter /stiffer arms or size options,True,Color: 6 Pack MixMagnification Strength: 1.5 x,[],49,3716,647,https://www.amazon.com/product-reviews/B09PRDMKZW?pageNumber=5&filterByStar=all_stars&sortBy=helpful&formatType=all_formats,allStars,,"{'price': None, 'listPrice': None}",2023-10-15,United States,,B09PRDMKZW,0.0
79,79,5,Great quality,R136W9SSHYXU0,https://www.amazon.com/gp/customer-reviews/R136W9SSHYXU0/ref=cm_cr_arp_d_rvw_ttl?ie=UTF8&ASIN=B09PRDMKZW,,"Reviewed in the United States on January 10, 2024",These were actually great quality. I was kind of surprised with how low priced they were but I love them they work just great.,True,Color: *A1 6 Pack MulticolorMagnification Strength: 3.0 x,[],50,3716,647,https://www.amazon.com/product-reviews/B09PRDMKZW?pageNumber=5&filterByStar=all_stars&sortBy=helpful&formatType=all_formats,allStars,,"{'price': None, 'listPrice': None}",2024-01-10,United States,,B09PRDMKZW,0.9408
80,80,5,Very good quality,R1DDYXX87C71YE,https://www.amazon.com/gp/customer-reviews/R1DDYXX87C71YE/ref=cm_cr_arp_d_rvw_ttl?ie=UTF8&ASIN=B09PRDMKZW,,"Reviewed in the United States on February 7, 2024","I love it, definitely helps me , blue light protection , and very cute design, also came with the pouch to storage and protection.",True,Color: *A1 6 Pack MulticolorMagnification Strength: 1.5 x,"['https://m.media-amazon.com/images/I/61yu6CtSW4L._SY88.jpg', 'https://m.media-amazon.com/images/I/71HX9QD88IL._SY88.jpg']",31,3716,647,https://www.amazon.com/product-reviews/B09PRDMKZW?pageNumber=4&filterByStar=all_stars&sortBy=helpful&formatType=all_formats,allStars,,"{'price': None, 'listPrice': None}",2024-02-07,United States,,B09PRDMKZW,0.9152
81,81,4,Glasses were exactly as represented.,RD3BCMDJQ93CA,https://www.amazon.com/gp/customer-reviews/RD3BCMDJQ93CA/ref=cm_cr_arp_d_rvw_ttl?ie=UTF8&ASIN=B09PRDMKZW,,"Reviewed in the United States on December 21, 2023",Cases were flimsy and would provide little protection if you tossed them in your bag.,True,Color: *A1 6 Pack MulticolorMagnification Strength: 2.5 x,[],32,3716,647,https://www.amazon.com/product-reviews/B09PRDMKZW?pageNumber=4&filterByStar=all_stars&sortBy=helpful&formatType=all_formats,allStars,,"{'price': None, 'listPrice': None}",2023-12-21,United States,,B09PRDMKZW,0.0
82,82,4,Fit,R2TL6DG9OMR40C,https://www.amazon.com/gp/customer-reviews/R2TL6DG9OMR40C/ref=cm_cr_arp_d_rvw_ttl?ie=UTF8&ASIN=B09PRDMKZW,,"Reviewed in the United States on January 6, 2024",Well made,True,Color: 6 Pack MixMagnification Strength: 4.0 x,[],33,3716,647,https://www.amazon.com/product-reviews/B09PRDMKZW?pageNumber=4&filterByStar=all_stars&sortBy=helpful&formatType=all_formats,allStars,,"{'price': None, 'listPrice': None}",2024-01-06,United States,,B09PRDMKZW,0.2732
83,83,4,MULTIPLE COLORS READING GLASSES,R2HE70WJ93Z89N,https://www.amazon.com/gp/customer-reviews/R2HE70WJ93Z89N/ref=cm_cr_arp_d_rvw_ttl?ie=UTF8&ASIN=B09PRDMKZW,,"Reviewed in the United States on December 15, 2023","THAT I HAVE ""MANY ""DIFFERENT"" COLORS"" TO WEAR, JUST FOR READING!!",True,Color: 6 Pack MixMagnification Strength: 2.5 x,[],34,3716,647,https://www.amazon.com/product-reviews/B09PRDMKZW?pageNumber=4&filterByStar=all_stars&sortBy=helpful&formatType=all_formats,allStars,,"{'price': None, 'listPrice': None}",2023-12-15,United States,,B09PRDMKZW,0.0
84,84,4,Good quality,R1R37RIGFXUHDF,https://www.amazon.com/gp/customer-reviews/R1R37RIGFXUHDF/ref=cm_cr_arp_d_rvw_ttl?ie=UTF8&ASIN=B09PRDMKZW,,"Reviewed in the United States on December 15, 2023",Bought this for my wife and she loves this brand,True,Color: 6 Pack MixMagnification Strength: 2.5 x,[],35,3716,647,https://www.amazon.com/product-reviews/B09PRDMKZW?pageNumber=4&filterByStar=all_stars&sortBy=helpful&formatType=all_formats,allStars,,"{'price': None, 'listPrice': None}",2023-12-15,United States,,B09PRDMKZW,0.5719
85,85,4,They are OK,RBSUMURQQKTX0,https://www.amazon.com/gp/customer-reviews/RBSUMURQQKTX0/ref=cm_cr_arp_d_rvw_ttl?ie=UTF8&ASIN=B09PRDMKZW,,"Reviewed in the United States on November 5, 2023","They slide off my face-but they do their job!  I just need to take the time to adjust them, but they are great!  They look good and good quality!  You can see clear,  just have to fix to fit my face!",True,Color: 6 Pack MixMagnification Strength: 2.5 x,[],36,3716,647,https://www.amazon.com/product-reviews/B09PRDMKZW?pageNumber=4&filterByStar=all_stars&sortBy=helpful&formatType=all_formats,allStars,,"{'price': None, 'listPrice': None}",2023-11-05,United States,,B09PRDMKZW,0.9725
86,86,4,Acceptable,RDI8WPAEFK5TS,https://www.amazon.com/gp/customer-reviews/RDI8WPAEFK5TS/ref=cm_cr_arp_d_rvw_ttl?ie=UTF8&ASIN=B09PRDMKZW,7 people found this helpful,"Reviewed in the United States on April 14, 2023","I Like the frame colors and the crispness through the lenses. Love that they are blue blocking. Frames are not adjustable. I am 5 ft female and have average to small average nose. These reading glasses naturally set low on the nose where the top of the rim is at the level of my pupils when looking straight ahead. If I push them up, there is a full finger width space from the bridge of my nose to the bridge rim of the glasses and the top of the rim then presses into my brows. Fine for reading  books, kindle, phones, etc when head tipped downward, as they fit ok for that, but they do not sit right when looking straight ahead at a computer screen when I want my blue blockers on. When at a computer screen I have to tip my head backwards to view through the lenses, where they naturally rest on the nose.  I will use them, and they are adequate, but I will need something else when at my computer.",True,Color: 6 Pack MixMagnification Strength: 2.0 x,[],37,3716,647,https://www.amazon.com/product-reviews/B09PRDMKZW?pageNumber=4&filterByStar=all_stars&sortBy=helpful&formatType=all_formats,allStars,,"{'price': None, 'listPrice': None}",2023-04-14,United States,,B09PRDMKZW,0.8793
87,87,3,They look great but they go bad easily and quickly,R2HNRIZ8HTPBS6,https://www.amazon.com/gp/customer-reviews/R2HNRIZ8HTPBS6/ref=cm_cr_arp_d_rvw_ttl?ie=UTF8&ASIN=B09PRDMKZW,One person found this helpful,"Reviewed in the United States on February 29, 2024","I bought this set and I was happy about it but after less than two months, three of them have broken from the joint. I had to order another set that I received recently, but they are also not very sturdy.",True,Color: *A1 6 Pack MulticolorMagnification Strength: 2.5 x,['https://m.media-amazon.com/images/I/71QSGDyaroL._SY88.jpg'],38,3716,647,https://www.amazon.com/product-reviews/B09PRDMKZW?pageNumber=4&filterByStar=all_stars&sortBy=helpful&formatType=all_formats,allStars,,"{'price': None, 'listPrice': None}",2024-02-29,United States,,B09PRDMKZW,-0.4215
88,88,5,Jazzy,R36RTE1ESZD7VE,https://www.amazon.com/gp/customer-reviews/R36RTE1ESZD7VE/ref=cm_cr_arp_d_rvw_ttl?ie=UTF8&ASIN=B09PRDMKZW,,"Reviewed in the United States on February 4, 2024",The readers are jazzy. Clear glass and I love the colors!,True,Color: 6 Pack MixMagnification Strength: 2.25 x,[],39,3716,647,https://www.amazon.com/product-reviews/B09PRDMKZW?pageNumber=4&filterByStar=all_stars&sortBy=helpful&formatType=all_formats,allStars,,"{'price': None, 'listPrice': None}",2024-02-04,United States,,B09PRDMKZW,0.7959
89,89,5,nice,R1PBVEBDMD7UBB,https://www.amazon.com/gp/customer-reviews/R1PBVEBDMD7UBB/ref=cm_cr_arp_d_rvw_ttl?ie=UTF8&ASIN=B09PRDMKZW,,"Reviewed in the United States on February 11, 2024",nice,True,Color: *A1 6 Pack MulticolorMagnification Strength: 1.5 x,[],40,3716,647,https://www.amazon.com/product-reviews/B09PRDMKZW?pageNumber=4&filterByStar=all_stars&sortBy=helpful&formatType=all_formats,allStars,,"{'price': None, 'listPrice': None}",2024-02-11,United States,,B09PRDMKZW,0.4215
