,Unnamed: 0,ratingScore,reviewTitle,reviewId,reviewUrl,reviewReaction,reviewedIn,reviewDescription,isVerified,variant,reviewImages,position,totalCategoryRatings,totalCategoryReviews,reviewCategoryUrl,filterByRating,filterByKeyword,product,date,country,countryCode,productAsin,sentiment_score
0,0,5,These are adorable!,RGRF7AWHDMLX4,https://www.amazon.com/gp/customer-reviews/RGRF7AWHDMLX4/ref=cm_cr_arp_d_rvw_ttl?ie=UTF8&ASIN=B09V7XC7VL,,"Reviewed in the United States on March 24, 2024","These are really great quality and fit, and look super stylish. Love them!",True,Color: B2 Bright BlackLens Width: 50 Millimeters,[],1,1995,331,https://www.amazon.com/product-reviews/B09V7XC7VL?pageNumber=1&filterByStar=all_stars&sortBy=helpful&formatType=all_formats,allStars,,"{'price': None, 'listPrice': None}",2024-03-24,United States,,B09V7XC7VL,0.9458
1,1,5,Love those.,R3OXA3IJWA03WE,https://www.amazon.com/gp/customer-reviews/R3OXA3IJWA03WE/ref=cm_cr_arp_d_rvw_ttl?ie=UTF8&ASIN=B09V7XC7VL,,"Reviewed in the United States on April 3, 2024",Nice addition to my look. I bought both clear and black ones.,True,Color: A1 Transparent + Bright BlackLens Width: 50 Millimeters,['https://m.media-amazon.com/images/I/61hGN9l+hSL._SY88.jpg'],2,1995,331,https://www.amazon.com/product-reviews/B09V7XC7VL?pageNumber=1&filterByStar=all_stars&sortBy=helpful&formatType=all_formats,allStars,,"{'price': None, 'listPrice': None}",2024-04-03,United States,,B09V7XC7VL,0.6597
2,2,5,"Beautiful, Sexy, Smart, Comfortable! (Please make more 2-tone colors)",R1QRLVCQY0T1DK,https://www.amazon.com/gp/customer-reviews/R1QRLVCQY0T1DK/ref=cm_cr_arp_d_rvw_ttl?ie=UTF8&ASIN=B09V7XC7VL,13 people found this helpful,"Reviewed in the United States on July 26, 2023","I just got a new bifocal prescription from my optometrist so it’s time for new prescription glasses, so I just ordered several pair of these frames. I consider eyeglasses like jewelry, I like to wear different colors  for different outfits. I get compliments on my glasses a lot. they were big enough for subscription lenses, and the frames are extremely comfortable on my ear and nose. My favorite ones are the black with the clear pink on the bottom and the tortoiseshell with the white tan on the bottom, which I am taking to an eyeglass store for prescriptions tomorrow. I hope this manufacturer will consider making more colors with a clear color on the bottom. It gives a really nice look to your eyes and it opens them up because the bottom part of the frame is clear. I highly recommend these glasses for people who want to wear them just for fun and also those who want to take them to an eyeglass store for prescription lenses.",True,Color: B02 Bright Black + RedLens Width: 50 Millimeters,"['https://m.media-amazon.com/images/I/61yFajGHfvL._SY88.jpg', 'https://m.media-amazon.com/images/I/71q42Rf+ZHL._SY88.jpg']",3,1995,331,https://www.amazon.com/product-reviews/B09V7XC7VL?pageNumber=1&filterByStar=all_stars&sortBy=helpful&formatType=all_formats,allStars,,"{'price': None, 'listPrice': None}",2023-07-26,United States,,B09V7XC7VL,0.9859
3,3,5,Beautiful,R33ZJ7PG612BX3,https://www.amazon.com/gp/customer-reviews/R33ZJ7PG612BX3/ref=cm_cr_arp_d_rvw_ttl?ie=UTF8&ASIN=B09V7XC7VL,4 people found this helpful,"Reviewed in the United States on February 11, 2024","I was looking for frames for my prescription.  These are absolutely cute. Fits just right , look like designer frames.  Highly recommend it",True,Color: B5 LeopardLens Width: 50 Millimeters,[],4,1995,331,https://www.amazon.com/product-reviews/B09V7XC7VL?pageNumber=1&filterByStar=all_stars&sortBy=helpful&formatType=all_formats,allStars,,"{'price': None, 'listPrice': None}",2024-02-11,United States,,B09V7XC7VL,0.8218
4,4,4,Perfect frames,R2JXZL6OX52Q3P,https://www.amazon.com/gp/customer-reviews/R2JXZL6OX52Q3P/ref=cm_cr_arp_d_rvw_ttl?ie=UTF8&ASIN=B09V7XC7VL,3 people found this helpful,"Reviewed in the United States on January 9, 2024",These glasses are absolutely stunning; I was afraid these were going to look and feel cheap because of the price but that’s not the case at all. I only gave this vendor 4 out of 5 stars because nothing is perfect but I definitely would have given them 4.5 if that was an option.,True,Color: D6 Brown RedLens Width: 53 Millimeters,"['https://m.media-amazon.com/images/I/81DIbZTDrlL._SY88.jpg', 'https://m.media-amazon.com/images/I/81a0b1BZcmL._SY88.jpg']",5,1995,331,https://www.amazon.com/product-reviews/B09V7XC7VL?pageNumber=1&filterByStar=all_stars&sortBy=helpful&formatType=all_formats,allStars,,"{'price': None, 'listPrice': None}",2024-01-09,United States,,B09V7XC7VL,0.1279
5,5,5,So cute on!,R2MPR95LKQ0KV9,https://www.amazon.com/gp/customer-reviews/R2MPR95LKQ0KV9/ref=cm_cr_arp_d_rvw_ttl?ie=UTF8&ASIN=B09V7XC7VL,2 people found this helpful,"Reviewed in the United States on September 14, 2023","These glasses are so pretty! I purchased because of the price which was excellent and you cannot beat how stylish they are! Really, really cute on and made with good materials. Not cheap at all! I didn't know what to expect after ordering but now that I have them I absolutely LOVE them! Very cute accessory for a night out!",True,Color: A5 Bright Black + LeopardLens Width: 50 Millimeters,[],6,1995,331,https://www.amazon.com/product-reviews/B09V7XC7VL?pageNumber=1&filterByStar=all_stars&sortBy=helpful&formatType=all_formats,allStars,,"{'price': None, 'listPrice': None}",2023-09-14,United States,,B09V7XC7VL,0.9736
6,6,5,I love these glasses!,R1GN31VSXMDLX,https://www.amazon.com/gp/customer-reviews/R1GN31VSXMDLX/ref=cm_cr_arp_d_rvw_ttl?ie=UTF8&ASIN=B09V7XC7VL,3 people found this helpful,"Reviewed in the United States on February 11, 2024",I love these glasses sooo much! I swapped the lenses out and switched them to prescription. They are sooo cute,True,Color: A1 Transparent + Bright BlackLens Width: 50 Millimeters,[],7,1995,331,https://www.amazon.com/product-reviews/B09V7XC7VL?pageNumber=1&filterByStar=all_stars&sortBy=helpful&formatType=all_formats,allStars,,"{'price': None, 'listPrice': None}",2024-02-11,United States,,B09V7XC7VL,0.8172
7,7,5,I wouldn’t lie.,R251JUX59IHR50,https://www.amazon.com/gp/customer-reviews/R251JUX59IHR50/ref=cm_cr_arp_d_rvw_ttl?ie=UTF8&ASIN=B09V7XC7VL,4 people found this helpful,"Reviewed in the United States on November 4, 2023","I accidentally broke my last clear pair a few weeks ago on accident. I got these as a replacement and it worked out great. They arrived on time and the glasses were extremely clean when I removed them from the packaging. They’re thick, durable, lightweight, comfortable, just amazing. These glasses are a simple yet classy fashion accessory. I get A LOT of compliments on them.",True,Color: C4 GreyLens Width: 50 Millimeters,"['https://m.media-amazon.com/images/I/61GciOr6HVL._SY88.jpg', 'https://m.media-amazon.com/images/I/71Ui+PFzIcL._SY88.jpg']",8,1995,331,https://www.amazon.com/product-reviews/B09V7XC7VL?pageNumber=1&filterByStar=all_stars&sortBy=helpful&formatType=all_formats,allStars,,"{'price': None, 'listPrice': None}",2023-11-04,United States,,B09V7XC7VL,0.9336
8,8,4,A little too snug,R2TEZ916UQGGUU,https://www.amazon.com/gp/customer-reviews/R2TEZ916UQGGUU/ref=cm_cr_arp_d_rvw_ttl?ie=UTF8&ASIN=B09V7XC7VL,,"Reviewed in the United States on January 13, 2024","The glasses were really cute, but a little too tight for my liking. I had to return them.",True,Color: A1 Transparent + Bright BlackLens Width: 50 Millimeters,[],9,1995,331,https://www.amazon.com/product-reviews/B09V7XC7VL?pageNumber=1&filterByStar=all_stars&sortBy=helpful&formatType=all_formats,allStars,,"{'price': None, 'listPrice': None}",2024-01-13,United States,,B09V7XC7VL,0.6904
9,9,4,Fit great work well,R2NK541STDA8UZ,https://www.amazon.com/gp/customer-reviews/R2NK541STDA8UZ/ref=cm_cr_arp_d_rvw_ttl?ie=UTF8&ASIN=B09V7XC7VL,,"Reviewed in the United States on January 19, 2024",Love the frame style lots of compliments on them,True,Color: A5 Bright Black + LeopardLens Width: 50 Millimeters,[],10,1995,331,https://www.amazon.com/product-reviews/B09V7XC7VL?pageNumber=1&filterByStar=all_stars&sortBy=helpful&formatType=all_formats,allStars,,"{'price': None, 'listPrice': None}",2024-01-19,United States,,B09V7XC7VL,0.7845
10,10,4,Bomb,RWGIIK67D1XCN,https://www.amazon.com/gp/customer-reviews/RWGIIK67D1XCN/ref=cm_cr_arp_d_rvw_ttl?ie=UTF8&ASIN=B09V7XC7VL,,"Reviewed in the United States on July 26, 2023",so cute and sheik! I ended up actually getting my actual prescription lens in them so much better to wear as an everyday look,True,Color: A1 Transparent + Bright BlackLens Width: 50 Millimeters,[],31,1995,331,https://www.amazon.com/product-reviews/B09V7XC7VL?pageNumber=4&filterByStar=all_stars&sortBy=helpful&formatType=all_formats,allStars,,"{'price': None, 'listPrice': None}",2023-07-26,United States,,B09V7XC7VL,0.7759
11,11,4,Amazing,R1UPRVYVMZ7OEB,https://www.amazon.com/gp/customer-reviews/R1UPRVYVMZ7OEB/ref=cm_cr_arp_d_rvw_ttl?ie=UTF8&ASIN=B09V7XC7VL,,"Reviewed in the United States on September 8, 2023",Love,True,Color: A1 Transparent + Bright BlackLens Width: 50 Millimeters,[],32,1995,331,https://www.amazon.com/product-reviews/B09V7XC7VL?pageNumber=4&filterByStar=all_stars&sortBy=helpful&formatType=all_formats,allStars,,"{'price': None, 'listPrice': None}",2023-09-08,United States,,B09V7XC7VL,0.6369
12,12,5,"great quality, so cute!",R3UXUYB3G03MH0,https://www.amazon.com/gp/customer-reviews/R3UXUYB3G03MH0/ref=cm_cr_arp_d_rvw_ttl?ie=UTF8&ASIN=B09V7XC7VL,7 people found this helpful,"Reviewed in the United States on October 2, 2023",I love these glasses so much! they are really great quality. they’re thick and stay on your face really well and sturdy! they even come with a tool to fix the glasses if they’re broken. super cute and very much worth the price !,True,Color: A8 Bright Black + Leopard - WhiteLens Width: 50 Millimeters,"['https://m.media-amazon.com/images/I/717sWsZ7dEL._SY88.jpg', 'https://m.media-amazon.com/images/I/71N9nGQjwqL._SY88.jpg']",33,1995,331,https://www.amazon.com/product-reviews/B09V7XC7VL?pageNumber=4&filterByStar=all_stars&sortBy=helpful&formatType=all_formats,allStars,,"{'price': None, 'listPrice': None}",2023-10-02,United States,,B09V7XC7VL,0.9574
13,13,5,Great frames,R1NM991JMO6KR,https://www.amazon.com/gp/customer-reviews/R1NM991JMO6KR/ref=cm_cr_arp_d_rvw_ttl?ie=UTF8&ASIN=B09V7XC7VL,,"Reviewed in the United States on August 27, 2023",I bought these on a whim. Wanted to try a newer look with the oversized frames. To my surprise they look great and are pretty well made. I’ve received many compliments and every  single person asked where I got them. They appear  much more expensive then they are. I bought the black and the brown tortoise duo and love both.,True,Color: A5 Bright Black + LeopardLens Width: 50 Millimeters,[],34,1995,331,https://www.amazon.com/product-reviews/B09V7XC7VL?pageNumber=4&filterByStar=all_stars&sortBy=helpful&formatType=all_formats,allStars,,"{'price': None, 'listPrice': None}",2023-08-27,United States,,B09V7XC7VL,0.9545
14,14,5,5 STAR REVIEW,R24XRH6N95ARN5,https://www.amazon.com/gp/customer-reviews/R24XRH6N95ARN5/ref=cm_cr_arp_d_rvw_ttl?ie=UTF8&ASIN=B09V7XC7VL,One person found this helpful,"Reviewed in the United States on November 8, 2023",Real cute & sturdy. The colors are amazing & a glassy look. Highly recommend 10/10,True,Color: B02 Bright Black + RedLens Width: 50 Millimeters,[],35,1995,331,https://www.amazon.com/product-reviews/B09V7XC7VL?pageNumber=4&filterByStar=all_stars&sortBy=helpful&formatType=all_formats,allStars,,"{'price': None, 'listPrice': None}",2023-11-08,United States,,B09V7XC7VL,0.8622
15,15,5,Cute,R31Z1X85KAHOUY,https://www.amazon.com/gp/customer-reviews/R31Z1X85KAHOUY/ref=cm_cr_arp_d_rvw_ttl?ie=UTF8&ASIN=B09V7XC7VL,,"Reviewed in the United States on November 25, 2023",Very cute same as pictured,True,Color: A8 Bright Black + Leopard - WhiteLens Width: 50 Millimeters,[],36,1995,331,https://www.amazon.com/product-reviews/B09V7XC7VL?pageNumber=4&filterByStar=all_stars&sortBy=helpful&formatType=all_formats,allStars,,"{'price': None, 'listPrice': None}",2023-11-25,United States,,B09V7XC7VL,0.5095
16,16,5,Not big head friendly,R35IGSOA1YVG87,https://www.amazon.com/gp/customer-reviews/R35IGSOA1YVG87/ref=cm_cr_arp_d_rvw_ttl?ie=UTF8&ASIN=B09V7XC7VL,,"Reviewed in the United States on August 21, 2023","They fit a little tight like they were made for little kids between the ages of 12-16. So if you have a small head it will fit nicely but for the big-head girlies or males, it's not so friendly. I love them though besides the squeeze",True,Color: A1 Transparent + Bright BlackLens Width: 50 Millimeters,[],37,1995,331,https://www.amazon.com/product-reviews/B09V7XC7VL?pageNumber=4&filterByStar=all_stars&sortBy=helpful&formatType=all_formats,allStars,,"{'price': None, 'listPrice': None}",2023-08-21,United States,,B09V7XC7VL,-0.7399
17,17,4,Tiktok glasses,R2O91S5N2TTECB,https://www.amazon.com/gp/customer-reviews/R2O91S5N2TTECB/ref=cm_cr_arp_d_rvw_ttl?ie=UTF8&ASIN=B09V7XC7VL,5 people found this helpful,"Reviewed in the United States on February 4, 2023","So I got these I honestly didn’t know if they would look good on me, but in my opinion these are super cute.. and they look good on everyone that I’ve seen them in! You should definitely get them. My only complaint is that after wearing the glasses for a while red spots will form where they were resting on your nose (they go away). Other than that super cute!",True,Color: B2 Bright BlackLens Width: 50 Millimeters,"['https://m.media-amazon.com/images/I/614FHZmXLSL._SY88.jpg', 'https://m.media-amazon.com/images/I/71y+Bh9c6yL._SY88.jpg']",38,1995,331,https://www.amazon.com/product-reviews/B09V7XC7VL?pageNumber=4&filterByStar=all_stars&sortBy=helpful&formatType=all_formats,allStars,,"{'price': None, 'listPrice': None}",2023-02-04,United States,,B09V7XC7VL,0.9775
18,18,5,Style,R1M2R55YRH757J,https://www.amazon.com/gp/customer-reviews/R1M2R55YRH757J/ref=cm_cr_arp_d_rvw_ttl?ie=UTF8&ASIN=B09V7XC7VL,,"Reviewed in the United States on November 9, 2023",Purchased for the kids they loved them!,True,Color: A1 Transparent + Bright BlackLens Width: 50 Millimeters,[],39,1995,331,https://www.amazon.com/product-reviews/B09V7XC7VL?pageNumber=4&filterByStar=all_stars&sortBy=helpful&formatType=all_formats,allStars,,"{'price': None, 'listPrice': None}",2023-11-09,United States,,B09V7XC7VL,0.636
19,19,3,These are cute,R16Z03UHVZIV4K,https://www.amazon.com/gp/customer-reviews/R16Z03UHVZIV4K/ref=cm_cr_arp_d_rvw_ttl?ie=UTF8&ASIN=B09V7XC7VL,,"Reviewed in the United States on September 14, 2023",I really like the look of these chunky glasses. I have really bad eyesight and my doctor was still able to fit my thick lenses in the frames! The only thing about these glasses is that they sqeeze my head a bit and I have to move them around a lot to be comfortable… other than that they’re worth the money!,True,Color: A1 Transparent + Bright BlackLens Width: 50 Millimeters,[],40,1995,331,https://www.amazon.com/product-reviews/B09V7XC7VL?pageNumber=4&filterByStar=all_stars&sortBy=helpful&formatType=all_formats,allStars,,"{'price': None, 'listPrice': None}",2023-09-14,United States,,B09V7XC7VL,0.4559
20,20,5,Stylish,R2QX9Y9C7PUNJX,https://www.amazon.com/gp/customer-reviews/R2QX9Y9C7PUNJX/ref=cm_cr_arp_d_rvw_ttl?ie=UTF8&ASIN=B09V7XC7VL,One person found this helpful,"Reviewed in the United States on October 12, 2023",Great fit and very stylish.,True,Color: A1 Transparent + Bright BlackLens Width: 50 Millimeters,"['https://m.media-amazon.com/images/I/61jMBbjORwL._SY88.jpg', 'https://m.media-amazon.com/images/I/71knMf4nTjL._SY88.jpg']",51,1995,331,https://www.amazon.com/product-reviews/B09V7XC7VL?pageNumber=6&filterByStar=all_stars&sortBy=helpful&formatType=all_formats,allStars,,"{'price': None, 'listPrice': None}",2023-10-12,United States,,B09V7XC7VL,0.765
21,21,5,Love it,R2RL17NS07R1MB,https://www.amazon.com/gp/customer-reviews/R2RL17NS07R1MB/ref=cm_cr_arp_d_rvw_ttl?ie=UTF8&ASIN=B09V7XC7VL,,"Reviewed in the United States on September 14, 2023","I love the fit, color and it's worth the money and feels soo comfortable with clearness.",True,Color: B6 RedLens Width: 50 Millimeters,[],52,1995,331,https://www.amazon.com/product-reviews/B09V7XC7VL?pageNumber=6&filterByStar=all_stars&sortBy=helpful&formatType=all_formats,allStars,,"{'price': None, 'listPrice': None}",2023-09-14,United States,,B09V7XC7VL,0.8979
22,22,3,Big,R3PL5FMZBQP86L,https://www.amazon.com/gp/customer-reviews/R3PL5FMZBQP86L/ref=cm_cr_arp_d_rvw_ttl?ie=UTF8&ASIN=B09V7XC7VL,,"Reviewed in the United States on August 31, 2023",Nice frame but they fit better on wider faces. My face is narrow and small. I look like a bug with hugh eyes. The packaging was very secured.But they are a nice looking frame.Make sure you don't have a small face or head.,True,Color: B5 LeopardLens Width: 50 Millimeters,[],53,1995,331,https://www.amazon.com/product-reviews/B09V7XC7VL?pageNumber=6&filterByStar=all_stars&sortBy=helpful&formatType=all_formats,allStars,,"{'price': None, 'listPrice': None}",2023-08-31,United States,,B09V7XC7VL,0.9578
23,23,4,Fashion only,R3FRP7L2LX03TG,https://www.amazon.com/gp/customer-reviews/R3FRP7L2LX03TG/ref=cm_cr_arp_d_rvw_ttl?ie=UTF8&ASIN=B09V7XC7VL,,"Reviewed in the United States on January 31, 2023","I love the glasses but I thought I could get my prescription in them and that’s my fault for maybe not reading/knowing how the glasses game works lol overall I love the glasses, such a fashion statement",True,Color: B2 Bright BlackLens Width: 50 Millimeters,[],54,1995,331,https://www.amazon.com/product-reviews/B09V7XC7VL?pageNumber=6&filterByStar=all_stars&sortBy=helpful&formatType=all_formats,allStars,,"{'price': None, 'listPrice': None}",2023-01-31,United States,,B09V7XC7VL,0.8608
24,24,4,Just as pictured,R2GN5XJ03Q04PQ,https://www.amazon.com/gp/customer-reviews/R2GN5XJ03Q04PQ/ref=cm_cr_arp_d_rvw_ttl?ie=UTF8&ASIN=B09V7XC7VL,,"Reviewed in the United States on February 6, 2023","Ordered these glasses as props for a play.  They arrived timely, were exactly as pictured and what I expected.  They are sturdy and polished.  Happy with this product.",True,Color: B02 Bright Black + RedLens Width: 50 Millimeters,[],55,1995,331,https://www.amazon.com/product-reviews/B09V7XC7VL?pageNumber=6&filterByStar=all_stars&sortBy=helpful&formatType=all_formats,allStars,,"{'price': None, 'listPrice': None}",2023-02-06,United States,,B09V7XC7VL,0.7269
25,25,5,Blue light lens FREE,R3AHIAF3S4DVJH,https://www.amazon.com/gp/customer-reviews/R3AHIAF3S4DVJH/ref=cm_cr_arp_d_rvw_ttl?ie=UTF8&ASIN=B09V7XC7VL,,"Reviewed in the United States on August 7, 2023","I just love my new glasses. I've search for glasses without the blue light lenses in the past with no luck. Now that I have them, I'll probably buy every color.",True,Color: A5 Bright Black + LeopardLens Width: 50 Millimeters,[],56,1995,331,https://www.amazon.com/product-reviews/B09V7XC7VL?pageNumber=6&filterByStar=all_stars&sortBy=helpful&formatType=all_formats,allStars,,"{'price': None, 'listPrice': None}",2023-08-07,United States,,B09V7XC7VL,0.7184
26,26,5,The cutest glasses,R9IVCQZUHMHYD,https://www.amazon.com/gp/customer-reviews/R9IVCQZUHMHYD/ref=cm_cr_arp_d_rvw_ttl?ie=UTF8&ASIN=B09V7XC7VL,5 people found this helpful,"Reviewed in the United States on June 10, 2023","I’ve gotten so many compliments on these glasses. They’re super cute and sturdy I’ve had them for a few months, and even though I don’t have a case for them(I’m the clumsiest person ever), they still haven’t broken.",True,Color: C1 Transparent PinkLens Width: 50 Millimeters,['https://m.media-amazon.com/images/I/612rfFwEoCL._SY88.jpg'],57,1995,331,https://www.amazon.com/product-reviews/B09V7XC7VL?pageNumber=6&filterByStar=all_stars&sortBy=helpful&formatType=all_formats,allStars,,"{'price': None, 'listPrice': None}",2023-06-10,United States,,B09V7XC7VL,0.7769
27,27,2,Wrong color,RNXUW196ELV6T,https://www.amazon.com/gp/customer-reviews/RNXUW196ELV6T/ref=cm_cr_arp_d_rvw_ttl?ie=UTF8&ASIN=B09V7XC7VL,,"Reviewed in the United States on March 27, 2024",I ordered pink but didn’t get pink.  They also looked pre-owned.,True,Color: C1 Transparent PinkLens Width: 50 Millimeters,[],58,1995,331,https://www.amazon.com/product-reviews/B09V7XC7VL?pageNumber=6&filterByStar=all_stars&sortBy=helpful&formatType=all_formats,allStars,,"{'price': None, 'listPrice': None}",2024-03-27,United States,,B09V7XC7VL,0.0
28,28,5,A must buy,R2O5MKHM4CC4VW,https://www.amazon.com/gp/customer-reviews/R2O5MKHM4CC4VW/ref=cm_cr_arp_d_rvw_ttl?ie=UTF8&ASIN=B09V7XC7VL,2 people found this helpful,"Reviewed in the United States on July 6, 2023","I bought these because I needed something new to wear, and these looked so good on the other blk girls so I knew I had to get. I wear them almost everyday and they feel great.",True,Color: A1 Transparent + Bright BlackLens Width: 50 Millimeters,[],59,1995,331,https://www.amazon.com/product-reviews/B09V7XC7VL?pageNumber=6&filterByStar=all_stars&sortBy=helpful&formatType=all_formats,allStars,,"{'price': None, 'listPrice': None}",2023-07-06,United States,,B09V7XC7VL,0.8334
29,29,5,I love the color.,R338MZ9WFXOJWK,https://www.amazon.com/gp/customer-reviews/R338MZ9WFXOJWK/ref=cm_cr_arp_d_rvw_ttl?ie=UTF8&ASIN=B09V7XC7VL,,"Reviewed in the United States on September 7, 2023",The color of the frame looks classy and expensive for the price.,True,Color: B3 BrownLens Width: 50 Millimeters,[],60,1995,331,https://www.amazon.com/product-reviews/B09V7XC7VL?pageNumber=6&filterByStar=all_stars&sortBy=helpful&formatType=all_formats,allStars,,"{'price': None, 'listPrice': None}",2023-09-07,United States,,B09V7XC7VL,0.4404
30,30,4,"Love them, exactly as shown and fit comfortably!!!",R4PJJHX9C541S,https://www.amazon.com/gp/customer-reviews/R4PJJHX9C541S/ref=cm_cr_arp_d_rvw_ttl?ie=UTF8&ASIN=B09V7XC7VL,,"Reviewed in the United States on July 13, 2022","The clear looks classy, and it gives it a soft look.  The glasses are light, not tight around my head, and the lens is perfect no bubbles or warping.  I can see my monitor clearer.  I like them, and you can't beat the price.  Also, the glasses come with a baggie, a cleaning cloth, and a tightening tool.",True,Color: B1 TransparentLens Width: 50 Millimeters,"['https://m.media-amazon.com/images/I/51+QTMLM9ZL._SY88.jpg', 'https://m.media-amazon.com/images/I/512C2WyYYPL._SY88.jpg', 'https://m.media-amazon.com/images/I/51YzpjXBIpL._SY88.jpg', 'https://m.media-amazon.com/images/I/51o3+a1e5aL._SY88.jpg']",71,1995,331,https://www.amazon.com/product-reviews/B09V7XC7VL?pageNumber=8&filterByStar=all_stars&sortBy=helpful&formatType=all_formats,allStars,,"{'price': None, 'listPrice': None}",2022-07-13,United States,,B09V7XC7VL,0.8591
31,31,5,Get them.,R3LBJSCP389JKD,https://www.amazon.com/gp/customer-reviews/R3LBJSCP389JKD/ref=cm_cr_arp_d_rvw_ttl?ie=UTF8&ASIN=B09V7XC7VL,,"Reviewed in the United States on July 5, 2023",Got some many compliments and actually are good quality. So just go ahead and purchase.,True,Color: A1 Transparent + Bright BlackLens Width: 50 Millimeters,[],72,1995,331,https://www.amazon.com/product-reviews/B09V7XC7VL?pageNumber=8&filterByStar=all_stars&sortBy=helpful&formatType=all_formats,allStars,,"{'price': None, 'listPrice': None}",2023-07-05,United States,,B09V7XC7VL,0.6808
32,32,5,Cute,R4G8T228LLUIN,https://www.amazon.com/gp/customer-reviews/R4G8T228LLUIN/ref=cm_cr_arp_d_rvw_ttl?ie=UTF8&ASIN=B09V7XC7VL,,"Reviewed in the United States on July 22, 2023",Come as advertised super cute I get compliments all the time,True,Color: A1 Transparent + Bright BlackLens Width: 50 Millimeters,[],73,1995,331,https://www.amazon.com/product-reviews/B09V7XC7VL?pageNumber=8&filterByStar=all_stars&sortBy=helpful&formatType=all_formats,allStars,,"{'price': None, 'listPrice': None}",2023-07-22,United States,,B09V7XC7VL,0.8625
33,33,5,"Awesome, well worth the price.",R25500SITNA7RH,https://www.amazon.com/gp/customer-reviews/R25500SITNA7RH/ref=cm_cr_arp_d_rvw_ttl?ie=UTF8&ASIN=B09V7XC7VL,,"Reviewed in the United States on April 28, 2023",They are very nice and seem even more then they're worth. Only flaw is the blue light factor which I feel is not the best blocking out blue light.,True,Color: A1 Transparent + Bright BlackLens Width: 50 Millimeters,[],74,1995,331,https://www.amazon.com/product-reviews/B09V7XC7VL?pageNumber=8&filterByStar=all_stars&sortBy=helpful&formatType=all_formats,allStars,,"{'price': None, 'listPrice': None}",2023-04-28,United States,,B09V7XC7VL,0.4718
34,34,5,Loveee them,RC17S11NGWE7I,https://www.amazon.com/gp/customer-reviews/RC17S11NGWE7I/ref=cm_cr_arp_d_rvw_ttl?ie=UTF8&ASIN=B09V7XC7VL,5 people found this helpful,"Reviewed in the United States on April 26, 2023",I wear these like they’re prescription glasses lol. But i love the style & the look it gives off. Definitely buying another pair soon!,True,Color: A1 Transparent + Bright BlackLens Width: 50 Millimeters,[],75,1995,331,https://www.amazon.com/product-reviews/B09V7XC7VL?pageNumber=8&filterByStar=all_stars&sortBy=helpful&formatType=all_formats,allStars,,"{'price': None, 'listPrice': None}",2023-04-26,United States,,B09V7XC7VL,0.923
35,35,5,Love it it's thick frame is very flattering,R7WU5288MG20M,https://www.amazon.com/gp/customer-reviews/R7WU5288MG20M/ref=cm_cr_arp_d_rvw_ttl?ie=UTF8&ASIN=B09V7XC7VL,One person found this helpful,"Reviewed in the United States on June 19, 2023",Black thick rims the blue shade from the sun everything about it is just satisfaction,True,Color: A1 Transparent + Bright BlackLens Width: 50 Millimeters,[],76,1995,331,https://www.amazon.com/product-reviews/B09V7XC7VL?pageNumber=8&filterByStar=all_stars&sortBy=helpful&formatType=all_formats,allStars,,"{'price': None, 'listPrice': None}",2023-06-19,United States,,B09V7XC7VL,0.4404
36,36,5,Great for Comestic looks,R25O49W9DG2C1T,https://www.amazon.com/gp/customer-reviews/R25O49W9DG2C1T/ref=cm_cr_arp_d_rvw_ttl?ie=UTF8&ASIN=B09V7XC7VL,,"Reviewed in the United States on March 27, 2023",These glasses are nonprescription and they are great for the cosmetic look. Fits perfectly behind the ears. However as a regular pair of glasses you may to push them to face to your liking.,True,Color: A1 Transparent + Bright BlackLens Width: 50 Millimeters,[],77,1995,331,https://www.amazon.com/product-reviews/B09V7XC7VL?pageNumber=8&filterByStar=all_stars&sortBy=helpful&formatType=all_formats,allStars,,"{'price': None, 'listPrice': None}",2023-03-27,United States,,B09V7XC7VL,0.9001
37,37,4,Cute,R2R7SQOH5N8LSL,https://www.amazon.com/gp/customer-reviews/R2R7SQOH5N8LSL/ref=cm_cr_arp_d_rvw_ttl?ie=UTF8&ASIN=B09V7XC7VL,5 people found this helpful,"Reviewed in the United States on February 12, 2023",,True,Color: A1 Transparent + Bright BlackLens Width: 50 Millimeters,"['https://m.media-amazon.com/images/I/613UTdKewdL._SY88.jpg', 'https://m.media-amazon.com/images/I/61Nap3porGL._SY88.jpg']",78,1995,331,https://www.amazon.com/product-reviews/B09V7XC7VL?pageNumber=8&filterByStar=all_stars&sortBy=helpful&formatType=all_formats,allStars,,"{'price': None, 'listPrice': None}",2023-02-12,United States,,B09V7XC7VL,0.0
38,38,4,Cute and nice fit,R3MPC5SX964H89,https://www.amazon.com/gp/customer-reviews/R3MPC5SX964H89/ref=cm_cr_arp_d_rvw_ttl?ie=UTF8&ASIN=B09V7XC7VL,,"Reviewed in the United States on January 13, 2023",Fits great and are very cute,True,Color: A1 Transparent + Bright BlackLens Width: 50 Millimeters,[],79,1995,331,https://www.amazon.com/product-reviews/B09V7XC7VL?pageNumber=8&filterByStar=all_stars&sortBy=helpful&formatType=all_formats,allStars,,"{'price': None, 'listPrice': None}",2023-01-13,United States,,B09V7XC7VL,0.8122
39,39,5,Love these,RA5LT08MYU7FC,https://www.amazon.com/gp/customer-reviews/RA5LT08MYU7FC/ref=cm_cr_arp_d_rvw_ttl?ie=UTF8&ASIN=B09V7XC7VL,,"Reviewed in the United States on April 1, 2023",They are nicely made. Not cheap! Cute and stylish.I have gotten so many compliments on these. So far I’ve only worn the black ones. I haven’t worn the clear pair yet.,True,Color: A1 Transparent + Bright BlackLens Width: 50 Millimeters,[],80,1995,331,https://www.amazon.com/product-reviews/B09V7XC7VL?pageNumber=8&filterByStar=all_stars&sortBy=helpful&formatType=all_formats,allStars,,"{'price': None, 'listPrice': None}",2023-04-01,United States,,B09V7XC7VL,0.4386
40,40,2,Not what I ordered,R1DO0TBD0U6S6M,https://www.amazon.com/gp/customer-reviews/R1DO0TBD0U6S6M/ref=cm_cr_arp_d_rvw_ttl?ie=UTF8&ASIN=B09V7XC7VL,,"Reviewed in the United States on December 24, 2023","I was sooo in love with these glasses, I ordered two of the black glasses. One for me and another for a Christmas gift. I received one brown pair, not only did I get something I didn’t want but I also paid extra money and only received one pair of glasses.It’s still cute, I just wish I received what I asked for.",True,Color: A2 Bright Black + Bright BlackLens Width: 50 Millimeters,['https://m.media-amazon.com/images/I/61W1VNuMS8L._SY88.jpg'],61,1995,331,https://www.amazon.com/product-reviews/B09V7XC7VL?pageNumber=7&filterByStar=all_stars&sortBy=helpful&formatType=all_formats,allStars,,"{'price': None, 'listPrice': None}",2023-12-24,United States,,B09V7XC7VL,0.9052
41,41,2,Cute but damaged,R1Z6EO1WF3H7AF,https://www.amazon.com/gp/customer-reviews/R1Z6EO1WF3H7AF/ref=cm_cr_arp_d_rvw_ttl?ie=UTF8&ASIN=B09V7XC7VL,,"Reviewed in the United States on February 13, 2024","The glasses were adorable and well-packaged, but unfortunately, they arrived damaged with a cracked lens as soon as I unwrapped them. It's disappointing since I had intended to wear them tomorrow",True,Color: C2 Black - PinkLens Width: 50 Millimeters,"['https://m.media-amazon.com/images/I/61AFGX8Op0L._SY88.jpg', 'https://m.media-amazon.com/images/I/61pHA2g6BGL._SY88.jpg']",62,1995,331,https://www.amazon.com/product-reviews/B09V7XC7VL?pageNumber=7&filterByStar=all_stars&sortBy=helpful&formatType=all_formats,allStars,,"{'price': None, 'listPrice': None}",2024-02-13,United States,,B09V7XC7VL,-0.8793
42,42,5,Makes me feel like a sexy nerd,R37KL8FCJDAG70,https://www.amazon.com/gp/customer-reviews/R37KL8FCJDAG70/ref=cm_cr_arp_d_rvw_ttl?ie=UTF8&ASIN=B09V7XC7VL,2 people found this helpful,"Reviewed in the United States on October 24, 2023",Absolutely loved these,True,Color: A1 Transparent + Bright BlackLens Width: 50 Millimeters,[],63,1995,331,https://www.amazon.com/product-reviews/B09V7XC7VL?pageNumber=7&filterByStar=all_stars&sortBy=helpful&formatType=all_formats,allStars,,"{'price': None, 'listPrice': None}",2023-10-24,United States,,B09V7XC7VL,0.6361
43,43,5,I love them,RBU227W5T5OD8,https://www.amazon.com/gp/customer-reviews/RBU227W5T5OD8/ref=cm_cr_arp_d_rvw_ttl?ie=UTF8&ASIN=B09V7XC7VL,2 people found this helpful,"Reviewed in the United States on July 21, 2023",They are really pretty and fit my face nice and snug and they both come in separate sacks with a wipe for the lens,True,Color: A1 Transparent + Bright BlackLens Width: 50 Millimeters,"['https://m.media-amazon.com/images/I/71Lgttxvk5L._SY88.jpg', 'https://m.media-amazon.com/images/I/71ge1rI5zxL._SY88.jpg']",64,1995,331,https://www.amazon.com/product-reviews/B09V7XC7VL?pageNumber=7&filterByStar=all_stars&sortBy=helpful&formatType=all_formats,allStars,,"{'price': None, 'listPrice': None}",2023-07-21,United States,,B09V7XC7VL,0.8425
44,44,5,Comfortable cute,R6ZIYVFSN8IC9,https://www.amazon.com/gp/customer-reviews/R6ZIYVFSN8IC9/ref=cm_cr_arp_d_rvw_ttl?ie=UTF8&ASIN=B09V7XC7VL,,"Reviewed in the United States on September 19, 2023",Nothing,True,Color: A1 Transparent + Bright BlackLens Width: 50 Millimeters,"['https://m.media-amazon.com/images/I/719eZrniDxL._SY88.jpg', 'https://m.media-amazon.com/images/I/71S+SfWJpuL._SY88.jpg']",65,1995,331,https://www.amazon.com/product-reviews/B09V7XC7VL?pageNumber=7&filterByStar=all_stars&sortBy=helpful&formatType=all_formats,allStars,,"{'price': None, 'listPrice': None}",2023-09-19,United States,,B09V7XC7VL,0.0
45,45,5,Just Like The Pictures,R3BH79FCHP5F9D,https://www.amazon.com/gp/customer-reviews/R3BH79FCHP5F9D/ref=cm_cr_arp_d_rvw_ttl?ie=UTF8&ASIN=B09V7XC7VL,One person found this helpful,"Reviewed in the United States on March 12, 2023",Girl buy it it’s super cute and super worth it i adore the details it adds to my outfits i use it too look cute at work and school and you can change the lens to your own prescription as well don’t think about it buy it 🥰,True,Color: A1 Transparent + Bright BlackLens Width: 50 Millimeters,[],66,1995,331,https://www.amazon.com/product-reviews/B09V7XC7VL?pageNumber=7&filterByStar=all_stars&sortBy=helpful&formatType=all_formats,allStars,,"{'price': None, 'listPrice': None}",2023-03-12,United States,,B09V7XC7VL,0.9657
46,46,5,These are the clearest glasses ever!,R1L5XW1AXKUV0H,https://www.amazon.com/gp/customer-reviews/R1L5XW1AXKUV0H/ref=cm_cr_arp_d_rvw_ttl?ie=UTF8&ASIN=B09V7XC7VL,,"Reviewed in the United States on July 29, 2023",These are the clearest glasses I have everlooked  through and they are fashionable.,True,Color: A5 Bright Black + LeopardLens Width: 50 Millimeters,[],67,1995,331,https://www.amazon.com/product-reviews/B09V7XC7VL?pageNumber=7&filterByStar=all_stars&sortBy=helpful&formatType=all_formats,allStars,,"{'price': None, 'listPrice': None}",2023-07-29,United States,,B09V7XC7VL,0.0
47,47,5,🥰,R3RYECC4AR76RN,https://www.amazon.com/gp/customer-reviews/R3RYECC4AR76RN/ref=cm_cr_arp_d_rvw_ttl?ie=UTF8&ASIN=B09V7XC7VL,,"Reviewed in the United States on August 19, 2023","When I say cute, I mean it!💅🏽",True,Color: A8 Bright Black + Leopard - WhiteLens Width: 50 Millimeters,[],68,1995,331,https://www.amazon.com/product-reviews/B09V7XC7VL?pageNumber=7&filterByStar=all_stars&sortBy=helpful&formatType=all_formats,allStars,,"{'price': None, 'listPrice': None}",2023-08-19,United States,,B09V7XC7VL,0.5093
48,48,4,Love my eyewear!,R3UEW4U4AP7L16,https://www.amazon.com/gp/customer-reviews/R3UEW4U4AP7L16/ref=cm_cr_arp_d_rvw_ttl?ie=UTF8&ASIN=B09V7XC7VL,One person found this helpful,"Reviewed in the United States on January 31, 2023",These add the fashion touch I needed. Don't wear prescription glasses but have contact.,True,Color: B02 Bright Black + RedLens Width: 50 Millimeters,[],69,1995,331,https://www.amazon.com/product-reviews/B09V7XC7VL?pageNumber=7&filterByStar=all_stars&sortBy=helpful&formatType=all_formats,allStars,,"{'price': None, 'listPrice': None}",2023-01-31,United States,,B09V7XC7VL,0.0
49,49,5,They’re nice,R1EBZ62JB34F7O,https://www.amazon.com/gp/customer-reviews/R1EBZ62JB34F7O/ref=cm_cr_arp_d_rvw_ttl?ie=UTF8&ASIN=B09V7XC7VL,3 people found this helpful,"Reviewed in the United States on February 2, 2023","If you’re buying this to put in prescription lenses then don’t buy them. Bc everywhere I went said they frames aren’t malleable enough to put lenses in..they’re too firm. Otherwise they’re a cute pair of frames to wear fashion wise, no complaints besides I wanted to put prescription lenses in and I couldn’t 👍🏾",True,Color: A5 Bright Black + LeopardLens Width: 50 Millimeters,[],70,1995,331,https://www.amazon.com/product-reviews/B09V7XC7VL?pageNumber=7&filterByStar=all_stars&sortBy=helpful&formatType=all_formats,allStars,,"{'price': None, 'listPrice': None}",2023-02-02,United States,,B09V7XC7VL,0.296
50,50,5,Great Quality,R3VXZ50R8L28GB,https://www.amazon.com/gp/customer-reviews/R3VXZ50R8L28GB/ref=cm_cr_arp_d_rvw_ttl?ie=UTF8&ASIN=B09V7XC7VL,,"Reviewed in the United States on February 12, 2024","Great quality, but seems there is a glare",True,Color: B01 Bright Black + Leopard - Brown RedLens Width: 50 Millimeters,[],11,1995,331,https://www.amazon.com/product-reviews/B09V7XC7VL?pageNumber=2&filterByStar=all_stars&sortBy=helpful&formatType=all_formats,allStars,,"{'price': None, 'listPrice': None}",2024-02-12,United States,,B09V7XC7VL,0.3716
51,51,4,So cute,R3KKX0SGTAP5P4,https://www.amazon.com/gp/customer-reviews/R3KKX0SGTAP5P4/ref=cm_cr_arp_d_rvw_ttl?ie=UTF8&ASIN=B09V7XC7VL,3 people found this helpful,"Reviewed in the United States on November 25, 2023",Really cute. Thick plastic that held up to my 1 yr old. They are kind of tight around the ears if you have a big head like me just a warning but overall I like them,True,Color: A1 Transparent + Bright BlackLens Width: 50 Millimeters,['https://m.media-amazon.com/images/I/61Q3sNPvb-L._SY88.jpg'],12,1995,331,https://www.amazon.com/product-reviews/B09V7XC7VL?pageNumber=2&filterByStar=all_stars&sortBy=helpful&formatType=all_formats,allStars,,"{'price': None, 'listPrice': None}",2023-11-25,United States,,B09V7XC7VL,0.6648
52,52,4,Too large for my small face.,R2YKK8ZA862RKD,https://www.amazon.com/gp/customer-reviews/R2YKK8ZA862RKD/ref=cm_cr_arp_d_rvw_ttl?ie=UTF8&ASIN=B09V7XC7VL,,"Reviewed in the United States on December 4, 2023","Loved the frames, but too small for my small face!",True,Color: A1 Transparent + Bright BlackLens Width: 50 Millimeters,[],13,1995,331,https://www.amazon.com/product-reviews/B09V7XC7VL?pageNumber=2&filterByStar=all_stars&sortBy=helpful&formatType=all_formats,allStars,,"{'price': None, 'listPrice': None}",2023-12-04,United States,,B09V7XC7VL,0.4102
53,53,4,Cute!,R2R5AGKXVO4FAG,https://www.amazon.com/gp/customer-reviews/R2R5AGKXVO4FAG/ref=cm_cr_arp_d_rvw_ttl?ie=UTF8&ASIN=B09V7XC7VL,,"Reviewed in the United States on November 17, 2023","Super cute to throw on for school, work or everyday wear! I like the size and fit of the glasses.",True,Color: A1 Transparent + Bright BlackLens Width: 50 Millimeters,[],14,1995,331,https://www.amazon.com/product-reviews/B09V7XC7VL?pageNumber=2&filterByStar=all_stars&sortBy=helpful&formatType=all_formats,allStars,,"{'price': None, 'listPrice': None}",2023-11-17,United States,,B09V7XC7VL,0.9041
54,54,4,"pretty good quality, hard to break",R13J2IBSWH6VY7,https://www.amazon.com/gp/customer-reviews/R13J2IBSWH6VY7/ref=cm_cr_arp_d_rvw_ttl?ie=UTF8&ASIN=B09V7XC7VL,3 people found this helpful,"Reviewed in the United States on October 3, 2023","Did a break test on these glasses and they were hard to break. Thick plastic and strong metal to hold the glasses. Though, they are big and bulky, so if you have maybe a small face I don't recommend. But other than that if you're looking for some good quality glasses that are big and in style, these are what you're looking for!",True,Color: A1 Transparent + Bright BlackLens Width: 50 Millimeters,[],15,1995,331,https://www.amazon.com/product-reviews/B09V7XC7VL?pageNumber=2&filterByStar=all_stars&sortBy=helpful&formatType=all_formats,allStars,,"{'price': None, 'listPrice': None}",2023-10-03,United States,,B09V7XC7VL,0.6744
55,55,5,stylish,R1RUI9WOEF27CF,https://www.amazon.com/gp/customer-reviews/R1RUI9WOEF27CF/ref=cm_cr_arp_d_rvw_ttl?ie=UTF8&ASIN=B09V7XC7VL,2 people found this helpful,"Reviewed in the United States on January 18, 2024",cuteee just the style i was going for. A little tight around the ears tho,True,Color: A5 Bright Black + LeopardLens Width: 50 Millimeters,['https://m.media-amazon.com/images/I/710Ywwckb7L._SY88.jpg'],16,1995,331,https://www.amazon.com/product-reviews/B09V7XC7VL?pageNumber=2&filterByStar=all_stars&sortBy=helpful&formatType=all_formats,allStars,,"{'price': None, 'listPrice': None}",2024-01-18,United States,,B09V7XC7VL,0.0
56,56,4,Love em❤️,R1CLPCC6AEFTAL,https://www.amazon.com/gp/customer-reviews/R1CLPCC6AEFTAL/ref=cm_cr_arp_d_rvw_ttl?ie=UTF8&ASIN=B09V7XC7VL,6 people found this helpful,"Reviewed in the United States on November 7, 2023","Good appearance, worth the money . I got black and clear , very durable but they came bigger then I expected but overall I like em",True,Color: A1 Transparent + Bright BlackLens Width: 50 Millimeters,['https://m.media-amazon.com/images/I/61OSN7CEq-L._SY88.jpg'],17,1995,331,https://www.amazon.com/product-reviews/B09V7XC7VL?pageNumber=2&filterByStar=all_stars&sortBy=helpful&formatType=all_formats,allStars,,"{'price': None, 'listPrice': None}",2023-11-07,United States,,B09V7XC7VL,0.7543
57,57,5,My go to.,RAVFBD9PE4RCU,https://www.amazon.com/gp/customer-reviews/RAVFBD9PE4RCU/ref=cm_cr_arp_d_rvw_ttl?ie=UTF8&ASIN=B09V7XC7VL,3 people found this helpful,"Reviewed in the United States on January 4, 2024",I’m convinced the glasses always boost the look. Love Love Love. & for my big head girles they come with a tiny flat head to tight the glasses. I have four pairs now.,True,Color: A1 Transparent + Bright BlackLens Width: 50 Millimeters,['https://m.media-amazon.com/images/I/711lgBiprzL._SY88.jpg'],18,1995,331,https://www.amazon.com/product-reviews/B09V7XC7VL?pageNumber=2&filterByStar=all_stars&sortBy=helpful&formatType=all_formats,allStars,,"{'price': None, 'listPrice': None}",2024-01-04,United States,,B09V7XC7VL,0.9584
58,58,4,Nice just not my style,RCE3ANGIZKLPG,https://www.amazon.com/gp/customer-reviews/RCE3ANGIZKLPG/ref=cm_cr_arp_d_rvw_ttl?ie=UTF8&ASIN=B09V7XC7VL,,"Reviewed in the United States on November 3, 2023",Nice but not my style.  I returned the.,True,Color: B6 RedLens Width: 50 Millimeters,[],19,1995,331,https://www.amazon.com/product-reviews/B09V7XC7VL?pageNumber=2&filterByStar=all_stars&sortBy=helpful&formatType=all_formats,allStars,,"{'price': None, 'listPrice': None}",2023-11-03,United States,,B09V7XC7VL,0.2263
59,59,4,Cute😊,R2UMUH3J31UGPC,https://www.amazon.com/gp/customer-reviews/R2UMUH3J31UGPC/ref=cm_cr_arp_d_rvw_ttl?ie=UTF8&ASIN=B09V7XC7VL,,"Reviewed in the United States on October 20, 2023",,True,Color: A1 Transparent + Bright BlackLens Width: 50 Millimeters,['https://m.media-amazon.com/images/I/61bI1w2QNdL._SY88.jpg'],20,1995,331,https://www.amazon.com/product-reviews/B09V7XC7VL?pageNumber=2&filterByStar=all_stars&sortBy=helpful&formatType=all_formats,allStars,,"{'price': None, 'listPrice': None}",2023-10-20,United States,,B09V7XC7VL,0.0
60,60,5,Good in two ways (Recommended lens),R1OT2CNDEKBOY5,https://www.amazon.com/gp/customer-reviews/R1OT2CNDEKBOY5/ref=cm_cr_arp_d_rvw_ttl?ie=UTF8&ASIN=B09V7XC7VL,One person found this helpful,"Reviewed in the United States on July 15, 2023",I used this beautiful frame for my recommendation lens.,True,Color: B0 Bright Black + Transparent PinkLens Width: 50 Millimeters,[],81,1995,331,https://www.amazon.com/product-reviews/B09V7XC7VL?pageNumber=9&filterByStar=all_stars&sortBy=helpful&formatType=all_formats,allStars,,"{'price': None, 'listPrice': None}",2023-07-15,United States,,B09V7XC7VL,0.5994
61,61,5,Don’t walk RUNNNNN,R3QYF9CWJKKG99,https://www.amazon.com/gp/customer-reviews/R3QYF9CWJKKG99/ref=cm_cr_arp_d_rvw_ttl?ie=UTF8&ASIN=B09V7XC7VL,9 people found this helpful,"Reviewed in the United States on January 24, 2023",I saw these glasses on Tik Tok and had to try them and let me just say they did not disappoint. I bought the two pair bundle all black and black and pink. I love them you can dress it pretty much with anything.,True,Color: A9 Bright Black + Black - PinkLens Width: 50 Millimeters,"['https://m.media-amazon.com/images/I/61RrWdNvMpL._SY88.jpg', 'https://m.media-amazon.com/images/I/71QuxgSi1yL._SY88.jpg']",82,1995,331,https://www.amazon.com/product-reviews/B09V7XC7VL?pageNumber=9&filterByStar=all_stars&sortBy=helpful&formatType=all_formats,allStars,,"{'price': None, 'listPrice': None}",2023-01-24,United States,,B09V7XC7VL,0.8644
62,62,5,I love it,R14IEICOPZ9MAK,https://www.amazon.com/gp/customer-reviews/R14IEICOPZ9MAK/ref=cm_cr_arp_d_rvw_ttl?ie=UTF8&ASIN=B09V7XC7VL,,"Reviewed in the United States on July 13, 2023",I love it so much,True,Color: A3 Transparent + TransparentLens Width: 50 Millimeters,[],83,1995,331,https://www.amazon.com/product-reviews/B09V7XC7VL?pageNumber=9&filterByStar=all_stars&sortBy=helpful&formatType=all_formats,allStars,,"{'price': None, 'listPrice': None}",2023-07-13,United States,,B09V7XC7VL,0.6369
63,63,5,Perfect,R3KS1INE7Q3BRN,https://www.amazon.com/gp/customer-reviews/R3KS1INE7Q3BRN/ref=cm_cr_arp_d_rvw_ttl?ie=UTF8&ASIN=B09V7XC7VL,5 people found this helpful,"Reviewed in the United States on May 28, 2023","Love these, they are so cute . I want ever color.",True,Color: A1 Transparent + Bright BlackLens Width: 50 Millimeters,"['https://m.media-amazon.com/images/I/71i3x6axWSL._SY88.jpg', 'https://m.media-amazon.com/images/I/71kzddqmODL._SY88.jpg']",84,1995,331,https://www.amazon.com/product-reviews/B09V7XC7VL?pageNumber=9&filterByStar=all_stars&sortBy=helpful&formatType=all_formats,allStars,,"{'price': None, 'listPrice': None}",2023-05-28,United States,,B09V7XC7VL,0.864
64,64,5,Cute so cute,R1GRWHMCGW5VCI,https://www.amazon.com/gp/customer-reviews/R1GRWHMCGW5VCI/ref=cm_cr_arp_d_rvw_ttl?ie=UTF8&ASIN=B09V7XC7VL,4 people found this helpful,"Reviewed in the United States on January 12, 2023",Love them I really can’t see though so o just wear them to take pictures then throw on my normal glasses lol but for the ladies that don’t need glasses and just want to wear them these are them 😂😍😍😍😍😍,True,Color: A1 Transparent + Bright BlackLens Width: 50 Millimeters,['https://m.media-amazon.com/images/I/41pestEkpFL._SY88.jpg'],85,1995,331,https://www.amazon.com/product-reviews/B09V7XC7VL?pageNumber=9&filterByStar=all_stars&sortBy=helpful&formatType=all_formats,allStars,,"{'price': None, 'listPrice': None}",2023-01-12,United States,,B09V7XC7VL,0.6059
65,65,5,Love it,RC3C4RZ9VC1G5,https://www.amazon.com/gp/customer-reviews/RC3C4RZ9VC1G5/ref=cm_cr_arp_d_rvw_ttl?ie=UTF8&ASIN=B09V7XC7VL,,"Reviewed in the United States on May 26, 2023",Came just how the pictures look very cute,True,Color: C2 Black - PinkLens Width: 50 Millimeters,[],86,1995,331,https://www.amazon.com/product-reviews/B09V7XC7VL?pageNumber=9&filterByStar=all_stars&sortBy=helpful&formatType=all_formats,allStars,,"{'price': None, 'listPrice': None}",2023-05-26,United States,,B09V7XC7VL,0.5095
66,66,5,A must have.,R2DFIAKHIQYBY7,https://www.amazon.com/gp/customer-reviews/R2DFIAKHIQYBY7/ref=cm_cr_arp_d_rvw_ttl?ie=UTF8&ASIN=B09V7XC7VL,,"Reviewed in the United States on June 8, 2023",Go get you one hun.,True,Color: B3 BrownLens Width: 50 Millimeters,[],87,1995,331,https://www.amazon.com/product-reviews/B09V7XC7VL?pageNumber=9&filterByStar=all_stars&sortBy=helpful&formatType=all_formats,allStars,,"{'price': None, 'listPrice': None}",2023-06-08,United States,,B09V7XC7VL,0.0
67,67,5,Stylish,RR28NM2DLGQ1U,https://www.amazon.com/gp/customer-reviews/RR28NM2DLGQ1U/ref=cm_cr_arp_d_rvw_ttl?ie=UTF8&ASIN=B09V7XC7VL,,"Reviewed in the United States on March 1, 2023",Everyone asks me where’d you get them those are nice they also think their medicated but I tell them go straight to Amazon to find these,True,Color: B2 Bright BlackLens Width: 50 Millimeters,[],88,1995,331,https://www.amazon.com/product-reviews/B09V7XC7VL?pageNumber=9&filterByStar=all_stars&sortBy=helpful&formatType=all_formats,allStars,,"{'price': None, 'listPrice': None}",2023-03-01,United States,,B09V7XC7VL,0.6486
68,68,5,Great Quality Glasses w/A1 Packaging,RNHO1JMLJ51X6,https://www.amazon.com/gp/customer-reviews/RNHO1JMLJ51X6/ref=cm_cr_arp_d_rvw_ttl?ie=UTF8&ASIN=B09V7XC7VL,2 people found this helpful,"Reviewed in the United States on December 30, 2022",These glasses are awesome and I fully expect them to last for years. I wear the black ones daily and they don't appear to be like the kind of frames to start peeling.I'll update my review if anything changes.,True,Color: A1 Transparent + Bright BlackLens Width: 50 Millimeters,[],89,1995,331,https://www.amazon.com/product-reviews/B09V7XC7VL?pageNumber=9&filterByStar=all_stars&sortBy=helpful&formatType=all_formats,allStars,,"{'price': None, 'listPrice': None}",2022-12-30,United States,,B09V7XC7VL,0.765
69,69,3,Cute glasses,R2I640CGLQAI3H,https://www.amazon.com/gp/customer-reviews/R2I640CGLQAI3H/ref=cm_cr_arp_d_rvw_ttl?ie=UTF8&ASIN=B09V7XC7VL,,"Reviewed in the United States on April 1, 2023",The glasses are cute but I think since the lenses are slightly blurry it’s hurts my eyes. For $14 you definitely get you money worth.,True,Color: A1 Transparent + Bright BlackLens Width: 50 Millimeters,[],90,1995,331,https://www.amazon.com/product-reviews/B09V7XC7VL?pageNumber=9&filterByStar=all_stars&sortBy=helpful&formatType=all_formats,allStars,,"{'price': None, 'listPrice': None}",2023-04-01,United States,,B09V7XC7VL,0.4561
70,70,4,Very cute light weight,R18RQPOCERG711,https://www.amazon.com/gp/customer-reviews/R18RQPOCERG711/ref=cm_cr_arp_d_rvw_ttl?ie=UTF8&ASIN=B09V7XC7VL,One person found this helpful,"Reviewed in the United States on June 27, 2023",Like them will buy more different colors,True,Color: A8 Bright Black + Leopard - WhiteLens Width: 50 Millimeters,[],41,1995,331,https://www.amazon.com/product-reviews/B09V7XC7VL?pageNumber=5&filterByStar=all_stars&sortBy=helpful&formatType=all_formats,allStars,,"{'price': None, 'listPrice': None}",2023-06-27,United States,,B09V7XC7VL,0.3612
71,71,5,Comfortable,R2GSCCVHC0Z7B8,https://www.amazon.com/gp/customer-reviews/R2GSCCVHC0Z7B8/ref=cm_cr_arp_d_rvw_ttl?ie=UTF8&ASIN=B09V7XC7VL,,"Reviewed in the United States on October 15, 2023",My niece loves these glasses and they look great on her!,True,Color: A1 Transparent + Bright BlackLens Width: 50 Millimeters,[],42,1995,331,https://www.amazon.com/product-reviews/B09V7XC7VL?pageNumber=5&filterByStar=all_stars&sortBy=helpful&formatType=all_formats,allStars,,"{'price': None, 'listPrice': None}",2023-10-15,United States,,B09V7XC7VL,0.8439
72,72,4,A1 transparent and clear black,RIKL3MWGH3W7X,https://www.amazon.com/gp/customer-reviews/RIKL3MWGH3W7X/ref=cm_cr_arp_d_rvw_ttl?ie=UTF8&ASIN=B09V7XC7VL,2 people found this helpful,"Reviewed in the United States on February 12, 2023",These glasses are so pretty . I’ve gotten compliments about them as soon as I wore them. My only issue is that they are a tight fit and hurt by the ears after a period of wearing them but other that that they are pretty good .,True,Color: A1 Transparent + Bright BlackLens Width: 50 Millimeters,[],43,1995,331,https://www.amazon.com/product-reviews/B09V7XC7VL?pageNumber=5&filterByStar=all_stars&sortBy=helpful&formatType=all_formats,allStars,,"{'price': None, 'listPrice': None}",2023-02-12,United States,,B09V7XC7VL,0.9258
73,73,4,I love this product,R306XYRTWR70IR,https://www.amazon.com/gp/customer-reviews/R306XYRTWR70IR/ref=cm_cr_arp_d_rvw_ttl?ie=UTF8&ASIN=B09V7XC7VL,,"Reviewed in the United States on March 17, 2023",These are reading glasses. The description needs to be more accurate. This is a great product and I love them. What is 50 milli.... and other things. This is a great product,True,Color: A8 Bright Black + Leopard - WhiteLens Width: 50 Millimeters,[],44,1995,331,https://www.amazon.com/product-reviews/B09V7XC7VL?pageNumber=5&filterByStar=all_stars&sortBy=helpful&formatType=all_formats,allStars,,"{'price': None, 'listPrice': None}",2023-03-17,United States,,B09V7XC7VL,0.9246
74,74,5,Perfect,RV5DUU9NI6W05,https://www.amazon.com/gp/customer-reviews/RV5DUU9NI6W05/ref=cm_cr_arp_d_rvw_ttl?ie=UTF8&ASIN=B09V7XC7VL,,"Reviewed in the United States on August 27, 2023","These are beautiful! Frames are sturdy, nice middle ground for those who like glasses that aren’t too thin & not too thick. I get compliments anytime I wear them!",True,Color: B2 Bright BlackLens Width: 50 Millimeters,[],45,1995,331,https://www.amazon.com/product-reviews/B09V7XC7VL?pageNumber=5&filterByStar=all_stars&sortBy=helpful&formatType=all_formats,allStars,,"{'price': None, 'listPrice': None}",2023-08-27,United States,,B09V7XC7VL,0.9097
75,75,5,Muy bonitos,R10TAMU19I71LN,https://www.amazon.com/gp/customer-reviews/R10TAMU19I71LN/ref=cm_cr_arp_d_rvw_ttl?ie=UTF8&ASIN=B09V7XC7VL,,"Reviewed in the United States on October 20, 2023",Muy bonito y exelente condicion,True,Color: A1 Transparent + Bright BlackLens Width: 50 Millimeters,[],46,1995,331,https://www.amazon.com/product-reviews/B09V7XC7VL?pageNumber=5&filterByStar=all_stars&sortBy=helpful&formatType=all_formats,allStars,,"{'price': None, 'listPrice': None}",2023-10-20,United States,,B09V7XC7VL,0.0
76,76,4,Very fashionable,R3SLZFI9J59XFQ,https://www.amazon.com/gp/customer-reviews/R3SLZFI9J59XFQ/ref=cm_cr_arp_d_rvw_ttl?ie=UTF8&ASIN=B09V7XC7VL,One person found this helpful,"Reviewed in the United States on February 26, 2023",So a while  ago i got obsessed with glasses and found these and we’re obsessed! Like they are literally the perfect fit and I had the intention of making these a prescription set. Definitely loving them!,True,Color: A1 Transparent + Bright BlackLens Width: 50 Millimeters,[],47,1995,331,https://www.amazon.com/product-reviews/B09V7XC7VL?pageNumber=5&filterByStar=all_stars&sortBy=helpful&formatType=all_formats,allStars,,"{'price': None, 'listPrice': None}",2023-02-26,United States,,B09V7XC7VL,0.9258
77,77,5,Beautiful glasses,R3IYFWLK3DN7FX,https://www.amazon.com/gp/customer-reviews/R3IYFWLK3DN7FX/ref=cm_cr_arp_d_rvw_ttl?ie=UTF8&ASIN=B09V7XC7VL,,"Reviewed in the United States on October 27, 2023",Love these glasses,True,Color: A1 Transparent + Bright BlackLens Width: 50 Millimeters,[],48,1995,331,https://www.amazon.com/product-reviews/B09V7XC7VL?pageNumber=5&filterByStar=all_stars&sortBy=helpful&formatType=all_formats,allStars,,"{'price': None, 'listPrice': None}",2023-10-27,United States,,B09V7XC7VL,0.6369
78,78,4,Stylish A MUST BUY,R343F2SIHTSUMH,https://www.amazon.com/gp/customer-reviews/R343F2SIHTSUMH/ref=cm_cr_arp_d_rvw_ttl?ie=UTF8&ASIN=B09V7XC7VL,One person found this helpful,"Reviewed in the United States on March 28, 2023",These glasses are super cute chic and very stylish if you want to just add a little something to your outfit these are perfect,True,Color: A1 Transparent + Bright BlackLens Width: 50 Millimeters,[],49,1995,331,https://www.amazon.com/product-reviews/B09V7XC7VL?pageNumber=5&filterByStar=all_stars&sortBy=helpful&formatType=all_formats,allStars,,"{'price': None, 'listPrice': None}",2023-03-28,United States,,B09V7XC7VL,0.9186
79,79,5,Nice,R23SENAG0WSQ4A,https://www.amazon.com/gp/customer-reviews/R23SENAG0WSQ4A/ref=cm_cr_arp_d_rvw_ttl?ie=UTF8&ASIN=B09V7XC7VL,,"Reviewed in the United States on October 26, 2023",Bigger than expected,True,Color: A1 Transparent + Bright BlackLens Width: 50 Millimeters,[],50,1995,331,https://www.amazon.com/product-reviews/B09V7XC7VL?pageNumber=5&filterByStar=all_stars&sortBy=helpful&formatType=all_formats,allStars,,"{'price': None, 'listPrice': None}",2023-10-26,United States,,B09V7XC7VL,0.0
80,80,5,Super cuteee,R23ZHO4CMZU65B,https://www.amazon.com/gp/customer-reviews/R23ZHO4CMZU65B/ref=cm_cr_arp_d_rvw_ttl?ie=UTF8&ASIN=B09V7XC7VL,,"Reviewed in the United States on January 2, 2024",I get compliments everytime I wear these! Especially the clear ones.,True,Color: A1 Transparent + Bright BlackLens Width: 50 Millimeters,[],21,1995,331,https://www.amazon.com/product-reviews/B09V7XC7VL?pageNumber=3&filterByStar=all_stars&sortBy=helpful&formatType=all_formats,allStars,,"{'price': None, 'listPrice': None}",2024-01-02,United States,,B09V7XC7VL,0.7069
81,81,4,Cute & Durable,R1WA4SC94XHG42,https://www.amazon.com/gp/customer-reviews/R1WA4SC94XHG42/ref=cm_cr_arp_d_rvw_ttl?ie=UTF8&ASIN=B09V7XC7VL,,"Reviewed in the United States on August 19, 2023","These glasses are a nice quality, they seem to be durable and are a simple yet cute accessory to add. The lenses do get dirty pretty quickly but any generic glasses (or window) cleaner helps.",True,Color: A1 Transparent + Bright BlackLens Width: 50 Millimeters,[],22,1995,331,https://www.amazon.com/product-reviews/B09V7XC7VL?pageNumber=3&filterByStar=all_stars&sortBy=helpful&formatType=all_formats,allStars,,"{'price': None, 'listPrice': None}",2023-08-19,United States,,B09V7XC7VL,0.8176
82,82,5,Love ❤️,R1X28SVQIJKQ41,https://www.amazon.com/gp/customer-reviews/R1X28SVQIJKQ41/ref=cm_cr_arp_d_rvw_ttl?ie=UTF8&ASIN=B09V7XC7VL,2 people found this helpful,"Reviewed in the United States on January 7, 2024",Exactly what i was looking for.,True,Color: B6 RedLens Width: 50 Millimeters,['https://m.media-amazon.com/images/I/61Qx0L6bXqL._SY88.jpg'],23,1995,331,https://www.amazon.com/product-reviews/B09V7XC7VL?pageNumber=3&filterByStar=all_stars&sortBy=helpful&formatType=all_formats,allStars,,"{'price': None, 'listPrice': None}",2024-01-07,United States,,B09V7XC7VL,0.0
83,83,5,Muy útil y económica,RAE1EYYIMGBA8,https://www.amazon.com/gp/customer-reviews/RAE1EYYIMGBA8/ref=cm_cr_arp_d_rvw_ttl?ie=UTF8&ASIN=B09V7XC7VL,,"Reviewed in the United States on December 25, 2023",Me agrado el precio y las uso de marco de mis lentes,True,Color: B7 White / ClearLens Width: 50 Millimeters,[],24,1995,331,https://www.amazon.com/product-reviews/B09V7XC7VL?pageNumber=3&filterByStar=all_stars&sortBy=helpful&formatType=all_formats,allStars,,"{'price': None, 'listPrice': None}",2023-12-25,United States,,B09V7XC7VL,0.0
84,84,4,A bit big but cute,RKL1QAJU4S2FI,https://www.amazon.com/gp/customer-reviews/RKL1QAJU4S2FI/ref=cm_cr_arp_d_rvw_ttl?ie=UTF8&ASIN=B09V7XC7VL,,"Reviewed in the United States on August 16, 2023","I didn’t realize they would be this big, so I personally won’t be wearing them but if that’s your thing than these are good quality.",True,Color: A1 Transparent + Bright BlackLens Width: 50 Millimeters,['https://m.media-amazon.com/images/I/71vyzAzYMoL._SY88.jpg'],25,1995,331,https://www.amazon.com/product-reviews/B09V7XC7VL?pageNumber=3&filterByStar=all_stars&sortBy=helpful&formatType=all_formats,allStars,,"{'price': None, 'listPrice': None}",2023-08-16,United States,,B09V7XC7VL,0.5927
85,85,5,Very comfortable,R2B3HHL8C3WIK3,https://www.amazon.com/gp/customer-reviews/R2B3HHL8C3WIK3/ref=cm_cr_arp_d_rvw_ttl?ie=UTF8&ASIN=B09V7XC7VL,,"Reviewed in the United States on December 28, 2023",They fit perfectly and look great :),True,Color: B02 Bright Black + RedLens Width: 50 Millimeters,[],26,1995,331,https://www.amazon.com/product-reviews/B09V7XC7VL?pageNumber=3&filterByStar=all_stars&sortBy=helpful&formatType=all_formats,allStars,,"{'price': None, 'listPrice': None}",2023-12-28,United States,,B09V7XC7VL,0.93
86,86,3,They were small than I expected. No fault of anyone,R1ISIQKFCDC0Y6,https://www.amazon.com/gp/customer-reviews/R1ISIQKFCDC0Y6/ref=cm_cr_arp_d_rvw_ttl?ie=UTF8&ASIN=B09V7XC7VL,,"Reviewed in the United States on January 27, 2024",..,True,Color: A6 Bright Black + White / ClearLens Width: 50 Millimeters,[],27,1995,331,https://www.amazon.com/product-reviews/B09V7XC7VL?pageNumber=3&filterByStar=all_stars&sortBy=helpful&formatType=all_formats,allStars,,"{'price': None, 'listPrice': None}",2024-01-27,United States,,B09V7XC7VL,0.0
87,87,4,They look good on,RYTA2KLTGYHXG,https://www.amazon.com/gp/customer-reviews/RYTA2KLTGYHXG/ref=cm_cr_arp_d_rvw_ttl?ie=UTF8&ASIN=B09V7XC7VL,,"Reviewed in the United States on September 11, 2023",I really loved the clear ones,True,Color: A1 Transparent + Bright BlackLens Width: 50 Millimeters,[],28,1995,331,https://www.amazon.com/product-reviews/B09V7XC7VL?pageNumber=3&filterByStar=all_stars&sortBy=helpful&formatType=all_formats,allStars,,"{'price': None, 'listPrice': None}",2023-09-11,United States,,B09V7XC7VL,0.7939
88,88,4,Must Buy,R2DKTY417SWL1E,https://www.amazon.com/gp/customer-reviews/R2DKTY417SWL1E/ref=cm_cr_arp_d_rvw_ttl?ie=UTF8&ASIN=B09V7XC7VL,3 people found this helpful,"Reviewed in the United States on March 22, 2023",9 out of 10 recommend the only disappointment I had was that I ordered the light brown color and it came in a mauve color which is OK because I’m into neutrals but I really wish I had a light brown color instead of a mauve pinkish color. They are just the right amount of chunkiness for girls who don’t like that real thick chunky look. I literally wear them every day doesn’t matter if I’m going to a party or a running errands interview. I absolutely love them.,True,Color: A4 Bright Black + BrownLens Width: 50 Millimeters,[],29,1995,331,https://www.amazon.com/product-reviews/B09V7XC7VL?pageNumber=3&filterByStar=all_stars&sortBy=helpful&formatType=all_formats,allStars,,"{'price': None, 'listPrice': None}",2023-03-22,United States,,B09V7XC7VL,0.9625
89,89,5,Looking great all the time,R5UX3F4A6EI4E,https://www.amazon.com/gp/customer-reviews/R5UX3F4A6EI4E/ref=cm_cr_arp_d_rvw_ttl?ie=UTF8&ASIN=B09V7XC7VL,,"Reviewed in the United States on December 17, 2023",These glasses are distinctive and stylish.,True,Color: B02 Bright Black + RedLens Width: 50 Millimeters,[],30,1995,331,https://www.amazon.com/product-reviews/B09V7XC7VL?pageNumber=3&filterByStar=all_stars&sortBy=helpful&formatType=all_formats,allStars,,"{'price': None, 'listPrice': None}",2023-12-17,United States,,B09V7XC7VL,0.0
