,Unnamed: 0,ratingScore,reviewTitle,reviewId,reviewUrl,reviewReaction,reviewedIn,reviewDescription,isVerified,variant,reviewImages,position,totalCategoryRatings,totalCategoryReviews,reviewCategoryUrl,filterByRating,filterByKeyword,product,date,country,countryCode,productAsin,sentiment_score
0,0,5,"I really like these, having bought many reading glasses on Amazon for years!",R19P0U5PZ28IZF,https://www.amazon.com/gp/customer-reviews/R19P0U5PZ28IZF/ref=cm_cr_arp_d_rvw_ttl?ie=UTF8&ASIN=B0B371X9CD,15 people found this helpful,"Reviewed in the United States on January 26, 2023","I really love these reading glasses! Why?-They are comfortable. Wide enough across the bridge. I wear Large to X-Large hats.-Lightweight. Wonderful sturdy, matte plastic frames.-I very much prefer this frame material over the usual shiny plastic. No plastic smell; materials feel safer.-Optics are of good quality. They are clear, light weight, and do not attract dust.-Lenses are somewhat anti-reflective on the inside. I'm not seeing a lot of stray reflections.-The blue light blocking is just the right amount of tint. Great for computer and TV viewing.-The matte frames are beautiful, too. Fun, yet tasteful , graduated colors.-Classic Wayfarer shape with ample lens width and height for a large field of view.-Spring hinges are a must for comfort and durability.I have spent too many hours and days shopping for, and buying inexpensive readers. Finally I have found a very fine bargain for quantity and quality. Since each magnification strength has its purpose, I'm beginning to replace some of my older glasses.Unless you have a smaller face, maybe these are not for you. But if you have an average to large head and bridge measurement, I suggest you give these a try.I'd like to close with a note of appreciation to the company that developed and sells these. I'm just a consumer with no connection or knowledge of this company. But I do think they have a great thing going here with the style, comfort and quality of their readers. So please take note if you are reading this:I would be grateful if these glasses are available in 0.50 and 0.75 magnification. Then I could wear them as I travel about; as though I had prescription lenses. Let me know if you do, OK?",True,Color: 4 Pack Mix ColorsSize: 2.0x,[],1,1847,354,https://www.amazon.com/product-reviews/B0B371X9CD?pageNumber=1&filterByStar=all_stars&sortBy=helpful&formatType=all_formats,allStars,,"{'price': None, 'listPrice': None}",2023-01-26,United States,,B0B371X9CD,0.9931
1,1,5,My New Go-To For Readers,R10S05RX4CRSV5,https://www.amazon.com/gp/customer-reviews/R10S05RX4CRSV5/ref=cm_cr_arp_d_rvw_ttl?ie=UTF8&ASIN=B0B371X9CD,One person found this helpful,"Reviewed in the United States on November 9, 2023",Even though I believe these glasses show that they are for men I have still been buying them for a while and they look nice. I love the variety and the fact that there are multiple pairs in the pack.They don't leave marks on the bridge of my nose like my expensive prescription glasses do. There are lots of different colors to help accessorize or match your coloring and having so many pairs makes it very convenient in case you're losing your glasses all the time like I seem to do.I've not experienced scratches to the glasses or problems with the arms falling off which I've had with other purchases. The fact that they block the blue light is a bonus as well. Recently my brother had an appointment with his eye doctor who told him that his current readers weren't strong enough for his vision deficits so he wanted to buy glasses of the proper strength and I ordered these for him and he's really happy with them.Each pair of glasses has its own cloth pouch which I guess probably doubles as a cloth to clean them although the package does include one of those as well.It's a great value and I'm happy I found them!,True,Color: 4 Pack Mix Color-a4Size: 2.5x,[],2,1847,354,https://www.amazon.com/product-reviews/B0B371X9CD?pageNumber=1&filterByStar=all_stars&sortBy=helpful&formatType=all_formats,allStars,,"{'price': None, 'listPrice': None}",2023-11-09,United States,,B0B371X9CD,0.9843
2,2,4,Good quality glasses,R1VZXBGYFYW3UF,https://www.amazon.com/gp/customer-reviews/R1VZXBGYFYW3UF/ref=cm_cr_arp_d_rvw_ttl?ie=UTF8&ASIN=B0B371X9CD,,"Reviewed in the United States on March 22, 2024","Good quality readers, were a little bigger than I was anticipating but great value!",True,Color: 4 Pack Mix ColorsSize: 2.5x,[],3,1847,354,https://www.amazon.com/product-reviews/B0B371X9CD?pageNumber=1&filterByStar=all_stars&sortBy=helpful&formatType=all_formats,allStars,,"{'price': None, 'listPrice': None}",2024-03-22,United States,,B0B371X9CD,0.8999
3,3,5,Being able to read,R3OITCAJKGQMB4,https://www.amazon.com/gp/customer-reviews/R3OITCAJKGQMB4/ref=cm_cr_arp_d_rvw_ttl?ie=UTF8&ASIN=B0B371X9CD,One person found this helpful,"Reviewed in the United States on March 3, 2024","I got these with the most strength a available 400They work great but are a little too strong for what I needNot their fault, my fault I'm the one who asked for that strengthI'm 72 years old and will definitely need this strength before you know it",True,Color: 4 Pack Mix ColorsSize: 4.0x,[],4,1847,354,https://www.amazon.com/product-reviews/B0B371X9CD?pageNumber=1&filterByStar=all_stars&sortBy=helpful&formatType=all_formats,allStars,,"{'price': None, 'listPrice': None}",2024-03-03,United States,,B0B371X9CD,0.8755
4,4,5,Hard to Get Any Better for Me,R3NUXMO96LBZ0G,https://www.amazon.com/gp/customer-reviews/R3NUXMO96LBZ0G/ref=cm_cr_arp_d_rvw_ttl?ie=UTF8&ASIN=B0B371X9CD,3 people found this helpful,"Reviewed in the United States on January 1, 2024","First off, not a thing do I dislike. I bought a set of 4 about 3 months ago and loved them! Well-built and not flimsy. The expansion springs of the arms are excellent and not too tight. I believe the anti-glare may be for looking at computer screens. Seems to work fine although never had problems before. They come in colors and that is actually a big plus! I have a tendancy to wander off with them on (not great due to far vision blurry and losing my balance at 77). In any case, having colors allows me to know where they go, meaning computer, recliner, front couch, etc. and put them back. I was so happy with the 1st set, I got another exact set in October '23 and the 4 colors are the same! Great, in my opinion! I'd buy again!",True,Color: 4 Pack Mix ColorsSize: 2.25x,[],5,1847,354,https://www.amazon.com/product-reviews/B0B371X9CD?pageNumber=1&filterByStar=all_stars&sortBy=helpful&formatType=all_formats,allStars,,"{'price': None, 'listPrice': None}",2024-01-01,United States,,B0B371X9CD,0.9797
5,5,3,Mid Level Quality & Usefuless,RBQ4M5AKQNR1G,https://www.amazon.com/gp/customer-reviews/RBQ4M5AKQNR1G/ref=cm_cr_arp_d_rvw_ttl?ie=UTF8&ASIN=B0B371X9CD,,"Reviewed in the United States on February 28, 2024","Nice lightweight frame design & reasonable clarity - along with low cast, are the main pluses.On the downside the 'blueblocker' coating on the lenses is - for me- a true nuisance for daytime use, causing odd reflected light to both interfere with computer screen reading & by noticeably darkening the page & content/text contrast.  It's 20% darker than my non-blue blocker Foster Grant readers, and obvious difference in quality.They work just fine at night, with no ambient outdoor daylight in the room - SO these are good/best  primarily for night use.  They're so inexpensive I'll keep them, but will now be shopping for better quality 24 hr non BB lenses. 82% OK is just not good enough for my eye.",True,Color: 4 Pack Mix ColorsSize: 1.25x,[],6,1847,354,https://www.amazon.com/product-reviews/B0B371X9CD?pageNumber=1&filterByStar=all_stars&sortBy=helpful&formatType=all_formats,allStars,,"{'price': None, 'listPrice': None}",2024-02-28,United States,,B0B371X9CD,0.7987
6,6,5,He finally gave in!,R1RQGZ1M9JWRCW,https://www.amazon.com/gp/customer-reviews/R1RQGZ1M9JWRCW/ref=cm_cr_arp_d_rvw_ttl?ie=UTF8&ASIN=B0B371X9CD,,"Reviewed in the United States on March 9, 2024","Hubby ordered these for himself so he could quit stealing mine!  They look great, he sees better and they are inexpensive so he can keep them around the house.",True,Color: 4 Pack Mix ColorsSize: 3.0x,[],7,1847,354,https://www.amazon.com/product-reviews/B0B371X9CD?pageNumber=1&filterByStar=all_stars&sortBy=helpful&formatType=all_formats,allStars,,"{'price': None, 'listPrice': None}",2024-03-09,United States,,B0B371X9CD,0.5562
7,7,5,Great inexpensive blue blocker readers,R3A9U0NQR7AEYA,https://www.amazon.com/gp/customer-reviews/R3A9U0NQR7AEYA/ref=cm_cr_arp_d_rvw_ttl?ie=UTF8&ASIN=B0B371X9CD,,"Reviewed in the United States on January 29, 2024","I needed a couple of pairs of readers and started shopping around.  I found the blue light blocking readers generally more expensive than the regular readers.  These blue blocking readers were actually cheaper and so far look good, fit nicely and comfortably and are holding up.  That is until the puppy finds them!Very pleased with the purchase.",True,Color: 4 Pack Mix Color-a2Size: 2.0x,[],8,1847,354,https://www.amazon.com/product-reviews/B0B371X9CD?pageNumber=1&filterByStar=all_stars&sortBy=helpful&formatType=all_formats,allStars,,"{'price': None, 'listPrice': None}",2024-01-29,United States,,B0B371X9CD,0.8539
8,8,4,Great but tiny screw issue,R1J7K6EUH84GZS,https://www.amazon.com/gp/customer-reviews/R1J7K6EUH84GZS/ref=cm_cr_arp_d_rvw_ttl?ie=UTF8&ASIN=B0B371X9CD,,"Reviewed in the United States on March 5, 2024","While these look great and are made well, we’ve repeatedly had at least one screw on one side or the other to work its way out. For this reason, I’ve given it 4 stars.",True,Color: 4 Pack Mix ColorsSize: 1.5x,[],9,1847,354,https://www.amazon.com/product-reviews/B0B371X9CD?pageNumber=1&filterByStar=all_stars&sortBy=helpful&formatType=all_formats,allStars,,"{'price': None, 'listPrice': None}",2024-03-05,United States,,B0B371X9CD,0.7003
9,9,4,Don't drop them,R17B7VPT9Y2IQN,https://www.amazon.com/gp/customer-reviews/R17B7VPT9Y2IQN/ref=cm_cr_arp_d_rvw_ttl?ie=UTF8&ASIN=B0B371X9CD,One person found this helpful,"Reviewed in the United States on February 9, 2024","I go through these at the rate I break them.  The durability is what you would expect for the price: drop them, sit on them etc and the frame breaks.  At the price, not worth repairing so buying a box make sense to me.  Cheaper than drugstore by a long shot.",True,Color: 4 Pack Mix ColorsSize: 2.0x,[],10,1847,354,https://www.amazon.com/product-reviews/B0B371X9CD?pageNumber=1&filterByStar=all_stars&sortBy=helpful&formatType=all_formats,allStars,,"{'price': None, 'listPrice': None}",2024-02-09,United States,,B0B371X9CD,-0.4149
10,10,4,Large lens size,RE5WVXHDGJXJP,https://www.amazon.com/gp/customer-reviews/RE5WVXHDGJXJP/ref=cm_cr_arp_d_rvw_ttl?ie=UTF8&ASIN=B0B371X9CD,,"Reviewed in the United States on September 1, 2023","Look like good quality for glasses in this price range.  I'm used to narrower lens reading glasses that I'd slide on top of my head to use as needed as I did active chores, and they'd stay in place as I moved around. These being wider are a little heavier, so they fall off.  They would get 5 stars otherwise.",True,Color: 4 Pack Mix Color-a2Size: 2.0x,[],41,1847,354,https://www.amazon.com/product-reviews/B0B371X9CD?pageNumber=5&filterByStar=all_stars&sortBy=helpful&formatType=all_formats,allStars,,"{'price': None, 'listPrice': None}",2023-09-01,United States,,B0B371X9CD,0.836
11,11,5,Best blue-light blocking readers I've ever gotten from Amazon!,R1YS0JD1Q89DDD,https://www.amazon.com/gp/customer-reviews/R1YS0JD1Q89DDD/ref=cm_cr_arp_d_rvw_ttl?ie=UTF8&ASIN=B0B371X9CD,,"Reviewed in the United States on December 9, 2023","Amazing value! I've ordered lots of blue-light blocking readers from Amazon over the years, and too many times they've been really cheap, flimsy glasses that never lasted long. These are not only the best-quality glasses I've gotten - to get 4 of them at this price point is amazing. I love the spring hinges and the overall quality and heft of the frames. These get my highest recommendation!",True,Color: 4 Pack Mix ColorsSize: 2.5x,[],42,1847,354,https://www.amazon.com/product-reviews/B0B371X9CD?pageNumber=5&filterByStar=all_stars&sortBy=helpful&formatType=all_formats,allStars,,"{'price': None, 'listPrice': None}",2023-12-09,United States,,B0B371X9CD,0.9311
12,12,5,Perfectas,R1G7M413P0DOLL,https://www.amazon.com/gp/customer-reviews/R1G7M413P0DOLL/ref=cm_cr_arp_d_rvw_ttl?ie=UTF8&ASIN=B0B371X9CD,,"Reviewed in the United States on January 19, 2024","Son livianas, del tamaño, colores y aumentos tal y como estaba descrito!! Muy feliz con la compra!",True,Color: 4 Pack Mix Color-a2Size: 1.25x,[],43,1847,354,https://www.amazon.com/product-reviews/B0B371X9CD?pageNumber=5&filterByStar=all_stars&sortBy=helpful&formatType=all_formats,allStars,,"{'price': None, 'listPrice': None}",2024-01-19,United States,,B0B371X9CD,0.0
13,13,5,Best readers that I've found,R277ASAIOV42OZ,https://www.amazon.com/gp/customer-reviews/R277ASAIOV42OZ/ref=cm_cr_arp_d_rvw_ttl?ie=UTF8&ASIN=B0B371X9CD,,"Reviewed in the United States on January 8, 2024","Fit and look are the best that I have tried for my readers. I have many pairs all around, can afford to at this price. Great buy!",True,Color: 4 Pack Mix Color-a4Size: 1.0x,[],44,1847,354,https://www.amazon.com/product-reviews/B0B371X9CD?pageNumber=5&filterByStar=all_stars&sortBy=helpful&formatType=all_formats,allStars,,"{'price': None, 'listPrice': None}",2024-01-08,United States,,B0B371X9CD,0.902
14,14,4,"Be careful cleaning the lenses, the bottom corners break fairly easily",R3GOCUCNU7XI56,https://www.amazon.com/gp/customer-reviews/R3GOCUCNU7XI56/ref=cm_cr_arp_d_rvw_ttl?ie=UTF8&ASIN=B0B371X9CD,2 people found this helpful,"Reviewed in the United States on October 17, 2023","The glasses look and work great. But, 2 of them broke when I was cleaning the lenses.",True,Color: 4 Pack Mix ColorsSize: 1.75x,[],45,1847,354,https://www.amazon.com/product-reviews/B0B371X9CD?pageNumber=5&filterByStar=all_stars&sortBy=helpful&formatType=all_formats,allStars,,"{'price': None, 'listPrice': None}",2023-10-17,United States,,B0B371X9CD,-0.2846
15,15,5,Good set good variety,R2QHFTMNQ2ZFFF,https://www.amazon.com/gp/customer-reviews/R2QHFTMNQ2ZFFF/ref=cm_cr_arp_d_rvw_ttl?ie=UTF8&ASIN=B0B371X9CD,,"Reviewed in the United States on December 10, 2023",My eye sight is mostly good I just noticed I couldn’t see smal fine print I use these when I need to read voltage and polarity written on ac adapters and things like that this set had variety and I can always find a pair when I need them randomly.,True,Color: 4 Pack Mix ColorsSize: 1.0x,[],46,1847,354,https://www.amazon.com/product-reviews/B0B371X9CD?pageNumber=5&filterByStar=all_stars&sortBy=helpful&formatType=all_formats,allStars,,"{'price': None, 'listPrice': None}",2023-12-10,United States,,B0B371X9CD,0.7351
16,16,5,Value,REYLI0ZH9RTEQ,https://www.amazon.com/gp/customer-reviews/REYLI0ZH9RTEQ/ref=cm_cr_arp_d_rvw_ttl?ie=UTF8&ASIN=B0B371X9CD,,"Reviewed in the United States on January 21, 2024",Value and good looking glasses and very comfy,True,Color: 4 Pack Mix ColorsSize: 2.25x,['https://m.media-amazon.com/images/I/61jUSLFeD8L._SY88.jpg'],47,1847,354,https://www.amazon.com/product-reviews/B0B371X9CD?pageNumber=5&filterByStar=all_stars&sortBy=helpful&formatType=all_formats,allStars,,"{'price': None, 'listPrice': None}",2024-01-21,United States,,B0B371X9CD,0.6486
17,17,5,Very durable,R2QN75N0GENABQ,https://www.amazon.com/gp/customer-reviews/R2QN75N0GENABQ/ref=cm_cr_arp_d_rvw_ttl?ie=UTF8&ASIN=B0B371X9CD,One person found this helpful,"Reviewed in the United States on October 3, 2023","These are very nice. Durable, strong. I usually throw one of them in the cup holder of my car, carry in my pocket, toss on my end table.I really abuse these and they still don’t break or scratch.Look great!Why would anyone go to Walgreens and pay for a single pair of readers when you can get this pack so cheap?These are really nice. I’d pay more for these but since they are so cheap I’m buying another box as a backup in case I lose them.Not kidding, if they said Rayband on the side I’d believe it.",True,Color: 4 Pack Mix ColorsSize: 1.25x,[],48,1847,354,https://www.amazon.com/product-reviews/B0B371X9CD?pageNumber=5&filterByStar=all_stars&sortBy=helpful&formatType=all_formats,allStars,,"{'price': None, 'listPrice': None}",2023-10-03,United States,,B0B371X9CD,-0.2532
18,18,5,Great product,R2F0MZRPCVYZBU,https://www.amazon.com/gp/customer-reviews/R2F0MZRPCVYZBU/ref=cm_cr_arp_d_rvw_ttl?ie=UTF8&ASIN=B0B371X9CD,,"Reviewed in the United States on January 25, 2024",Great product and price,True,Color: 4 Pack Mix ColorsSize: 1.75x,[],49,1847,354,https://www.amazon.com/product-reviews/B0B371X9CD?pageNumber=5&filterByStar=all_stars&sortBy=helpful&formatType=all_formats,allStars,,"{'price': None, 'listPrice': None}",2024-01-25,United States,,B0B371X9CD,0.6249
19,19,2,"Disappointing Quality, Both Pairs Arrived Scratched",R3NTUXO7Y4BO8V,https://www.amazon.com/gp/customer-reviews/R3NTUXO7Y4BO8V/ref=cm_cr_arp_d_rvw_ttl?ie=UTF8&ASIN=B0B371X9CD,,"Reviewed in the United States on January 11, 2024","I purchased the Reading Glasses for Men 4-Pack with high hopes for a stylish and functional set of computer readers. Unfortunately, my experience has been quite disappointing, as both pairs in the pack arrived with noticeable scratches on the lenses.The scratches on the glasses significantly impact visibility and make them uncomfortable to use. The anti-glare feature becomes irrelevant when the lenses are marred with scratches, defeating the purpose of investing in a quality pair of reading glasses.The spring hinges, while a nice touch for comfort, do not compensate for the lack of quality control in the product. It's disheartening to receive a set of glasses that are seemingly damaged straight out of the box.I reached out to customer service for a resolution, and their response was slow and unsatisfactory. The inconvenience of returning the product adds to the frustration of the overall experience.I cannot recommend these reading glasses based on the poor quality and lackluster customer service. It's disappointing to spend money on a product that fails to meet even the basic expectations. A two-star rating reflects my disappointment with this purchase.",True,Color: 4 Pack Mix ColorsSize: 2.75x,[],50,1847,354,https://www.amazon.com/product-reviews/B0B371X9CD?pageNumber=5&filterByStar=all_stars&sortBy=helpful&formatType=all_formats,allStars,,"{'price': None, 'listPrice': None}",2024-01-11,United States,,B0B371X9CD,-0.98
20,20,5,Fit,R1FLOOJ33NUHXX,https://www.amazon.com/gp/customer-reviews/R1FLOOJ33NUHXX/ref=cm_cr_arp_d_rvw_ttl?ie=UTF8&ASIN=B0B371X9CD,,"Reviewed in the United States on March 25, 2024",Glasses are cool and stylish,True,Color: 4 Pack Mix ColorsSize: 1.5x,[],11,1847,354,https://www.amazon.com/product-reviews/B0B371X9CD?pageNumber=2&filterByStar=all_stars&sortBy=helpful&formatType=all_formats,allStars,,"{'price': None, 'listPrice': None}",2024-03-25,United States,,B0B371X9CD,0.3182
21,21,5,Top notch product for inexpensive reading glasses.,R361ER91A39RD0,https://www.amazon.com/gp/customer-reviews/R361ER91A39RD0/ref=cm_cr_arp_d_rvw_ttl?ie=UTF8&ASIN=B0B371X9CD,,"Reviewed in the United States on March 18, 2024","In a sometimes “rough environment”, these glasses have held up well.",True,Color: 4 Pack Mix Color-a3Size: 2.5x,[],12,1847,354,https://www.amazon.com/product-reviews/B0B371X9CD?pageNumber=2&filterByStar=all_stars&sortBy=helpful&formatType=all_formats,allStars,,"{'price': None, 'listPrice': None}",2024-03-18,United States,,B0B371X9CD,0.2732
22,22,5,Perfect Glasses,R10ITK75X2F751,https://www.amazon.com/gp/customer-reviews/R10ITK75X2F751/ref=cm_cr_arp_d_rvw_ttl?ie=UTF8&ASIN=B0B371X9CD,,"Reviewed in the United States on March 23, 2024",Great product really nice!,True,Color: 4 Pack Mix Color-a2Size: 3.75x,[],13,1847,354,https://www.amazon.com/product-reviews/B0B371X9CD?pageNumber=2&filterByStar=all_stars&sortBy=helpful&formatType=all_formats,allStars,,"{'price': None, 'listPrice': None}",2024-03-23,United States,,B0B371X9CD,0.8169
23,23,5,Good quality,R24BT2636HU1UO,https://www.amazon.com/gp/customer-reviews/R24BT2636HU1UO/ref=cm_cr_arp_d_rvw_ttl?ie=UTF8&ASIN=B0B371X9CD,,"Reviewed in the United States on March 15, 2024","For the price, very well made and have zero complaints",True,Color: 4 Pack Mix ColorsSize: 3.5x,[],14,1847,354,https://www.amazon.com/product-reviews/B0B371X9CD?pageNumber=2&filterByStar=all_stars&sortBy=helpful&formatType=all_formats,allStars,,"{'price': None, 'listPrice': None}",2024-03-15,United States,,B0B371X9CD,-0.079
24,24,5,Very good,R774SIDZ6HYUN,https://www.amazon.com/gp/customer-reviews/R774SIDZ6HYUN/ref=cm_cr_arp_d_rvw_ttl?ie=UTF8&ASIN=B0B371X9CD,,"Reviewed in the United States on February 26, 2024","Really like these, they seem sturdy and very stylish. I’m very impressed and would recommend, esp for the price, way better than ones I have bought at big box store in the neighborhood.",True,Color: 4 Pack Mix Color-a4Size: 1.75x,[],15,1847,354,https://www.amazon.com/product-reviews/B0B371X9CD?pageNumber=2&filterByStar=all_stars&sortBy=helpful&formatType=all_formats,allStars,,"{'price': None, 'listPrice': None}",2024-02-26,United States,,B0B371X9CD,0.8906
25,25,5,Delivered as described.  Good value,R3ATDXQU7A4SRH,https://www.amazon.com/gp/customer-reviews/R3ATDXQU7A4SRH/ref=cm_cr_arp_d_rvw_ttl?ie=UTF8&ASIN=B0B371X9CD,,"Reviewed in the United States on March 14, 2024",Delivered as described.  Good value,True,Color: 4 Pack Mix ColorsSize: 1.5x,[],16,1847,354,https://www.amazon.com/product-reviews/B0B371X9CD?pageNumber=2&filterByStar=all_stars&sortBy=helpful&formatType=all_formats,allStars,,"{'price': None, 'listPrice': None}",2024-03-14,United States,,B0B371X9CD,0.6486
26,26,4,They look good!,R8VTISJQEJ5AM,https://www.amazon.com/gp/customer-reviews/R8VTISJQEJ5AM/ref=cm_cr_arp_d_rvw_ttl?ie=UTF8&ASIN=B0B371X9CD,One person found this helpful,"Reviewed in the United States on January 13, 2024","I bought these for looks more than to see anything. These are the weakest strength and help to see a little bit, but mainly they look good in pix. Better than smaller 'Reading Glasses'.",True,Color: 4 Pack Mix ColorsSize: 1.0x,['https://m.media-amazon.com/images/I/619w2juRUrL._SY88.jpg'],17,1847,354,https://www.amazon.com/product-reviews/B0B371X9CD?pageNumber=2&filterByStar=all_stars&sortBy=helpful&formatType=all_formats,allStars,,"{'price': None, 'listPrice': None}",2024-01-13,United States,,B0B371X9CD,0.8591
27,27,5,Good buy,RJBJSNBH9F383,https://www.amazon.com/gp/customer-reviews/RJBJSNBH9F383/ref=cm_cr_arp_d_rvw_ttl?ie=UTF8&ASIN=B0B371X9CD,,"Reviewed in the United States on February 28, 2024",These look better than I thought they would. Love the comfort and size too.,True,Color: 4 Pack Mix Color-a4Size: 1.25x,[],18,1847,354,https://www.amazon.com/product-reviews/B0B371X9CD?pageNumber=2&filterByStar=all_stars&sortBy=helpful&formatType=all_formats,allStars,,"{'price': None, 'listPrice': None}",2024-02-28,United States,,B0B371X9CD,0.8625
28,28,5,comfortable-correct strenth,R2IYW8G1WXBCN6,https://www.amazon.com/gp/customer-reviews/R2IYW8G1WXBCN6/ref=cm_cr_arp_d_rvw_ttl?ie=UTF8&ASIN=B0B371X9CD,,"Reviewed in the United States on March 1, 2024","great value for reading glasses. I would order agai,",True,Color: 4 Pack Mix Color-a3Size: 2.0x,[],19,1847,354,https://www.amazon.com/product-reviews/B0B371X9CD?pageNumber=2&filterByStar=all_stars&sortBy=helpful&formatType=all_formats,allStars,,"{'price': None, 'listPrice': None}",2024-03-01,United States,,B0B371X9CD,0.7579
29,29,5,Awesome Product,R26FG3LPQ9JTB,https://www.amazon.com/gp/customer-reviews/R26FG3LPQ9JTB/ref=cm_cr_arp_d_rvw_ttl?ie=UTF8&ASIN=B0B371X9CD,,"Reviewed in the United States on March 3, 2024",Awesome Product great looking Happy,True,Color: 4 Pack Mix Color-a2Size: 1.5x,[],20,1847,354,https://www.amazon.com/product-reviews/B0B371X9CD?pageNumber=2&filterByStar=all_stars&sortBy=helpful&formatType=all_formats,allStars,,"{'price': None, 'listPrice': None}",2024-03-03,United States,,B0B371X9CD,0.9169
30,30,4,Good glasses but,REXCH2SXWLM8H,https://www.amazon.com/gp/customer-reviews/REXCH2SXWLM8H/ref=cm_cr_arp_d_rvw_ttl?ie=UTF8&ASIN=B0B371X9CD,,"Reviewed in the United States on December 10, 2023",Good quality glasses but too small on the nose for me.,True,Color: 4 Pack Mix ColorsSize: 3.0x,[],31,1847,354,https://www.amazon.com/product-reviews/B0B371X9CD?pageNumber=4&filterByStar=all_stars&sortBy=helpful&formatType=all_formats,allStars,,"{'price': None, 'listPrice': None}",2023-12-10,United States,,B0B371X9CD,0.2382
31,31,5,Theses glasses are great.,R2WPY16K67GSW0,https://www.amazon.com/gp/customer-reviews/R2WPY16K67GSW0/ref=cm_cr_arp_d_rvw_ttl?ie=UTF8&ASIN=B0B371X9CD,,"Reviewed in the United States on February 13, 2024",Theses glasses are great.,True,Color: 4 Pack Mix Color-a4Size: 4.0x,[],32,1847,354,https://www.amazon.com/product-reviews/B0B371X9CD?pageNumber=4&filterByStar=all_stars&sortBy=helpful&formatType=all_formats,allStars,,"{'price': None, 'listPrice': None}",2024-02-13,United States,,B0B371X9CD,0.6249
32,32,5,Nice,R1PX7KW0CETT43,https://www.amazon.com/gp/customer-reviews/R1PX7KW0CETT43/ref=cm_cr_arp_d_rvw_ttl?ie=UTF8&ASIN=B0B371X9CD,,"Reviewed in the United States on February 9, 2024",I was very pleased with the glasses!!,True,Color: 4 Pack Mix ColorsSize: 2.5x,[],33,1847,354,https://www.amazon.com/product-reviews/B0B371X9CD?pageNumber=4&filterByStar=all_stars&sortBy=helpful&formatType=all_formats,allStars,,"{'price': None, 'listPrice': None}",2024-02-09,United States,,B0B371X9CD,0.5827
33,33,4,"Fit well, lightweight and are comfortable",RYOH5YJHH6KRC,https://www.amazon.com/gp/customer-reviews/RYOH5YJHH6KRC/ref=cm_cr_arp_d_rvw_ttl?ie=UTF8&ASIN=B0B371X9CD,,"Reviewed in the United States on October 23, 2023",These are so comfortable on me that I typically forget I’m even wearing them. Would give them 5 stars if I could get them without blue light blocking. The blue light blocking gives an off color to the lenses and they are not clear- more of a brownish/yellowish color.,True,Color: 4 Pack Mix Color-a3Size: 2.75x,[],34,1847,354,https://www.amazon.com/product-reviews/B0B371X9CD?pageNumber=4&filterByStar=all_stars&sortBy=helpful&formatType=all_formats,allStars,,"{'price': None, 'listPrice': None}",2023-10-23,United States,,B0B371X9CD,0.6731
34,34,3,Great glasses aside from keeping the lenses clean,R36BEDI7C54IJH,https://www.amazon.com/gp/customer-reviews/R36BEDI7C54IJH/ref=cm_cr_arp_d_rvw_ttl?ie=UTF8&ASIN=B0B371X9CD,,"Reviewed in the United States on March 3, 2024",I have a very hard time keeping these glasses clean.  The lenses seem to pick up dust and smudge very easily compared to other glasses that I own.,True,Color: 4 Pack Mix ColorsSize: 1.0x,[],35,1847,354,https://www.amazon.com/product-reviews/B0B371X9CD?pageNumber=4&filterByStar=all_stars&sortBy=helpful&formatType=all_formats,allStars,,"{'price': None, 'listPrice': None}",2024-03-03,United States,,B0B371X9CD,0.5719
35,35,5,"Great item, good quality and reasonable price",RVHR2SOATMFRJ,https://www.amazon.com/gp/customer-reviews/RVHR2SOATMFRJ/ref=cm_cr_arp_d_rvw_ttl?ie=UTF8&ASIN=B0B371X9CD,,"Reviewed in the United States on February 10, 2024",I will buy it again,True,Color: 4 Pack Mix Color-a4Size: 1.75x,[],36,1847,354,https://www.amazon.com/product-reviews/B0B371X9CD?pageNumber=4&filterByStar=all_stars&sortBy=helpful&formatType=all_formats,allStars,,"{'price': None, 'listPrice': None}",2024-02-10,United States,,B0B371X9CD,0.0
36,36,5,loke the look,R3LC4L8YXTW6DJ,https://www.amazon.com/gp/customer-reviews/R3LC4L8YXTW6DJ/ref=cm_cr_arp_d_rvw_ttl?ie=UTF8&ASIN=B0B371X9CD,,"Reviewed in the United States on February 1, 2024",Bought them for my husband.  Look very attractive and he loves the Blue blocking feature.,True,Color: 4 Pack Mix ColorsSize: 1.75x,[],37,1847,354,https://www.amazon.com/product-reviews/B0B371X9CD?pageNumber=4&filterByStar=all_stars&sortBy=helpful&formatType=all_formats,allStars,,"{'price': None, 'listPrice': None}",2024-02-01,United States,,B0B371X9CD,0.6478
37,37,5,Functionality,RMW1NKAB6ZMJZ,https://www.amazon.com/gp/customer-reviews/RMW1NKAB6ZMJZ/ref=cm_cr_arp_d_rvw_ttl?ie=UTF8&ASIN=B0B371X9CD,,"Reviewed in the United States on February 8, 2024",Well fitting and easy to wear.,True,Color: 4 Pack Mix Color-a3Size: 1.0x,[],38,1847,354,https://www.amazon.com/product-reviews/B0B371X9CD?pageNumber=4&filterByStar=all_stars&sortBy=helpful&formatType=all_formats,allStars,,"{'price': None, 'listPrice': None}",2024-02-08,United States,,B0B371X9CD,0.6124
38,38,5,Buen producto,R3LHL34KWF1M8C,https://www.amazon.com/gp/customer-reviews/R3LHL34KWF1M8C/ref=cm_cr_arp_d_rvw_ttl?ie=UTF8&ASIN=B0B371X9CD,,"Reviewed in the United States on February 11, 2024","Cómodos, buen peecio",True,Color: 4 Pack Mix ColorsSize: 3.0x,[],39,1847,354,https://www.amazon.com/product-reviews/B0B371X9CD?pageNumber=4&filterByStar=all_stars&sortBy=helpful&formatType=all_formats,allStars,,"{'price': None, 'listPrice': None}",2024-02-11,United States,,B0B371X9CD,0.0
39,39,5,clarification is spot on!,R1YMIMS3I3T5J6,https://www.amazon.com/gp/customer-reviews/R1YMIMS3I3T5J6/ref=cm_cr_arp_d_rvw_ttl?ie=UTF8&ASIN=B0B371X9CD,,"Reviewed in the United States on February 4, 2024",complimented whenever hubs wears them on his cool frames,True,Color: 4 Pack Mix ColorsSize: 2.25x,[],40,1847,354,https://www.amazon.com/product-reviews/B0B371X9CD?pageNumber=4&filterByStar=all_stars&sortBy=helpful&formatType=all_formats,allStars,,"{'price': None, 'listPrice': None}",2024-02-04,United States,,B0B371X9CD,0.6249
40,40,5,Best so far,R1L6AH5EJ7FPUA,https://www.amazon.com/gp/customer-reviews/R1L6AH5EJ7FPUA/ref=cm_cr_arp_d_rvw_ttl?ie=UTF8&ASIN=B0B371X9CD,,"Reviewed in the United States on January 7, 2024","These readers are excellent. Clear, comfortable and sturdy. I already bought a second pack to stash them all over. Great value.",True,Color: 4 Pack Mix Color-a2Size: 2.0x,[],51,1847,354,https://www.amazon.com/product-reviews/B0B371X9CD?pageNumber=6&filterByStar=all_stars&sortBy=helpful&formatType=all_formats,allStars,,"{'price': None, 'listPrice': None}",2024-01-07,United States,,B0B371X9CD,0.9442
41,41,4,Good value,RED6SWHEPZ6C,https://www.amazon.com/gp/customer-reviews/RED6SWHEPZ6C/ref=cm_cr_arp_d_rvw_ttl?ie=UTF8&ASIN=B0B371X9CD,,"Reviewed in the United States on October 18, 2023",Helps me read better,True,Color: 4 Pack Mix Color-a3Size: 2.75x,[],52,1847,354,https://www.amazon.com/product-reviews/B0B371X9CD?pageNumber=6&filterByStar=all_stars&sortBy=helpful&formatType=all_formats,allStars,,"{'price': None, 'listPrice': None}",2023-10-18,United States,,B0B371X9CD,0.6705
42,42,5,Solid product,R2P6YWEOMBA4XN,https://www.amazon.com/gp/customer-reviews/R2P6YWEOMBA4XN/ref=cm_cr_arp_d_rvw_ttl?ie=UTF8&ASIN=B0B371X9CD,,"Reviewed in the United States on January 3, 2024",These readers are decent quality and work well. The style is acceptable and I will continue to buy these.,True,Color: 4 Pack Mix ColorsSize: 1.5x,[],53,1847,354,https://www.amazon.com/product-reviews/B0B371X9CD?pageNumber=6&filterByStar=all_stars&sortBy=helpful&formatType=all_formats,allStars,,"{'price': None, 'listPrice': None}",2024-01-03,United States,,B0B371X9CD,0.5267
43,43,5,Great value for the money,RAQNGQPMDSUVU,https://www.amazon.com/gp/customer-reviews/RAQNGQPMDSUVU/ref=cm_cr_arp_d_rvw_ttl?ie=UTF8&ASIN=B0B371X9CD,,"Reviewed in the United States on October 11, 2023","I purchased these for the blue light filtering at the price point they were offered. The quality of these greatly supersede the ones I had been purchasing at big box stores. At the time of writing this, I am still using the first pair of the set, and would have already gone through the 4 pack of the ones I purchased elsewhere. They look and feel like prescription glasses purchased at an optometrist.",True,Color: 4 Pack Mix ColorsSize: 2.5x,[],54,1847,354,https://www.amazon.com/product-reviews/B0B371X9CD?pageNumber=6&filterByStar=all_stars&sortBy=helpful&formatType=all_formats,allStars,,"{'price': None, 'listPrice': None}",2023-10-11,United States,,B0B371X9CD,0.3612
44,44,3,Not very durable!,R37WEE9H64KCJI,https://www.amazon.com/gp/customer-reviews/R37WEE9H64KCJI/ref=cm_cr_arp_d_rvw_ttl?ie=UTF8&ASIN=B0B371X9CD,,"Reviewed in the United States on January 16, 2024",Don’t let the glasses fall to the ground because the frame will break and lenses will come out.,True,Color: 4 Pack Mix ColorsSize: 3.25x,[],55,1847,354,https://www.amazon.com/product-reviews/B0B371X9CD?pageNumber=6&filterByStar=all_stars&sortBy=helpful&formatType=all_formats,allStars,,"{'price': None, 'listPrice': None}",2024-01-16,United States,,B0B371X9CD,0.0
45,45,5,These are surprisingly good,R3DU3FEJ9O4R3A,https://www.amazon.com/gp/customer-reviews/R3DU3FEJ9O4R3A/ref=cm_cr_arp_d_rvw_ttl?ie=UTF8&ASIN=B0B371X9CD,,"Reviewed in the United States on December 25, 2023","The optical quality is great, and the blue light filtering results in less headaches from looking at the computer screen all day.",True,Color: 4 Pack Mix Color-a2Size: 1.25x,[],56,1847,354,https://www.amazon.com/product-reviews/B0B371X9CD?pageNumber=6&filterByStar=all_stars&sortBy=helpful&formatType=all_formats,allStars,,"{'price': None, 'listPrice': None}",2023-12-25,United States,,B0B371X9CD,0.6249
46,46,4,Good readers.  Not fond of lens tinting.,R3ITTMFEEJA2QP,https://www.amazon.com/gp/customer-reviews/R3ITTMFEEJA2QP/ref=cm_cr_arp_d_rvw_ttl?ie=UTF8&ASIN=B0B371X9CD,One person found this helpful,"Reviewed in the United States on August 13, 2023",These are nicely made readers.  I just wish that I'd noticed that they're slightly tinted to block some blue light.  I would have preferred prefectly clear lenses for my purposes.,True,Color: 4 Pack Mix ColorsSize: 1.0x,[],57,1847,354,https://www.amazon.com/product-reviews/B0B371X9CD?pageNumber=6&filterByStar=all_stars&sortBy=helpful&formatType=all_formats,allStars,,"{'price': None, 'listPrice': None}",2023-08-13,United States,,B0B371X9CD,0.6771
47,47,4,Great value for what it is,R3PEO7MFR78OVP,https://www.amazon.com/gp/customer-reviews/R3PEO7MFR78OVP/ref=cm_cr_arp_d_rvw_ttl?ie=UTF8&ASIN=B0B371X9CD,One person found this helpful,"Reviewed in the United States on September 4, 2023",Cute glasses and great value for what they are which is a lightweight magnifying glasses,True,Color: 4 Pack Mix Color-a3Size: 1.25x,[],58,1847,354,https://www.amazon.com/product-reviews/B0B371X9CD?pageNumber=6&filterByStar=all_stars&sortBy=helpful&formatType=all_formats,allStars,,"{'price': None, 'listPrice': None}",2023-09-04,United States,,B0B371X9CD,0.8591
48,48,5,Good fit,R26C0XDTDYM1NO,https://www.amazon.com/gp/customer-reviews/R26C0XDTDYM1NO/ref=cm_cr_arp_d_rvw_ttl?ie=UTF8&ASIN=B0B371X9CD,,"Reviewed in the United States on October 24, 2023","After my cataract surgery I now have 2020 distance but need readers. These were perfect fit and the 1.25 with the blue blocker is so crisp and clear. This set had several different colors and also a sunglass reader included. I can leave one in the car, by the computer, in the bathroom and by my books. Very lightweight.",True,Color: 4 Pack Mix ColorsSize: 3.0x,[],59,1847,354,https://www.amazon.com/product-reviews/B0B371X9CD?pageNumber=6&filterByStar=all_stars&sortBy=helpful&formatType=all_formats,allStars,,"{'price': None, 'listPrice': None}",2023-10-24,United States,,B0B371X9CD,0.9152
49,49,4,Effective and comfortable,R1CCPBQJ05B2AF,https://www.amazon.com/gp/customer-reviews/R1CCPBQJ05B2AF/ref=cm_cr_arp_d_rvw_ttl?ie=UTF8&ASIN=B0B371X9CD,2 people found this helpful,"Reviewed in the United States on June 16, 2023","These glasses are comfortable to wear—we are contact lens wearers, avoid glasses as much as possible! With multi focal contacts I still need a boost. Anti glare is great! Have a pair handy in the car, kitchen, etc. These are affordable! My husband is hard on sunglasses and readers working construction. These glasses are effective.",True,Color: 4 Pack Mix ColorsSize: 1.5x,[],60,1847,354,https://www.amazon.com/product-reviews/B0B371X9CD?pageNumber=6&filterByStar=all_stars&sortBy=helpful&formatType=all_formats,allStars,,"{'price': None, 'listPrice': None}",2023-06-16,United States,,B0B371X9CD,0.88
50,50,5,Good design and construction,RYFFDJ0P2ZORS,https://www.amazon.com/gp/customer-reviews/RYFFDJ0P2ZORS/ref=cm_cr_arp_d_rvw_ttl?ie=UTF8&ASIN=B0B371X9CD,,"Reviewed in the United States on September 25, 2023",I loved them and also sent the link to my mom so she can order. I already using 2 in my office and home and have extra as I loose them quickly for some reason.The structure is great and not at all flimsy. Highly recommended.,True,Color: 4 Pack Mix Color-a2Size: 2.0x,[],71,1847,354,https://www.amazon.com/product-reviews/B0B371X9CD?pageNumber=8&filterByStar=all_stars&sortBy=helpful&formatType=all_formats,allStars,,"{'price': None, 'listPrice': None}",2023-09-25,United States,,B0B371X9CD,0.8313
51,51,5,5 stars,R2FW3PC7H6IR4S,https://www.amazon.com/gp/customer-reviews/R2FW3PC7H6IR4S/ref=cm_cr_arp_d_rvw_ttl?ie=UTF8&ASIN=B0B371X9CD,,"Reviewed in the United States on December 11, 2023",Best readers I've had for work/home.,True,Color: 4 Pack Mix ColorsSize: 2.5x,[],72,1847,354,https://www.amazon.com/product-reviews/B0B371X9CD?pageNumber=8&filterByStar=all_stars&sortBy=helpful&formatType=all_formats,allStars,,"{'price': None, 'listPrice': None}",2023-12-11,United States,,B0B371X9CD,0.6369
52,52,4,Great to have in every room!,R29M5DLVLW1OU8,https://www.amazon.com/gp/customer-reviews/R29M5DLVLW1OU8/ref=cm_cr_arp_d_rvw_ttl?ie=UTF8&ASIN=B0B371X9CD,,"Reviewed in the United States on March 15, 2023","Nice reading glasses.  I with there were adjustable nose pads but they function fine as they are.  Get some eyeglass straps to have them hanging around your neck, that way if they fall off they won’t break.  Love the multipack. I can keep a pair in the bedroom, living room, kitchen, and office/study and have an additional pair to carry.",True,Color: 4 Pack Mix ColorsSize: 1.75x,[],73,1847,354,https://www.amazon.com/product-reviews/B0B371X9CD?pageNumber=8&filterByStar=all_stars&sortBy=helpful&formatType=all_formats,allStars,,"{'price': None, 'listPrice': None}",2023-03-15,United States,,B0B371X9CD,0.872
53,53,5,"Great value, appear well made",R2IZXAPGAKBIRY,https://www.amazon.com/gp/customer-reviews/R2IZXAPGAKBIRY/ref=cm_cr_arp_d_rvw_ttl?ie=UTF8&ASIN=B0B371X9CD,One person found this helpful,"Reviewed in the United States on December 2, 2023","Perfect, block blue light, lightweight, comfortable, recommended",True,Color: 4 Pack Mix Color-a4Size: 2.5x,[],74,1847,354,https://www.amazon.com/product-reviews/B0B371X9CD?pageNumber=8&filterByStar=all_stars&sortBy=helpful&formatType=all_formats,allStars,,"{'price': None, 'listPrice': None}",2023-12-02,United States,,B0B371X9CD,0.7096
54,54,5,Super for extra glasses around the house,R35185JLAG8A1C,https://www.amazon.com/gp/customer-reviews/R35185JLAG8A1C/ref=cm_cr_arp_d_rvw_ttl?ie=UTF8&ASIN=B0B371X9CD,,"Reviewed in the United States on November 20, 2023",Excellent bang for the Buck!  Bought two packs! Ha,True,Color: 4 Pack Mix ColorsSize: 1.75x,[],75,1847,354,https://www.amazon.com/product-reviews/B0B371X9CD?pageNumber=8&filterByStar=all_stars&sortBy=helpful&formatType=all_formats,allStars,,"{'price': None, 'listPrice': None}",2023-11-20,United States,,B0B371X9CD,0.7707
55,55,5,Such a great product!,R22WPCI4LWULNB,https://www.amazon.com/gp/customer-reviews/R22WPCI4LWULNB/ref=cm_cr_arp_d_rvw_ttl?ie=UTF8&ASIN=B0B371X9CD,,"Reviewed in the United States on November 13, 2023",Super excellent for the price! I liked them a lot and love the colors! Thank you! Gerard,True,Color: 4 Pack Mix ColorsSize: 2.0x,[],76,1847,354,https://www.amazon.com/product-reviews/B0B371X9CD?pageNumber=8&filterByStar=all_stars&sortBy=helpful&formatType=all_formats,allStars,,"{'price': None, 'listPrice': None}",2023-11-13,United States,,B0B371X9CD,0.9582
56,56,4,nice frames for the price,R2PH1TS00LLM00,https://www.amazon.com/gp/customer-reviews/R2PH1TS00LLM00/ref=cm_cr_arp_d_rvw_ttl?ie=UTF8&ASIN=B0B371X9CD,,"Reviewed in the United States on February 26, 2023",nice frames for the price. the lenses are resilient and easy to clean but are tinted a little bit brown i guess to get ride of the blue light or something resulting in not seeing the color of objects accurately. i placed them all over the house and never have to hunt for reading glasses again,True,Color: 4 Pack Mix ColorsSize: 1.75x,[],77,1847,354,https://www.amazon.com/product-reviews/B0B371X9CD?pageNumber=8&filterByStar=all_stars&sortBy=helpful&formatType=all_formats,allStars,,"{'price': None, 'listPrice': None}",2023-02-26,United States,,B0B371X9CD,0.5719
57,57,5,"Nice assortment, SUPER clear",R7ZGMM89TVHUY,https://www.amazon.com/gp/customer-reviews/R7ZGMM89TVHUY/ref=cm_cr_arp_d_rvw_ttl?ie=UTF8&ASIN=B0B371X9CD,2 people found this helpful,"Reviewed in the United States on July 22, 2023","I was blown away but how sharp and clear these glasses are. They are much less expensive that the kind I've been getting at the nearby Walgreen's and they are much more durable. After a couple of months, one of the lenses has popped out of a pair, but that's ok because I have backups!Great product!",True,Color: 4 Pack Mix ColorsSize: 1.5x,[],78,1847,354,https://www.amazon.com/product-reviews/B0B371X9CD?pageNumber=8&filterByStar=all_stars&sortBy=helpful&formatType=all_formats,allStars,,"{'price': None, 'listPrice': None}",2023-07-22,United States,,B0B371X9CD,0.9078
58,58,5,"Good quality, nice shape/colors, great price!",R3IOWVYA1QP36F,https://www.amazon.com/gp/customer-reviews/R3IOWVYA1QP36F/ref=cm_cr_arp_d_rvw_ttl?ie=UTF8&ASIN=B0B371X9CD,,"Reviewed in the United States on November 1, 2023","They are sturdier than others at the same low price point.  And interesting, muted colors for men.",True,Color: 4 Pack Mix ColorsSize: 2.5x,[],79,1847,354,https://www.amazon.com/product-reviews/B0B371X9CD?pageNumber=8&filterByStar=all_stars&sortBy=helpful&formatType=all_formats,allStars,,"{'price': None, 'listPrice': None}",2023-11-01,United States,,B0B371X9CD,0.1531
59,59,5,Sucked I needed them,R2U1MFMJDX0TNG,https://www.amazon.com/gp/customer-reviews/R2U1MFMJDX0TNG/ref=cm_cr_arp_d_rvw_ttl?ie=UTF8&ASIN=B0B371X9CD,,"Reviewed in the United States on October 25, 2023",They were fine.  Good shape.  Much better than my current prescription glasses.  Won’t care if they get smashed.,True,Color: 4 Pack Mix ColorsSize: 1.5x,[],80,1847,354,https://www.amazon.com/product-reviews/B0B371X9CD?pageNumber=8&filterByStar=all_stars&sortBy=helpful&formatType=all_formats,allStars,,"{'price': None, 'listPrice': None}",2023-10-25,United States,,B0B371X9CD,0.8689
60,60,4,Replacing old glasses,R3OMXEJD21GQLU,https://www.amazon.com/gp/customer-reviews/R3OMXEJD21GQLU/ref=cm_cr_arp_d_rvw_ttl?ie=UTF8&ASIN=B0B371X9CD,,"Reviewed in the United States on January 11, 2024","The material is to brittle, have to be careful handling them",True,Color: 4 Pack Mix ColorsSize: 1.75x,[],21,1847,354,https://www.amazon.com/product-reviews/B0B371X9CD?pageNumber=3&filterByStar=all_stars&sortBy=helpful&formatType=all_formats,allStars,,"{'price': None, 'listPrice': None}",2024-01-11,United States,,B0B371X9CD,0.1531
61,61,4,Nice readers,R3KVTOLHEJ43YI,https://www.amazon.com/gp/customer-reviews/R3KVTOLHEJ43YI/ref=cm_cr_arp_d_rvw_ttl?ie=UTF8&ASIN=B0B371X9CD,,"Reviewed in the United States on October 30, 2023",I pretty much wear readers all day and do the inevitable peaking over the top for looking at normal distances. I hated the smaller generic readers and they never seem to last very long. These are super comfortable and look great. 1 of the 4 pairs did have two different strength lenses though. Luckily in the color I wasn’t all that excited about anyway but kind of a bummer. Otherwise really nice readers. Spring sides are great and the screws seem to be staying put unlike other pairs I’ve had.,True,Color: 4 Pack Mix Color-a2Size: 3.0x,[],22,1847,354,https://www.amazon.com/product-reviews/B0B371X9CD?pageNumber=3&filterByStar=all_stars&sortBy=helpful&formatType=all_formats,allStars,,"{'price': None, 'listPrice': None}",2023-10-30,United States,,B0B371X9CD,0.9377
62,62,5,Very good glasses,R35DI2RJM1Y51P,https://www.amazon.com/gp/customer-reviews/R35DI2RJM1Y51P/ref=cm_cr_arp_d_rvw_ttl?ie=UTF8&ASIN=B0B371X9CD,,"Reviewed in the United States on February 20, 2024",We are very pleased with the quality of the glasses,True,Color: 4 Pack Mix ColorsSize: 3.5x,[],23,1847,354,https://www.amazon.com/product-reviews/B0B371X9CD?pageNumber=3&filterByStar=all_stars&sortBy=helpful&formatType=all_formats,allStars,,"{'price': None, 'listPrice': None}",2024-02-20,United States,,B0B371X9CD,0.4927
63,63,4,price on this,R39Q211HZ1K9LX,https://www.amazon.com/gp/customer-reviews/R39Q211HZ1K9LX/ref=cm_cr_arp_d_rvw_ttl?ie=UTF8&ASIN=B0B371X9CD,,"Reviewed in the United States on January 2, 2024",Confort works great for PC scrim time.,True,Color: 4 Pack Mix ColorsSize: 2.0x,[],24,1847,354,https://www.amazon.com/product-reviews/B0B371X9CD?pageNumber=3&filterByStar=all_stars&sortBy=helpful&formatType=all_formats,allStars,,"{'price': None, 'listPrice': None}",2024-01-02,United States,,B0B371X9CD,0.6249
64,64,5,Buy Them,R3SA8ZE2FJRN2V,https://www.amazon.com/gp/customer-reviews/R3SA8ZE2FJRN2V/ref=cm_cr_arp_d_rvw_ttl?ie=UTF8&ASIN=B0B371X9CD,,"Reviewed in the United States on January 29, 2024",These are great! I have been spending $20 to $30 a pair at Walgreens for glasses that last about 2.months. the price for these glasses are great! The quality I exceptional for the price!,True,Color: 4 Pack Mix ColorsSize: 3.0x,[],25,1847,354,https://www.amazon.com/product-reviews/B0B371X9CD?pageNumber=3&filterByStar=all_stars&sortBy=helpful&formatType=all_formats,allStars,,"{'price': None, 'listPrice': None}",2024-01-29,United States,,B0B371X9CD,0.8772
65,65,5,Great deal,R38S3FALRACT9A,https://www.amazon.com/gp/customer-reviews/R38S3FALRACT9A/ref=cm_cr_arp_d_rvw_ttl?ie=UTF8&ASIN=B0B371X9CD,,"Reviewed in the United States on February 17, 2024","Cannot beat the quality, style and price!!",True,Color: 4 Pack Mix Color-a4Size: 1.5x,[],26,1847,354,https://www.amazon.com/product-reviews/B0B371X9CD?pageNumber=3&filterByStar=all_stars&sortBy=helpful&formatType=all_formats,allStars,,"{'price': None, 'listPrice': None}",2024-02-17,United States,,B0B371X9CD,0.0
66,66,5,Tough,R26A8MWH4FT0AT,https://www.amazon.com/gp/customer-reviews/R26A8MWH4FT0AT/ref=cm_cr_arp_d_rvw_ttl?ie=UTF8&ASIN=B0B371X9CD,,"Reviewed in the United States on February 17, 2024",They do not break easily.,True,Color: 4 Pack Mix Color-a3Size: 3.0x,[],27,1847,354,https://www.amazon.com/product-reviews/B0B371X9CD?pageNumber=3&filterByStar=all_stars&sortBy=helpful&formatType=all_formats,allStars,,"{'price': None, 'listPrice': None}",2024-02-17,United States,,B0B371X9CD,-0.2584
67,67,4,Nice Looking But...,R31IEAYDB1JDPD,https://www.amazon.com/gp/customer-reviews/R31IEAYDB1JDPD/ref=cm_cr_arp_d_rvw_ttl?ie=UTF8&ASIN=B0B371X9CD,,"Reviewed in the United States on November 19, 2023","Glasses look nice enough. But if you're bending over and have them on top of your head, which I have to do often at work, they will slip off the top of your head. Not a huge deal",True,Color: 4 Pack Mix ColorsSize: 1.25x,[],28,1847,354,https://www.amazon.com/product-reviews/B0B371X9CD?pageNumber=3&filterByStar=all_stars&sortBy=helpful&formatType=all_formats,allStars,,"{'price': None, 'listPrice': None}",2023-11-19,United States,,B0B371X9CD,0.4323
68,68,4,Good deal,R1K7F2POY61VCV,https://www.amazon.com/gp/customer-reviews/R1K7F2POY61VCV/ref=cm_cr_arp_d_rvw_ttl?ie=UTF8&ASIN=B0B371X9CD,,"Reviewed in the United States on December 15, 2023",Is there a good quality nice looking and great for every day use,True,Color: 4 Pack Mix ColorsSize: 2.25x,[],29,1847,354,https://www.amazon.com/product-reviews/B0B371X9CD?pageNumber=3&filterByStar=all_stars&sortBy=helpful&formatType=all_formats,allStars,,"{'price': None, 'listPrice': None}",2023-12-15,United States,,B0B371X9CD,0.8689
69,69,3,Good fit. But arm will break.,R2Q005PRNFTWOO,https://www.amazon.com/gp/customer-reviews/R2Q005PRNFTWOO/ref=cm_cr_arp_d_rvw_ttl?ie=UTF8&ASIN=B0B371X9CD,,"Reviewed in the United States on January 25, 2024","Love the fit and size of these. Only issue is every pair (8+ so far) have broken in the same place. The small screw on the right arm continues to come out. I bought a small glasses screwdriver and continue to screw it back down to get them to last longer, but to no avail. Once it comes out it can not go back in. Assuming this is a manufacturing defect.I have reached out to the company but have not heard back.I give it a 3 star bc other than this issue (which is big because they glasses don't last long) they look, fit, and work well.",True,Color: 4 Pack Mix Color-a2Size: 1.5x,['https://m.media-amazon.com/images/I/81-BJc8f-JL._SY88.jpg'],30,1847,354,https://www.amazon.com/product-reviews/B0B371X9CD?pageNumber=3&filterByStar=all_stars&sortBy=helpful&formatType=all_formats,allStars,,"{'price': None, 'listPrice': None}",2024-01-25,United States,,B0B371X9CD,0.6827
70,70,5,Great glasses,R2OR6K9E4ZJWFM,https://www.amazon.com/gp/customer-reviews/R2OR6K9E4ZJWFM/ref=cm_cr_arp_d_rvw_ttl?ie=UTF8&ASIN=B0B371X9CD,,"Reviewed in the United States on September 12, 2023","These are my favorite reading glasses of all time.  With the 4 different colors, you can change them up throughout the week.  The best part is there under $20.  Great value.",True,Color: 4 Pack Mix ColorsSize: 1.75x,[],81,1847,354,https://www.amazon.com/product-reviews/B0B371X9CD?pageNumber=9&filterByStar=all_stars&sortBy=helpful&formatType=all_formats,allStars,,"{'price': None, 'listPrice': None}",2023-09-12,United States,,B0B371X9CD,0.9287
71,71,2,Good looking and great size.  Frame has a weak point where all four cracked.,R3KI2PO7NWXEO5,https://www.amazon.com/gp/customer-reviews/R3KI2PO7NWXEO5/ref=cm_cr_arp_d_rvw_ttl?ie=UTF8&ASIN=B0B371X9CD,,"Reviewed in the United States on March 14, 2024","Loved the look and size.  The frame cracked in the same spot on all four pairs.  (Left lens, left side of the top bar).  Wouldn't buy again.",True,Color: 4 Pack Mix ColorsSize: 2.0x,[],82,1847,354,https://www.amazon.com/product-reviews/B0B371X9CD?pageNumber=9&filterByStar=all_stars&sortBy=helpful&formatType=all_formats,allStars,,"{'price': None, 'listPrice': None}",2024-03-14,United States,,B0B371X9CD,0.6908
72,72,5,Ease of use,R3SGTZXD39JXXO,https://www.amazon.com/gp/customer-reviews/R3SGTZXD39JXXO/ref=cm_cr_arp_d_rvw_ttl?ie=UTF8&ASIN=B0B371X9CD,,"Reviewed in the United States on October 16, 2023",I purchased these readers for my husband. They were wide enough to accommodate his wide face.,True,Color: 4 Pack Mix ColorsSize: 3.25x,[],83,1847,354,https://www.amazon.com/product-reviews/B0B371X9CD?pageNumber=9&filterByStar=all_stars&sortBy=helpful&formatType=all_formats,allStars,,"{'price': None, 'listPrice': None}",2023-10-16,United States,,B0B371X9CD,0.0
73,73,3,1 broke already 😢,R3MQ2TTIVCTELQ,https://www.amazon.com/gp/customer-reviews/R3MQ2TTIVCTELQ/ref=cm_cr_arp_d_rvw_ttl?ie=UTF8&ASIN=B0B371X9CD,,"Reviewed in the United States on November 1, 2023","I like them, fit, clear, but one of the three broke around the lens already..",True,Color: 4 Pack Mix Color-a2Size: 1.75x,['https://m.media-amazon.com/images/I/61SbUoEVoxL._SY88.jpg'],84,1847,354,https://www.amazon.com/product-reviews/B0B371X9CD?pageNumber=9&filterByStar=all_stars&sortBy=helpful&formatType=all_formats,allStars,,"{'price': None, 'listPrice': None}",2023-11-01,United States,,B0B371X9CD,-0.1027
74,74,5,Well made - sturdy,R1HYPZZNB0M6OO,https://www.amazon.com/gp/customer-reviews/R1HYPZZNB0M6OO/ref=cm_cr_arp_d_rvw_ttl?ie=UTF8&ASIN=B0B371X9CD,,"Reviewed in the United States on October 2, 2023",These glasses have a very sturdy feel to them. The lenses are very clear making it easy to read. The blue blocking feature is nice!,True,Color: 4 Pack Mix ColorsSize: 4.0x,[],85,1847,354,https://www.amazon.com/product-reviews/B0B371X9CD?pageNumber=9&filterByStar=all_stars&sortBy=helpful&formatType=all_formats,allStars,,"{'price': None, 'listPrice': None}",2023-10-02,United States,,B0B371X9CD,0.7419
75,75,5,"Fit great, nice lenses",R23KW4JEBXABWS,https://www.amazon.com/gp/customer-reviews/R23KW4JEBXABWS/ref=cm_cr_arp_d_rvw_ttl?ie=UTF8&ASIN=B0B371X9CD,,"Reviewed in the United States on August 5, 2023",I've bought a few reading glasses and these are by far the best ones I have bought for price and comfort.  I have a larger head and the boughs seem to be a bit longer than the rest and do not cut into esr,True,Color: 4 Pack Mix ColorsSize: 2.5x,[],86,1847,354,https://www.amazon.com/product-reviews/B0B371X9CD?pageNumber=9&filterByStar=all_stars&sortBy=helpful&formatType=all_formats,allStars,,"{'price': None, 'listPrice': None}",2023-08-05,United States,,B0B371X9CD,0.8183
76,76,4,ampifies,R1V6DB0QO5MQYM,https://www.amazon.com/gp/customer-reviews/R1V6DB0QO5MQYM/ref=cm_cr_arp_d_rvw_ttl?ie=UTF8&ASIN=B0B371X9CD,,"Reviewed in the United States on June 24, 2023",my eyes are growing dim and these help,True,Color: 4 Pack Mix ColorsSize: 2.75x,[],87,1847,354,https://www.amazon.com/product-reviews/B0B371X9CD?pageNumber=9&filterByStar=all_stars&sortBy=helpful&formatType=all_formats,allStars,,"{'price': None, 'listPrice': None}",2023-06-24,United States,,B0B371X9CD,0.5267
77,77,5,Excellent product,R326NLXE6IILG7,https://www.amazon.com/gp/customer-reviews/R326NLXE6IILG7/ref=cm_cr_arp_d_rvw_ttl?ie=UTF8&ASIN=B0B371X9CD,,"Reviewed in the United States on October 30, 2023",I keep one in every room,True,Color: 4 Pack Mix Color-a3Size: 1.75x,[],88,1847,354,https://www.amazon.com/product-reviews/B0B371X9CD?pageNumber=9&filterByStar=all_stars&sortBy=helpful&formatType=all_formats,allStars,,"{'price': None, 'listPrice': None}",2023-10-30,United States,,B0B371X9CD,0.0
78,78,4,Nice,R1ILCI89KAD771,https://www.amazon.com/gp/customer-reviews/R1ILCI89KAD771/ref=cm_cr_arp_d_rvw_ttl?ie=UTF8&ASIN=B0B371X9CD,,"Reviewed in the United States on May 21, 2023",Nice!!,True,Color: 4 Pack Mix ColorsSize: 3.25x,[],89,1847,354,https://www.amazon.com/product-reviews/B0B371X9CD?pageNumber=9&filterByStar=all_stars&sortBy=helpful&formatType=all_formats,allStars,,"{'price': None, 'listPrice': None}",2023-05-21,United States,,B0B371X9CD,0.5242
79,79,5,So convenient,R6E5ZWVXTPU3H,https://www.amazon.com/gp/customer-reviews/R6E5ZWVXTPU3H/ref=cm_cr_arp_d_rvw_ttl?ie=UTF8&ASIN=B0B371X9CD,,"Reviewed in the United States on September 27, 2023",Lightweight and stylish.  So nice to have multiple pairs around for convenience.  Great quality and price.,True,Color: 4 Pack Mix ColorsSize: 2.5x,[],90,1847,354,https://www.amazon.com/product-reviews/B0B371X9CD?pageNumber=9&filterByStar=all_stars&sortBy=helpful&formatType=all_formats,allStars,,"{'price': None, 'listPrice': None}",2023-09-27,United States,,B0B371X9CD,0.8016
80,80,5,Readers,R2S6C4T37VYJLR,https://www.amazon.com/gp/customer-reviews/R2S6C4T37VYJLR/ref=cm_cr_arp_d_rvw_ttl?ie=UTF8&ASIN=B0B371X9CD,,"Reviewed in the United States on December 12, 2023",Leave a pair in every room and you’ll always have one handy. Great buy and value.,True,Color: 4 Pack Mix ColorsSize: 2.0x,[],61,1847,354,https://www.amazon.com/product-reviews/B0B371X9CD?pageNumber=7&filterByStar=all_stars&sortBy=helpful&formatType=all_formats,allStars,,"{'price': None, 'listPrice': None}",2023-12-12,United States,,B0B371X9CD,0.743
81,81,4,Glasses,RPTGHD0WKIHN0,https://www.amazon.com/gp/customer-reviews/RPTGHD0WKIHN0/ref=cm_cr_arp_d_rvw_ttl?ie=UTF8&ASIN=B0B371X9CD,,"Reviewed in the United States on September 7, 2023",Not a horrible buy!,True,Color: 4 Pack Mix Color-a3Size: 4.0x,[],62,1847,354,https://www.amazon.com/product-reviews/B0B371X9CD?pageNumber=7&filterByStar=all_stars&sortBy=helpful&formatType=all_formats,allStars,,"{'price': None, 'listPrice': None}",2023-09-07,United States,,B0B371X9CD,0.484
82,82,5,Good quality for the money,R29THUSVP7VEVA,https://www.amazon.com/gp/customer-reviews/R29THUSVP7VEVA/ref=cm_cr_arp_d_rvw_ttl?ie=UTF8&ASIN=B0B371X9CD,,"Reviewed in the United States on October 19, 2023","These are pretty solidly made, with a nice spring hinge, and the lenses seem good, no weird warping. They give you a cloth case for each one and a wipe. At like $4 a pair what’s not to like?",True,Color: 4 Pack Mix Color-a2Size: 1.5x,[],63,1847,354,https://www.amazon.com/product-reviews/B0B371X9CD?pageNumber=7&filterByStar=all_stars&sortBy=helpful&formatType=all_formats,allStars,,"{'price': None, 'listPrice': None}",2023-10-19,United States,,B0B371X9CD,0.875
83,83,5,Winner winner chicken dinner.,RQNQSLWW1BR6J,https://www.amazon.com/gp/customer-reviews/RQNQSLWW1BR6J/ref=cm_cr_arp_d_rvw_ttl?ie=UTF8&ASIN=B0B371X9CD,,"Reviewed in the United States on November 29, 2023",These reader eyeglasses are excellent. I like them very much and the different colors are very nice.,True,Color: 4 Pack Mix Color-a3Size: 2.5x,[],64,1847,354,https://www.amazon.com/product-reviews/B0B371X9CD?pageNumber=7&filterByStar=all_stars&sortBy=helpful&formatType=all_formats,allStars,,"{'price': None, 'listPrice': None}",2023-11-29,United States,,B0B371X9CD,0.8516
84,84,4,Good value,R26Z4ZREVBZDDI,https://www.amazon.com/gp/customer-reviews/R26Z4ZREVBZDDI/ref=cm_cr_arp_d_rvw_ttl?ie=UTF8&ASIN=B0B371X9CD,One person found this helpful,"Reviewed in the United States on July 26, 2023",Just need some cheap readers so if I lost them or broke them I wouldn’t care. These work just fine.,True,Color: 4 Pack Mix ColorsSize: 1.75x,[],65,1847,354,https://www.amazon.com/product-reviews/B0B371X9CD?pageNumber=7&filterByStar=all_stars&sortBy=helpful&formatType=all_formats,allStars,,"{'price': None, 'listPrice': None}",2023-07-26,United States,,B0B371X9CD,-0.0972
85,85,3,These glasses are convenient,R3QVJOKFRL87JS,https://www.amazon.com/gp/customer-reviews/R3QVJOKFRL87JS/ref=cm_cr_arp_d_rvw_ttl?ie=UTF8&ASIN=B0B371X9CD,,"Reviewed in the United States on December 10, 2023",They're lightweight. They'rean investment. Easy to take care of.They're inexpensive. And they look good.Bealzibub,True,Color: 4 Pack Mix ColorsSize: 3.25x,[],66,1847,354,https://www.amazon.com/product-reviews/B0B371X9CD?pageNumber=7&filterByStar=all_stars&sortBy=helpful&formatType=all_formats,allStars,,"{'price': None, 'listPrice': None}",2023-12-10,United States,,B0B371X9CD,0.7269
86,86,5,Great Glasses for the money,RCQTP9HOEM71U,https://www.amazon.com/gp/customer-reviews/RCQTP9HOEM71U/ref=cm_cr_arp_d_rvw_ttl?ie=UTF8&ASIN=B0B371X9CD,,"Reviewed in the United States on December 13, 2023",For the money great glasses and nice colors,True,Color: 4 Pack Mix Color-a2Size: 1.75x,[],67,1847,354,https://www.amazon.com/product-reviews/B0B371X9CD?pageNumber=7&filterByStar=all_stars&sortBy=helpful&formatType=all_formats,allStars,,"{'price': None, 'listPrice': None}",2023-12-13,United States,,B0B371X9CD,0.7845
87,87,3,Look good but break easily,R153VSPIE9SCXS,https://www.amazon.com/gp/customer-reviews/R153VSPIE9SCXS/ref=cm_cr_arp_d_rvw_ttl?ie=UTF8&ASIN=B0B371X9CD,,"Reviewed in the United States on December 1, 2023","The style of these reading glasses is great, as are the colors. The problem is that they either break or fall apart. Disappointing.",True,Color: 4 Pack Mix Color-a3Size: 2.25x,[],68,1847,354,https://www.amazon.com/product-reviews/B0B371X9CD?pageNumber=7&filterByStar=all_stars&sortBy=helpful&formatType=all_formats,allStars,,"{'price': None, 'listPrice': None}",2023-12-01,United States,,B0B371X9CD,-0.2023
88,88,3,Plastic and easy to clean,R1WXOZ4AXH8SKP,https://www.amazon.com/gp/customer-reviews/R1WXOZ4AXH8SKP/ref=cm_cr_arp_d_rvw_ttl?ie=UTF8&ASIN=B0B371X9CD,,"Reviewed in the United States on October 25, 2023",I would have loved to give these a 5 star rating.  I really like these glasses because they come in the variety of colors. But everyone broke at some point.  The plastic under the lens is very thin and everyone of them broke at the same area when they fell to the floor.,True,Color: 4 Pack Mix ColorsSize: 2.75x,[],69,1847,354,https://www.amazon.com/product-reviews/B0B371X9CD?pageNumber=7&filterByStar=all_stars&sortBy=helpful&formatType=all_formats,allStars,,"{'price': None, 'listPrice': None}",2023-10-25,United States,,B0B371X9CD,-0.6191
89,89,5,There are readers,R1UN10LYAK9X6Z,https://www.amazon.com/gp/customer-reviews/R1UN10LYAK9X6Z/ref=cm_cr_arp_d_rvw_ttl?ie=UTF8&ASIN=B0B371X9CD,,"Reviewed in the United States on November 9, 2023","They work fine, the price was right, and who cares if I lose or break them? Lightweight and flexible, and I would by them again.",True,Color: 4 Pack Mix Color-a2Size: 1.5x,[],70,1847,354,https://www.amazon.com/product-reviews/B0B371X9CD?pageNumber=7&filterByStar=all_stars&sortBy=helpful&formatType=all_formats,allStars,,"{'price': None, 'listPrice': None}",2023-11-09,United States,,B0B371X9CD,0.4588
