,Unnamed: 0,ratingScore,reviewTitle,reviewId,reviewUrl,reviewReaction,reviewedIn,reviewDescription,isVerified,variant,reviewImages,position,totalCategoryRatings,totalCategoryReviews,reviewCategoryUrl,filterByRating,filterByKeyword,product,date,country,countryCode,productAsin,sentiment_score
0,0,5,"Flattering style - not as soft as i would like, but overall a great buy and cozy for winter!",RWCRYGROMSWW8,https://www.amazon.com/gp/customer-reviews/RWCRYGROMSWW8/ref=cm_cr_arp_d_rvw_ttl?ie=UTF8&ASIN=B07QTDHM5L,7 people found this helpful,"Reviewed in the United States on January 31, 2024","Love: the flattering seaming, zip pockets (one big kangaroo pocket) which is GREAT for storing my cell phone and knowing it won't fall out!, colors are nice. I got the charcoal grey to try it out.Like: the fleece is moderately stretchy with some give for good movement, but it is kinda plastic-y feeling and not as soft as other fleece products. perhaps it is because the grey comes in recycled fibers whereas the other colors do not. I plan to order one of the other colors now that i've confirmed the correct size.I normally wear an XL but based on the slim fit i ordered this one in an XXL and am glad i did - gives a bit extra room without being too baggy and still looks good. I like the high collar (keeps me warm) and the length of the sleeves and overall length is good - not too long but just right to cover to mid-hip. I have a few from another brand with a 3/4 snap front and it is a little softer, but overall this one is a good buy with flattering fit and nice color selection.",True,Material Type: Recycled PolyesterColor: Charcoal HeatherSize: XX-Large,[],1,12881,2692,https://www.amazon.com/product-reviews/B07QTDHM5L?pageNumber=1&filterByStar=all_stars&sortBy=helpful&formatType=all_formats,allStars,,"{'price': None, 'listPrice': None}",2024-01-31,United States,,B07QTDHM5L,0.9918
1,1,5,Soft and warm,RKQNCF6ETB8PV,https://www.amazon.com/gp/customer-reviews/RKQNCF6ETB8PV/ref=cm_cr_arp_d_rvw_ttl?ie=UTF8&ASIN=B07QTDHM5L,3 people found this helpful,"Reviewed in the United States on February 24, 2024","This Amazon Essentials fleece sweatshirt is wonderful.  I love the color. The fleece is soft and warm. There is a big kangaroo pocket in front that is easy to warm my hands and plenty big to put in extra stuff such as a wallet and phone, or maybe a kitten!  When is is really cold outside I can wear a coat over it and be toasty warm! I wear between a medium and a large, but, for some reason I bought the XL. A large would have fit me better but I am keeping this because I can wear a warmer turtleneck underneath with plenty of room. BTW, it washes well and is still soft.",True,,[],2,12881,2692,https://www.amazon.com/product-reviews/B07QTDHM5L?pageNumber=1&filterByStar=all_stars&sortBy=helpful&formatType=all_formats,allStars,,"{'price': None, 'listPrice': None}",2024-02-24,United States,,B07QTDHM5L,0.9671
2,2,4,"Nice & soft, runs true to size",R3SAD0JLXPJIEE,https://www.amazon.com/gp/customer-reviews/R3SAD0JLXPJIEE/ref=cm_cr_arp_d_rvw_ttl?ie=UTF8&ASIN=B07QTDHM5L,4 people found this helpful,"Reviewed in the United States on February 19, 2024","The sweatshirt is soft, warm & I like the length and slimmer fit. However, I purchased a size up based on some of the reviews, but had to return because it was too big.  I’m typically a size small 5’3”, 130 lbs the medium was too baggy through the torso, so returning and ordering a small.",True,Material Type: PolyesterColor: PinkSize: Medium,[],3,12881,2692,https://www.amazon.com/product-reviews/B07QTDHM5L?pageNumber=1&filterByStar=all_stars&sortBy=helpful&formatType=all_formats,allStars,,"{'price': None, 'listPrice': None}",2024-02-19,United States,,B07QTDHM5L,0.4497
3,3,5,Quality Great Price,R18OW12IS4GX78,https://www.amazon.com/gp/customer-reviews/R18OW12IS4GX78/ref=cm_cr_arp_d_rvw_ttl?ie=UTF8&ASIN=B07QTDHM5L,2 people found this helpful,"Reviewed in the United States on January 22, 2024","I love this top. It gets softer the more you wash it. This is my third color. I’m a hoodie gal but I love this style. I wear daily but it looks nice enough to go out and about. I sized up from my usual large because I like to wear a t shirt under it and I’m all about comfort. But it is true to size and has a nice shape. Excellent, soft top.",True,Material Type: PolyesterColor: RedSize: X-Large,[],4,12881,2692,https://www.amazon.com/product-reviews/B07QTDHM5L?pageNumber=1&filterByStar=all_stars&sortBy=helpful&formatType=all_formats,allStars,,"{'price': None, 'listPrice': None}",2024-01-22,United States,,B07QTDHM5L,0.9879
4,4,5,Great deal if you get it in sale,R3OOYA8XIYFEF6,https://www.amazon.com/gp/customer-reviews/R3OOYA8XIYFEF6/ref=cm_cr_arp_d_rvw_ttl?ie=UTF8&ASIN=B07QTDHM5L,6 people found this helpful,"Reviewed in the United States on February 18, 2024","I bought this sweater for $11, and I have to say it’s a great deal.  It is very soft and warm, has pockets and fits pretty well.  I have an athletic body type with wider shoulders and narrower hips, so I bought a medium to have some flexibility in the upper body.  As expected, the sweater is a little too big in the waist and hips, but not critical.  I would also like a little longer sleeves, but again, did I expect an absolutely perfect item for $11?  No.  I expected it to be warm, and it is.  I would buy more for this price.",True,Material Type: PolyesterColor: BlackSize: Medium,[],5,12881,2692,https://www.amazon.com/product-reviews/B07QTDHM5L?pageNumber=1&filterByStar=all_stars&sortBy=helpful&formatType=all_formats,allStars,,"{'price': None, 'listPrice': None}",2024-02-18,United States,,B07QTDHM5L,0.9559
5,5,4,soft and thick,R19NLN2Z0ESSDI,https://www.amazon.com/gp/customer-reviews/R19NLN2Z0ESSDI/ref=cm_cr_arp_d_rvw_ttl?ie=UTF8&ASIN=B07QTDHM5L,,"Reviewed in the United States on January 28, 2024",Will keep me warm on cold and windy days. I love the blue color. Nicely made. Good deal for the price.,True,,[],6,12881,2692,https://www.amazon.com/product-reviews/B07QTDHM5L?pageNumber=1&filterByStar=all_stars&sortBy=helpful&formatType=all_formats,allStars,,"{'price': None, 'listPrice': None}",2024-01-28,United States,,B07QTDHM5L,0.8979
6,6,5,Warm,R3JIMU2Y919DH9,https://www.amazon.com/gp/customer-reviews/R3JIMU2Y919DH9/ref=cm_cr_arp_d_rvw_ttl?ie=UTF8&ASIN=B07QTDHM5L,,"Reviewed in the United States on March 28, 2024","This is a very warm fleece. Size was a bit small, so was glad I ordered a large.",True,Material Type: PolyesterColor: Blue HeatherSize: Large,[],7,12881,2692,https://www.amazon.com/product-reviews/B07QTDHM5L?pageNumber=1&filterByStar=all_stars&sortBy=helpful&formatType=all_formats,allStars,,"{'price': None, 'listPrice': None}",2024-03-28,United States,,B07QTDHM5L,0.6674
7,7,4,Cozy,R1583BBL453D32,https://www.amazon.com/gp/customer-reviews/R1583BBL453D32/ref=cm_cr_arp_d_rvw_ttl?ie=UTF8&ASIN=B07QTDHM5L,,"Reviewed in the United States on April 3, 2024",Basic fleece at a decent price. Kangaroo pocket and nice high collar that covers your neck. Easy wash and wear. I wear this twice a week for work.  The only negative remark is I’ve had this for about 2 months and the elbows are worn already.,True,Material Type: PolyesterColor: BlackSize: Small,[],8,12881,2692,https://www.amazon.com/product-reviews/B07QTDHM5L?pageNumber=1&filterByStar=all_stars&sortBy=helpful&formatType=all_formats,allStars,,"{'price': None, 'listPrice': None}",2024-04-03,United States,,B07QTDHM5L,-0.0516
8,8,5,Beautiful!!,R3HW8WWODXBED0,https://www.amazon.com/gp/customer-reviews/R3HW8WWODXBED0/ref=cm_cr_arp_d_rvw_ttl?ie=UTF8&ASIN=B07QTDHM5L,,"Reviewed in the United States on April 4, 2024","I have bought 12 of these in each color I love love love the fit, I'm not a small woman by any means purchasing extra large they aren't loose or too tight once you find the perfect size to order. If there were more colors in my size I would definitely order. I plan on wearing these when there are cool days ahead & next winter because I have also bought sleeveless tanks in different colors just in case they get too warm. The fabric in these is thick. I would recommend these to anyone and I am so grateful I found them. You can pull the zipper all the way up to the top or even halfway and it still will show a tank under it if that's what you like. It's such a great feeling to find something you love and that's when I buy several of the same just different colors. They come neatly folded brand new such a great buy.",True,,[],9,12881,2692,https://www.amazon.com/product-reviews/B07QTDHM5L?pageNumber=1&filterByStar=all_stars&sortBy=helpful&formatType=all_formats,allStars,,"{'price': None, 'listPrice': None}",2024-04-04,United States,,B07QTDHM5L,0.9945
9,9,4,Good product,R76TE3WJ7Z9AL,https://www.amazon.com/gp/customer-reviews/R76TE3WJ7Z9AL/ref=cm_cr_arp_d_rvw_ttl?ie=UTF8&ASIN=B07QTDHM5L,,"Reviewed in the United States on April 3, 2024",Good product but I would rather have it as a hoodie sweater same print same pockets but with the super in the middle!!!!!!,True,Material Type: PolyesterColor: Black White Mini Buffalo PlaidSize: X-Large,[],10,12881,2692,https://www.amazon.com/product-reviews/B07QTDHM5L?pageNumber=1&filterByStar=all_stars&sortBy=helpful&formatType=all_formats,allStars,,"{'price': None, 'listPrice': None}",2024-04-03,United States,,B07QTDHM5L,0.858
10,10,4,Nice but runs small,R3CVRV9MZ0O2J0,https://www.amazon.com/gp/customer-reviews/R3CVRV9MZ0O2J0/ref=cm_cr_arp_d_rvw_ttl?ie=UTF8&ASIN=B07QTDHM5L,,"Reviewed in the United States on December 16, 2023","Texture is soft, smooth but kinda squeaky. Looks good on but I will echo what others have said that it runs a full size small. I'm 5'4"" 150 lbs typically wear a large in tops and the XL fits just like a large. Zero stretch. Sounds like I'm disappointed but I'm not, for the price it's a very nice fleece",True,Material Type: PolyesterColor: Black Red Medium PlaidSize: X-Large,[],71,12881,2692,https://www.amazon.com/product-reviews/B07QTDHM5L?pageNumber=8&filterByStar=all_stars&sortBy=helpful&formatType=all_formats,allStars,,"{'price': None, 'listPrice': None}",2023-12-16,United States,,B07QTDHM5L,0.9371
11,11,4,Nice sweater,R3QPAE1CMWL17U,https://www.amazon.com/gp/customer-reviews/R3QPAE1CMWL17U/ref=cm_cr_arp_d_rvw_ttl?ie=UTF8&ASIN=B07QTDHM5L,,"Reviewed in the United States on December 13, 2023",I am 5 ft tall and weigh 95 pounds. I debated between a size small or extra small. I like the way the small fits. Roomy enough to wear something under it but still structured to the body. Sleeves are really long though. It's soft and flattering. I got the black and white plaid to wear with a red undershirt for the holidays. I would order more of these in solid color. Will wear indoors like a sweater.,True,Material Type: PolyesterColor: Black White Mini Buffalo PlaidSize: Small,[],72,12881,2692,https://www.amazon.com/product-reviews/B07QTDHM5L?pageNumber=8&filterByStar=all_stars&sortBy=helpful&formatType=all_formats,allStars,,"{'price': None, 'listPrice': None}",2023-12-13,United States,,B07QTDHM5L,0.9052
12,12,4,Nice and warm,R1FPC87FH4HYJK,https://www.amazon.com/gp/customer-reviews/R1FPC87FH4HYJK/ref=cm_cr_arp_d_rvw_ttl?ie=UTF8&ASIN=B07QTDHM5L,One person found this helpful,"Reviewed in the United States on January 6, 2024","I really like this fleece and wear it often around the house. My only issue is that it looked coral colored on the website, but when it arrived, it was more orange highlighter color.  Oh well",True,Material Type: PolyesterColor: Coral PinkSize: Small,[],73,12881,2692,https://www.amazon.com/product-reviews/B07QTDHM5L?pageNumber=8&filterByStar=all_stars&sortBy=helpful&formatType=all_formats,allStars,,"{'price': None, 'listPrice': None}",2024-01-06,United States,,B07QTDHM5L,0.5494
13,13,4,Wam,R3FS1YXJAEGMMC,https://www.amazon.com/gp/customer-reviews/R3FS1YXJAEGMMC/ref=cm_cr_arp_d_rvw_ttl?ie=UTF8&ASIN=B07QTDHM5L,,"Reviewed in the United States on January 23, 2024",I like the affordability of this jacket making it warm and using it as a layer during winter.,True,Material Type: PolyesterColor: BlackSize: Medium,[],74,12881,2692,https://www.amazon.com/product-reviews/B07QTDHM5L?pageNumber=8&filterByStar=all_stars&sortBy=helpful&formatType=all_formats,allStars,,"{'price': None, 'listPrice': None}",2024-01-23,United States,,B07QTDHM5L,0.5267
14,14,4,Beautiful Fabric,R1QV92YFG2V5VD,https://www.amazon.com/gp/customer-reviews/R1QV92YFG2V5VD/ref=cm_cr_arp_d_rvw_ttl?ie=UTF8&ASIN=B07QTDHM5L,One person found this helpful,"Reviewed in the United States on January 15, 2024","Great fabric, good quality, plush hand. This style has a narrow, lean fit. I normally wear a Large but sized up to XXL to get a flattering fit through my hips.",True,,[],75,12881,2692,https://www.amazon.com/product-reviews/B07QTDHM5L?pageNumber=8&filterByStar=all_stars&sortBy=helpful&formatType=all_formats,allStars,,"{'price': None, 'listPrice': None}",2024-01-15,United States,,B07QTDHM5L,0.9109
15,15,5,Cut! Shoulders are a bit narrow.,R31HLP3SXE4YUH,https://www.amazon.com/gp/customer-reviews/R31HLP3SXE4YUH/ref=cm_cr_arp_d_rvw_ttl?ie=UTF8&ASIN=B07QTDHM5L,,"Reviewed in the United States on February 9, 2024","Love it.  Shoulders were too narrow, so I took both sleeves off, added about a 1 1/2"" extension all around the sleeve holes, put the sleeves back on, and it's great!  overall design and fit are flattering.  This one is size small (I'm 5'5"" 115 lbs).",True,Material Type: PolyesterColor: Black Charcoal Mini Buffalo PlaidSize: Small,[],76,12881,2692,https://www.amazon.com/product-reviews/B07QTDHM5L?pageNumber=8&filterByStar=all_stars&sortBy=helpful&formatType=all_formats,allStars,,"{'price': None, 'listPrice': None}",2024-02-09,United States,,B07QTDHM5L,0.9245
16,16,4,Warm top,R3NY3X7SIMOHQV,https://www.amazon.com/gp/customer-reviews/R3NY3X7SIMOHQV/ref=cm_cr_arp_d_rvw_ttl?ie=UTF8&ASIN=B07QTDHM5L,,"Reviewed in the United States on January 15, 2024","This is a nice top. Well made. Very warm, almost too warm for in the house. Love the pockets. Wish it was just a bit longer.",True,Material Type: PolyesterColor: Black White Mini Buffalo PlaidSize: X-Large,[],77,12881,2692,https://www.amazon.com/product-reviews/B07QTDHM5L?pageNumber=8&filterByStar=all_stars&sortBy=helpful&formatType=all_formats,allStars,,"{'price': None, 'listPrice': None}",2024-01-15,United States,,B07QTDHM5L,0.9431
17,17,4,So comfortable...,R5XGED5E32GG5,https://www.amazon.com/gp/customer-reviews/R5XGED5E32GG5/ref=cm_cr_arp_d_rvw_ttl?ie=UTF8&ASIN=B07QTDHM5L,,"Reviewed in the United States on January 9, 2024","So comfortable!! The material is soft!! The sleeve were a little tight but the overall fit was great!! I'm satisfied with my purchase. I, also love the style & the look on me!!",True,Material Type: PolyesterColor: Navy HeatherSize: X-Large,[],78,12881,2692,https://www.amazon.com/product-reviews/B07QTDHM5L?pageNumber=8&filterByStar=all_stars&sortBy=helpful&formatType=all_formats,allStars,,"{'price': None, 'listPrice': None}",2024-01-09,United States,,B07QTDHM5L,0.9746
18,18,4,Size up,R1WYBLL8LUANRH,https://www.amazon.com/gp/customer-reviews/R1WYBLL8LUANRH/ref=cm_cr_arp_d_rvw_ttl?ie=UTF8&ASIN=B07QTDHM5L,3 people found this helpful,"Reviewed in the United States on November 29, 2023","Quality and softness are 5 star, however gave a 4 due to sizing. It runs small, size up especially if you want to wear a shirt under. For reference im 5’6” 130 usually take a small, and sometimes medium. I bought this in a medium but it was slightly tight in the chest. I returned for a large which I’m keeping but it’s a little big on the bottom but fine in chest",True,Material Type: PolyesterColor: BlackSize: Large,[],79,12881,2692,https://www.amazon.com/product-reviews/B07QTDHM5L?pageNumber=8&filterByStar=all_stars&sortBy=helpful&formatType=all_formats,allStars,,"{'price': None, 'listPrice': None}",2023-11-29,United States,,B07QTDHM5L,0.3573
19,19,4,Love it,R2F1XBHG6GHD9O,https://www.amazon.com/gp/customer-reviews/R2F1XBHG6GHD9O/ref=cm_cr_arp_d_rvw_ttl?ie=UTF8&ASIN=B07QTDHM5L,One person found this helpful,"Reviewed in the United States on January 4, 2024","I love this fleece. It’s the second one I bought. It’s very soft, and washes extremely well! It is true fit. I am a size 2 to 4 and it’s hard to find quality tops in my size.",True,Material Type: PolyesterColor: LilacSize: Small,[],80,12881,2692,https://www.amazon.com/product-reviews/B07QTDHM5L?pageNumber=8&filterByStar=all_stars&sortBy=helpful&formatType=all_formats,allStars,,"{'price': None, 'listPrice': None}",2024-01-04,United States,,B07QTDHM5L,0.9335
20,20,5,Love it!,R3HC165C3GN2KP,https://www.amazon.com/gp/customer-reviews/R3HC165C3GN2KP/ref=cm_cr_arp_d_rvw_ttl?ie=UTF8&ASIN=B07QTDHM5L,,"Reviewed in the United States on February 16, 2024","Soooo comfy and warm. Love that it has pockets. This is the second one, different color, that I've bought this winter. Would like one in every color.",True,,[],81,12881,2692,https://www.amazon.com/product-reviews/B07QTDHM5L?pageNumber=9&filterByStar=all_stars&sortBy=helpful&formatType=all_formats,allStars,,"{'price': None, 'listPrice': None}",2024-02-16,United States,,B07QTDHM5L,0.8225
21,21,4,Runs a bit small,R1X7B0DSAX6ATV,https://www.amazon.com/gp/customer-reviews/R1X7B0DSAX6ATV/ref=cm_cr_arp_d_rvw_ttl?ie=UTF8&ASIN=B07QTDHM5L,,"Reviewed in the United States on January 18, 2024","For a fleece that is usually layered, these run a bit snug. Otherwise they are fantastic.",True,Material Type: PolyesterColor: RedSize: X-Large,[],82,12881,2692,https://www.amazon.com/product-reviews/B07QTDHM5L?pageNumber=9&filterByStar=all_stars&sortBy=helpful&formatType=all_formats,allStars,,"{'price': None, 'listPrice': None}",2024-01-18,United States,,B07QTDHM5L,0.5574
22,22,4,Fits true to size,R8XFPH4W1644D,https://www.amazon.com/gp/customer-reviews/R8XFPH4W1644D/ref=cm_cr_arp_d_rvw_ttl?ie=UTF8&ASIN=B07QTDHM5L,,"Reviewed in the United States on December 5, 2023",Bought this pullover for daily walking outdoors and attending sporting events. Love everything about it. Very warm and well-made.  I have purchased other name brand pullovers and I actually like this one better.,True,Material Type: PolyesterColor: LilacSize: Large,[],83,12881,2692,https://www.amazon.com/product-reviews/B07QTDHM5L?pageNumber=9&filterByStar=all_stars&sortBy=helpful&formatType=all_formats,allStars,,"{'price': None, 'listPrice': None}",2023-12-05,United States,,B07QTDHM5L,0.8955
23,23,5,Great purchase!,RSMFNJUWZ0JY7,https://www.amazon.com/gp/customer-reviews/RSMFNJUWZ0JY7/ref=cm_cr_arp_d_rvw_ttl?ie=UTF8&ASIN=B07QTDHM5L,,"Reviewed in the United States on February 20, 2024",I am replacing fleeces that are too short in the body with skimpy cut and thin fleece. These tops were surprisingly perfect! Great colors too.,True,Material Type: PolyesterColor: BlackSize: Large,[],84,12881,2692,https://www.amazon.com/product-reviews/B07QTDHM5L?pageNumber=9&filterByStar=all_stars&sortBy=helpful&formatType=all_formats,allStars,,"{'price': None, 'listPrice': None}",2024-02-20,United States,,B07QTDHM5L,0.9098
24,24,4,9/10,R1DKBOYOF923HA,https://www.amazon.com/gp/customer-reviews/R1DKBOYOF923HA/ref=cm_cr_arp_d_rvw_ttl?ie=UTF8&ASIN=B07QTDHM5L,,"Reviewed in the United States on January 26, 2024",Very good material keeps you warm enough,True,Material Type: PolyesterColor: BlackSize: Small,[],85,12881,2692,https://www.amazon.com/product-reviews/B07QTDHM5L?pageNumber=9&filterByStar=all_stars&sortBy=helpful&formatType=all_formats,allStars,,"{'price': None, 'listPrice': None}",2024-01-26,United States,,B07QTDHM5L,0.624
25,25,4,Order a size up,R3C483A6WAYHIW,https://www.amazon.com/gp/customer-reviews/R3C483A6WAYHIW/ref=cm_cr_arp_d_rvw_ttl?ie=UTF8&ASIN=B07QTDHM5L,,"Reviewed in the United States on December 6, 2023",I love this shirt. It is borderline on the smaller side (the reason for 4 stars) . It is a little small in the bust area. It is very comfortable. I think it keeps me a little warmer than sine of my jackets.I am thinking of ordering another one just to size up.,True,Material Type: PolyesterColor: Blue HeatherSize: Large,[],86,12881,2692,https://www.amazon.com/product-reviews/B07QTDHM5L?pageNumber=9&filterByStar=all_stars&sortBy=helpful&formatType=all_formats,allStars,,"{'price': None, 'listPrice': None}",2023-12-06,United States,,B07QTDHM5L,0.8658
26,26,5,Warmest little sweater ever,R398Y8KHTAMFHK,https://www.amazon.com/gp/customer-reviews/R398Y8KHTAMFHK/ref=cm_cr_arp_d_rvw_ttl?ie=UTF8&ASIN=B07QTDHM5L,9 people found this helpful,"Reviewed in the United States on January 13, 2024","I am in love with this sweater. It's nice and thin but surprisingly warm. This winter is a little colder than previous years and since I'm anemic, I'm freezing cold all the time. I work inside and out and go in freezers and fridges all day long. I needed something not too bulky for work. This is my new favorite sweater. I can wear a t shirt and this sweater and be perfectly fine. I'm 5'2"" 176 and a large fit me perfectly. I already ordered it in black. So far so good on the quality, but I've only worn it a few times.",True,,['https://m.media-amazon.com/images/I/71J2-wIhLiL._SY88.jpg'],87,12881,2692,https://www.amazon.com/product-reviews/B07QTDHM5L?pageNumber=9&filterByStar=all_stars&sortBy=helpful&formatType=all_formats,allStars,,"{'price': None, 'listPrice': None}",2024-01-13,United States,,B07QTDHM5L,0.987
27,27,5,Thick and very warm,RX6JVW6RKSSLC,https://www.amazon.com/gp/customer-reviews/RX6JVW6RKSSLC/ref=cm_cr_arp_d_rvw_ttl?ie=UTF8&ASIN=B07QTDHM5L,,"Reviewed in the United States on February 5, 2024","Love this fleece.  Very thick and warm,  love the big pocket on front.  Definitely will buy another in a different color",True,,[],88,12881,2692,https://www.amazon.com/product-reviews/B07QTDHM5L?pageNumber=9&filterByStar=all_stars&sortBy=helpful&formatType=all_formats,allStars,,"{'price': None, 'listPrice': None}",2024-02-05,United States,,B07QTDHM5L,0.9226
28,28,5,Looks and feels great,R3RVPKH0KF0FBC,https://www.amazon.com/gp/customer-reviews/R3RVPKH0KF0FBC/ref=cm_cr_arp_d_rvw_ttl?ie=UTF8&ASIN=B07QTDHM5L,,"Reviewed in the United States on February 28, 2024",Flattering fit and easy to wear on many ocassions.,True,Material Type: PolyesterColor: BlackSize: Large,[],89,12881,2692,https://www.amazon.com/product-reviews/B07QTDHM5L?pageNumber=9&filterByStar=all_stars&sortBy=helpful&formatType=all_formats,allStars,,"{'price': None, 'listPrice': None}",2024-02-28,United States,,B07QTDHM5L,0.7717
29,29,5,"Beautiful (pink) color, well made, fits well.",R308L8IYCS1ZC,https://www.amazon.com/gp/customer-reviews/R308L8IYCS1ZC/ref=cm_cr_arp_d_rvw_ttl?ie=UTF8&ASIN=B07QTDHM5L,,"Reviewed in the United States on February 22, 2024","Love the front pockets and high neck zipper for warmth. Bright, saturated color (I ordered the pink).",True,Material Type: PolyesterColor: PinkSize: Medium,[],90,12881,2692,https://www.amazon.com/product-reviews/B07QTDHM5L?pageNumber=9&filterByStar=all_stars&sortBy=helpful&formatType=all_formats,allStars,,"{'price': None, 'listPrice': None}",2024-02-22,United States,,B07QTDHM5L,0.8779
30,30,5,Looks high end !,R3C1B6ELOVA89Z,https://www.amazon.com/gp/customer-reviews/R3C1B6ELOVA89Z/ref=cm_cr_arp_d_rvw_ttl?ie=UTF8&ASIN=B07QTDHM5L,One person found this helpful,"Reviewed in the United States on February 18, 2024",I have three colors and will be ordering more Makes a great gift .  I’ve washed these fleece tops and they still look brand new . They are form fitting which gives them a nice neat look ! My go to top for everyday .,True,Material Type: PolyesterColor: LilacSize: Medium,[],51,12881,2692,https://www.amazon.com/product-reviews/B07QTDHM5L?pageNumber=6&filterByStar=all_stars&sortBy=helpful&formatType=all_formats,allStars,,"{'price': None, 'listPrice': None}",2024-02-18,United States,,B07QTDHM5L,0.9567
31,31,4,Fitting,RPAQSVS4WYLIU,https://www.amazon.com/gp/customer-reviews/RPAQSVS4WYLIU/ref=cm_cr_arp_d_rvw_ttl?ie=UTF8&ASIN=B07QTDHM5L,,"Reviewed in the United States on February 21, 2024",Too tight. Buy one size up.,True,Material Type: PolyesterColor: Burgundy HeatherSize: Small,[],52,12881,2692,https://www.amazon.com/product-reviews/B07QTDHM5L?pageNumber=6&filterByStar=all_stars&sortBy=helpful&formatType=all_formats,allStars,,"{'price': None, 'listPrice': None}",2024-02-21,United States,,B07QTDHM5L,0.0
32,32,4,Nice value; boxy fit,R2BANARC20BAUV,https://www.amazon.com/gp/customer-reviews/R2BANARC20BAUV/ref=cm_cr_arp_d_rvw_ttl?ie=UTF8&ASIN=B07QTDHM5L,,"Reviewed in the United States on January 27, 2024","The price was too good to ignore. The fabric is more dense than plush and the cut of the underarms is low and boxy. It won’t work for layering, but it’s a decent cool weather walking shirt.",True,Material Type: PolyesterColor: Blue HeatherSize: X-Large,[],53,12881,2692,https://www.amazon.com/product-reviews/B07QTDHM5L?pageNumber=6&filterByStar=all_stars&sortBy=helpful&formatType=all_formats,allStars,,"{'price': None, 'listPrice': None}",2024-01-27,United States,,B07QTDHM5L,0.2617
33,33,4,Runs small,R3IAX54BNIS0LT,https://www.amazon.com/gp/customer-reviews/R3IAX54BNIS0LT/ref=cm_cr_arp_d_rvw_ttl?ie=UTF8&ASIN=B07QTDHM5L,,"Reviewed in the United States on January 27, 2024",This is extremely warm and soft and very cozy! But it does run a little small.  So you may want to get it a size up if you have a large chest. But it's definitely warm.,True,Material Type: PolyesterColor: Navy HeatherSize: XX-Large,[],54,12881,2692,https://www.amazon.com/product-reviews/B07QTDHM5L?pageNumber=6&filterByStar=all_stars&sortBy=helpful&formatType=all_formats,allStars,,"{'price': None, 'listPrice': None}",2024-01-27,United States,,B07QTDHM5L,0.8432
34,34,4,could be longer,R35XE1ILF1M4M7,https://www.amazon.com/gp/customer-reviews/R35XE1ILF1M4M7/ref=cm_cr_arp_d_rvw_ttl?ie=UTF8&ASIN=B07QTDHM5L,,"Reviewed in the United States on February 21, 2024",can't wear anything underneath,True,Material Type: PolyesterColor: BlackSize: X-Large,[],55,12881,2692,https://www.amazon.com/product-reviews/B07QTDHM5L?pageNumber=6&filterByStar=all_stars&sortBy=helpful&formatType=all_formats,allStars,,"{'price': None, 'listPrice': None}",2024-02-21,United States,,B07QTDHM5L,0.0
35,35,4,I ordered the small and it was longer than I like my shirts.,RC4N74HR2BDON,https://www.amazon.com/gp/customer-reviews/RC4N74HR2BDON/ref=cm_cr_arp_d_rvw_ttl?ie=UTF8&ASIN=B07QTDHM5L,,"Reviewed in the United States on January 29, 2024","I bought a size S and it did not fit me as expected.  The fleece top was soft, comfortable and a reasonable price.  It just did not fit me well enough to keep.",True,Material Type: PolyesterColor: Burgundy NavySize: Small,[],56,12881,2692,https://www.amazon.com/product-reviews/B07QTDHM5L?pageNumber=6&filterByStar=all_stars&sortBy=helpful&formatType=all_formats,allStars,,"{'price': None, 'listPrice': None}",2024-01-29,United States,,B07QTDHM5L,0.017
36,36,5,excellent quality product,R1GTY3G5KM7S7G,https://www.amazon.com/gp/customer-reviews/R1GTY3G5KM7S7G/ref=cm_cr_arp_d_rvw_ttl?ie=UTF8&ASIN=B07QTDHM5L,,"Reviewed in the United States on March 5, 2024","the fabric is very soft and warm, the manufacturing is excellent, and it has a flattering cut.",True,Material Type: PolyesterColor: PinkSize: Medium,[],57,12881,2692,https://www.amazon.com/product-reviews/B07QTDHM5L?pageNumber=6&filterByStar=all_stars&sortBy=helpful&formatType=all_formats,allStars,,"{'price': None, 'listPrice': None}",2024-03-05,United States,,B07QTDHM5L,0.7239
37,37,5,Fleece top,RJ3XKQ9GJHHTD,https://www.amazon.com/gp/customer-reviews/RJ3XKQ9GJHHTD/ref=cm_cr_arp_d_rvw_ttl?ie=UTF8&ASIN=B07QTDHM5L,,"Reviewed in the United States on March 6, 2024","Usually wear a small but ordered the large and it is perfect fit, warm and soft.",True,Material Type: PolyesterColor: Dark Green HeatherSize: Large,[],58,12881,2692,https://www.amazon.com/product-reviews/B07QTDHM5L?pageNumber=6&filterByStar=all_stars&sortBy=helpful&formatType=all_formats,allStars,,"{'price': None, 'listPrice': None}",2024-03-06,United States,,B07QTDHM5L,0.8922
38,38,5,Good quality for the price!,R29UZQAMF9KHRO,https://www.amazon.com/gp/customer-reviews/R29UZQAMF9KHRO/ref=cm_cr_arp_d_rvw_ttl?ie=UTF8&ASIN=B07QTDHM5L,,"Reviewed in the United States on January 23, 2024","I love Amazon Essentials clothing. They're always a great value. I happened across this top as a sale item and thought it would be great for our chilly Northwest winters. I have a similar item with the pockets and full zip, which I bought as XL, and it's just a bit snug across the hips. So this one I ordered in a 1X and it fits perfectly. Just  a scoosh more room. It washes well and I dried in the dryer on the delicate setting so it wouldn't shrink and it came out of the dryer ""ready to wear"".",True,Material Type: PolyesterColor: Aqua BlueSize: 1X,[],59,12881,2692,https://www.amazon.com/product-reviews/B07QTDHM5L?pageNumber=6&filterByStar=all_stars&sortBy=helpful&formatType=all_formats,allStars,,"{'price': None, 'listPrice': None}",2024-01-23,United States,,B07QTDHM5L,0.9788
39,39,5,Love these pullovers,R1LR8SB7QLDYVW,https://www.amazon.com/gp/customer-reviews/R1LR8SB7QLDYVW/ref=cm_cr_arp_d_rvw_ttl?ie=UTF8&ASIN=B07QTDHM5L,,"Reviewed in the United States on February 28, 2024","I bought several colors and am not sorry.  They have a nice, female fit.  They wash beautifully and you cant beat the price!",True,Material Type: PolyesterColor: Blue HeatherSize: X-Small,[],60,12881,2692,https://www.amazon.com/product-reviews/B07QTDHM5L?pageNumber=6&filterByStar=all_stars&sortBy=helpful&formatType=all_formats,allStars,,"{'price': None, 'listPrice': None}",2024-02-28,United States,,B07QTDHM5L,0.8595
40,40,5,Warmth,R6OMP5LWHEY1E,https://www.amazon.com/gp/customer-reviews/R6OMP5LWHEY1E/ref=cm_cr_arp_d_rvw_ttl?ie=UTF8&ASIN=B07QTDHM5L,One person found this helpful,"Reviewed in the United States on March 23, 2024",I use this pullover when I go for my chemotherapy.  Keeps me warm and the zipper in the front allows the nurse to get to my port.  Very comfortable and soft.,True,Material Type: PolyesterColor: Charcoal HeatherSize: X-Small,[],21,12881,2692,https://www.amazon.com/product-reviews/B07QTDHM5L?pageNumber=3&filterByStar=all_stars&sortBy=helpful&formatType=all_formats,allStars,,"{'price': None, 'listPrice': None}",2024-03-23,United States,,B07QTDHM5L,0.6697
41,41,5,So nice and soft,RXNOTPV9TLGLR,https://www.amazon.com/gp/customer-reviews/RXNOTPV9TLGLR/ref=cm_cr_arp_d_rvw_ttl?ie=UTF8&ASIN=B07QTDHM5L,,"Reviewed in the United States on March 16, 2024",Love the burgundy color. It’s soft and well made. Love the zipper pockets… regret I didn’t buy one in every color during the sale. But even at full price it’s a cozy fleece.,True,Material Type: PolyesterColor: Burgundy NavySize: Medium,[],22,12881,2692,https://www.amazon.com/product-reviews/B07QTDHM5L?pageNumber=3&filterByStar=all_stars&sortBy=helpful&formatType=all_formats,allStars,,"{'price': None, 'listPrice': None}",2024-03-16,United States,,B07QTDHM5L,0.5927
42,42,4,BRIGHT pink,R2RNJDOVZULP36,https://www.amazon.com/gp/customer-reviews/R2RNJDOVZULP36/ref=cm_cr_arp_d_rvw_ttl?ie=UTF8&ASIN=B07QTDHM5L,4 people found this helpful,"Reviewed in the United States on January 19, 2024","I bought this particular color because it was on a flash sale and I'm typically not that picky. The color looked like a subtle peach color, but man, it is BRIGHT. If your goal is to never get lost in a crowd, this is the color for you. Otherwise, the fabric is soft and the product seems good quality. It's just a little brighter than anticipated.NOTE: the picture from my phone doesn't quite do it justice either, as it's less orange than the picture, but I tried",True,Material Type: PolyesterColor: Coral PinkSize: Large,['https://m.media-amazon.com/images/I/71wP+mm9hmL._SY88.jpg'],23,12881,2692,https://www.amazon.com/product-reviews/B07QTDHM5L?pageNumber=3&filterByStar=all_stars&sortBy=helpful&formatType=all_formats,allStars,,"{'price': None, 'listPrice': None}",2024-01-19,United States,,B07QTDHM5L,0.968
43,43,4,Nicely made.,RU4I2NUOZ921Y,https://www.amazon.com/gp/customer-reviews/RU4I2NUOZ921Y/ref=cm_cr_arp_d_rvw_ttl?ie=UTF8&ASIN=B07QTDHM5L,,"Reviewed in the United States on February 21, 2024","This top fits great, but, it the dense fleece makes it very warm. I’ve kept it to wear on very cold days when I’m outside. Too warm to wear inside.",True,,[],24,12881,2692,https://www.amazon.com/product-reviews/B07QTDHM5L?pageNumber=3&filterByStar=all_stars&sortBy=helpful&formatType=all_formats,allStars,,"{'price': None, 'listPrice': None}",2024-02-21,United States,,B07QTDHM5L,0.819
44,44,4,Size Up One Size,R2Y7L987RY8XQ0,https://www.amazon.com/gp/customer-reviews/R2Y7L987RY8XQ0/ref=cm_cr_arp_d_rvw_ttl?ie=UTF8&ASIN=B07QTDHM5L,,"Reviewed in the United States on January 30, 2024","I ordered a Large (typical size I order in other items) which had to be returned because it was so tight over my bust (36E).  Reordered a size XLarge and it fit.  If you're busty order a size higher.  The sweatshirt isn't as long as you would expect but for the price point of $20, I'm keeping it.",True,Material Type: PolyesterColor: Burgundy NavySize: X-Large,[],25,12881,2692,https://www.amazon.com/product-reviews/B07QTDHM5L?pageNumber=3&filterByStar=all_stars&sortBy=helpful&formatType=all_formats,allStars,,"{'price': None, 'listPrice': None}",2024-01-30,United States,,B07QTDHM5L,0.1901
45,45,5,Best sweatshirt ever!,R3HTR7JJ3X9AVV,https://www.amazon.com/gp/customer-reviews/R3HTR7JJ3X9AVV/ref=cm_cr_arp_d_rvw_ttl?ie=UTF8&ASIN=B07QTDHM5L,,"Reviewed in the United States on March 17, 2024",I got this on a super sale! It is my favorite sweatshirt and I want more of them in every color!,True,Material Type: PolyesterColor: Black Charcoal Mini Buffalo PlaidSize: Large,[],26,12881,2692,https://www.amazon.com/product-reviews/B07QTDHM5L?pageNumber=3&filterByStar=all_stars&sortBy=helpful&formatType=all_formats,allStars,,"{'price': None, 'listPrice': None}",2024-03-17,United States,,B07QTDHM5L,0.8309
46,46,5,So soft!,R3BPO09AGGVPZG,https://www.amazon.com/gp/customer-reviews/R3BPO09AGGVPZG/ref=cm_cr_arp_d_rvw_ttl?ie=UTF8&ASIN=B07QTDHM5L,,"Reviewed in the United States on March 27, 2024",I love the color and the feel : ) Fits great!,True,Material Type: PolyesterColor: Aqua BlueSize: X-Small,[],27,12881,2692,https://www.amazon.com/product-reviews/B07QTDHM5L?pageNumber=3&filterByStar=all_stars&sortBy=helpful&formatType=all_formats,allStars,,"{'price': None, 'listPrice': None}",2024-03-27,United States,,B07QTDHM5L,0.8622
47,47,5,Nice,R34K1L2G8SI9WG,https://www.amazon.com/gp/customer-reviews/R34K1L2G8SI9WG/ref=cm_cr_arp_d_rvw_ttl?ie=UTF8&ASIN=B07QTDHM5L,,"Reviewed in the United States on March 31, 2024",True to size.,True,Material Type: PolyesterColor: Black White Mini Buffalo PlaidSize: X-Large,[],28,12881,2692,https://www.amazon.com/product-reviews/B07QTDHM5L?pageNumber=3&filterByStar=all_stars&sortBy=helpful&formatType=all_formats,allStars,,"{'price': None, 'listPrice': None}",2024-03-31,United States,,B07QTDHM5L,0.4215
48,48,4,"Great fit, gorgeous color, sheds like a beast",R3KHDDNWHFB9BJ,https://www.amazon.com/gp/customer-reviews/R3KHDDNWHFB9BJ/ref=cm_cr_arp_d_rvw_ttl?ie=UTF8&ASIN=B07QTDHM5L,2 people found this helpful,"Reviewed in the United States on December 19, 2023","I spend most of my waking life in poly fleece quarter zips, most from Lands End. But I’ve been coveting this color (tan) and dreaming of pockets. The color is more pumpkiny which I love and the fit is exactly like the xl in Lands End. So happy, until I ran errands and found my lap full of orange fleece balls. Went home, defuzzed myself and my seatbelt, threw top in the washer and dryer with lots of towels and liquid softener THREE TIMES. It Didn’t do anything! Still have shedding, a furry seatbelt, and fuzzy leggings. I noticed another review that mentioned orange fuzz specifically. Maybe just this color? Still, fashion is pain and I think I look so good in this that I’ll suffer. Live on the edge.",True,Material Type: PolyesterColor: Rust OrangeSize: 1X,[],29,12881,2692,https://www.amazon.com/product-reviews/B07QTDHM5L?pageNumber=3&filterByStar=all_stars&sortBy=helpful&formatType=all_formats,allStars,,"{'price': None, 'listPrice': None}",2023-12-19,United States,,B07QTDHM5L,0.9558
49,49,5,Fit great,R3PEQ8FR9YPYPJ,https://www.amazon.com/gp/customer-reviews/R3PEQ8FR9YPYPJ/ref=cm_cr_arp_d_rvw_ttl?ie=UTF8&ASIN=B07QTDHM5L,,"Reviewed in the United States on March 29, 2024",Love the fit and the pockets,True,Material Type: PolyesterColor: BlackSize: X-Large,[],30,12881,2692,https://www.amazon.com/product-reviews/B07QTDHM5L?pageNumber=3&filterByStar=all_stars&sortBy=helpful&formatType=all_formats,allStars,,"{'price': None, 'listPrice': None}",2024-03-29,United States,,B07QTDHM5L,0.7717
50,50,5,"Love it, but order a size up",R6V3U9MNZNKXG,https://www.amazon.com/gp/customer-reviews/R6V3U9MNZNKXG/ref=cm_cr_arp_d_rvw_ttl?ie=UTF8&ASIN=B07QTDHM5L,,"Reviewed in the United States on March 14, 2024","Loved the very soft feel of the Black/White mini buffalo plaid and it looks flattering.  It's very comfortable to wear all day.  It washes up beautifully with no wrinkles.  I'm 5'6"" and 145 lbs.  and got the large.  Strange that the medium and large one I got in the burgundy navy didn't fit and didn't feel as soft.I loved the black/white mini buffalo plaid.  The burgundy navy - not so much,  I'll be returning them.",True,,[],11,12881,2692,https://www.amazon.com/product-reviews/B07QTDHM5L?pageNumber=2&filterByStar=all_stars&sortBy=helpful&formatType=all_formats,allStars,,"{'price': None, 'listPrice': None}",2024-03-14,United States,,B07QTDHM5L,0.9229
51,51,5,Love this Polar fleece jacket,R1SQGUOTRABGFN,https://www.amazon.com/gp/customer-reviews/R1SQGUOTRABGFN/ref=cm_cr_arp_d_rvw_ttl?ie=UTF8&ASIN=B07QTDHM5L,,"Reviewed in the United States on March 26, 2024","I love the plaid and the way it fits, but flannel is thinner than some.  Good for autumn wear or indoors.Good having pockets.  Haven’t laundered yet, but when I do I will hang to dry, since I probably should have bought a large to account for dryer drying.",True,Material Type: PolyesterColor: Black White Mini Buffalo PlaidSize: Medium,[],12,12881,2692,https://www.amazon.com/product-reviews/B07QTDHM5L?pageNumber=2&filterByStar=all_stars&sortBy=helpful&formatType=all_formats,allStars,,"{'price': None, 'listPrice': None}",2024-03-26,United States,,B07QTDHM5L,0.7543
52,52,4,Great everyday wear!,RAUU215AOGF61,https://www.amazon.com/gp/customer-reviews/RAUU215AOGF61/ref=cm_cr_arp_d_rvw_ttl?ie=UTF8&ASIN=B07QTDHM5L,,"Reviewed in the United States on March 9, 2024","I have several of these fleece in different colors. They are lightweight and can be worn indoors in winter instead of a sweater.  They are also good as an extra layer outdoors in spring or fall. My most recent purchase was the black one which runs smaller than the other colors, so you may want to size up.",True,Material Type: PolyesterColor: BlackSize: Medium,[],13,12881,2692,https://www.amazon.com/product-reviews/B07QTDHM5L?pageNumber=2&filterByStar=all_stars&sortBy=helpful&formatType=all_formats,allStars,,"{'price': None, 'listPrice': None}",2024-03-09,United States,,B07QTDHM5L,0.3102
53,53,5,Comfortable and warm,R1693NQHWVQD4E,https://www.amazon.com/gp/customer-reviews/R1693NQHWVQD4E/ref=cm_cr_arp_d_rvw_ttl?ie=UTF8&ASIN=B07QTDHM5L,,"Reviewed in the United States on April 2, 2024",This fleece pullover is comparable to north face quarter zips that I own too. The quality is great and I love the large pocket in the front.,True,Material Type: PolyesterColor: PinkSize: Large,[],14,12881,2692,https://www.amazon.com/product-reviews/B07QTDHM5L?pageNumber=2&filterByStar=all_stars&sortBy=helpful&formatType=all_formats,allStars,,"{'price': None, 'listPrice': None}",2024-04-02,United States,,B07QTDHM5L,0.8519
54,54,4,Nice fleece,R1KAL6IDATP0GE,https://www.amazon.com/gp/customer-reviews/R1KAL6IDATP0GE/ref=cm_cr_arp_d_rvw_ttl?ie=UTF8&ASIN=B07QTDHM5L,,"Reviewed in the United States on April 3, 2024",Color is as pictures. Nice fit,True,,[],15,12881,2692,https://www.amazon.com/product-reviews/B07QTDHM5L?pageNumber=2&filterByStar=all_stars&sortBy=helpful&formatType=all_formats,allStars,,"{'price': None, 'listPrice': None}",2024-04-03,United States,,B07QTDHM5L,0.6486
55,55,4,Nice but....,R5GAT5J5RP1J4,https://www.amazon.com/gp/customer-reviews/R5GAT5J5RP1J4/ref=cm_cr_arp_d_rvw_ttl?ie=UTF8&ASIN=B07QTDHM5L,,"Reviewed in the United States on March 9, 2024","This is a nice top, but it flairs out at the hips. No female wants a garment that adds to the hip width. I didn't send it back because I like to wear it at home because it is warm.",True,Material Type: PolyesterColor: Blue HeatherSize: X-Large,[],16,12881,2692,https://www.amazon.com/product-reviews/B07QTDHM5L?pageNumber=2&filterByStar=all_stars&sortBy=helpful&formatType=all_formats,allStars,,"{'price': None, 'listPrice': None}",2024-03-09,United States,,B07QTDHM5L,0.6249
56,56,4,Good fit and warm,R2FWCBQ76R6LK0,https://www.amazon.com/gp/customer-reviews/R2FWCBQ76R6LK0/ref=cm_cr_arp_d_rvw_ttl?ie=UTF8&ASIN=B07QTDHM5L,,"Reviewed in the United States on March 29, 2024",This sweatshirt is warm and comfy.,True,,[],17,12881,2692,https://www.amazon.com/product-reviews/B07QTDHM5L?pageNumber=2&filterByStar=all_stars&sortBy=helpful&formatType=all_formats,allStars,,"{'price': None, 'listPrice': None}",2024-03-29,United States,,B07QTDHM5L,0.2263
57,57,4,Good quality,RGQX1012D1F78,https://www.amazon.com/gp/customer-reviews/RGQX1012D1F78/ref=cm_cr_arp_d_rvw_ttl?ie=UTF8&ASIN=B07QTDHM5L,,"Reviewed in the United States on February 19, 2024","For the price, this seems to be a very good quality top. I am 5' 3"" and about 108 lbs. I bought and extra small.  The size is fine, though I could also have worn a small. I can wear a shirt beneath the top. The top is a bit thicker and less stretchy than the fleece I had before. I love the pocket.",True,Material Type: PolyesterColor: Navy HeatherSize: X-Small,[],18,12881,2692,https://www.amazon.com/product-reviews/B07QTDHM5L?pageNumber=2&filterByStar=all_stars&sortBy=helpful&formatType=all_formats,allStars,,"{'price': None, 'listPrice': None}",2024-02-19,United States,,B07QTDHM5L,0.9039
58,58,5,"Order a size up, you'll be pleased!",RK4QB3WRUORMA,https://www.amazon.com/gp/customer-reviews/RK4QB3WRUORMA/ref=cm_cr_arp_d_rvw_ttl?ie=UTF8&ASIN=B07QTDHM5L,3 people found this helpful,"Reviewed in the United States on February 12, 2024","I typically buy fleece from places that specialize in it (LL Bean, Landsend type places), so I'm comparing this top with items from those shops.  This top is fantastic!  It is a good weight, feels nice, and looks great. I ordered the navy, and it's a nice true dark blue.  I did order a size up (Amazon fashion seems to run small), and it was perfect!  I've washed it a couple of times, and it holds up well.  Disclosure: I got my top for less than $8 during a special deal (the kind where only one color and size are deeply discounted).  Frankly, that's what sold me.  But seeing the quality, I would purchase again at the higher price.",True,Material Type: PolyesterColor: Navy HeatherSize: X-Large,[],19,12881,2692,https://www.amazon.com/product-reviews/B07QTDHM5L?pageNumber=2&filterByStar=all_stars&sortBy=helpful&formatType=all_formats,allStars,,"{'price': None, 'listPrice': None}",2024-02-12,United States,,B07QTDHM5L,0.9554
59,59,4,Warm and cozy,R3QKLZ5V3XA0F2,https://www.amazon.com/gp/customer-reviews/R3QKLZ5V3XA0F2/ref=cm_cr_arp_d_rvw_ttl?ie=UTF8&ASIN=B07QTDHM5L,,"Reviewed in the United States on February 28, 2024",I got this in blue-love the color. The material is denser/thicker than anticipated which was a bonus. Nice and warm. Love the pocket. It’s a little boxy up top which is fine as then I have room to move and can wear a shirt underneath.,True,Material Type: PolyesterColor: Blue HeatherSize: X-Large,[],20,12881,2692,https://www.amazon.com/product-reviews/B07QTDHM5L?pageNumber=2&filterByStar=all_stars&sortBy=helpful&formatType=all_formats,allStars,,"{'price': None, 'listPrice': None}",2024-02-28,United States,,B07QTDHM5L,0.9292
60,60,5,Warm,R2KMCRBAEOXQHI,https://www.amazon.com/gp/customer-reviews/R2KMCRBAEOXQHI/ref=cm_cr_arp_d_rvw_ttl?ie=UTF8&ASIN=B07QTDHM5L,,"Reviewed in the United States on March 5, 2024","I love this top!! Warm and cozy, fits true to size. Nice quality. Will buy more colors!",True,Material Type: PolyesterColor: Black White Mini Buffalo PlaidSize: XX-Large,[],61,12881,2692,https://www.amazon.com/product-reviews/B07QTDHM5L?pageNumber=7&filterByStar=all_stars&sortBy=helpful&formatType=all_formats,allStars,,"{'price': None, 'listPrice': None}",2024-03-05,United States,,B07QTDHM5L,0.9243
61,61,4,Consider sizing up,R1ANMUTSN14JVU,https://www.amazon.com/gp/customer-reviews/R1ANMUTSN14JVU/ref=cm_cr_arp_d_rvw_ttl?ie=UTF8&ASIN=B07QTDHM5L,2 people found this helpful,"Reviewed in the United States on December 7, 2023","Although I did find this fleece to be true-to-size, if you plan on wearing much underneath, I suggest sizing up. As it is, I could probably wear a form-fitting base layer under it, but not a relaxed-fit tee shirt. It's currently in the wash and I plan to only air dry it to avoid any possible shrinkage. Otherwise, it feels warm and the front pocket is nice, although both the bulk of the pocket and the fact that the fleece hits at a wide part of my hips makes my midsection look thicker than it is.",True,,[],62,12881,2692,https://www.amazon.com/product-reviews/B07QTDHM5L?pageNumber=7&filterByStar=all_stars&sortBy=helpful&formatType=all_formats,allStars,,"{'price': None, 'listPrice': None}",2023-12-07,United States,,B07QTDHM5L,0.5023
62,62,5,On point,R37Y00RA9EJOWV,https://www.amazon.com/gp/customer-reviews/R37Y00RA9EJOWV/ref=cm_cr_arp_d_rvw_ttl?ie=UTF8&ASIN=B07QTDHM5L,,"Reviewed in the United States on February 16, 2024","Very comfortable, soft and the kangaroo pocket in the front makes this a great fleece.  It is made very well and the fleece is not bulky at all.  I bought two and love them both!  I would recommend getting one you will love it!",True,Material Type: PolyesterColor: Black White Mini Buffalo PlaidSize: X-Large,[],63,12881,2692,https://www.amazon.com/product-reviews/B07QTDHM5L?pageNumber=7&filterByStar=all_stars&sortBy=helpful&formatType=all_formats,allStars,,"{'price': None, 'listPrice': None}",2024-02-16,United States,,B07QTDHM5L,0.9731
63,63,4,Would be 5 stars but....,R1RQUXJKDYF0ZE,https://www.amazon.com/gp/customer-reviews/R1RQUXJKDYF0ZE/ref=cm_cr_arp_d_rvw_ttl?ie=UTF8&ASIN=B07QTDHM5L,,"Reviewed in the United States on December 30, 2023",Bought this as a gift. Burgundy and navy combo looks great and I like the trim detail. Too bad I recieved it covered in crusty deodorant  stains and did not have that last minute gift I needed. I spent more time at ups then amazons employees who should be checking for this before sending them out!,True,Material Type: PolyesterColor: Burgundy NavySize: Small,[],64,12881,2692,https://www.amazon.com/product-reviews/B07QTDHM5L?pageNumber=7&filterByStar=all_stars&sortBy=helpful&formatType=all_formats,allStars,,"{'price': None, 'listPrice': None}",2023-12-30,United States,,B07QTDHM5L,0.8439
64,64,4,Runs small,RMDZ3F6ULUEJ9,https://www.amazon.com/gp/customer-reviews/RMDZ3F6ULUEJ9/ref=cm_cr_arp_d_rvw_ttl?ie=UTF8&ASIN=B07QTDHM5L,One person found this helpful,"Reviewed in the United States on January 4, 2024","Loved the feel and look of this, but it definitely runs small.  I normally wear a medium in everything, but this was way to tight.  I am returning and will order a large.  There is no way I would be able to wear a too under this.",True,Material Type: PolyesterColor: Black White Mini Buffalo PlaidSize: Medium,[],65,12881,2692,https://www.amazon.com/product-reviews/B07QTDHM5L?pageNumber=7&filterByStar=all_stars&sortBy=helpful&formatType=all_formats,allStars,,"{'price': None, 'listPrice': None}",2024-01-04,United States,,B07QTDHM5L,0.4939
65,65,4,Runs small,R1YVUTZZ9DQIAT,https://www.amazon.com/gp/customer-reviews/R1YVUTZZ9DQIAT/ref=cm_cr_arp_d_rvw_ttl?ie=UTF8&ASIN=B07QTDHM5L,One person found this helpful,"Reviewed in the United States on January 15, 2024",Love the soft material and color only downfall is it runs small I usually wear a medium or large so i got the XL because I wanted the oversized look but it fit like a medium hope this helps the next person,True,,[],66,12881,2692,https://www.amazon.com/product-reviews/B07QTDHM5L?pageNumber=7&filterByStar=all_stars&sortBy=helpful&formatType=all_formats,allStars,,"{'price': None, 'listPrice': None}",2024-01-15,United States,,B07QTDHM5L,0.9513
66,66,4,Runs small,R2NNC5C08GK1LB,https://www.amazon.com/gp/customer-reviews/R2NNC5C08GK1LB/ref=cm_cr_arp_d_rvw_ttl?ie=UTF8&ASIN=B07QTDHM5L,,"Reviewed in the United States on January 20, 2024",This is soft and cozy but it ran smaller than I expected so it is tighter than I would like.  I haven't worn it yet so I don't have anything else to say.,True,Material Type: PolyesterColor: Black White Mini Buffalo PlaidSize: X-Large,[],67,12881,2692,https://www.amazon.com/product-reviews/B07QTDHM5L?pageNumber=7&filterByStar=all_stars&sortBy=helpful&formatType=all_formats,allStars,,"{'price': None, 'listPrice': None}",2024-01-20,United States,,B07QTDHM5L,0.679
67,67,4,Warm and comfy,R2Q1P61PYML5UW,https://www.amazon.com/gp/customer-reviews/R2Q1P61PYML5UW/ref=cm_cr_arp_d_rvw_ttl?ie=UTF8&ASIN=B07QTDHM5L,12 people found this helpful,"Reviewed in the United States on December 5, 2023","I usually wear a LG or an XL depending on the style of the top. I ordered this in an XL for a roomier for and the fit was perfect. I can wear it alone or with a tee shirt underneath and it’s comfortable either way. It’s also very warm. I do wish that the pockets were separate though. They look like they’re separate but they’re more like a pouch. Overall I do like the style and the fit though, and I’m considering ordering another one in a different color.",True,Material Type: PolyesterColor: Burgundy NavySize: X-Large,[],68,12881,2692,https://www.amazon.com/product-reviews/B07QTDHM5L?pageNumber=7&filterByStar=all_stars&sortBy=helpful&formatType=all_formats,allStars,,"{'price': None, 'listPrice': None}",2023-12-05,United States,,B07QTDHM5L,0.9533
68,68,4,Runs small.,RVZUPT4SINDGI,https://www.amazon.com/gp/customer-reviews/RVZUPT4SINDGI/ref=cm_cr_arp_d_rvw_ttl?ie=UTF8&ASIN=B07QTDHM5L,One person found this helpful,"Reviewed in the United States on January 24, 2024",Runs small for a medium. Even a little awkward to get on and off.  And the large runs too large.,True,Material Type: PolyesterColor: Charcoal HeatherSize: Medium,[],69,12881,2692,https://www.amazon.com/product-reviews/B07QTDHM5L?pageNumber=7&filterByStar=all_stars&sortBy=helpful&formatType=all_formats,allStars,,"{'price': None, 'listPrice': None}",2024-01-24,United States,,B07QTDHM5L,-0.079
69,69,4,"Nice weight, but runs a little small",RIK63V71R1XMJ,https://www.amazon.com/gp/customer-reviews/RIK63V71R1XMJ/ref=cm_cr_arp_d_rvw_ttl?ie=UTF8&ASIN=B07QTDHM5L,One person found this helpful,"Reviewed in the United States on January 19, 2024","Nice weight, thicker than a lot of fleece I’ve bought in this style but runs a little small.  Fits snugly and I’m concerned it will shrink when washed.",True,Material Type: PolyesterColor: Blue HeatherSize: Medium,[],70,12881,2692,https://www.amazon.com/product-reviews/B07QTDHM5L?pageNumber=7&filterByStar=all_stars&sortBy=helpful&formatType=all_formats,allStars,,"{'price': None, 'listPrice': None}",2024-01-19,United States,,B07QTDHM5L,0.2263
70,70,5,Great value and quality,R2T9NL10F89CBS,https://www.amazon.com/gp/customer-reviews/R2T9NL10F89CBS/ref=cm_cr_arp_d_rvw_ttl?ie=UTF8&ASIN=B07QTDHM5L,,"Reviewed in the United States on March 25, 2024",I got two of these and they are great!,True,Material Type: PolyesterColor: LilacSize: X-Large,[],31,12881,2692,https://www.amazon.com/product-reviews/B07QTDHM5L?pageNumber=4&filterByStar=all_stars&sortBy=helpful&formatType=all_formats,allStars,,"{'price': None, 'listPrice': None}",2024-03-25,United States,,B07QTDHM5L,0.6588
71,71,5,"Fit, Fabric, Fun Color!",R3K73ERWSH7IC,https://www.amazon.com/gp/customer-reviews/R3K73ERWSH7IC/ref=cm_cr_arp_d_rvw_ttl?ie=UTF8&ASIN=B07QTDHM5L,,"Reviewed in the United States on March 18, 2024","I love this jacket! It is very versatile, has pockets, and is so soft. The size is perfect for me, too.",True,,[],32,12881,2692,https://www.amazon.com/product-reviews/B07QTDHM5L?pageNumber=4&filterByStar=all_stars&sortBy=helpful&formatType=all_formats,allStars,,"{'price': None, 'listPrice': None}",2024-03-18,United States,,B07QTDHM5L,0.8478
72,72,4,Comfortable,R1H0FEPNAUP4KH,https://www.amazon.com/gp/customer-reviews/R1H0FEPNAUP4KH/ref=cm_cr_arp_d_rvw_ttl?ie=UTF8&ASIN=B07QTDHM5L,One person found this helpful,"Reviewed in the United States on February 2, 2024",I like that it fits well. It's loose on me but that's what I wear.  Feel of fabric is not as soft as I imagined but good enough to keep warm. Color is subdued and muted. Most earth-tone colors will work with it.  I wear it with leggings.,True,Material Type: PolyesterColor: Black Charcoal Mini Buffalo PlaidSize: XX-Large,[],33,12881,2692,https://www.amazon.com/product-reviews/B07QTDHM5L?pageNumber=4&filterByStar=all_stars&sortBy=helpful&formatType=all_formats,allStars,,"{'price': None, 'listPrice': None}",2024-02-02,United States,,B07QTDHM5L,0.7814
73,73,5,Very soft,RZNXIWO4NQ5OW,https://www.amazon.com/gp/customer-reviews/RZNXIWO4NQ5OW/ref=cm_cr_arp_d_rvw_ttl?ie=UTF8&ASIN=B07QTDHM5L,,"Reviewed in the United States on March 10, 2024",I really liked the style and soft material.  I opted for a large as I prefer a little roomier fit.  5’6” 145# 36c.,True,Material Type: PolyesterColor: Black Charcoal Mini Buffalo PlaidSize: Large,[],34,12881,2692,https://www.amazon.com/product-reviews/B07QTDHM5L?pageNumber=4&filterByStar=all_stars&sortBy=helpful&formatType=all_formats,allStars,,"{'price': None, 'listPrice': None}",2024-03-10,United States,,B07QTDHM5L,0.6502
74,74,4,Runs a little small/Coral Pink is bright Orange,R1YUVT33DWNBVE,https://www.amazon.com/gp/customer-reviews/R1YUVT33DWNBVE/ref=cm_cr_arp_d_rvw_ttl?ie=UTF8&ASIN=B07QTDHM5L,3 people found this helpful,"Reviewed in the United States on January 11, 2024","Nice heavy fleece.  Runs slightly snug.  I usually wear an xxl in amazon brand sweaters/tops and this seems a bit tighter than others I have.  I'm 5'7, 180, 38DD for reference.  The length is great, fits in the bust nicely, but snug in the shoulders. Not small enough to exchange but worth mentioning.  I ordered coral pink and it is nowhere near pink, it's bright orange (think traffic cone), but since orange is my fav color I'm happy.",True,Material Type: PolyesterColor: Coral PinkSize: XX-Large,[],35,12881,2692,https://www.amazon.com/product-reviews/B07QTDHM5L?pageNumber=4&filterByStar=all_stars&sortBy=helpful&formatType=all_formats,allStars,,"{'price': None, 'listPrice': None}",2024-01-11,United States,,B07QTDHM5L,0.9682
75,75,5,Cozy and warm,R3SGVRRZMZAU33,https://www.amazon.com/gp/customer-reviews/R3SGVRRZMZAU33/ref=cm_cr_arp_d_rvw_ttl?ie=UTF8&ASIN=B07QTDHM5L,,"Reviewed in the United States on March 5, 2024",I was pleasantly surprised by how comfortable this was. The color is bright and cheerful. I love that it has pockets too. It is my go to on cold mornings.,True,Material Type: PolyesterColor: PinkSize: Large,[],36,12881,2692,https://www.amazon.com/product-reviews/B07QTDHM5L?pageNumber=4&filterByStar=all_stars&sortBy=helpful&formatType=all_formats,allStars,,"{'price': None, 'listPrice': None}",2024-03-05,United States,,B07QTDHM5L,0.9578
76,76,5,Great product,R3GG0NV6LE1596,https://www.amazon.com/gp/customer-reviews/R3GG0NV6LE1596/ref=cm_cr_arp_d_rvw_ttl?ie=UTF8&ASIN=B07QTDHM5L,,"Reviewed in the United States on March 11, 2024",I love this top. It is so warm and fits great. The price was awesome. I purchased 2 different ones. Wash up beautifully.,True,Material Type: PolyesterColor: BlackSize: X-Large,[],37,12881,2692,https://www.amazon.com/product-reviews/B07QTDHM5L?pageNumber=4&filterByStar=all_stars&sortBy=helpful&formatType=all_formats,allStars,,"{'price': None, 'listPrice': None}",2024-03-11,United States,,B07QTDHM5L,0.9656
77,77,4,Great for price. But not what I was looking for.,R3JD3T5AQX5JYS,https://www.amazon.com/gp/customer-reviews/R3JD3T5AQX5JYS/ref=cm_cr_arp_d_rvw_ttl?ie=UTF8&ASIN=B07QTDHM5L,,"Reviewed in the United States on January 22, 2024",This is a fleece pullover that would be perfect as an outerwear piece.  Unfortunately I was looking for something to wear around the house and this I didn’t think is good for that purpose.  Runs small! I would size up one size and 2 sizes if you are wearing in thicker layer underneath.,True,Material Type: PolyesterColor: BlackSize: Medium,[],38,12881,2692,https://www.amazon.com/product-reviews/B07QTDHM5L?pageNumber=4&filterByStar=all_stars&sortBy=helpful&formatType=all_formats,allStars,,"{'price': None, 'listPrice': None}",2024-01-22,United States,,B07QTDHM5L,0.6696
78,78,5,I love it!,R17FRCN3AOWI1Y,https://www.amazon.com/gp/customer-reviews/R17FRCN3AOWI1Y/ref=cm_cr_arp_d_rvw_ttl?ie=UTF8&ASIN=B07QTDHM5L,,"Reviewed in the United States on March 23, 2024","It's perfect! Fit, style and warmth,Thznks",True,Material Type: PolyesterColor: Black White Mini Buffalo PlaidSize: XX-Large,[],39,12881,2692,https://www.amazon.com/product-reviews/B07QTDHM5L?pageNumber=4&filterByStar=all_stars&sortBy=helpful&formatType=all_formats,allStars,,"{'price': None, 'listPrice': None}",2024-03-23,United States,,B07QTDHM5L,0.7574
79,79,4,Runs a little bit small,RFZJCQ0I9OM80,https://www.amazon.com/gp/customer-reviews/RFZJCQ0I9OM80/ref=cm_cr_arp_d_rvw_ttl?ie=UTF8&ASIN=B07QTDHM5L,,"Reviewed in the United States on February 22, 2024",Ran small through bust but fabric and color are beautiful,True,Material Type: PolyesterColor: Burgundy HeatherSize: Large,[],40,12881,2692,https://www.amazon.com/product-reviews/B07QTDHM5L?pageNumber=4&filterByStar=all_stars&sortBy=helpful&formatType=all_formats,allStars,,"{'price': None, 'listPrice': None}",2024-02-22,United States,,B07QTDHM5L,0.7469
80,80,4,Not warm enough.,R2Q0YCG7N7IEJ7,https://www.amazon.com/gp/customer-reviews/R2Q0YCG7N7IEJ7/ref=cm_cr_arp_d_rvw_ttl?ie=UTF8&ASIN=B07QTDHM5L,,"Reviewed in the United States on January 31, 2024",Not warm enough as expected for a polar fleece pullover but it fit very well for my size. I worn it for outdoor and indoor occasion.,True,Material Type: PolyesterColor: BlackSize: Small,[],41,12881,2692,https://www.amazon.com/product-reviews/B07QTDHM5L?pageNumber=5&filterByStar=all_stars&sortBy=helpful&formatType=all_formats,allStars,,"{'price': None, 'listPrice': None}",2024-01-31,United States,,B07QTDHM5L,0.495
81,81,4,A little on the small size so order up,R266S8LXG2S6YM,https://www.amazon.com/gp/customer-reviews/R266S8LXG2S6YM/ref=cm_cr_arp_d_rvw_ttl?ie=UTF8&ASIN=B07QTDHM5L,One person found this helpful,"Reviewed in the United States on February 24, 2024","Pretty color, soft and cozy",True,Material Type: PolyesterColor: Burgundy HeatherSize: Large,[],42,12881,2692,https://www.amazon.com/product-reviews/B07QTDHM5L?pageNumber=5&filterByStar=all_stars&sortBy=helpful&formatType=all_formats,allStars,,"{'price': None, 'listPrice': None}",2024-02-24,United States,,B07QTDHM5L,0.4939
82,82,5,Buen producto,RNRC6EDBT5SNL,https://www.amazon.com/gp/customer-reviews/RNRC6EDBT5SNL/ref=cm_cr_arp_d_rvw_ttl?ie=UTF8&ASIN=B07QTDHM5L,,"Reviewed in the United States on March 25, 2024",Cómoda y abrigadora,True,Material Type: PolyesterColor: BlackSize: Small,[],43,12881,2692,https://www.amazon.com/product-reviews/B07QTDHM5L?pageNumber=5&filterByStar=all_stars&sortBy=helpful&formatType=all_formats,allStars,,"{'price': None, 'listPrice': None}",2024-03-25,United States,,B07QTDHM5L,0.0
83,83,5,Kept warm even on its own,R20QM7X0KXOLO,https://www.amazon.com/gp/customer-reviews/R20QM7X0KXOLO/ref=cm_cr_arp_d_rvw_ttl?ie=UTF8&ASIN=B07QTDHM5L,2 people found this helpful,"Reviewed in the United States on January 19, 2024","I got one for myself & sis. It kept me warm on its own at 18°F - 30°F when the short 2 week freeze hit. Loved it it's basically all I wore literally aside from a thin wind breaker for windy days. Fleece jackets are essential must have so snatched them up for all while on sale! Also I have PMS and over heat suddenly,quickly & often so I need something that I won't need to constantly take on and off and adjust with me throughout the day. A fleece can regulate/adjuste with you breathable & moisture wreaking (I sweat easily AF) so this is an absolute must have for me! Wore it the whole time when outside and at work in the wearhouse.",True,Material Type: PolyesterColor: BlackSize: Medium,[],44,12881,2692,https://www.amazon.com/product-reviews/B07QTDHM5L?pageNumber=5&filterByStar=all_stars&sortBy=helpful&formatType=all_formats,allStars,,"{'price': None, 'listPrice': None}",2024-01-19,United States,,B07QTDHM5L,0.8395
84,84,4,Clever design,R1M2GFN6M2RKOA,https://www.amazon.com/gp/customer-reviews/R1M2GFN6M2RKOA/ref=cm_cr_arp_d_rvw_ttl?ie=UTF8&ASIN=B07QTDHM5L,,"Reviewed in the United States on January 15, 2024","This is a basic, medium weight fleece top. I love that it has a kangaroo pocket with zippers. It's more flattering than I had expected with a tapering it at the low back. This is a solid purchase. It has gotten a bit nappy after 5 months, but probably because I wear and wash it so often and am active in it.",True,Material Type: PolyesterColor: Navy HeatherSize: Large,[],45,12881,2692,https://www.amazon.com/product-reviews/B07QTDHM5L?pageNumber=5&filterByStar=all_stars&sortBy=helpful&formatType=all_formats,allStars,,"{'price': None, 'listPrice': None}",2024-01-15,United States,,B07QTDHM5L,0.7962
85,85,4,Very well Made,R3MZHK1JAET1ER,https://www.amazon.com/gp/customer-reviews/R3MZHK1JAET1ER/ref=cm_cr_arp_d_rvw_ttl?ie=UTF8&ASIN=B07QTDHM5L,,"Reviewed in the United States on January 24, 2024","The garment is well made and the navy trim looks great with jeans.Warm and cozy.The medium is a little tighter than expected. Looks good alone, but notLoose enough fora tee under it.  The red color was a success with my beau!",True,Material Type: PolyesterColor: RedSize: Medium,[],46,12881,2692,https://www.amazon.com/product-reviews/B07QTDHM5L?pageNumber=5&filterByStar=all_stars&sortBy=helpful&formatType=all_formats,allStars,,"{'price': None, 'listPrice': None}",2024-01-24,United States,,B07QTDHM5L,0.8718
86,86,5,"As Described, nice and soft",R32TJZMZMMSCL4,https://www.amazon.com/gp/customer-reviews/R32TJZMZMMSCL4/ref=cm_cr_arp_d_rvw_ttl?ie=UTF8&ASIN=B07QTDHM5L,,"Reviewed in the United States on February 20, 2024","Love this pullover, The fact that it had pockets made it a winner in my book. The coral color was a bit bright in real life but, it worked. Product is warm and soft, washed and dries well. Bought on sale! Will by more.",True,Material Type: PolyesterColor: Coral PinkSize: Large,[],47,12881,2692,https://www.amazon.com/product-reviews/B07QTDHM5L?pageNumber=5&filterByStar=all_stars&sortBy=helpful&formatType=all_formats,allStars,,"{'price': None, 'listPrice': None}",2024-02-20,United States,,B07QTDHM5L,0.8818
87,87,4,Fit is snug,R3OGK8Q502B6N9,https://www.amazon.com/gp/customer-reviews/R3OGK8Q502B6N9/ref=cm_cr_arp_d_rvw_ttl?ie=UTF8&ASIN=B07QTDHM5L,,"Reviewed in the United States on January 24, 2024",While it’s warm and seemingly well made.  I would have to say the sizing is cut smaller than a normal size. (I ordered a large) I’m a size 12 and this fleece pullover is snug.  It’s not going to be comfortable for a size 14 person.,True,,[],48,12881,2692,https://www.amazon.com/product-reviews/B07QTDHM5L?pageNumber=5&filterByStar=all_stars&sortBy=helpful&formatType=all_formats,allStars,,"{'price': None, 'listPrice': None}",2024-01-24,United States,,B07QTDHM5L,0.6369
88,88,4,"Pretty Colors, Runs Small",R2R6WZPAV9AK4I,https://www.amazon.com/gp/customer-reviews/R2R6WZPAV9AK4I/ref=cm_cr_arp_d_rvw_ttl?ie=UTF8&ASIN=B07QTDHM5L,,"Reviewed in the United States on January 6, 2024","I searched for lightweight fleece pullover and these came up. The colors are pretty and I couldn't beat the price- about $11 each- the material was not soft and very heavy. I was looking for a soft, lightweight fleece that I could wear in place of a sweatshirt and these didn't work. Have to say they also run very small. I usually wear a large and it was tight.",True,Material Type: PolyesterColor: PinkSize: Large,[],49,12881,2692,https://www.amazon.com/product-reviews/B07QTDHM5L?pageNumber=5&filterByStar=all_stars&sortBy=helpful&formatType=all_formats,allStars,,"{'price': None, 'listPrice': None}",2024-01-06,United States,,B07QTDHM5L,0.4939
89,89,4,"Size up for sure, runs small",R3VLHIPZO62X0M,https://www.amazon.com/gp/customer-reviews/R3VLHIPZO62X0M/ref=cm_cr_arp_d_rvw_ttl?ie=UTF8&ASIN=B07QTDHM5L,,"Reviewed in the United States on December 30, 2023",This pullover is very cozy and comfortable and comparable to Lands End in quality. I ordered a large based on previous comments that it runs small. I normally would wear a medium but the large fits like a medium.. The other thing I would like to mention is the bottom flares out and is not particularly attractive. I was able to take in the sides for a more fitted look and it looks fine. Overall I am happy with this purchase.,True,Material Type: PolyesterColor: Blue HeatherSize: Large,[],50,12881,2692,https://www.amazon.com/product-reviews/B07QTDHM5L?pageNumber=5&filterByStar=all_stars&sortBy=helpful&formatType=all_formats,allStars,,"{'price': None, 'listPrice': None}",2023-12-30,United States,,B07QTDHM5L,0.9118
