,Unnamed: 0,ratingScore,reviewTitle,reviewId,reviewUrl,reviewReaction,reviewedIn,reviewDescription,isVerified,variant,reviewImages,position,totalCategoryRatings,totalCategoryReviews,reviewCategoryUrl,filterByRating,filterByKeyword,product,date,country,countryCode,productAsin,sentiment_score
0,0,5,Great jacket! But…,R12QPMQJQ3IRH5,https://www.amazon.com/gp/customer-reviews/R12QPMQJQ3IRH5/ref=cm_cr_arp_d_rvw_ttl?ie=UTF8&ASIN=B07T4YGZM2,3 people found this helpful,"Reviewed in the United States on March 6, 2024","This is a great scrub jacket!  It’s the perfect length and very nice, stretchy material. Not too thick, but not too thin.  I like the deep front pockets.  I bought this in navy and black. Have not faded at all , but only washed them a few times.As a previous reviewer had commented, the arms are a little tight.  That’s the only negative comment I have. The material is so stretchy it doesn’t really matter, but for that reason if you are deciding on a size I would say go with the larger size.  I really debated between a med and a large and I’m super happy I got the large. For reference I am 5’6” and normally wear a sz 10.",True,Size: LargeColor: Navy Blue,['https://m.media-amazon.com/images/I/71Bq3ehbLzL._SY88.jpg'],1,5413,641,https://www.amazon.com/product-reviews/B07T4YGZM2?pageNumber=1&filterByStar=all_stars&sortBy=helpful&formatType=all_formats,allStars,,"{'price': None, 'listPrice': None}",2024-03-06,United States,,B07T4YGZM2,0.8888
1,1,5,LOVE this jacket - worth the price - STAINS come out!!,RJ65GXOSWH4WT,https://www.amazon.com/gp/customer-reviews/RJ65GXOSWH4WT/ref=cm_cr_arp_d_rvw_ttl?ie=UTF8&ASIN=B07T4YGZM2,,"Reviewed in the United States on March 2, 2024","I use this as my nursing jacket, my facility is very specific and they have no problem with this one.  Stains come out easily from the WHITE one!  It's lightweight, strong material, comfortable.  The zipper is strong and has not broken - first purchased 3 years ago.  Pockets are a comfortable depth.  Jacket is a good length.  Recommend.",True,Size: MediumColor: White,[],2,5413,641,https://www.amazon.com/product-reviews/B07T4YGZM2?pageNumber=1&filterByStar=all_stars&sortBy=helpful&formatType=all_formats,allStars,,"{'price': None, 'listPrice': None}",2024-03-02,United States,,B07T4YGZM2,0.958
2,2,4,"High quality fabric, washes well",REBQA3UIMZOOA,https://www.amazon.com/gp/customer-reviews/REBQA3UIMZOOA/ref=cm_cr_arp_d_rvw_ttl?ie=UTF8&ASIN=B07T4YGZM2,10 people found this helpful,"Reviewed in the United States on May 27, 2022","Pleasantly surprised. High quality, thicker than I expected. Washed well in cold water, partially dried in dryer on low, then laid flat to finish drying. Didn't wrinkle. This is a firm, stable knit fabric with just the right amount of stretch. Soft and comfortable (thanks to the cotton content in the fabric blend). Good quality zipper, too.  I am a seamstress, so I pay attention to those things. I bought it in white, and the color is a true, optic white (not ivory or off white). Size is true to size. I am 5'4"" and 112 pounds and bought a size small. I don't like tight clothes. So this fits slightly loose, but not baggy. My only complaint is that the jacket is a bit short, even for me at 5'4"". I  knocked one star off my rating for that reason. It should have been 1"" to 2"" longer, because jackets should not be shorter than the shirt underneath it. I don't use mine as a scrub jacket, like it's advertised to be. But if you do, keep in mind that scrub tops are tunic length, which is longer than most shirts. All the more reason this jacket should have been longer.",True,Size: SmallColor: White,[],3,5413,641,https://www.amazon.com/product-reviews/B07T4YGZM2?pageNumber=1&filterByStar=all_stars&sortBy=helpful&formatType=all_formats,allStars,,"{'price': None, 'listPrice': None}",2022-05-27,United States,,B07T4YGZM2,0.7575
3,3,5,"Lightweight, tight fit, tall/long pockets",R1HG39ACRV96A9,https://www.amazon.com/gp/customer-reviews/R1HG39ACRV96A9/ref=cm_cr_arp_d_rvw_ttl?ie=UTF8&ASIN=B07T4YGZM2,5 people found this helpful,"Reviewed in the United States on January 11, 2024","I am 5’4”, 160lbs and this jacket is a Medium. It fits snug on my arms and stomach when zipped (I wear size 8 jeans). The pockets are very long, start near my sports bra band. I like the sleek look and light weight of it. I would buy again. Washes well.",True,Size: MediumColor: Black,"['https://m.media-amazon.com/images/I/61RgTC0zZ4L._SY88.jpg', 'https://m.media-amazon.com/images/I/61oClMZCoxL._SY88.jpg']",4,5413,641,https://www.amazon.com/product-reviews/B07T4YGZM2?pageNumber=1&filterByStar=all_stars&sortBy=helpful&formatType=all_formats,allStars,,"{'price': None, 'listPrice': None}",2024-01-11,United States,,B07T4YGZM2,0.5574
4,4,5,True fit,R381VQB731MNP0,https://www.amazon.com/gp/customer-reviews/R381VQB731MNP0/ref=cm_cr_arp_d_rvw_ttl?ie=UTF8&ASIN=B07T4YGZM2,,"Reviewed in the United States on March 14, 2024",Some long sleep tops or jackets I bought don't really fit the length of my arms but this one didn't disappoint.  It fit perfect and true to size.  I used to work in a very busy dental office and they kept it really cold in there.  I needed something that I could keep on and not get hot.  Great price.  Very happy,True,Size: X-LargeColor: Black,[],5,5413,641,https://www.amazon.com/product-reviews/B07T4YGZM2?pageNumber=1&filterByStar=all_stars&sortBy=helpful&formatType=all_formats,allStars,,"{'price': None, 'listPrice': None}",2024-03-14,United States,,B07T4YGZM2,0.9039
5,5,3,Nice jacket,RR9DHQTUM4RAA,https://www.amazon.com/gp/customer-reviews/RR9DHQTUM4RAA/ref=cm_cr_arp_d_rvw_ttl?ie=UTF8&ASIN=B07T4YGZM2,,"Reviewed in the United States on December 14, 2023",I really love this jacket. It's comfortable and I like the pockets. I just wish it was a little cheaper.,True,Size: LargeColor: Navy Blue,[],6,5413,641,https://www.amazon.com/product-reviews/B07T4YGZM2?pageNumber=1&filterByStar=all_stars&sortBy=helpful&formatType=all_formats,allStars,,"{'price': None, 'listPrice': None}",2023-12-14,United States,,B07T4YGZM2,0.9184
6,6,5,Super soft!,R161S7B1PL610V,https://www.amazon.com/gp/customer-reviews/R161S7B1PL610V/ref=cm_cr_arp_d_rvw_ttl?ie=UTF8&ASIN=B07T4YGZM2,One person found this helpful,"Reviewed in the United States on February 3, 2024","LOVE this jacket! Super soft, nice lite weight. Beautiful royal blue.",True,Size: MediumColor: Royal Blue,[],7,5413,641,https://www.amazon.com/product-reviews/B07T4YGZM2?pageNumber=1&filterByStar=all_stars&sortBy=helpful&formatType=all_formats,allStars,,"{'price': None, 'listPrice': None}",2024-02-03,United States,,B07T4YGZM2,0.9503
7,7,5,Easy to wear,R1LPLJKHVBWD51,https://www.amazon.com/gp/customer-reviews/R1LPLJKHVBWD51/ref=cm_cr_arp_d_rvw_ttl?ie=UTF8&ASIN=B07T4YGZM2,,"Reviewed in the United States on February 7, 2024","Love this! Fits perfectly, very comfortable",True,Size: SmallColor: Black,[],8,5413,641,https://www.amazon.com/product-reviews/B07T4YGZM2?pageNumber=1&filterByStar=all_stars&sortBy=helpful&formatType=all_formats,allStars,,"{'price': None, 'listPrice': None}",2024-02-07,United States,,B07T4YGZM2,0.9229
8,8,4,Quality material strong enough to hold up working at a factory.,R1HL8KIN72U5IY,https://www.amazon.com/gp/customer-reviews/R1HL8KIN72U5IY/ref=cm_cr_arp_d_rvw_ttl?ie=UTF8&ASIN=B07T4YGZM2,,"Reviewed in the United States on March 29, 2024",Looks and feel more like a scrub top. However I like the thin material was enough not to get me to hot and keep me from being cold. And I like the deep pockets that I wear this it at work all the time.,True,Size: XX-LargeColor: Navy Blue,[],9,5413,641,https://www.amazon.com/product-reviews/B07T4YGZM2?pageNumber=1&filterByStar=all_stars&sortBy=helpful&formatType=all_formats,allStars,,"{'price': None, 'listPrice': None}",2024-03-29,United States,,B07T4YGZM2,0.8571
9,9,4,What happened?,R2DC0REHJN9PMV,https://www.amazon.com/gp/customer-reviews/R2DC0REHJN9PMV/ref=cm_cr_arp_d_rvw_ttl?ie=UTF8&ASIN=B07T4YGZM2,,"Reviewed in the United States on March 3, 2024","I love the fit and the materiel. I ordered 2 at the same time for next day delivery, 1 got delivered and now the other one had an eta of March 2nd, now the eta is March 7th…..I’d just like to get the second one I ordered as I ordered these for work.",True,Size: LargeColor: Black,[],10,5413,641,https://www.amazon.com/product-reviews/B07T4YGZM2?pageNumber=1&filterByStar=all_stars&sortBy=helpful&formatType=all_formats,allStars,,"{'price': None, 'listPrice': None}",2024-03-03,United States,,B07T4YGZM2,0.8481
10,10,5,The best gift for our grad,R13MFWIUSIQVIM,https://www.amazon.com/gp/customer-reviews/R13MFWIUSIQVIM/ref=cm_cr_arp_d_rvw_ttl?ie=UTF8&ASIN=B07T4YGZM2,4 people found this helpful,"Reviewed in the United States on December 28, 2023","This is the best gift for our grad!  She's graduating and receiving her MA. She's already working in the field, planning on becoming a RN and this will be her first of many jackets. Well made, fits as indicated and all at a great price.  We like it and she loves it.",True,Size: XX-LargeColor: Black,[],21,5413,641,https://www.amazon.com/product-reviews/B07T4YGZM2?pageNumber=3&filterByStar=all_stars&sortBy=helpful&formatType=all_formats,allStars,,"{'price': None, 'listPrice': None}",2023-12-28,United States,,B07T4YGZM2,0.9628
11,11,5,True to size,R23I0R3HC6AR52,https://www.amazon.com/gp/customer-reviews/R23I0R3HC6AR52/ref=cm_cr_arp_d_rvw_ttl?ie=UTF8&ASIN=B07T4YGZM2,,"Reviewed in the United States on January 28, 2024",My daughter says its a super warm jacket for being so thin and light.,True,Size: SmallColor: Black,[],22,5413,641,https://www.amazon.com/product-reviews/B07T4YGZM2?pageNumber=3&filterByStar=all_stars&sortBy=helpful&formatType=all_formats,allStars,,"{'price': None, 'listPrice': None}",2024-01-28,United States,,B07T4YGZM2,0.7003
12,12,3,Didn’t like the texture,R2AS4TTLRVO79B,https://www.amazon.com/gp/customer-reviews/R2AS4TTLRVO79B/ref=cm_cr_arp_d_rvw_ttl?ie=UTF8&ASIN=B07T4YGZM2,,"Reviewed in the United States on January 28, 2024",I got this from my mother-in-law for our work jackets to be embroidered and honestly the feel of it was cheap feeling. I ended up returning it.,True,Size: MediumColor: Navy Blue,[],23,5413,641,https://www.amazon.com/product-reviews/B07T4YGZM2?pageNumber=3&filterByStar=all_stars&sortBy=helpful&formatType=all_formats,allStars,,"{'price': None, 'listPrice': None}",2024-01-28,United States,,B07T4YGZM2,0.5423
13,13,5,Runs a little small,R3EOJP600FL0NF,https://www.amazon.com/gp/customer-reviews/R3EOJP600FL0NF/ref=cm_cr_arp_d_rvw_ttl?ie=UTF8&ASIN=B07T4YGZM2,,"Reviewed in the United States on January 16, 2024",Wife loves it. I figured I’d go a size big so it was baggy. But it runs small.  Really nice though,True,Size: X-LargeColor: Navy Blue,[],24,5413,641,https://www.amazon.com/product-reviews/B07T4YGZM2?pageNumber=3&filterByStar=all_stars&sortBy=helpful&formatType=all_formats,allStars,,"{'price': None, 'listPrice': None}",2024-01-16,United States,,B07T4YGZM2,0.7572
14,14,2,Really poorly made,R2LOYPCRTE1EBU,https://www.amazon.com/gp/customer-reviews/R2LOYPCRTE1EBU/ref=cm_cr_arp_d_rvw_ttl?ie=UTF8&ASIN=B07T4YGZM2,,"Reviewed in the United States on March 17, 2024","I washed this before wearing like the directions said and when I went to wear it for the first time there was so many long hanging threads. I don't think I've ever had a piece of clothing that seemed to be falling apart before being worn at all.I procrastinated on returning, plus they tell you to wash it before wearing which makes an easy refund dicey. So I took a lighter to where the threads were coming from to try and stop it from continuing and will wear it for work until it totally falls apart. I don't give it too long.I would say spend the extra 10 bucks and get something that was made by adults at least.",True,Size: X-LargeColor: Black,"['https://m.media-amazon.com/images/I/612-NUVTlDL._SY88.jpg', 'https://m.media-amazon.com/images/I/61hZR6qvZWL._SY88.jpg']",25,5413,641,https://www.amazon.com/product-reviews/B07T4YGZM2?pageNumber=3&filterByStar=all_stars&sortBy=helpful&formatType=all_formats,allStars,,"{'price': None, 'listPrice': None}",2024-03-17,United States,,B07T4YGZM2,0.1027
15,15,4,Comfy but very long,R3MOZ3QVLNBO32,https://www.amazon.com/gp/customer-reviews/R3MOZ3QVLNBO32/ref=cm_cr_arp_d_rvw_ttl?ie=UTF8&ASIN=B07T4YGZM2,4 people found this helpful,"Reviewed in the United States on July 7, 2023","This was a great light weight zip up jacket. The color was accurate, it was comfy, and the zipper was a good quality. The two issues I had are that it is a little bit of a longer jacket than expected, and it had a weird random loop on the back by the neckline. I assume the loop was for hanging up, but it didn't really feel like it was right for this kind of jacket.",True,Size: SmallColor: Black,[],26,5413,641,https://www.amazon.com/product-reviews/B07T4YGZM2?pageNumber=3&filterByStar=all_stars&sortBy=helpful&formatType=all_formats,allStars,,"{'price': None, 'listPrice': None}",2023-07-07,United States,,B07T4YGZM2,0.0454
16,16,5,Great jacket,RFG4Y81A0FQG,https://www.amazon.com/gp/customer-reviews/RFG4Y81A0FQG/ref=cm_cr_arp_d_rvw_ttl?ie=UTF8&ASIN=B07T4YGZM2,,"Reviewed in the United States on January 16, 2024",Friend loved it.,True,Size: X-SmallColor: Black,[],27,5413,641,https://www.amazon.com/product-reviews/B07T4YGZM2?pageNumber=3&filterByStar=all_stars&sortBy=helpful&formatType=all_formats,allStars,,"{'price': None, 'listPrice': None}",2024-01-16,United States,,B07T4YGZM2,0.7964
17,17,5,Comfortable,R2K205DCAZU7RB,https://www.amazon.com/gp/customer-reviews/R2K205DCAZU7RB/ref=cm_cr_arp_d_rvw_ttl?ie=UTF8&ASIN=B07T4YGZM2,,"Reviewed in the United States on November 14, 2023",My coworker and I each ordered this to wear at our medical office. It’s cold and I have to cover tattoos. I really like the fabric and the feel. It’s very comfortable and is good quality for the price.,True,Size: SmallColor: White,[],28,5413,641,https://www.amazon.com/product-reviews/B07T4YGZM2?pageNumber=3&filterByStar=all_stars&sortBy=helpful&formatType=all_formats,allStars,,"{'price': None, 'listPrice': None}",2023-11-14,United States,,B07T4YGZM2,0.8514
18,18,5,Nice scrub jacket,R1PSSXQGEB40RS,https://www.amazon.com/gp/customer-reviews/R1PSSXQGEB40RS/ref=cm_cr_arp_d_rvw_ttl?ie=UTF8&ASIN=B07T4YGZM2,,"Reviewed in the United States on January 8, 2024","Lightweight, comfortable scrub jacket",True,Size: SmallColor: Black,[],29,5413,641,https://www.amazon.com/product-reviews/B07T4YGZM2?pageNumber=3&filterByStar=all_stars&sortBy=helpful&formatType=all_formats,allStars,,"{'price': None, 'listPrice': None}",2024-01-08,United States,,B07T4YGZM2,0.5106
19,19,5,Cute!,R1DUP3MGPYOJ9A,https://www.amazon.com/gp/customer-reviews/R1DUP3MGPYOJ9A/ref=cm_cr_arp_d_rvw_ttl?ie=UTF8&ASIN=B07T4YGZM2,,"Reviewed in the United States on December 5, 2023",Good material. It has a little bit of a stretch. It looks super cute with scrubs and worn zipped up or down. I'd repurchase.,True,Size: X-LargeColor: Black,[],30,5413,641,https://www.amazon.com/product-reviews/B07T4YGZM2?pageNumber=3&filterByStar=all_stars&sortBy=helpful&formatType=all_formats,allStars,,"{'price': None, 'listPrice': None}",2023-12-05,United States,,B07T4YGZM2,0.8225
20,20,3,Too small,R2EY7BSL7S9PHX,https://www.amazon.com/gp/customer-reviews/R2EY7BSL7S9PHX/ref=cm_cr_arp_d_rvw_ttl?ie=UTF8&ASIN=B07T4YGZM2,,"Reviewed in the United States on May 22, 2023",I usually wear a large and it was too small,True,Size: LargeColor: Caribbean,[],81,5413,641,https://www.amazon.com/product-reviews/B07T4YGZM2?pageNumber=9&filterByStar=all_stars&sortBy=helpful&formatType=all_formats,allStars,,"{'price': None, 'listPrice': None}",2023-05-22,United States,,B07T4YGZM2,0.0
21,21,2,"Even the label calls these SCRUBS, not a jacket",R3PZTMHLS54N30,https://www.amazon.com/gp/customer-reviews/R3PZTMHLS54N30/ref=cm_cr_arp_d_rvw_ttl?ie=UTF8&ASIN=B07T4YGZM2,,"Reviewed in the United States on April 21, 2023","WHAT I WANTED: Casual but cute zip-up jacket without a hoodWHAT THIS REALLY IS: Scrubs I would wear at a medical officeThe listing calls this a ""warm-up jacket,"" but that is very misleading. The label inside is more representative of what to expect: ""Scrub Jacket Workwear.""Even the front pockets scream medical professional. They're large and square, like I would carry a notebook or two (unlike the angled slit of a typical pocket).The material is also VERY thin. That could come in handy if you were to use them for a warm-up or on a nice warm spring day — but just one more reason these feel like work scrubs, not a jacket.",True,Size: X-SmallColor: White,[],82,5413,641,https://www.amazon.com/product-reviews/B07T4YGZM2?pageNumber=9&filterByStar=all_stars&sortBy=helpful&formatType=all_formats,allStars,,"{'price': None, 'listPrice': None}",2023-04-21,United States,,B07T4YGZM2,0.8559
22,22,4,Cute fit,R104Y7HV6Q7UG9,https://www.amazon.com/gp/customer-reviews/R104Y7HV6Q7UG9/ref=cm_cr_arp_d_rvw_ttl?ie=UTF8&ASIN=B07T4YGZM2,,"Reviewed in the United States on July 21, 2022","I love how this jacket fits, but quality is not great. The threads start to come out after a a couple washes. Color and texture did not change. Still like it!",True,Size: MediumColor: Pewter Color,[],83,5413,641,https://www.amazon.com/product-reviews/B07T4YGZM2?pageNumber=9&filterByStar=all_stars&sortBy=helpful&formatType=all_formats,allStars,,"{'price': None, 'listPrice': None}",2022-07-21,United States,,B07T4YGZM2,-0.7002
23,23,4,Color doesn't look Grey to me,R34QWWB2EDMAOG,https://www.amazon.com/gp/customer-reviews/R34QWWB2EDMAOG/ref=cm_cr_arp_d_rvw_ttl?ie=UTF8&ASIN=B07T4YGZM2,,"Reviewed in the United States on April 1, 2022","Size Small. It's very comfortable and warm. I really like how it fits. I could've went with a bigger size for more room. But fits good. The color looks more like a light Navy blue, not Grey.",True,Size: MediumColor: Pewter Color,[],84,5413,641,https://www.amazon.com/product-reviews/B07T4YGZM2?pageNumber=9&filterByStar=all_stars&sortBy=helpful&formatType=all_formats,allStars,,"{'price': None, 'listPrice': None}",2022-04-01,United States,,B07T4YGZM2,0.902
24,24,5,Comfortable,R22YXW250JWZF8,https://www.amazon.com/gp/customer-reviews/R22YXW250JWZF8/ref=cm_cr_arp_d_rvw_ttl?ie=UTF8&ASIN=B07T4YGZM2,,"Reviewed in the United States on June 10, 2023",They are very comfortable and made very well. Love it,True,Size: X-LargeColor: Navy Blue,[],85,5413,641,https://www.amazon.com/product-reviews/B07T4YGZM2?pageNumber=9&filterByStar=all_stars&sortBy=helpful&formatType=all_formats,allStars,,"{'price': None, 'listPrice': None}",2023-06-10,United States,,B07T4YGZM2,0.8876
25,25,4,Arrived on time,R3GUNW2P751XK,https://www.amazon.com/gp/customer-reviews/R3GUNW2P751XK/ref=cm_cr_arp_d_rvw_ttl?ie=UTF8&ASIN=B07T4YGZM2,3 people found this helpful,"Reviewed in the United States on October 12, 2022",Was a tad too small and had to return but others it is as described.,True,Size: MediumColor: Black,[],86,5413,641,https://www.amazon.com/product-reviews/B07T4YGZM2?pageNumber=9&filterByStar=all_stars&sortBy=helpful&formatType=all_formats,allStars,,"{'price': None, 'listPrice': None}",2022-10-12,United States,,B07T4YGZM2,0.0
26,26,5,I LOVE this jacket!,RW9ZECMSHLFC3,https://www.amazon.com/gp/customer-reviews/RW9ZECMSHLFC3/ref=cm_cr_arp_d_rvw_ttl?ie=UTF8&ASIN=B07T4YGZM2,18 people found this helpful,"Reviewed in the United States on October 9, 2020","I ordered this jacket for my job in a hospital surgical unit. It is awesome! Warm, but not hot, super stretchy and comfortable. It wears like a thin sweatshirt, which I wanted, but I didn’t want a hoodie. This is exactly what I was looking for! I love the fact that the pockets open from the top, not side slits, so no risk of things like flushes falling out. It has a couple of loops at the left shoulder, so if you’re someone who keeps a pen up and out of your pocket, it’s super convenient. I’m not super skinny, I usually wear a size 8. I wear a small in scrub tops- figs, purple label, and medium in pants. I ordered a medium and it’s perfect.",True,Size: MediumColor: Navy Blue,"['https://images-na.ssl-images-amazon.com/images/I/710xjg1th9L._SY88.jpg', 'https://images-na.ssl-images-amazon.com/images/I/715Kfowq6xL._SY88.jpg', 'https://images-na.ssl-images-amazon.com/images/I/71DfrEhfqtL._SY88.jpg']",87,5413,641,https://www.amazon.com/product-reviews/B07T4YGZM2?pageNumber=9&filterByStar=all_stars&sortBy=helpful&formatType=all_formats,allStars,,"{'price': None, 'listPrice': None}",2020-10-09,United States,,B07T4YGZM2,0.9195
27,27,5,comfy,RV31FI3NE10NX,https://www.amazon.com/gp/customer-reviews/RV31FI3NE10NX/ref=cm_cr_arp_d_rvw_ttl?ie=UTF8&ASIN=B07T4YGZM2,,"Reviewed in the United States on May 23, 2023",It fits great I’m going to buy more in other colors,True,Size: X-LargeColor: White,[],88,5413,641,https://www.amazon.com/product-reviews/B07T4YGZM2?pageNumber=9&filterByStar=all_stars&sortBy=helpful&formatType=all_formats,allStars,,"{'price': None, 'listPrice': None}",2023-05-23,United States,,B07T4YGZM2,0.6249
28,28,5,Great jacket,R36QA9QS1YXHWZ,https://www.amazon.com/gp/customer-reviews/R36QA9QS1YXHWZ/ref=cm_cr_arp_d_rvw_ttl?ie=UTF8&ASIN=B07T4YGZM2,2 people found this helpful,"Reviewed in the United States on May 7, 2023",I work in healthcare and wear it with my scrubs. Fits well perfect,True,Size: XX-SmallColor: Black,[],89,5413,641,https://www.amazon.com/product-reviews/B07T4YGZM2?pageNumber=9&filterByStar=all_stars&sortBy=helpful&formatType=all_formats,allStars,,"{'price': None, 'listPrice': None}",2023-05-07,United States,,B07T4YGZM2,0.7003
29,29,4,Nice hoodless jacket,R13RQ7KWAYPC9J,https://www.amazon.com/gp/customer-reviews/R13RQ7KWAYPC9J/ref=cm_cr_arp_d_rvw_ttl?ie=UTF8&ASIN=B07T4YGZM2,2 people found this helpful,"Reviewed in the United States on February 8, 2021","I mostly wanted this because I wanted a jacket without a hood or large collar.  This is just right on that note.  I also love the pockets on this jacket.  The only thing I don't like is that the body area is rather boxy and the arms are a little snugger than I like.  Other than that, great for a light layer of warmth.",True,Size: X-SmallColor: Black,[],90,5413,641,https://www.amazon.com/product-reviews/B07T4YGZM2?pageNumber=9&filterByStar=all_stars&sortBy=helpful&formatType=all_formats,allStars,,"{'price': None, 'listPrice': None}",2021-02-08,United States,,B07T4YGZM2,0.8434
30,30,4,It is a scrub jacket.,RQGU00WUDP292,https://www.amazon.com/gp/customer-reviews/RQGU00WUDP292/ref=cm_cr_arp_d_rvw_ttl?ie=UTF8&ASIN=B07T4YGZM2,,"Reviewed in the United States on March 26, 2024",Fits nicely. The description did not specify that it is a scrub jacket.,True,Size: SmallColor: Navy Blue,[],11,5413,641,https://www.amazon.com/product-reviews/B07T4YGZM2?pageNumber=2&filterByStar=all_stars&sortBy=helpful&formatType=all_formats,allStars,,"{'price': None, 'listPrice': None}",2024-03-26,United States,,B07T4YGZM2,0.4404
31,31,4,Good Jacket,R27WHX5EAG5NRN,https://www.amazon.com/gp/customer-reviews/R27WHX5EAG5NRN/ref=cm_cr_arp_d_rvw_ttl?ie=UTF8&ASIN=B07T4YGZM2,,"Reviewed in the United States on February 15, 2024","The Jacket Looks as it does on the picture I would say it runs big in the stomach area , brought a medium and I’m 5’7 168. I should’ve brought a small. But other than that great material, and arm length.",True,Size: MediumColor: Black,[],12,5413,641,https://www.amazon.com/product-reviews/B07T4YGZM2?pageNumber=2&filterByStar=all_stars&sortBy=helpful&formatType=all_formats,allStars,,"{'price': None, 'listPrice': None}",2024-02-15,United States,,B07T4YGZM2,0.7684
32,32,4,Fits as expected,R3EIQN0YNLT83,https://www.amazon.com/gp/customer-reviews/R3EIQN0YNLT83/ref=cm_cr_arp_d_rvw_ttl?ie=UTF8&ASIN=B07T4YGZM2,,"Reviewed in the United States on March 3, 2024","I like the feel of the fabric, doesn’t wrinkle . Fits well",True,Size: X-LargeColor: Black,[],13,5413,641,https://www.amazon.com/product-reviews/B07T4YGZM2?pageNumber=2&filterByStar=all_stars&sortBy=helpful&formatType=all_formats,allStars,,"{'price': None, 'listPrice': None}",2024-03-03,United States,,B07T4YGZM2,0.5574
33,33,4,Love the pocket size,R2C0ODQ3NPJK7C,https://www.amazon.com/gp/customer-reviews/R2C0ODQ3NPJK7C/ref=cm_cr_arp_d_rvw_ttl?ie=UTF8&ASIN=B07T4YGZM2,,"Reviewed in the United States on January 4, 2024","The material is thicker than I expected which I do not mind. The fit is great, not too tight or too loose. I am 128lbs 5'6 and ordered a small. Love the pockets for two reasons. One, it will fit my phone. Two, when I sit my phone isn't resting on my thigh..which means it doesn't get caught or bumped on anything (desk, drawer, counter) The bottom of the pocket is at my hip bone. Hope this helps someone!",True,Size: MediumColor: Black,[],14,5413,641,https://www.amazon.com/product-reviews/B07T4YGZM2?pageNumber=2&filterByStar=all_stars&sortBy=helpful&formatType=all_formats,allStars,,"{'price': None, 'listPrice': None}",2024-01-04,United States,,B07T4YGZM2,0.8742
34,34,4,Good lightweight jacket,RV75DMW8MR0GR,https://www.amazon.com/gp/customer-reviews/RV75DMW8MR0GR/ref=cm_cr_arp_d_rvw_ttl?ie=UTF8&ASIN=B07T4YGZM2,,"Reviewed in the United States on January 6, 2024",I got this for work and it’s a good option for when you just need a light jacket,True,Size: XX-SmallColor: Black,[],15,5413,641,https://www.amazon.com/product-reviews/B07T4YGZM2?pageNumber=2&filterByStar=all_stars&sortBy=helpful&formatType=all_formats,allStars,,"{'price': None, 'listPrice': None}",2024-01-06,United States,,B07T4YGZM2,0.4404
35,35,5,Good quality,R1H6DBH49MRQZU,https://www.amazon.com/gp/customer-reviews/R1H6DBH49MRQZU/ref=cm_cr_arp_d_rvw_ttl?ie=UTF8&ASIN=B07T4YGZM2,,"Reviewed in the United States on February 24, 2024",Good quality,True,Size: SmallColor: Black,[],16,5413,641,https://www.amazon.com/product-reviews/B07T4YGZM2?pageNumber=2&filterByStar=all_stars&sortBy=helpful&formatType=all_formats,allStars,,"{'price': None, 'listPrice': None}",2024-02-24,United States,,B07T4YGZM2,0.4404
36,36,3,Not for me,R1Q1ZL6X4ZQG4,https://www.amazon.com/gp/customer-reviews/R1Q1ZL6X4ZQG4/ref=cm_cr_arp_d_rvw_ttl?ie=UTF8&ASIN=B07T4YGZM2,,"Reviewed in the United States on February 18, 2024","I’m a dental hygienist. I want to like this jacket but it is too warm for me. I can see how it would be great for a nurse who works in a cold environment. I’m not sure if the jacket shrank or if it came a little short. My scrub shirt is longer than the jacket and I’m not a fan of that. I’m a solid medium, 5’1” and weighs 130 Ibs.",True,Size: MediumColor: Black,[],17,5413,641,https://www.amazon.com/product-reviews/B07T4YGZM2?pageNumber=2&filterByStar=all_stars&sortBy=helpful&formatType=all_formats,allStars,,"{'price': None, 'listPrice': None}",2024-02-18,United States,,B07T4YGZM2,0.7854
37,37,3,OK,R3VIH0Z3Y3I5DF,https://www.amazon.com/gp/customer-reviews/R3VIH0Z3Y3I5DF/ref=cm_cr_arp_d_rvw_ttl?ie=UTF8&ASIN=B07T4YGZM2,,"Reviewed in the United States on April 1, 2024","Not awful, not great. I ended up returning it.",True,Size: SmallColor: Navy Blue,[],18,5413,641,https://www.amazon.com/product-reviews/B07T4YGZM2?pageNumber=2&filterByStar=all_stars&sortBy=helpful&formatType=all_formats,allStars,,"{'price': None, 'listPrice': None}",2024-04-01,United States,,B07T4YGZM2,0.6343
38,38,3,So far so good,RWVMN1O5OGBM9,https://www.amazon.com/gp/customer-reviews/RWVMN1O5OGBM9/ref=cm_cr_arp_d_rvw_ttl?ie=UTF8&ASIN=B07T4YGZM2,,"Reviewed in the United States on February 14, 2024",After reading some mixed reviews I was a little hesitant but I took a chance and ordered it. So far it has held up washing with other black clothing. I noticed a slight fade in color but not bad. I love the deep front pockets and the pen holder on the sleeve. Fit true to size. I’m 5’7 and 155 lbs,True,Size: MediumColor: Black,[],19,5413,641,https://www.amazon.com/product-reviews/B07T4YGZM2?pageNumber=2&filterByStar=all_stars&sortBy=helpful&formatType=all_formats,allStars,,"{'price': None, 'listPrice': None}",2024-02-14,United States,,B07T4YGZM2,0.8084
39,39,4,Doesnt retain heat,RWPSQ4RIIP2YD,https://www.amazon.com/gp/customer-reviews/RWPSQ4RIIP2YD/ref=cm_cr_arp_d_rvw_ttl?ie=UTF8&ASIN=B07T4YGZM2,One person found this helpful,"Reviewed in the United States on October 17, 2023","In all aspects this is a great hospital sweater. But it does NOT do anything for the cold. Just because of that I wouldn't buy again, because I need something for the cold for me.",True,Size: SmallColor: Black,[],20,5413,641,https://www.amazon.com/product-reviews/B07T4YGZM2?pageNumber=2&filterByStar=all_stars&sortBy=helpful&formatType=all_formats,allStars,,"{'price': None, 'listPrice': None}",2023-10-17,United States,,B07T4YGZM2,0.3716
40,40,5,Get it!,R23XGG5JQ98CCI,https://www.amazon.com/gp/customer-reviews/R23XGG5JQ98CCI/ref=cm_cr_arp_d_rvw_ttl?ie=UTF8&ASIN=B07T4YGZM2,,"Reviewed in the United States on September 23, 2023",Best scrubs jacket I've ever owned it's so soft and actually looks good,True,Size: X-SmallColor: Black,[],51,5413,641,https://www.amazon.com/product-reviews/B07T4YGZM2?pageNumber=6&filterByStar=all_stars&sortBy=helpful&formatType=all_formats,allStars,,"{'price': None, 'listPrice': None}",2023-09-23,United States,,B07T4YGZM2,0.7964
41,41,5,Good for the price,RGJ171Z0DKVRR,https://www.amazon.com/gp/customer-reviews/RGJ171Z0DKVRR/ref=cm_cr_arp_d_rvw_ttl?ie=UTF8&ASIN=B07T4YGZM2,One person found this helpful,"Reviewed in the United States on April 12, 2023","The use I got out of this matches the price. I wear it over my scrubs. It does not hold up well with many washes. But overall, I’d buy this again and again anyway. It fits so comfortably. Just make sure to wash it on the cold cycle so the color doesn’t fade.",True,Size: XX-SmallColor: Black,[],52,5413,641,https://www.amazon.com/product-reviews/B07T4YGZM2?pageNumber=6&filterByStar=all_stars&sortBy=helpful&formatType=all_formats,allStars,,"{'price': None, 'listPrice': None}",2023-04-12,United States,,B07T4YGZM2,0.816
42,42,5,Perfect,R2U623CTL9EH5,https://www.amazon.com/gp/customer-reviews/R2U623CTL9EH5/ref=cm_cr_arp_d_rvw_ttl?ie=UTF8&ASIN=B07T4YGZM2,,"Reviewed in the United States on May 17, 2023","This jacket is true to size.  It’s lightweight, but stretchy.  The outside is a jersey material and the inside is a stretchy/webbed material which is really comfortable and breathable.  I like this much better than other scrub jackets I’ve had.",True,Size: X-LargeColor: Pewter Color,[],53,5413,641,https://www.amazon.com/product-reviews/B07T4YGZM2?pageNumber=6&filterByStar=all_stars&sortBy=helpful&formatType=all_formats,allStars,,"{'price': None, 'listPrice': None}",2023-05-17,United States,,B07T4YGZM2,0.9311
43,43,5,Scrub jacket,R2EE1V0AUA4ZP7,https://www.amazon.com/gp/customer-reviews/R2EE1V0AUA4ZP7/ref=cm_cr_arp_d_rvw_ttl?ie=UTF8&ASIN=B07T4YGZM2,,"Reviewed in the United States on October 10, 2023",This works great as a scrub jacket.,True,Size: MediumColor: Black,[],54,5413,641,https://www.amazon.com/product-reviews/B07T4YGZM2?pageNumber=6&filterByStar=all_stars&sortBy=helpful&formatType=all_formats,allStars,,"{'price': None, 'listPrice': None}",2023-10-10,United States,,B07T4YGZM2,0.6249
44,44,5,Comfortable & durable,R2SECA2BMFPRHH,https://www.amazon.com/gp/customer-reviews/R2SECA2BMFPRHH/ref=cm_cr_arp_d_rvw_ttl?ie=UTF8&ASIN=B07T4YGZM2,2 people found this helpful,"Reviewed in the United States on June 1, 2023","Bought this jacket for work (nurse) and have no complaints here. It runs true to size and is comfortable. I love that it has big pockets so I can fit gloves, stethoscope, keys and phone! Would recommend.",True,Size: SmallColor: Black,[],55,5413,641,https://www.amazon.com/product-reviews/B07T4YGZM2?pageNumber=6&filterByStar=all_stars&sortBy=helpful&formatType=all_formats,allStars,,"{'price': None, 'listPrice': None}",2023-06-01,United States,,B07T4YGZM2,0.8994
45,45,2,Damaged product,RBP6Y7TXTHQIX,https://www.amazon.com/gp/customer-reviews/RBP6Y7TXTHQIX/ref=cm_cr_arp_d_rvw_ttl?ie=UTF8&ASIN=B07T4YGZM2,,"Reviewed in the United States on February 13, 2024","Product came with a hole at the shoulder seam, good jacket besides that.",True,Size: LargeColor: Black,[],56,5413,641,https://www.amazon.com/product-reviews/B07T4YGZM2?pageNumber=6&filterByStar=all_stars&sortBy=helpful&formatType=all_formats,allStars,,"{'price': None, 'listPrice': None}",2024-02-13,United States,,B07T4YGZM2,0.4404
46,46,3,Comfy but faded,RZ0BZ9GNB19IN,https://www.amazon.com/gp/customer-reviews/RZ0BZ9GNB19IN/ref=cm_cr_arp_d_rvw_ttl?ie=UTF8&ASIN=B07T4YGZM2,,"Reviewed in the United States on May 1, 2023","I bought this scrub jacket for work, it is very comfortable but it faded and now it just looks old and does not match the rest of my black scrubs and I only had it for less than 2 months",True,Size: SmallColor: Black,[],57,5413,641,https://www.amazon.com/product-reviews/B07T4YGZM2?pageNumber=6&filterByStar=all_stars&sortBy=helpful&formatType=all_formats,allStars,,"{'price': None, 'listPrice': None}",2023-05-01,United States,,B07T4YGZM2,0.3174
47,47,5,Cute and Comfy!,R3DUCX39Z4SWTM,https://www.amazon.com/gp/customer-reviews/R3DUCX39Z4SWTM/ref=cm_cr_arp_d_rvw_ttl?ie=UTF8&ASIN=B07T4YGZM2,,"Reviewed in the United States on March 6, 2023","Love this jacket for a scrub jacket. I bought it in white and in black. Comfy and I think even cuter in person than in the picture. The zipper is definitely different from the picture, but I think the one in real life is more professional and looks better.",True,Size: SmallColor: White,[],58,5413,641,https://www.amazon.com/product-reviews/B07T4YGZM2?pageNumber=6&filterByStar=all_stars&sortBy=helpful&formatType=all_formats,allStars,,"{'price': None, 'listPrice': None}",2023-03-06,United States,,B07T4YGZM2,0.8573
48,48,5,"Perfect fit, true to size, thin yet durable",R1HQLSXJTHF6Y2,https://www.amazon.com/gp/customer-reviews/R1HQLSXJTHF6Y2/ref=cm_cr_arp_d_rvw_ttl?ie=UTF8&ASIN=B07T4YGZM2,7 people found this helpful,"Reviewed in the United States on January 16, 2020","Fit:  Fits as I expected for my regular size.  The only caveat is that the sleeves are a bit long for petite women, but they're not overbearingly long.  The ""pinch at the waist"" is true to advertisement.  I have a problem with most hoodies bunching at the waist because it's so much smaller proportionately than my chest and butt.  Ladies with an hourglass figure should love the fit and I'm sure it will be flattering on thin women too. :)Function:  The cuffs are nice and tight, so no fighting with the ends of the sleeves, which is great because I work with my hands a lot at work.  The pockets are a great orientation where stuff won't fall out if you bend over a lot.  Love the loop on the back for easy hanging without putting an indentation in the material.Feel:  The material in thin enough to be comfortable while working but warm.  It's semi-breathable but thick enough to be durable.",True,Size: X-LargeColor: Black,[],59,5413,641,https://www.amazon.com/product-reviews/B07T4YGZM2?pageNumber=6&filterByStar=all_stars&sortBy=helpful&formatType=all_formats,allStars,,"{'price': None, 'listPrice': None}",2020-01-16,United States,,B07T4YGZM2,0.9922
49,49,5,Great for people with a shorter torso!,RKUSSIGOX6T6I,https://www.amazon.com/gp/customer-reviews/RKUSSIGOX6T6I/ref=cm_cr_arp_d_rvw_ttl?ie=UTF8&ASIN=B07T4YGZM2,4 people found this helpful,"Reviewed in the United States on March 28, 2022","This jacket is exactly what I have been looking for! I am 5""4', 44E, XL, broad shoulders and short torso so it's hard to find a comfortable jacket. I ordered an XL and the material is light and stretchy! It isn't a super warm so if you are looking for something to keep you warm but are interested in this jacket you should try it with a long sleeve underneath.  The pockets are also higher than usual and the angle is a little awkward but they are deep so I'm not afraid of anything falling out. It's definitely worth a try :)",True,Size: X-LargeColor: Pewter Color,"['https://m.media-amazon.com/images/I/61IlXpS3mQL._SY88.jpg', 'https://m.media-amazon.com/images/I/61JiBhvCmLL._SY88.jpg', 'https://m.media-amazon.com/images/I/61LrxD2-5bL._SY88.jpg', 'https://m.media-amazon.com/images/I/61n-kr3EerL._SY88.jpg']",60,5413,641,https://www.amazon.com/product-reviews/B07T4YGZM2?pageNumber=6&filterByStar=all_stars&sortBy=helpful&formatType=all_formats,allStars,,"{'price': None, 'listPrice': None}",2022-03-28,United States,,B07T4YGZM2,0.8944
50,50,5,BUY THIS YOU WILL NOT REGRET IT!!,R1Y08E5421TQK8,https://www.amazon.com/gp/customer-reviews/R1Y08E5421TQK8/ref=cm_cr_arp_d_rvw_ttl?ie=UTF8&ASIN=B07T4YGZM2,,"Reviewed in the United States on June 9, 2023",I swear I LOVE this jacket fits so good!! Flattering and has two deep pockets in the front!,True,Size: XX-SmallColor: Black,[],71,5413,641,https://www.amazon.com/product-reviews/B07T4YGZM2?pageNumber=8&filterByStar=all_stars&sortBy=helpful&formatType=all_formats,allStars,,"{'price': None, 'listPrice': None}",2023-06-09,United States,,B07T4YGZM2,0.9174
51,51,5,Comfortable and true to size,RH3DZ75NETGEF,https://www.amazon.com/gp/customer-reviews/RH3DZ75NETGEF/ref=cm_cr_arp_d_rvw_ttl?ie=UTF8&ASIN=B07T4YGZM2,,"Reviewed in the United States on October 20, 2022",Recently purchased. I actually thought this was a regular scrub jacket not knowing it was more like a regular jacket material wise. I like jackets that fit perfectly otherwise if the jacket is too big it gets in the way of me moving around during my work shift. I will definitely purchase this jacket in a few more colors.,True,Size: MediumColor: Navy Blue,[],72,5413,641,https://www.amazon.com/product-reviews/B07T4YGZM2?pageNumber=8&filterByStar=all_stars&sortBy=helpful&formatType=all_formats,allStars,,"{'price': None, 'listPrice': None}",2022-10-20,United States,,B07T4YGZM2,0.9523
52,52,5,So cute and comfy!,R2988C8J8Q0RXI,https://www.amazon.com/gp/customer-reviews/R2988C8J8Q0RXI/ref=cm_cr_arp_d_rvw_ttl?ie=UTF8&ASIN=B07T4YGZM2,,"Reviewed in the United States on March 15, 2023","I got this for working out and the nylon-feeling fabric is fairly breathable, but I’m going to get more and wear them to work (I’m a nurse). The pockets are big and the zipper works well.",True,Size: MediumColor: Navy Blue,[],73,5413,641,https://www.amazon.com/product-reviews/B07T4YGZM2?pageNumber=8&filterByStar=all_stars&sortBy=helpful&formatType=all_formats,allStars,,"{'price': None, 'listPrice': None}",2023-03-15,United States,,B07T4YGZM2,0.3919
53,53,5,Nice jacket but…,R30NH7MA8ODVZ9,https://www.amazon.com/gp/customer-reviews/R30NH7MA8ODVZ9/ref=cm_cr_arp_d_rvw_ttl?ie=UTF8&ASIN=B07T4YGZM2,,"Reviewed in the United States on March 8, 2023",What you can’t see when browsing is this jacket is a light weight fleece. Not really great in warm or hot weather in Texas!  But it fits well. And I will wear in  Spring & Fall.,True,Size: X-LargeColor: White,[],74,5413,641,https://www.amazon.com/product-reviews/B07T4YGZM2?pageNumber=8&filterByStar=all_stars&sortBy=helpful&formatType=all_formats,allStars,,"{'price': None, 'listPrice': None}",2023-03-08,United States,,B07T4YGZM2,0.3112
54,54,5,Nice Warm Up Jacket!,RNBTXMLJ7UMNZ,https://www.amazon.com/gp/customer-reviews/RNBTXMLJ7UMNZ/ref=cm_cr_arp_d_rvw_ttl?ie=UTF8&ASIN=B07T4YGZM2,,"Reviewed in the United States on August 7, 2023","Cozy, fits well over scrub top.Great item!",True,Size: MediumColor: Pewter Color,[],75,5413,641,https://www.amazon.com/product-reviews/B07T4YGZM2?pageNumber=8&filterByStar=all_stars&sortBy=helpful&formatType=all_formats,allStars,,"{'price': None, 'listPrice': None}",2023-08-07,United States,,B07T4YGZM2,0.3382
55,55,5,"Good quality, warm but not heavy",R1I0BO6SERCFQU,https://www.amazon.com/gp/customer-reviews/R1I0BO6SERCFQU/ref=cm_cr_arp_d_rvw_ttl?ie=UTF8&ASIN=B07T4YGZM2,,"Reviewed in the United States on July 16, 2022",I bought this to wear with my scrubs as a warm up jacket. I like it a lot! It’s thick and good quality without being too heavy. It is also flattering and cuts in around the waist and flairs at the hips. I’m a mid to plus size girl and happily zip it up with ease and it doesn’t hug to all the wrong places.,True,Size: LargeColor: White,[],76,5413,641,https://www.amazon.com/product-reviews/B07T4YGZM2?pageNumber=8&filterByStar=all_stars&sortBy=helpful&formatType=all_formats,allStars,,"{'price': None, 'listPrice': None}",2022-07-16,United States,,B07T4YGZM2,0.9151
56,56,4,Awkward fit,RGTT10CGPEN85,https://www.amazon.com/gp/customer-reviews/RGTT10CGPEN85/ref=cm_cr_arp_d_rvw_ttl?ie=UTF8&ASIN=B07T4YGZM2,One person found this helpful,"Reviewed in the United States on January 2, 2022",The zip up is made of quality material that is very comfortable but it's VERY short.  It's almost like a belly shirt on me.  I bought it to use as a scrub jacket but I can't because of how short it is.  I gave it to my son instead.,True,Size: SmallColor: Navy Blue,[],77,5413,641,https://www.amazon.com/product-reviews/B07T4YGZM2?pageNumber=8&filterByStar=all_stars&sortBy=helpful&formatType=all_formats,allStars,,"{'price': None, 'listPrice': None}",2022-01-02,United States,,B07T4YGZM2,0.6258
57,57,4,"Very comfortable, looks professional, but order a size up!",RLIIAR8K4BOWF,https://www.amazon.com/gp/customer-reviews/RLIIAR8K4BOWF/ref=cm_cr_arp_d_rvw_ttl?ie=UTF8&ASIN=B07T4YGZM2,One person found this helpful,"Reviewed in the United States on February 5, 2021","Good light jacket for use indoors when the building is a little chilly. I’m 5’2 120lbs and it fit me a little large when I first tried it on upon opening, but after washing and drying it, it is has shrunk down a whole size. So it is more fitted now which I don’t necessarily mind just wish it was a little more roomy. Definitely order one size up for when you wash and dry, or just wash and hang dry like I will from now on.",True,Size: SmallColor: Black,[],78,5413,641,https://www.amazon.com/product-reviews/B07T4YGZM2?pageNumber=8&filterByStar=all_stars&sortBy=helpful&formatType=all_formats,allStars,,"{'price': None, 'listPrice': None}",2021-02-05,United States,,B07T4YGZM2,0.9197
58,58,5,As expected,R1XURQOIK05KY4,https://www.amazon.com/gp/customer-reviews/R1XURQOIK05KY4/ref=cm_cr_arp_d_rvw_ttl?ie=UTF8&ASIN=B07T4YGZM2,2 people found this helpful,"Reviewed in the United States on July 2, 2023",Comfortable top fits well. Has a two way stretch,True,Size: SmallColor: White,[],79,5413,641,https://www.amazon.com/product-reviews/B07T4YGZM2?pageNumber=8&filterByStar=all_stars&sortBy=helpful&formatType=all_formats,allStars,,"{'price': None, 'listPrice': None}",2023-07-02,United States,,B07T4YGZM2,0.7351
59,59,4,Snug fit,R2TP9NB56XMKUA,https://www.amazon.com/gp/customer-reviews/R2TP9NB56XMKUA/ref=cm_cr_arp_d_rvw_ttl?ie=UTF8&ASIN=B07T4YGZM2,,"Reviewed in the United States on January 6, 2022","This jacket fit pretty snug. I ordered a large because I usually wear a size bigger in jackets, however, it did fit nicely but a bit snug around the arms. Good thing that it’s pretty stretchy otherwise it wouldn’t feel comfortable at all! I ended up ordering more colors.",True,Size: LargeColor: Black,[],80,5413,641,https://www.amazon.com/product-reviews/B07T4YGZM2?pageNumber=8&filterByStar=all_stars&sortBy=helpful&formatType=all_formats,allStars,,"{'price': None, 'listPrice': None}",2022-01-06,United States,,B07T4YGZM2,0.9609
60,60,4,Great jacket for work,R11WQES6HEUTL7,https://www.amazon.com/gp/customer-reviews/R11WQES6HEUTL7/ref=cm_cr_arp_d_rvw_ttl?ie=UTF8&ASIN=B07T4YGZM2,,"Reviewed in the United States on November 17, 2022","Like the jacket overall. It's comfy, just a little boxy so it's not the most flattering but I love that it's not long like most jackets.",True,Size: SmallColor: Black,[],61,5413,641,https://www.amazon.com/product-reviews/B07T4YGZM2?pageNumber=7&filterByStar=all_stars&sortBy=helpful&formatType=all_formats,allStars,,"{'price': None, 'listPrice': None}",2022-11-17,United States,,B07T4YGZM2,0.6899
61,61,5,Buy this!,RFSP9587GCT2T,https://www.amazon.com/gp/customer-reviews/RFSP9587GCT2T/ref=cm_cr_arp_d_rvw_ttl?ie=UTF8&ASIN=B07T4YGZM2,2 people found this helpful,"Reviewed in the United States on June 26, 2023",Fits perfect! I upseize and it literally fits perfectly so I would say you upsize other than that it great,True,Size: X-LargeColor: Black,[],62,5413,641,https://www.amazon.com/product-reviews/B07T4YGZM2?pageNumber=7&filterByStar=all_stars&sortBy=helpful&formatType=all_formats,allStars,,"{'price': None, 'listPrice': None}",2023-06-26,United States,,B07T4YGZM2,0.923
62,62,5,Great scrub jacket,R1SZXODET2V7N9,https://www.amazon.com/gp/customer-reviews/R1SZXODET2V7N9/ref=cm_cr_arp_d_rvw_ttl?ie=UTF8&ASIN=B07T4YGZM2,,"Reviewed in the United States on April 3, 2023",This is my second one! I wear this everyday. It is lightweight enough to wear all day long. Also heavy enough to keep me from freezing. I like the stretch. I prefer this one over my super expensive one.,True,Size: MediumColor: Black,[],63,5413,641,https://www.amazon.com/product-reviews/B07T4YGZM2?pageNumber=7&filterByStar=all_stars&sortBy=helpful&formatType=all_formats,allStars,,"{'price': None, 'listPrice': None}",2023-04-03,United States,,B07T4YGZM2,0.7424
63,63,5,Perfect!,R9T6MQFHUWOSG,https://www.amazon.com/gp/customer-reviews/R9T6MQFHUWOSG/ref=cm_cr_arp_d_rvw_ttl?ie=UTF8&ASIN=B07T4YGZM2,One person found this helpful,"Reviewed in the United States on June 1, 2023","It fits exactly right, good material, and keeps me warm. It is a good choice for if your needing a jacket that fits the scrub dress code.",True,Size: X-SmallColor: Black,[],64,5413,641,https://www.amazon.com/product-reviews/B07T4YGZM2?pageNumber=7&filterByStar=all_stars&sortBy=helpful&formatType=all_formats,allStars,,"{'price': None, 'listPrice': None}",2023-06-01,United States,,B07T4YGZM2,0.7717
64,64,5,Very cute work jacket,RAEBOIE5YDGD7,https://www.amazon.com/gp/customer-reviews/RAEBOIE5YDGD7/ref=cm_cr_arp_d_rvw_ttl?ie=UTF8&ASIN=B07T4YGZM2,One person found this helpful,"Reviewed in the United States on June 20, 2023",I love this jacket because it is cute and lightweight but strong… I work in a cold atmosphere and it’s perfect,True,Size: X-LargeColor: Navy Blue,[],65,5413,641,https://www.amazon.com/product-reviews/B07T4YGZM2?pageNumber=7&filterByStar=all_stars&sortBy=helpful&formatType=all_formats,allStars,,"{'price': None, 'listPrice': None}",2023-06-20,United States,,B07T4YGZM2,0.8641
65,65,5,Cute and lightweight,R1BKEMUSEBWJ1M,https://www.amazon.com/gp/customer-reviews/R1BKEMUSEBWJ1M/ref=cm_cr_arp_d_rvw_ttl?ie=UTF8&ASIN=B07T4YGZM2,,"Reviewed in the United States on May 11, 2023","Be warned it's a LIGHTWEIGHT (Thin) jacket. Cute, flattering, and won't have you freezing under the AC. If an underscrub were a jacket, this would be it",True,Size: X-SmallColor: Navy Blue,[],66,5413,641,https://www.amazon.com/product-reviews/B07T4YGZM2?pageNumber=7&filterByStar=all_stars&sortBy=helpful&formatType=all_formats,allStars,,"{'price': None, 'listPrice': None}",2023-05-11,United States,,B07T4YGZM2,0.5417
66,66,3,Wanted more stretch,RGRGSX9RR6BXY,https://www.amazon.com/gp/customer-reviews/RGRGSX9RR6BXY/ref=cm_cr_arp_d_rvw_ttl?ie=UTF8&ASIN=B07T4YGZM2,,"Reviewed in the United States on March 18, 2023",I bought this sweater to wear to work. It ended up not being as stretchy and comfortable as I wanted so I didn’t wear it much.I would side up if you want it and know that it is a cotton sweater that has minimal stretch.,True,Size: MediumColor: Black,[],67,5413,641,https://www.amazon.com/product-reviews/B07T4YGZM2?pageNumber=7&filterByStar=all_stars&sortBy=helpful&formatType=all_formats,allStars,,"{'price': None, 'listPrice': None}",2023-03-18,United States,,B07T4YGZM2,0.5574
67,67,4,Lightweight cover up,R8M50LS20818Z,https://www.amazon.com/gp/customer-reviews/R8M50LS20818Z/ref=cm_cr_arp_d_rvw_ttl?ie=UTF8&ASIN=B07T4YGZM2,,"Reviewed in the United States on April 27, 2022","Very lightweight.  Perfect when you don't need the warmth of a sweater but do want to cover your arms.  My only issue with this is sometimes the zipper doesn't work properly.  The teeth don't catch and zipper comes open.  Since I rarely zip it, I'm keeping the jacket.",True,Size: X-LargeColor: Navy Blue,[],68,5413,641,https://www.amazon.com/product-reviews/B07T4YGZM2?pageNumber=7&filterByStar=all_stars&sortBy=helpful&formatType=all_formats,allStars,,"{'price': None, 'listPrice': None}",2022-04-27,United States,,B07T4YGZM2,0.2958
68,68,3,Not very soft material,R3TME6JC09X368,https://www.amazon.com/gp/customer-reviews/R3TME6JC09X368/ref=cm_cr_arp_d_rvw_ttl?ie=UTF8&ASIN=B07T4YGZM2,2 people found this helpful,"Reviewed in the United States on October 16, 2022","I purchased this jacket to wear with my scrubs at work and it is lightweight and fits TTS. I am 5f6i and weigh 140 lbs and got a small which is the size I always get. The small fits exactly how I wanted it to. That is the extent of the positive aspects of this jacket. The material is nowhere near as comfortable as I thought it was going to be. It’s not soft and it is not very comfortable. If you’re looking for just a basic jacket to wear, then this is fine, just not great.",True,Size: SmallColor: Black,[],69,5413,641,https://www.amazon.com/product-reviews/B07T4YGZM2?pageNumber=7&filterByStar=all_stars&sortBy=helpful&formatType=all_formats,allStars,,"{'price': None, 'listPrice': None}",2022-10-16,United States,,B07T4YGZM2,-0.5103
69,69,4,White light Weight jacket,R2P5R784Z23WGO,https://www.amazon.com/gp/customer-reviews/R2P5R784Z23WGO/ref=cm_cr_arp_d_rvw_ttl?ie=UTF8&ASIN=B07T4YGZM2,,"Reviewed in the United States on April 3, 2022","I ordered a large - I normally 8-10 top, so I decided to go with a large. Perfect, I will prob order another in a different color.Also protects my arms from the sun when walking and in the car.Zipper works well, very smooth.Pockets are different and items cannot fall out👍.",True,Size: LargeColor: White,[],70,5413,641,https://www.amazon.com/product-reviews/B07T4YGZM2?pageNumber=7&filterByStar=all_stars&sortBy=helpful&formatType=all_formats,allStars,,"{'price': None, 'listPrice': None}",2022-04-03,United States,,B07T4YGZM2,0.836
70,70,3,Runs small,R3LGHPEHE9FMZW,https://www.amazon.com/gp/customer-reviews/R3LGHPEHE9FMZW/ref=cm_cr_arp_d_rvw_ttl?ie=UTF8&ASIN=B07T4YGZM2,,"Reviewed in the United States on December 30, 2023",Runs small size up,True,Size: SmallColor: Black,[],31,5413,641,https://www.amazon.com/product-reviews/B07T4YGZM2?pageNumber=4&filterByStar=all_stars&sortBy=helpful&formatType=all_formats,allStars,,"{'price': None, 'listPrice': None}",2023-12-30,United States,,B07T4YGZM2,0.0
71,71,5,Muy ligero y cómodo,R3UMR53RZR9659,https://www.amazon.com/gp/customer-reviews/R3UMR53RZR9659/ref=cm_cr_arp_d_rvw_ttl?ie=UTF8&ASIN=B07T4YGZM2,,"Reviewed in the United States on November 23, 2023","Me gusta que esta calientito y no te estorba al trabajar, puedes andar con suéter todo el día.",True,Size: SmallColor: Black,[],32,5413,641,https://www.amazon.com/product-reviews/B07T4YGZM2?pageNumber=4&filterByStar=all_stars&sortBy=helpful&formatType=all_formats,allStars,,"{'price': None, 'listPrice': None}",2023-11-23,United States,,B07T4YGZM2,-0.296
72,72,4,Fits a bit small,R2AZ30F3YQBMGV,https://www.amazon.com/gp/customer-reviews/R2AZ30F3YQBMGV/ref=cm_cr_arp_d_rvw_ttl?ie=UTF8&ASIN=B07T4YGZM2,One person found this helpful,"Reviewed in the United States on December 31, 2022","This warm up is very comfortable. The size runs a bit small, but not enough to size up. The cuffs do not stretch out after wearing often. The zipper is well made. It is easy to move in and I have not experienced any pilling. I have washed and dried it multiple times and it keeps shape and has not faded. I feel it is of good quality and priced well.",True,Size: MediumColor: Pewter Color,[],33,5413,641,https://www.amazon.com/product-reviews/B07T4YGZM2?pageNumber=4&filterByStar=all_stars&sortBy=helpful&formatType=all_formats,allStars,,"{'price': None, 'listPrice': None}",2022-12-31,United States,,B07T4YGZM2,0.9408
73,73,3,May not be worth it,RSUTY85CF2GAV,https://www.amazon.com/gp/customer-reviews/RSUTY85CF2GAV/ref=cm_cr_arp_d_rvw_ttl?ie=UTF8&ASIN=B07T4YGZM2,One person found this helpful,"Reviewed in the United States on August 6, 2023","One pair, out of 5 purchased, had the shoulder strap tear off with the first wash. It's still hanging on by sturdy threading on one side so I need to find a sewing kit to stitch that other side back into the fabric. Otherwise seems decent. Based off the material, they don't give me the vibe that they will last very long though.",True,Size: X-SmallColor: Black,[],34,5413,641,https://www.amazon.com/product-reviews/B07T4YGZM2?pageNumber=4&filterByStar=all_stars&sortBy=helpful&formatType=all_formats,allStars,,"{'price': None, 'listPrice': None}",2023-08-06,United States,,B07T4YGZM2,0.0
74,74,5,Warm and comfortable,R2S7K5ZXHGE5II,https://www.amazon.com/gp/customer-reviews/R2S7K5ZXHGE5II/ref=cm_cr_arp_d_rvw_ttl?ie=UTF8&ASIN=B07T4YGZM2,,"Reviewed in the United States on November 4, 2023","This jacket is very warm, comfortable, stretchy and goes so well with the scrubs.",True,Size: SmallColor: Navy Blue,[],35,5413,641,https://www.amazon.com/product-reviews/B07T4YGZM2?pageNumber=4&filterByStar=all_stars&sortBy=helpful&formatType=all_formats,allStars,,"{'price': None, 'listPrice': None}",2023-11-04,United States,,B07T4YGZM2,0.8182
75,75,4,Great as scrub uniform top,RMAU4BIR7S8Z4,https://www.amazon.com/gp/customer-reviews/RMAU4BIR7S8Z4/ref=cm_cr_arp_d_rvw_ttl?ie=UTF8&ASIN=B07T4YGZM2,4 people found this helpful,"Reviewed in the United States on July 1, 2023",Tend to shrink after wash,True,Size: XX-LargeColor: Pewter Color,[],36,5413,641,https://www.amazon.com/product-reviews/B07T4YGZM2?pageNumber=4&filterByStar=all_stars&sortBy=helpful&formatType=all_formats,allStars,,"{'price': None, 'listPrice': None}",2023-07-01,United States,,B07T4YGZM2,0.0
76,76,4,Exactly what I was looking for,R2MC76O2ET3PR4,https://www.amazon.com/gp/customer-reviews/R2MC76O2ET3PR4/ref=cm_cr_arp_d_rvw_ttl?ie=UTF8&ASIN=B07T4YGZM2,,"Reviewed in the United States on September 3, 2022","The first jacket I ordered had a faulty zipper so I was nervous about quality when I ordered a replacement. I got the new one in and it's just want I was looking for. I need a light jacket for travel and the office and we can't wear hoodies with our dress code. This is casual but flattering. The only weird part is the pocket placement. Asthetically, they look good where they are but if you are like me and put your hands in your pockets a lot, the position is a little awkward/unnatural.",True,Size: LargeColor: Pewter Color,[],37,5413,641,https://www.amazon.com/product-reviews/B07T4YGZM2?pageNumber=4&filterByStar=all_stars&sortBy=helpful&formatType=all_formats,allStars,,"{'price': None, 'listPrice': None}",2022-09-03,United States,,B07T4YGZM2,0.8026
77,77,5,Incredibly comfortable,R1IHSQ9VKWOX5Y,https://www.amazon.com/gp/customer-reviews/R1IHSQ9VKWOX5Y/ref=cm_cr_arp_d_rvw_ttl?ie=UTF8&ASIN=B07T4YGZM2,,"Reviewed in the United States on October 10, 2023",I got this jacket for working at the hospital and have been satisfied with how comfortable and stretchy it is,True,Size: X-SmallColor: Black,[],38,5413,641,https://www.amazon.com/product-reviews/B07T4YGZM2?pageNumber=4&filterByStar=all_stars&sortBy=helpful&formatType=all_formats,allStars,,"{'price': None, 'listPrice': None}",2023-10-10,United States,,B07T4YGZM2,0.7269
78,78,5,Very comfortable jacket!,R10EOAZCFPUXFT,https://www.amazon.com/gp/customer-reviews/R10EOAZCFPUXFT/ref=cm_cr_arp_d_rvw_ttl?ie=UTF8&ASIN=B07T4YGZM2,,"Reviewed in the United States on November 8, 2023",It is nice and true to size.,True,Size: X-LargeColor: Black,[],39,5413,641,https://www.amazon.com/product-reviews/B07T4YGZM2?pageNumber=4&filterByStar=all_stars&sortBy=helpful&formatType=all_formats,allStars,,"{'price': None, 'listPrice': None}",2023-11-08,United States,,B07T4YGZM2,0.6808
79,79,4,Amazing find but gets stained easy.,R2S8V6WYRIOZ0O,https://www.amazon.com/gp/customer-reviews/R2S8V6WYRIOZ0O/ref=cm_cr_arp_d_rvw_ttl?ie=UTF8&ASIN=B07T4YGZM2,One person found this helpful,"Reviewed in the United States on April 18, 2023","The fit is really nice and it’s good quality. unfortunately it stains easy, i would buy this again though.",True,Size: LargeColor: Navy Blue,[],40,5413,641,https://www.amazon.com/product-reviews/B07T4YGZM2?pageNumber=4&filterByStar=all_stars&sortBy=helpful&formatType=all_formats,allStars,,"{'price': None, 'listPrice': None}",2023-04-18,United States,,B07T4YGZM2,0.8399
80,80,5,Nice Jacket,R1NHHQP66ULI3P,https://www.amazon.com/gp/customer-reviews/R1NHHQP66ULI3P/ref=cm_cr_arp_d_rvw_ttl?ie=UTF8&ASIN=B07T4YGZM2,2 people found this helpful,"Reviewed in the United States on March 20, 2023","I really like this jacket .. it fits perfect, I love the material it’s so lightweight And soft . It goes just below the butt, I ordered white. I’m 5’5 &160p. I got an extra large. I don’t want it to shrink, so I’m going to wash it in cold water & tumble dry on low.And I ordered it on the 19th and received it the morning of the 20th.. I’m ordering a few more in different colors I’m so happy with this purchase.",True,Size: X-LargeColor: White,[],41,5413,641,https://www.amazon.com/product-reviews/B07T4YGZM2?pageNumber=5&filterByStar=all_stars&sortBy=helpful&formatType=all_formats,allStars,,"{'price': None, 'listPrice': None}",2023-03-20,United States,,B07T4YGZM2,0.9496
81,81,4,"cute, functional, comfy, good quality",RL81GM4F40Z9V,https://www.amazon.com/gp/customer-reviews/RL81GM4F40Z9V/ref=cm_cr_arp_d_rvw_ttl?ie=UTF8&ASIN=B07T4YGZM2,One person found this helpful,"Reviewed in the United States on June 30, 2022","EDIT: The zipper just broke off completely in approximately washing #4, so I knocked this down from 5 to 4 stars.I've been wearing and washing this jacket constantly since it arrived about a month ago. The medium fits perfectly as expected. The arms are long enough for me at 5'8"", which is a pleasant surprise. The fabric is stiff enough to look great but soft and stretchy enough that I can wear it to bed when my postpartum exhaustion knocks me out early. Great purchase, i'll be checking out other colors.",True,Size: MediumColor: Pewter Color,[],42,5413,641,https://www.amazon.com/product-reviews/B07T4YGZM2?pageNumber=5&filterByStar=all_stars&sortBy=helpful&formatType=all_formats,allStars,,"{'price': None, 'listPrice': None}",2022-06-30,United States,,B07T4YGZM2,0.8537
82,82,5,true to size,R2VZ0ZWRS5J4DW,https://www.amazon.com/gp/customer-reviews/R2VZ0ZWRS5J4DW/ref=cm_cr_arp_d_rvw_ttl?ie=UTF8&ASIN=B07T4YGZM2,One person found this helpful,"Reviewed in the United States on November 18, 2023",light and soft,True,Size: XX-LargeColor: Caribbean,[],43,5413,641,https://www.amazon.com/product-reviews/B07T4YGZM2?pageNumber=5&filterByStar=all_stars&sortBy=helpful&formatType=all_formats,allStars,,"{'price': None, 'listPrice': None}",2023-11-18,United States,,B07T4YGZM2,0.0
83,83,4,Fits well,R101DGPV1KCPPI,https://www.amazon.com/gp/customer-reviews/R101DGPV1KCPPI/ref=cm_cr_arp_d_rvw_ttl?ie=UTF8&ASIN=B07T4YGZM2,One person found this helpful,"Reviewed in the United States on June 20, 2023",Nothing,True,Size: SmallColor: Royal Blue,[],44,5413,641,https://www.amazon.com/product-reviews/B07T4YGZM2?pageNumber=5&filterByStar=all_stars&sortBy=helpful&formatType=all_formats,allStars,,"{'price': None, 'listPrice': None}",2023-06-20,United States,,B07T4YGZM2,0.0
84,84,5,Comfortable,R2RYBOC898UYY1,https://www.amazon.com/gp/customer-reviews/R2RYBOC898UYY1/ref=cm_cr_arp_d_rvw_ttl?ie=UTF8&ASIN=B07T4YGZM2,,"Reviewed in the United States on November 5, 2023",Comfortable and great for the price,True,Size: MediumColor: Black,[],45,5413,641,https://www.amazon.com/product-reviews/B07T4YGZM2?pageNumber=5&filterByStar=all_stars&sortBy=helpful&formatType=all_formats,allStars,,"{'price': None, 'listPrice': None}",2023-11-05,United States,,B07T4YGZM2,0.8126
85,85,3,Nice jacket,R1154FOHCFLO5Q,https://www.amazon.com/gp/customer-reviews/R1154FOHCFLO5Q/ref=cm_cr_arp_d_rvw_ttl?ie=UTF8&ASIN=B07T4YGZM2,,"Reviewed in the United States on September 6, 2023",Love the jacket I could have gone up a size I got a medium it fits but it can be a little looser overall nice and has pockets.,True,Size: MediumColor: Black,[],46,5413,641,https://www.amazon.com/product-reviews/B07T4YGZM2?pageNumber=5&filterByStar=all_stars&sortBy=helpful&formatType=all_formats,allStars,,"{'price': None, 'listPrice': None}",2023-09-06,United States,,B07T4YGZM2,0.71
86,86,5,So comfy,RIX54ZHRM2410,https://www.amazon.com/gp/customer-reviews/RIX54ZHRM2410/ref=cm_cr_arp_d_rvw_ttl?ie=UTF8&ASIN=B07T4YGZM2,One person found this helpful,"Reviewed in the United States on September 25, 2023",It’s stretchy and has big pockets and comfortable. It doesn’t keep u to warm but warmer with it than without,True,Size: MediumColor: Black,"['https://m.media-amazon.com/images/I/61L9QqKFp2L._SY88.jpg', 'https://m.media-amazon.com/images/I/61Q-IQuudPL._SY88.jpg', 'https://m.media-amazon.com/images/I/61flDf3drsL._SY88.jpg']",47,5413,641,https://www.amazon.com/product-reviews/B07T4YGZM2?pageNumber=5&filterByStar=all_stars&sortBy=helpful&formatType=all_formats,allStars,,"{'price': None, 'listPrice': None}",2023-09-25,United States,,B07T4YGZM2,0.6597
87,87,5,Comfortable,R36O77SPZK39W4,https://www.amazon.com/gp/customer-reviews/R36O77SPZK39W4/ref=cm_cr_arp_d_rvw_ttl?ie=UTF8&ASIN=B07T4YGZM2,2 people found this helpful,"Reviewed in the United States on October 15, 2023",This jacket fits comfortably and looks good.,True,Size: XX-LargeColor: Black,[],48,5413,641,https://www.amazon.com/product-reviews/B07T4YGZM2?pageNumber=5&filterByStar=all_stars&sortBy=helpful&formatType=all_formats,allStars,,"{'price': None, 'listPrice': None}",2023-10-15,United States,,B07T4YGZM2,0.6908
88,88,5,Comfortable,R1WN6K8W99U0V5,https://www.amazon.com/gp/customer-reviews/R1WN6K8W99U0V5/ref=cm_cr_arp_d_rvw_ttl?ie=UTF8&ASIN=B07T4YGZM2,One person found this helpful,"Reviewed in the United States on October 5, 2023",So soft and comfy. Stylish and a great value for the money,True,Size: X-LargeColor: Black,[],49,5413,641,https://www.amazon.com/product-reviews/B07T4YGZM2?pageNumber=5&filterByStar=all_stars&sortBy=helpful&formatType=all_formats,allStars,,"{'price': None, 'listPrice': None}",2023-10-05,United States,,B07T4YGZM2,0.7579
89,89,4,It's runs a lil big so if ur size medium u should get small because the fabric stretches,R2Q1UYXNZ95U1N,https://www.amazon.com/gp/customer-reviews/R2Q1UYXNZ95U1N/ref=cm_cr_arp_d_rvw_ttl?ie=UTF8&ASIN=B07T4YGZM2,,"Reviewed in the United States on March 5, 2023",It fit me ok ... and the sizes run bigger if ur medium u should order small it stretches,True,Size: MediumColor: White,[],50,5413,641,https://www.amazon.com/product-reviews/B07T4YGZM2?pageNumber=5&filterByStar=all_stars&sortBy=helpful&formatType=all_formats,allStars,,"{'price': None, 'listPrice': None}",2023-03-05,United States,,B07T4YGZM2,0.5719
