,Unnamed: 0,ratingScore,reviewTitle,reviewId,reviewUrl,reviewReaction,reviewedIn,reviewDescription,isVerified,variant,reviewImages,position,totalCategoryRatings,totalCategoryReviews,reviewCategoryUrl,filterByRating,filterByKeyword,product,date,country,countryCode,productAsin,sentiment_score
0,0,5,Very impressive for $50,RMXVT0ZH46F18,https://www.amazon.com/gp/customer-reviews/RMXVT0ZH46F18/ref=cm_cr_arp_d_rvw_ttl?ie=UTF8&ASIN=B07VNFJDPJ,42 people found this helpful,"Reviewed in the United States on November 18, 2022","Let me start by saying that I have not had this jacket long enough to know how it will hold up over time but so far this jacket is amazing.FitAt 6'2"" / 200 (long legs) I was tempted to get the XL but got the Large as I wanted something really light as I have a full winter coat but could not be happier with sizing of the Large.MaterialsThis jacket has a really soft and water resistant outer skin.  I placed my arm under my water spigot and the water just bounced off and two quick shakes of my arm and it was dry.  The inner liner is very good at storing body heat so you could probably get away with this being a three season jacket if you live in an area with relatively mild winters.FeaturesThere are four pockets on the jacket I have, two traditional waist-level jacket pockets on the left and right with an inner pocket and an outer left arm pocket.  The two hand pockets are decent but a little shallower than I expected.  The inner pocket is nicely sized and readily falls to hand.  I will likely never use left arm pocket as it feels odd to access and awkward to zip back up.  Speaking of zippers, all of them appear to be of at least decent quality as the zippers feel decently robust and the tracks are metal.  It is a bit annoying that the main zipper on this jacket is on the left which is different than any other jacket I have owned and takes a little brain retraining to get use to.OverallI have spent a lot of money on jackets in the past but also got my money's worth.  I went a bit cheaper this time but I am pretty impressed even in the short time I've worn this one.  I will add an edit if this impression changes due to unexpected quirks or wear.December 2023 Update: 2nd JacketThis jacket has been great and despite rolling around on concrete more often than I cared to as well as doing a lot of other more tasks that would cause wear, I bought a new one to wear when going out.  I am happy to report that the new one has the zipper on the traditional western right side of the jacket and there appears to be more insulation in it as well (still not bulky though).  I am still using the previous one for working on cars and such.",True,Size: LargeColor: Black,[],1,7097,1167,https://www.amazon.com/product-reviews/B07VNFJDPJ?pageNumber=1&filterByStar=all_stars&sortBy=helpful&formatType=all_formats,allStars,,"{'price': None, 'listPrice': None}",2022-11-18,United States,,B07VNFJDPJ,0.9915
1,1,5,This is a nice Men Jackets for any ovcasion.,R3ET2D6ALBDYB2,https://www.amazon.com/gp/customer-reviews/R3ET2D6ALBDYB2/ref=cm_cr_arp_d_rvw_ttl?ie=UTF8&ASIN=B07VNFJDPJ,One person found this helpful,"Reviewed in the United States on March 21, 2024","I purchased on Amazon last year on December 2023, that Tacvasen Men's Jackets. This is pretty warm Jacket to wear for anny occasion and it fit very well, then comfortable, and the price is  affortable. It deserve 5 stars.",True,Size: MediumColor: Black,"['https://m.media-amazon.com/images/I/614re72St6L._SY88.jpg', 'https://m.media-amazon.com/images/I/713HI4iIk1L._SY88.jpg']",2,7097,1167,https://www.amazon.com/product-reviews/B07VNFJDPJ?pageNumber=1&filterByStar=all_stars&sortBy=helpful&formatType=all_formats,allStars,,"{'price': None, 'listPrice': None}",2024-03-21,United States,,B07VNFJDPJ,0.9225
2,2,4,Nice jacket,R14MN9XGOIWJM,https://www.amazon.com/gp/customer-reviews/R14MN9XGOIWJM/ref=cm_cr_arp_d_rvw_ttl?ie=UTF8&ASIN=B07VNFJDPJ,7 people found this helpful,"Reviewed in the United States on December 6, 2023","The jacket appears to be well-made, the fit is right, and it seems to be pretty warm. However, I am just wondering, it says men’s jacket fits like a men’s jacket but the zipper is on the opposite side you would find woman’s jacket or coat! I guess I’ll get used to it because I intend on keeping it.",True,Size: SmallColor: Blue Green,[],3,7097,1167,https://www.amazon.com/product-reviews/B07VNFJDPJ?pageNumber=1&filterByStar=all_stars&sortBy=helpful&formatType=all_formats,allStars,,"{'price': None, 'listPrice': None}",2023-12-06,United States,,B07VNFJDPJ,0.6533
3,3,5,Very Cute!,RR9IY88K1RXNF,https://www.amazon.com/gp/customer-reviews/RR9IY88K1RXNF/ref=cm_cr_arp_d_rvw_ttl?ie=UTF8&ASIN=B07VNFJDPJ,2 people found this helpful,"Reviewed in the United States on March 5, 2024","This jacket fits nicely, the lining adds a hint of fun, and has a inside pocket. The jacket is holds up well in a light sprinkle, not not in the snow. It's a great jacket overall, warm and comfortable.",True,Size: MediumColor: Dark Grey,[],4,7097,1167,https://www.amazon.com/product-reviews/B07VNFJDPJ?pageNumber=1&filterByStar=all_stars&sortBy=helpful&formatType=all_formats,allStars,,"{'price': None, 'listPrice': None}",2024-03-05,United States,,B07VNFJDPJ,0.9485
4,4,5,Christmas gift,R3J08VXJ59422X,https://www.amazon.com/gp/customer-reviews/R3J08VXJ59422X/ref=cm_cr_arp_d_rvw_ttl?ie=UTF8&ASIN=B07VNFJDPJ,One person found this helpful,"Reviewed in the United States on February 12, 2024","I purchased this for my husband for Christmas. He was wanting a heavy winter jacket. He likes that it is fashionable and versatile. It has plenty of pockets he says so that’s a plus I think it looks good on him and it fits really well. It looks pretty durable, he likes it so I’m happy, and I think he’s happy too about this purchase.",True,Size: XX-LargeColor: Black,[],5,7097,1167,https://www.amazon.com/product-reviews/B07VNFJDPJ?pageNumber=1&filterByStar=all_stars&sortBy=helpful&formatType=all_formats,allStars,,"{'price': None, 'listPrice': None}",2024-02-12,United States,,B07VNFJDPJ,0.9684
5,5,5,Very good “mid weight” jacket,R3MA8YE3PFLYWU,https://www.amazon.com/gp/customer-reviews/R3MA8YE3PFLYWU/ref=cm_cr_arp_d_rvw_ttl?ie=UTF8&ASIN=B07VNFJDPJ,One person found this helpful,"Reviewed in the United States on February 15, 2024",Jacket is a very good fit with ultra waterproof outer material and deep zippered pockets.  Only criticism is a stubborn somewhat sticky zipper but a little lubricant does the trick.,True,Size: LargeColor: Color Black,[],6,7097,1167,https://www.amazon.com/product-reviews/B07VNFJDPJ?pageNumber=1&filterByStar=all_stars&sortBy=helpful&formatType=all_formats,allStars,,"{'price': None, 'listPrice': None}",2024-02-15,United States,,B07VNFJDPJ,-0.0295
6,6,3,A Little Odd,R251NVHRBHD3J5,https://www.amazon.com/gp/customer-reviews/R251NVHRBHD3J5/ref=cm_cr_arp_d_rvw_ttl?ie=UTF8&ASIN=B07VNFJDPJ,3 people found this helpful,"Reviewed in the United States on January 2, 2024","This is a nice jacket. It's comfortable, good-looking and warm. It's a men's jacket but the zipper is sewn in opposite of what we consider normal. You pull up the zipper with your left hand because that's where the zipper tab is. No other zippered garment I've ever had is made this way. I don't know if this is a manufacturing mistake or if this is the way it's done in whatever foreign country the jacket was made. As I said, it's odd",True,Size: LargeColor: Blue Green,[],7,7097,1167,https://www.amazon.com/product-reviews/B07VNFJDPJ?pageNumber=1&filterByStar=all_stars&sortBy=helpful&formatType=all_formats,allStars,,"{'price': None, 'listPrice': None}",2024-01-02,United States,,B07VNFJDPJ,-0.0129
7,7,5,Great jacket!!,R2OTBXEJFJKM7M,https://www.amazon.com/gp/customer-reviews/R2OTBXEJFJKM7M/ref=cm_cr_arp_d_rvw_ttl?ie=UTF8&ASIN=B07VNFJDPJ,,"Reviewed in the United States on February 19, 2024",Great jacket and is warm and light weight.  Love the zipper side pockets to keep things in.,True,Size: X-LargeColor: Dark Grey,[],8,7097,1167,https://www.amazon.com/product-reviews/B07VNFJDPJ?pageNumber=1&filterByStar=all_stars&sortBy=helpful&formatType=all_formats,allStars,,"{'price': None, 'listPrice': None}",2024-02-19,United States,,B07VNFJDPJ,0.8807
8,8,4,Material is not the Nylon as usded in the Real Flight jacket. Fit is a bit off size.,R2CM83EQXGOU6Y,https://www.amazon.com/gp/customer-reviews/R2CM83EQXGOU6Y/ref=cm_cr_arp_d_rvw_ttl?ie=UTF8&ASIN=B07VNFJDPJ,,"Reviewed in the United States on January 28, 2024","For the Price, its ok. But the real real Flight jacket is Nylon. The product  is NOT a Bomber jacket, it tries to emulates a Flight Jacket.  It should be made of Nylon but seems to be like cotton.  The size fit is a bit weird .. length and sleeves are  a bit long but it works ok. Priced under $50.00 , I'll keep it.The vendor should state what the material( s) are and tighten up and get and use the US size patterns that are in keeping with US jacket dimensions, particularly for the Large and Extra Large. This is not rocket science, easy  to do ------  and it would be a much better product !  It would be nice to see a true US Air force Flight Jacket in US Air Force dark Blue also. Several Blues but in my opinion no Air Force dark Blue.",True,Size: LargeColor: White,[],9,7097,1167,https://www.amazon.com/product-reviews/B07VNFJDPJ?pageNumber=1&filterByStar=all_stars&sortBy=helpful&formatType=all_formats,allStars,,"{'price': None, 'listPrice': None}",2024-01-28,United States,,B07VNFJDPJ,0.938
9,9,4,I like it.,R19I6NT8SPXDVZ,https://www.amazon.com/gp/customer-reviews/R19I6NT8SPXDVZ/ref=cm_cr_arp_d_rvw_ttl?ie=UTF8&ASIN=B07VNFJDPJ,,"Reviewed in the United States on March 21, 2024",Jacket is definitely a milder cold weather jacket but it fit well. I am an XL and it fir true to size. I am happy with this purchase.,True,Size: X-LargeColor: Dark Grey,[],10,7097,1167,https://www.amazon.com/product-reviews/B07VNFJDPJ?pageNumber=1&filterByStar=all_stars&sortBy=helpful&formatType=all_formats,allStars,,"{'price': None, 'listPrice': None}",2024-03-21,United States,,B07VNFJDPJ,0.9477
10,10,4,Good jacket,R2LK14F10KBC1D,https://www.amazon.com/gp/customer-reviews/R2LK14F10KBC1D/ref=cm_cr_arp_d_rvw_ttl?ie=UTF8&ASIN=B07VNFJDPJ,One person found this helpful,"Reviewed in the United States on January 19, 2024",Not for the coldest conditions but fairly warm I wear it with a thick sweater in 28-35°F and it seems to do the job.,True,Size: LargeColor: Black,[],21,7097,1167,https://www.amazon.com/product-reviews/B07VNFJDPJ?pageNumber=3&filterByStar=all_stars&sortBy=helpful&formatType=all_formats,allStars,,"{'price': None, 'listPrice': None}",2024-01-19,United States,,B07VNFJDPJ,0.3291
11,11,5,comfort,R2B4UG6112DWOX,https://www.amazon.com/gp/customer-reviews/R2B4UG6112DWOX/ref=cm_cr_arp_d_rvw_ttl?ie=UTF8&ASIN=B07VNFJDPJ,,"Reviewed in the United States on March 8, 2024",It was perfect.,True,Size: X-LargeColor: Navy,[],22,7097,1167,https://www.amazon.com/product-reviews/B07VNFJDPJ?pageNumber=3&filterByStar=all_stars&sortBy=helpful&formatType=all_formats,allStars,,"{'price': None, 'listPrice': None}",2024-03-08,United States,,B07VNFJDPJ,0.5719
12,12,5,Coat,R2XXARXWL22IMJ,https://www.amazon.com/gp/customer-reviews/R2XXARXWL22IMJ/ref=cm_cr_arp_d_rvw_ttl?ie=UTF8&ASIN=B07VNFJDPJ,One person found this helpful,"Reviewed in the United States on March 10, 2024",As described,True,Size: X-LargeColor: Dark Grey,[],23,7097,1167,https://www.amazon.com/product-reviews/B07VNFJDPJ?pageNumber=3&filterByStar=all_stars&sortBy=helpful&formatType=all_formats,allStars,,"{'price': None, 'listPrice': None}",2024-03-10,United States,,B07VNFJDPJ,0.0
13,13,5,Bomber Jacket,R16QRW0M67RZRD,https://www.amazon.com/gp/customer-reviews/R16QRW0M67RZRD/ref=cm_cr_arp_d_rvw_ttl?ie=UTF8&ASIN=B07VNFJDPJ,,"Reviewed in the United States on February 25, 2024",I like the fit and comfort.  It is light but warming.  Would recommend,True,Size: X-LargeColor: Wine Red,[],24,7097,1167,https://www.amazon.com/product-reviews/B07VNFJDPJ?pageNumber=3&filterByStar=all_stars&sortBy=helpful&formatType=all_formats,allStars,,"{'price': None, 'listPrice': None}",2024-02-25,United States,,B07VNFJDPJ,0.8126
14,14,5,Excellent,R3URLSHVKQDF40,https://www.amazon.com/gp/customer-reviews/R3URLSHVKQDF40/ref=cm_cr_arp_d_rvw_ttl?ie=UTF8&ASIN=B07VNFJDPJ,,"Reviewed in the United States on March 3, 2024",I like everything about the jacket.,True,Size: MediumColor: Green,[],25,7097,1167,https://www.amazon.com/product-reviews/B07VNFJDPJ?pageNumber=3&filterByStar=all_stars&sortBy=helpful&formatType=all_formats,allStars,,"{'price': None, 'listPrice': None}",2024-03-03,United States,,B07VNFJDPJ,0.3612
15,15,3,Not bad,R1FYKMMLNZA1YP,https://www.amazon.com/gp/customer-reviews/R1FYKMMLNZA1YP/ref=cm_cr_arp_d_rvw_ttl?ie=UTF8&ASIN=B07VNFJDPJ,,"Reviewed in the United States on March 30, 2024","The fabric in the photo seems like it’s a little bit more shiny and synthetic like a real bomber jacket but when I got it, it was very mat flat cotton still well-made fits nicely it just not really a bomber jacket like a classic skinhead bomber",True,Size: X-LargeColor: Grey Pink,[],26,7097,1167,https://www.amazon.com/product-reviews/B07VNFJDPJ?pageNumber=3&filterByStar=all_stars&sortBy=helpful&formatType=all_formats,allStars,,"{'price': None, 'listPrice': None}",2024-03-30,United States,,B07VNFJDPJ,0.8625
16,16,4,Size,R3AEBSA4Z7KATE,https://www.amazon.com/gp/customer-reviews/R3AEBSA4Z7KATE/ref=cm_cr_arp_d_rvw_ttl?ie=UTF8&ASIN=B07VNFJDPJ,,"Reviewed in the United States on January 19, 2024",Would like them in 3xl otherwise nice jacket,True,Size: X-LargeColor: Dark Grey,[],27,7097,1167,https://www.amazon.com/product-reviews/B07VNFJDPJ?pageNumber=3&filterByStar=all_stars&sortBy=helpful&formatType=all_formats,allStars,,"{'price': None, 'listPrice': None}",2024-01-19,United States,,B07VNFJDPJ,0.6486
17,17,5,Very warm,R39Y4T1241ZNQF,https://www.amazon.com/gp/customer-reviews/R39Y4T1241ZNQF/ref=cm_cr_arp_d_rvw_ttl?ie=UTF8&ASIN=B07VNFJDPJ,,"Reviewed in the United States on February 18, 2024",Me gusta por que es contra el viento y contra el agua muy caliente y flexible y cómoda,True,Size: XX-LargeColor: Black,[],28,7097,1167,https://www.amazon.com/product-reviews/B07VNFJDPJ?pageNumber=3&filterByStar=all_stars&sortBy=helpful&formatType=all_formats,allStars,,"{'price': None, 'listPrice': None}",2024-02-18,United States,,B07VNFJDPJ,0.2263
18,18,4,It works in cold weather!,R2S50B30XD47P2,https://www.amazon.com/gp/customer-reviews/R2S50B30XD47P2/ref=cm_cr_arp_d_rvw_ttl?ie=UTF8&ASIN=B07VNFJDPJ,,"Reviewed in the United States on January 20, 2024",Okay but could use stronger zippers.,True,Size: MediumColor: Coffee,[],29,7097,1167,https://www.amazon.com/product-reviews/B07VNFJDPJ?pageNumber=3&filterByStar=all_stars&sortBy=helpful&formatType=all_formats,allStars,,"{'price': None, 'listPrice': None}",2024-01-20,United States,,B07VNFJDPJ,0.5927
19,19,5,Looks and fits right.,R7JKYZW32JACU,https://www.amazon.com/gp/customer-reviews/R7JKYZW32JACU/ref=cm_cr_arp_d_rvw_ttl?ie=UTF8&ASIN=B07VNFJDPJ,,"Reviewed in the United States on February 28, 2024","Like the material, soft.",True,Size: MediumColor: White,[],30,7097,1167,https://www.amazon.com/product-reviews/B07VNFJDPJ?pageNumber=3&filterByStar=all_stars&sortBy=helpful&formatType=all_formats,allStars,,"{'price': None, 'listPrice': None}",2024-02-28,United States,,B07VNFJDPJ,0.3612
20,20,4,nice jacket,R341KOI0E82ZZ,https://www.amazon.com/gp/customer-reviews/R341KOI0E82ZZ/ref=cm_cr_arp_d_rvw_ttl?ie=UTF8&ASIN=B07VNFJDPJ,,"Reviewed in the United States on November 3, 2023",nice jacket runs a little small. 2xl is snug on me.  Which I Normally wear. was going to order a 3xl but they don`t offer it.,True,Size: XX-LargeColor: Color Black,[],51,7097,1167,https://www.amazon.com/product-reviews/B07VNFJDPJ?pageNumber=6&filterByStar=all_stars&sortBy=helpful&formatType=all_formats,allStars,,"{'price': None, 'listPrice': None}",2023-11-03,United States,,B07VNFJDPJ,0.2263
21,21,4,"Nice coat, runs small",R3GXQTHFLL87VV,https://www.amazon.com/gp/customer-reviews/R3GXQTHFLL87VV/ref=cm_cr_arp_d_rvw_ttl?ie=UTF8&ASIN=B07VNFJDPJ,,"Reviewed in the United States on December 1, 2023","Disliked zipper backwards,",True,Size: X-LargeColor: Navy,[],52,7097,1167,https://www.amazon.com/product-reviews/B07VNFJDPJ?pageNumber=6&filterByStar=all_stars&sortBy=helpful&formatType=all_formats,allStars,,"{'price': None, 'listPrice': None}",2023-12-01,United States,,B07VNFJDPJ,-0.4019
22,22,4,Size runs big,R2NXWBFY9BVMK3,https://www.amazon.com/gp/customer-reviews/R2NXWBFY9BVMK3/ref=cm_cr_arp_d_rvw_ttl?ie=UTF8&ASIN=B07VNFJDPJ,,"Reviewed in the United States on October 29, 2023","Liked the jacket, good price, but the sleeves were too long and hung down halfway down my hand. Had to send it back.",True,Size: LargeColor: Dark Grey,[],53,7097,1167,https://www.amazon.com/product-reviews/B07VNFJDPJ?pageNumber=6&filterByStar=all_stars&sortBy=helpful&formatType=all_formats,allStars,,"{'price': None, 'listPrice': None}",2023-10-29,United States,,B07VNFJDPJ,0.7992
23,23,4,Not as pictured,R27EBNPQ00B7IX,https://www.amazon.com/gp/customer-reviews/R27EBNPQ00B7IX/ref=cm_cr_arp_d_rvw_ttl?ie=UTF8&ASIN=B07VNFJDPJ,,"Reviewed in the United States on October 21, 2023","This jacket was of good quality but it wasn't shiny as pictured.  It was comfortable and had it been of shiny, satin material I would have kept it.",True,Size: MediumColor: Green,[],54,7097,1167,https://www.amazon.com/product-reviews/B07VNFJDPJ?pageNumber=6&filterByStar=all_stars&sortBy=helpful&formatType=all_formats,allStars,,"{'price': None, 'listPrice': None}",2023-10-21,United States,,B07VNFJDPJ,0.7506
24,24,5,Great jacket,RESPRVI3OENGI,https://www.amazon.com/gp/customer-reviews/RESPRVI3OENGI/ref=cm_cr_arp_d_rvw_ttl?ie=UTF8&ASIN=B07VNFJDPJ,2 people found this helpful,"Reviewed in the United States on January 19, 2024","5'10"", 175. Med fit perfectly. Well made and warm. Only issue is Chinese made zippers are on the opposite for men. Not a biggie. Looks great!",True,Size: MediumColor: C Grey Blue,[],55,7097,1167,https://www.amazon.com/product-reviews/B07VNFJDPJ?pageNumber=6&filterByStar=all_stars&sortBy=helpful&formatType=all_formats,allStars,,"{'price': None, 'listPrice': None}",2024-01-19,United States,,B07VNFJDPJ,0.7716
25,25,4,Nice jacket!,R2XB5JCTCONYFF,https://www.amazon.com/gp/customer-reviews/R2XB5JCTCONYFF/ref=cm_cr_arp_d_rvw_ttl?ie=UTF8&ASIN=B07VNFJDPJ,One person found this helpful,"Reviewed in the United States on November 18, 2023",Good fit and quality,True,Size: LargeColor: Black,[],56,7097,1167,https://www.amazon.com/product-reviews/B07VNFJDPJ?pageNumber=6&filterByStar=all_stars&sortBy=helpful&formatType=all_formats,allStars,,"{'price': None, 'listPrice': None}",2023-11-18,United States,,B07VNFJDPJ,0.6597
26,26,5,Nice fall jacket,R2NLVYWDJUOYZX,https://www.amazon.com/gp/customer-reviews/R2NLVYWDJUOYZX/ref=cm_cr_arp_d_rvw_ttl?ie=UTF8&ASIN=B07VNFJDPJ,,"Reviewed in the United States on January 28, 2024",Quickly became my go to quick grab jacket. Fits most styles.,True,Size: SmallColor: Navy,[],57,7097,1167,https://www.amazon.com/product-reviews/B07VNFJDPJ?pageNumber=6&filterByStar=all_stars&sortBy=helpful&formatType=all_formats,allStars,,"{'price': None, 'listPrice': None}",2024-01-28,United States,,B07VNFJDPJ,0.0
27,27,3,* not same quality as photo*,R5AC09QF034KV,https://www.amazon.com/gp/customer-reviews/R5AC09QF034KV/ref=cm_cr_arp_d_rvw_ttl?ie=UTF8&ASIN=B07VNFJDPJ,,"Reviewed in the United States on January 17, 2024",for the price I sort of expected that the quality would not match the pictures and it doesnt. will give away as a gift until I find what I am looking for in this style/color. Amazon should do a better job vetting clothing/apparel ads versus merchandise.,True,Size: MediumColor: Coffee,[],58,7097,1167,https://www.amazon.com/product-reviews/B07VNFJDPJ?pageNumber=6&filterByStar=all_stars&sortBy=helpful&formatType=all_formats,allStars,,"{'price': None, 'listPrice': None}",2024-01-17,United States,,B07VNFJDPJ,0.7579
28,28,5,Really like this coat,R360Y8H77PJS8A,https://www.amazon.com/gp/customer-reviews/R360Y8H77PJS8A/ref=cm_cr_arp_d_rvw_ttl?ie=UTF8&ASIN=B07VNFJDPJ,,"Reviewed in the United States on January 21, 2024",Surprisingly warm for the thickness. Wouldn’t use it for skiing or hunting but great for every day.,True,Size: X-LargeColor: Color Black,[],59,7097,1167,https://www.amazon.com/product-reviews/B07VNFJDPJ?pageNumber=6&filterByStar=all_stars&sortBy=helpful&formatType=all_formats,allStars,,"{'price': None, 'listPrice': None}",2024-01-21,United States,,B07VNFJDPJ,0.8271
29,29,5,Great jacket,R1FTYBONAPX3IS,https://www.amazon.com/gp/customer-reviews/R1FTYBONAPX3IS/ref=cm_cr_arp_d_rvw_ttl?ie=UTF8&ASIN=B07VNFJDPJ,,"Reviewed in the United States on January 27, 2024",Made well..in-between light & heavy...will buy again 👍,True,Size: MediumColor: Dark Grey,[],60,7097,1167,https://www.amazon.com/product-reviews/B07VNFJDPJ?pageNumber=6&filterByStar=all_stars&sortBy=helpful&formatType=all_formats,allStars,,"{'price': None, 'listPrice': None}",2024-01-27,United States,,B07VNFJDPJ,0.0
30,30,5,Great Value!,RSPY9ALKS9QGU,https://www.amazon.com/gp/customer-reviews/RSPY9ALKS9QGU/ref=cm_cr_arp_d_rvw_ttl?ie=UTF8&ASIN=B07VNFJDPJ,,"Reviewed in the United States on January 10, 2024","I’m so happy with this purchase, looks exactly like the product photo! Thank you!",True,Size: SmallColor: Color Black,[],71,7097,1167,https://www.amazon.com/product-reviews/B07VNFJDPJ?pageNumber=8&filterByStar=all_stars&sortBy=helpful&formatType=all_formats,allStars,,"{'price': None, 'listPrice': None}",2024-01-10,United States,,B07VNFJDPJ,0.8617
31,31,4,Good jacket,R33IVM7W4ZFU1L,https://www.amazon.com/gp/customer-reviews/R33IVM7W4ZFU1L/ref=cm_cr_arp_d_rvw_ttl?ie=UTF8&ASIN=B07VNFJDPJ,,"Reviewed in the United States on October 18, 2023","Nice jacket, true to size.",True,Size: X-LargeColor: Black,[],72,7097,1167,https://www.amazon.com/product-reviews/B07VNFJDPJ?pageNumber=8&filterByStar=all_stars&sortBy=helpful&formatType=all_formats,allStars,,"{'price': None, 'listPrice': None}",2023-10-18,United States,,B07VNFJDPJ,0.6808
32,32,5,Perfecto,R26NWA57F186RX,https://www.amazon.com/gp/customer-reviews/R26NWA57F186RX/ref=cm_cr_arp_d_rvw_ttl?ie=UTF8&ASIN=B07VNFJDPJ,,"Reviewed in the United States on January 23, 2024",Excelente,True,Size: LargeColor: Black,[],73,7097,1167,https://www.amazon.com/product-reviews/B07VNFJDPJ?pageNumber=8&filterByStar=all_stars&sortBy=helpful&formatType=all_formats,allStars,,"{'price': None, 'listPrice': None}",2024-01-23,United States,,B07VNFJDPJ,0.0
33,33,5,Comfort,R1X8PLQ75UTYSU,https://www.amazon.com/gp/customer-reviews/R1X8PLQ75UTYSU/ref=cm_cr_arp_d_rvw_ttl?ie=UTF8&ASIN=B07VNFJDPJ,,"Reviewed in the United States on January 15, 2024",Comfortable and nice clean look.Return of old style.,True,Size: LargeColor: Black,[],74,7097,1167,https://www.amazon.com/product-reviews/B07VNFJDPJ?pageNumber=8&filterByStar=all_stars&sortBy=helpful&formatType=all_formats,allStars,,"{'price': None, 'listPrice': None}",2024-01-15,United States,,B07VNFJDPJ,0.8316
34,34,5,Was a gift for my son,R135TTO926J9FY,https://www.amazon.com/gp/customer-reviews/R135TTO926J9FY/ref=cm_cr_arp_d_rvw_ttl?ie=UTF8&ASIN=B07VNFJDPJ,,"Reviewed in the United States on January 13, 2024",My son loves the jacket. But made for spring or fall.,True,Size: X-LargeColor: Green,[],75,7097,1167,https://www.amazon.com/product-reviews/B07VNFJDPJ?pageNumber=8&filterByStar=all_stars&sortBy=helpful&formatType=all_formats,allStars,,"{'price': None, 'listPrice': None}",2024-01-13,United States,,B07VNFJDPJ,0.3291
35,35,4,Not a bad jacket,REE8K9C1VV50Q,https://www.amazon.com/gp/customer-reviews/REE8K9C1VV50Q/ref=cm_cr_arp_d_rvw_ttl?ie=UTF8&ASIN=B07VNFJDPJ,3 people found this helpful,"Reviewed in the United States on April 7, 2023",I like the jacket in general but I was hoping it had more of a shine. It’s a very dull looking jacket. The zipper is on the opposite side that they usually are on but that wasn’t a big deal.  The zipper pockets are nice. The sleeve pocket is nice if you can find a use for it.  I used it for hotel key card and that was pretty convenient. Probably could put some debit card or pass key type stuff in there for easy access.  Overall I like it but I do wish it had some shine to it.,True,Size: XX-LargeColor: Green,[],76,7097,1167,https://www.amazon.com/product-reviews/B07VNFJDPJ?pageNumber=8&filterByStar=all_stars&sortBy=helpful&formatType=all_formats,allStars,,"{'price': None, 'listPrice': None}",2023-04-07,United States,,B07VNFJDPJ,0.9745
36,36,5,Accuracy’ in size,R1U1GV98DNBLKP,https://www.amazon.com/gp/customer-reviews/R1U1GV98DNBLKP/ref=cm_cr_arp_d_rvw_ttl?ie=UTF8&ASIN=B07VNFJDPJ,,"Reviewed in the United States on January 6, 2024",Loved everything about the jacket and the size was spot on. And arrived in time for Christmas,True,Size: LargeColor: C Army Green,[],77,7097,1167,https://www.amazon.com/product-reviews/B07VNFJDPJ?pageNumber=8&filterByStar=all_stars&sortBy=helpful&formatType=all_formats,allStars,,"{'price': None, 'listPrice': None}",2024-01-06,United States,,B07VNFJDPJ,0.5994
37,37,5,Jacket,R1V5ROA9EDIB0A,https://www.amazon.com/gp/customer-reviews/R1V5ROA9EDIB0A/ref=cm_cr_arp_d_rvw_ttl?ie=UTF8&ASIN=B07VNFJDPJ,,"Reviewed in the United States on December 23, 2023",Jacket seems to be sized right and looks great. Haven’t worn it yet so can say about the warmth but it is heavy.,True,Size: X-LargeColor: Black,[],78,7097,1167,https://www.amazon.com/product-reviews/B07VNFJDPJ?pageNumber=8&filterByStar=all_stars&sortBy=helpful&formatType=all_formats,allStars,,"{'price': None, 'listPrice': None}",2023-12-23,United States,,B07VNFJDPJ,0.4497
38,38,5,Good jacket.,R2LLKQV3LXTGCH,https://www.amazon.com/gp/customer-reviews/R2LLKQV3LXTGCH/ref=cm_cr_arp_d_rvw_ttl?ie=UTF8&ASIN=B07VNFJDPJ,,"Reviewed in the United States on January 14, 2024","Good jacket, comfortable fit, I like it.",True,Size: SmallColor: Green,[],79,7097,1167,https://www.amazon.com/product-reviews/B07VNFJDPJ?pageNumber=8&filterByStar=all_stars&sortBy=helpful&formatType=all_formats,allStars,,"{'price': None, 'listPrice': None}",2024-01-14,United States,,B07VNFJDPJ,0.8807
39,39,5,Cool jacket,R1DDKED4D612BR,https://www.amazon.com/gp/customer-reviews/R1DDKED4D612BR/ref=cm_cr_arp_d_rvw_ttl?ie=UTF8&ASIN=B07VNFJDPJ,,"Reviewed in the United States on January 11, 2024","Nice fit, nice style  and warm.",True,Size: X-LargeColor: Black,[],80,7097,1167,https://www.amazon.com/product-reviews/B07VNFJDPJ?pageNumber=8&filterByStar=all_stars&sortBy=helpful&formatType=all_formats,allStars,,"{'price': None, 'listPrice': None}",2024-01-11,United States,,B07VNFJDPJ,0.8402
40,40,4,Not a thick as expected,R3X4FVLHQ48SI,https://www.amazon.com/gp/customer-reviews/R3X4FVLHQ48SI/ref=cm_cr_arp_d_rvw_ttl?ie=UTF8&ASIN=B07VNFJDPJ,,"Reviewed in the United States on April 3, 2024",Good jacket overall but thickness was thinner,True,Size: X-LargeColor: Black,[],11,7097,1167,https://www.amazon.com/product-reviews/B07VNFJDPJ?pageNumber=2&filterByStar=all_stars&sortBy=helpful&formatType=all_formats,allStars,,"{'price': None, 'listPrice': None}",2024-04-03,United States,,B07VNFJDPJ,0.2382
41,41,4,Comes as advertised,R3CHKY9BJF4RMC,https://www.amazon.com/gp/customer-reviews/R3CHKY9BJF4RMC/ref=cm_cr_arp_d_rvw_ttl?ie=UTF8&ASIN=B07VNFJDPJ,,"Reviewed in the United States on March 16, 2024",You get exactly what you see in the picture. Nice jacket. Not too thick or thin. Quality has held out but it’s not my every day. Great value for the price,True,Size: MediumColor: Black,[],12,7097,1167,https://www.amazon.com/product-reviews/B07VNFJDPJ?pageNumber=2&filterByStar=all_stars&sortBy=helpful&formatType=all_formats,allStars,,"{'price': None, 'listPrice': None}",2024-03-16,United States,,B07VNFJDPJ,0.8922
42,42,5,excelente producto,R32X67D5UBFRYD,https://www.amazon.com/gp/customer-reviews/R32X67D5UBFRYD/ref=cm_cr_arp_d_rvw_ttl?ie=UTF8&ASIN=B07VNFJDPJ,,"Reviewed in the United States on April 5, 2024",excelente producto,True,Size: X-LargeColor: Black,[],13,7097,1167,https://www.amazon.com/product-reviews/B07VNFJDPJ?pageNumber=2&filterByStar=all_stars&sortBy=helpful&formatType=all_formats,allStars,,"{'price': None, 'listPrice': None}",2024-04-05,United States,,B07VNFJDPJ,0.0
43,43,4,Nice,RZF4XZ23WHFLM,https://www.amazon.com/gp/customer-reviews/RZF4XZ23WHFLM/ref=cm_cr_arp_d_rvw_ttl?ie=UTF8&ASIN=B07VNFJDPJ,,"Reviewed in the United States on March 18, 2024",I like this jacket.,True,Size: LargeColor: Black,[],14,7097,1167,https://www.amazon.com/product-reviews/B07VNFJDPJ?pageNumber=2&filterByStar=all_stars&sortBy=helpful&formatType=all_formats,allStars,,"{'price': None, 'listPrice': None}",2024-03-18,United States,,B07VNFJDPJ,0.3612
44,44,5,Great fit.,R3A6I1WDGJWQYI,https://www.amazon.com/gp/customer-reviews/R3A6I1WDGJWQYI/ref=cm_cr_arp_d_rvw_ttl?ie=UTF8&ASIN=B07VNFJDPJ,,"Reviewed in the United States on March 21, 2024",I purchased a large and it is nice roomy fit. The pockets are perfect in size also. Nothing will fall out.,True,Size: LargeColor: Black,[],15,7097,1167,https://www.amazon.com/product-reviews/B07VNFJDPJ?pageNumber=2&filterByStar=all_stars&sortBy=helpful&formatType=all_formats,allStars,,"{'price': None, 'listPrice': None}",2024-03-21,United States,,B07VNFJDPJ,0.8402
45,45,3,Too long,R1I8HECZWWUK0H,https://www.amazon.com/gp/customer-reviews/R1I8HECZWWUK0H/ref=cm_cr_arp_d_rvw_ttl?ie=UTF8&ASIN=B07VNFJDPJ,,"Reviewed in the United States on April 2, 2024","The jacket is very warm and comfortable. It also has some features that are different from the ma1 that are superior - - the pockets are much deeper and are secured by zippers instead of flaps. That being said, I ordered a size small because I am 5'5. Now, there are two ways that a small can be cut. It can be cut for a small person of average proportion, or a person of regular height who is on the skinny side. This jacket is the second one. A bomber jacket should end right around the top of your pelvis, but if your sized like me, this one ends right around the top of your leg. Because of this the effect is more like a nehru jacket than a bomber jacket. Too bad, but it's still very comfortable and functional",True,Size: SmallColor: Navy,[],16,7097,1167,https://www.amazon.com/product-reviews/B07VNFJDPJ?pageNumber=2&filterByStar=all_stars&sortBy=helpful&formatType=all_formats,allStars,,"{'price': None, 'listPrice': None}",2024-04-02,United States,,B07VNFJDPJ,0.9197
46,46,4,Thin material,RV3FR9NEXUCUO,https://www.amazon.com/gp/customer-reviews/RV3FR9NEXUCUO/ref=cm_cr_arp_d_rvw_ttl?ie=UTF8&ASIN=B07VNFJDPJ,,"Reviewed in the United States on February 5, 2024","My husband has a bomber style jacket I love so I purchased this hoping it was the same. It's CLOSE, but the sizing is smaller than expected and the material isnt as fluffy. That said it is still a warm jacket. Women - order as if your standard female size. Men - order a size up.",True,Size: SmallColor: Turmeric,[],17,7097,1167,https://www.amazon.com/product-reviews/B07VNFJDPJ?pageNumber=2&filterByStar=all_stars&sortBy=helpful&formatType=all_formats,allStars,,"{'price': None, 'listPrice': None}",2024-02-05,United States,,B07VNFJDPJ,0.7383
47,47,4,Wuful Biker jacket .,R207GT1XR0SOJY,https://www.amazon.com/gp/customer-reviews/R207GT1XR0SOJY/ref=cm_cr_arp_d_rvw_ttl?ie=UTF8&ASIN=B07VNFJDPJ,,"Reviewed in the United States on February 14, 2024",The Jacket was just what I expected fit was good and for those that don't want to spend big money on a leather this is a great alternative 👍.,True,Size: X-LargeColor: Black,[],18,7097,1167,https://www.amazon.com/product-reviews/B07VNFJDPJ?pageNumber=2&filterByStar=all_stars&sortBy=helpful&formatType=all_formats,allStars,,"{'price': None, 'listPrice': None}",2024-02-14,United States,,B07VNFJDPJ,0.8511
48,48,4,Decent,R38OCO481ISHG8,https://www.amazon.com/gp/customer-reviews/R38OCO481ISHG8/ref=cm_cr_arp_d_rvw_ttl?ie=UTF8&ASIN=B07VNFJDPJ,,"Reviewed in the United States on January 31, 2024","Good jacket for a fall day or if you’re like me a good jacket for driving, not at all bulky. Would buy again",True,Size: X-LargeColor: Blue Green,[],19,7097,1167,https://www.amazon.com/product-reviews/B07VNFJDPJ?pageNumber=2&filterByStar=all_stars&sortBy=helpful&formatType=all_formats,allStars,,"{'price': None, 'listPrice': None}",2024-01-31,United States,,B07VNFJDPJ,0.8074
49,49,5,Lite weight,R1JFJPKJGRVTSZ,https://www.amazon.com/gp/customer-reviews/R1JFJPKJGRVTSZ/ref=cm_cr_arp_d_rvw_ttl?ie=UTF8&ASIN=B07VNFJDPJ,One person found this helpful,"Reviewed in the United States on February 29, 2024","Went to Italy backpacking (Venice, Florence, Rome, etc…) in December. 50degree F and I have no problem. I like arm pocket also. Price is perfect.",True,Size: SmallColor: Black,[],20,7097,1167,https://www.amazon.com/product-reviews/B07VNFJDPJ?pageNumber=2&filterByStar=all_stars&sortBy=helpful&formatType=all_formats,allStars,,"{'price': None, 'listPrice': None}",2024-02-29,United States,,B07VNFJDPJ,0.3182
50,50,4,Hmmmm,R1871ABJSQKXY8,https://www.amazon.com/gp/customer-reviews/R1871ABJSQKXY8/ref=cm_cr_arp_d_rvw_ttl?ie=UTF8&ASIN=B07VNFJDPJ,2 people found this helpful,"Reviewed in the United States on October 20, 2023","It’s not the worst jacket but definitely different than the picture. You definitely don’t get the shine or gloss the picture shows. It fits but just looks quite a bit more boring than I thought it would. Regardless for us cheap people, and you know you are if you’re reading this, it is worth the money I guess.",True,Size: LargeColor: Dark Grey,[],41,7097,1167,https://www.amazon.com/product-reviews/B07VNFJDPJ?pageNumber=5&filterByStar=all_stars&sortBy=helpful&formatType=all_formats,allStars,,"{'price': None, 'listPrice': None}",2023-10-20,United States,,B07VNFJDPJ,0.779
51,51,4,Looks great,R20PXUAEWT7I1B,https://www.amazon.com/gp/customer-reviews/R20PXUAEWT7I1B/ref=cm_cr_arp_d_rvw_ttl?ie=UTF8&ASIN=B07VNFJDPJ,,"Reviewed in the United States on December 3, 2023",Looks good just easy to rip so beware of sharp areas,True,Size: LargeColor: Dark Grey,[],42,7097,1167,https://www.amazon.com/product-reviews/B07VNFJDPJ?pageNumber=5&filterByStar=all_stars&sortBy=helpful&formatType=all_formats,allStars,,"{'price': None, 'listPrice': None}",2023-12-03,United States,,B07VNFJDPJ,0.7003
52,52,4,Sized correctly,R1DUMSIELOO22T,https://www.amazon.com/gp/customer-reviews/R1DUMSIELOO22T/ref=cm_cr_arp_d_rvw_ttl?ie=UTF8&ASIN=B07VNFJDPJ,,"Reviewed in the United States on December 13, 2023",Smart appearance and comfortable,True,Size: X-LargeColor: Khaki,[],43,7097,1167,https://www.amazon.com/product-reviews/B07VNFJDPJ?pageNumber=5&filterByStar=all_stars&sortBy=helpful&formatType=all_formats,allStars,,"{'price': None, 'listPrice': None}",2023-12-13,United States,,B07VNFJDPJ,0.7184
53,53,5,Nice jacket,R1L8R4KL9HEAN3,https://www.amazon.com/gp/customer-reviews/R1L8R4KL9HEAN3/ref=cm_cr_arp_d_rvw_ttl?ie=UTF8&ASIN=B07VNFJDPJ,,"Reviewed in the United States on February 14, 2024",Fits comfortably,True,Size: X-LargeColor: Brown,[],44,7097,1167,https://www.amazon.com/product-reviews/B07VNFJDPJ?pageNumber=5&filterByStar=all_stars&sortBy=helpful&formatType=all_formats,allStars,,"{'price': None, 'listPrice': None}",2024-02-14,United States,,B07VNFJDPJ,0.4215
54,54,5,Stylish,R1N7X4Q1TCYIV3,https://www.amazon.com/gp/customer-reviews/R1N7X4Q1TCYIV3/ref=cm_cr_arp_d_rvw_ttl?ie=UTF8&ASIN=B07VNFJDPJ,,"Reviewed in the United States on January 25, 2024","Will certainly get a lot of Great Jacket Where did you get it comments.Love the Jacket and price was right, Would buy again.  Robert",True,Size: LargeColor: Brown,[],45,7097,1167,https://www.amazon.com/product-reviews/B07VNFJDPJ?pageNumber=5&filterByStar=all_stars&sortBy=helpful&formatType=all_formats,allStars,,"{'price': None, 'listPrice': None}",2024-01-25,United States,,B07VNFJDPJ,0.7579
55,55,4,Jacket,RUFDHFOJCC5ED,https://www.amazon.com/gp/customer-reviews/RUFDHFOJCC5ED/ref=cm_cr_arp_d_rvw_ttl?ie=UTF8&ASIN=B07VNFJDPJ,,"Reviewed in the United States on December 9, 2023",Jacket is nice,True,Size: X-LargeColor: Black,[],46,7097,1167,https://www.amazon.com/product-reviews/B07VNFJDPJ?pageNumber=5&filterByStar=all_stars&sortBy=helpful&formatType=all_formats,allStars,,"{'price': None, 'listPrice': None}",2023-12-09,United States,,B07VNFJDPJ,0.4215
56,56,5,Great jacket,R4NEUV6TCVX46,https://www.amazon.com/gp/customer-reviews/R4NEUV6TCVX46/ref=cm_cr_arp_d_rvw_ttl?ie=UTF8&ASIN=B07VNFJDPJ,,"Reviewed in the United States on January 20, 2024",Totally unexpected this jacket is so warm it's all you need to wear in the cold temperatures and it I've gone outside in the teens and it keeps me warm thank you,True,Size: XX-LargeColor: Coffee,[],47,7097,1167,https://www.amazon.com/product-reviews/B07VNFJDPJ?pageNumber=5&filterByStar=all_stars&sortBy=helpful&formatType=all_formats,allStars,,"{'price': None, 'listPrice': None}",2024-01-20,United States,,B07VNFJDPJ,0.7567
57,57,5,Green Flight Jacket,RUZMW0SK3XC8L,https://www.amazon.com/gp/customer-reviews/RUZMW0SK3XC8L/ref=cm_cr_arp_d_rvw_ttl?ie=UTF8&ASIN=B07VNFJDPJ,,"Reviewed in the United States on January 25, 2024","Very nice jacket, well made, fits to size, very similar to the one I wore in the Air Force back in the day.",True,Size: X-LargeColor: Green,[],48,7097,1167,https://www.amazon.com/product-reviews/B07VNFJDPJ?pageNumber=5&filterByStar=all_stars&sortBy=helpful&formatType=all_formats,allStars,,"{'price': None, 'listPrice': None}",2024-01-25,United States,,B07VNFJDPJ,0.6659
58,58,5,Great Jacket,R1WBZDBQACNW5O,https://www.amazon.com/gp/customer-reviews/R1WBZDBQACNW5O/ref=cm_cr_arp_d_rvw_ttl?ie=UTF8&ASIN=B07VNFJDPJ,,"Reviewed in the United States on January 17, 2024","The jacket is pretty great. I usually wear a large & went with a medium for this. Glad I did, as it ran a bit big. It's pretty warm & looks quite nice while doing so.",True,Size: MediumColor: Black,[],49,7097,1167,https://www.amazon.com/product-reviews/B07VNFJDPJ?pageNumber=5&filterByStar=all_stars&sortBy=helpful&formatType=all_formats,allStars,,"{'price': None, 'listPrice': None}",2024-01-17,United States,,B07VNFJDPJ,0.9583
59,59,4,"Nice jacket, zippers a little stiff on pocket",R3DO8CV8MSL6IP,https://www.amazon.com/gp/customer-reviews/R3DO8CV8MSL6IP/ref=cm_cr_arp_d_rvw_ttl?ie=UTF8&ASIN=B07VNFJDPJ,2 people found this helpful,"Reviewed in the United States on November 15, 2023","Nice jacket,  zipper on pockets are a little stiff. Fits well and suits me for a Fall jacket.",True,Size: XX-LargeColor: Color Black,[],50,7097,1167,https://www.amazon.com/product-reviews/B07VNFJDPJ?pageNumber=5&filterByStar=all_stars&sortBy=helpful&formatType=all_formats,allStars,,"{'price': None, 'listPrice': None}",2023-11-15,United States,,B07VNFJDPJ,0.5627
60,60,5,Men Jacket,RO98NBYJLIPCG,https://www.amazon.com/gp/customer-reviews/RO98NBYJLIPCG/ref=cm_cr_arp_d_rvw_ttl?ie=UTF8&ASIN=B07VNFJDPJ,,"Reviewed in the United States on January 28, 2024",Nice design.Good materials.,True,Size: SmallColor: Navy,[],61,7097,1167,https://www.amazon.com/product-reviews/B07VNFJDPJ?pageNumber=7&filterByStar=all_stars&sortBy=helpful&formatType=all_formats,allStars,,"{'price': None, 'listPrice': None}",2024-01-28,United States,,B07VNFJDPJ,0.4215
61,61,5,Quality find,R3ZQHF9L92Z9M,https://www.amazon.com/gp/customer-reviews/R3ZQHF9L92Z9M/ref=cm_cr_arp_d_rvw_ttl?ie=UTF8&ASIN=B07VNFJDPJ,3 people found this helpful,"Reviewed in the United States on January 3, 2024",Got this for my son for Xmas. Hes a large and the fit was perfect. color was. deep wine and he loved it. It keeps him warm without being bulky. The style was sleek.,True,Size: LargeColor: Wine Red,[],62,7097,1167,https://www.amazon.com/product-reviews/B07VNFJDPJ?pageNumber=7&filterByStar=all_stars&sortBy=helpful&formatType=all_formats,allStars,,"{'price': None, 'listPrice': None}",2024-01-03,United States,,B07VNFJDPJ,0.9001
62,62,5,Looks good,R14DHVSCR9NZOZ,https://www.amazon.com/gp/customer-reviews/R14DHVSCR9NZOZ/ref=cm_cr_arp_d_rvw_ttl?ie=UTF8&ASIN=B07VNFJDPJ,,"Reviewed in the United States on January 22, 2024","Just what I wanted, inexpensive and fits while looking good 👍",True,Size: XX-LargeColor: Orange Red,[],63,7097,1167,https://www.amazon.com/product-reviews/B07VNFJDPJ?pageNumber=7&filterByStar=all_stars&sortBy=helpful&formatType=all_formats,allStars,,"{'price': None, 'listPrice': None}",2024-01-22,United States,,B07VNFJDPJ,0.4404
63,63,3,Warm but poorly made,R1YS3UUO5AIDNW,https://www.amazon.com/gp/customer-reviews/R1YS3UUO5AIDNW/ref=cm_cr_arp_d_rvw_ttl?ie=UTF8&ASIN=B07VNFJDPJ,One person found this helpful,"Reviewed in the United States on December 31, 2023",I like the jacket cause it’s warm and comfortable. I usually wear a medium but went with a large cause my arms are a little bit on the longer side.I wore the jacket 2x and on the 3rd I noticed the inner pocket was already undone. The only thing I put in there was my phone. That’s the main reason I gave it a 3 star.,True,Size: LargeColor: Black,[],64,7097,1167,https://www.amazon.com/product-reviews/B07VNFJDPJ?pageNumber=7&filterByStar=all_stars&sortBy=helpful&formatType=all_formats,allStars,,"{'price': None, 'listPrice': None}",2023-12-31,United States,,B07VNFJDPJ,0.5187
64,64,5,Happy,R33YNSWQUA61UV,https://www.amazon.com/gp/customer-reviews/R33YNSWQUA61UV/ref=cm_cr_arp_d_rvw_ttl?ie=UTF8&ASIN=B07VNFJDPJ,One person found this helpful,"Reviewed in the United States on November 20, 2023","I read the reviews.  This is not a sub-zero coat. It's lined, and cuts the wind, and is exactly what I wanted for layering.( a lot of night time Fidelity activities in my nutty family. Also, if it gets super cold, layering is the way to go.If you're looking for a warm winter coat in Virginia, this isn't  it. But my way its perfect.",True,Size: X-LargeColor: Grey Pink,[],65,7097,1167,https://www.amazon.com/product-reviews/B07VNFJDPJ?pageNumber=7&filterByStar=all_stars&sortBy=helpful&formatType=all_formats,allStars,,"{'price': None, 'listPrice': None}",2023-11-20,United States,,B07VNFJDPJ,0.81
65,65,4,Very nice jacket,R3RJ4WJK9L7OA8,https://www.amazon.com/gp/customer-reviews/R3RJ4WJK9L7OA8/ref=cm_cr_arp_d_rvw_ttl?ie=UTF8&ASIN=B07VNFJDPJ,,"Reviewed in the United States on October 27, 2023",True to size. Pretty warm and not very bulky.,True,Size: X-LargeColor: Dark Grey,[],66,7097,1167,https://www.amazon.com/product-reviews/B07VNFJDPJ?pageNumber=7&filterByStar=all_stars&sortBy=helpful&formatType=all_formats,allStars,,"{'price': None, 'listPrice': None}",2023-10-27,United States,,B07VNFJDPJ,0.7845
66,66,4,Seems to be good,R34I0PPKWZEWQ1,https://www.amazon.com/gp/customer-reviews/R34I0PPKWZEWQ1/ref=cm_cr_arp_d_rvw_ttl?ie=UTF8&ASIN=B07VNFJDPJ,,"Reviewed in the United States on October 29, 2023","Price,quality",True,Size: X-LargeColor: Wine Red,[],67,7097,1167,https://www.amazon.com/product-reviews/B07VNFJDPJ?pageNumber=7&filterByStar=all_stars&sortBy=helpful&formatType=all_formats,allStars,,"{'price': None, 'listPrice': None}",2023-10-29,United States,,B07VNFJDPJ,0.0
67,67,5,Great jacket for the money!,R1XD4YUGV13IOM,https://www.amazon.com/gp/customer-reviews/R1XD4YUGV13IOM/ref=cm_cr_arp_d_rvw_ttl?ie=UTF8&ASIN=B07VNFJDPJ,,"Reviewed in the United States on January 11, 2024",Bought this for my son for Xmas; was skeptical but the jacket was exactly as advertised.,True,Size: LargeColor: Black,[],68,7097,1167,https://www.amazon.com/product-reviews/B07VNFJDPJ?pageNumber=7&filterByStar=all_stars&sortBy=helpful&formatType=all_formats,allStars,,"{'price': None, 'listPrice': None}",2024-01-11,United States,,B07VNFJDPJ,-0.1655
68,68,5,Just what I wanted,R399CYCZQDRAAS,https://www.amazon.com/gp/customer-reviews/R399CYCZQDRAAS/ref=cm_cr_arp_d_rvw_ttl?ie=UTF8&ASIN=B07VNFJDPJ,,"Reviewed in the United States on January 16, 2024",A winter coat that is not too thick or too thin,True,Size: XX-LargeColor: Dark Grey,[],69,7097,1167,https://www.amazon.com/product-reviews/B07VNFJDPJ?pageNumber=7&filterByStar=all_stars&sortBy=helpful&formatType=all_formats,allStars,,"{'price': None, 'listPrice': None}",2024-01-16,United States,,B07VNFJDPJ,0.0
69,69,5,Very nice jacket!!,R2TCYQHE31Z7HM,https://www.amazon.com/gp/customer-reviews/R2TCYQHE31Z7HM/ref=cm_cr_arp_d_rvw_ttl?ie=UTF8&ASIN=B07VNFJDPJ,,"Reviewed in the United States on December 16, 2023","My husband loves his jacket!!He wears it to church with casual wear. It is light weight, but has a  nice lightweight quilted lining for cooler days.  It is a nice fit for his slim frame.",True,Size: MediumColor: Black,[],70,7097,1167,https://www.amazon.com/product-reviews/B07VNFJDPJ?pageNumber=7&filterByStar=all_stars&sortBy=helpful&formatType=all_formats,allStars,,"{'price': None, 'listPrice': None}",2023-12-16,United States,,B07VNFJDPJ,0.9323
70,70,5,black XL,R2J9UYLY9QZGZY,https://www.amazon.com/gp/customer-reviews/R2J9UYLY9QZGZY/ref=cm_cr_arp_d_rvw_ttl?ie=UTF8&ASIN=B07VNFJDPJ,,"Reviewed in the United States on January 3, 2024",I bought this light jacket for my husband and fits him perfect he loved it.,True,Size: X-LargeColor: Black,[],81,7097,1167,https://www.amazon.com/product-reviews/B07VNFJDPJ?pageNumber=9&filterByStar=all_stars&sortBy=helpful&formatType=all_formats,allStars,,"{'price': None, 'listPrice': None}",2024-01-03,United States,,B07VNFJDPJ,0.8225
71,71,5,Accurate sizing,R19SOODBQ41UTE,https://www.amazon.com/gp/customer-reviews/R19SOODBQ41UTE/ref=cm_cr_arp_d_rvw_ttl?ie=UTF8&ASIN=B07VNFJDPJ,,"Reviewed in the United States on December 1, 2023",I always have to order an extra large when buying shirts or jackets online but not this. Order the size you want. I had to return the XL but I'll reorder a Large. It's a nice jacket,True,Size: X-LargeColor: Black,[],82,7097,1167,https://www.amazon.com/product-reviews/B07VNFJDPJ?pageNumber=9&filterByStar=all_stars&sortBy=helpful&formatType=all_formats,allStars,,"{'price': None, 'listPrice': None}",2023-12-01,United States,,B07VNFJDPJ,0.631
72,72,5,Love it,R5368A9TXMEAT,https://www.amazon.com/gp/customer-reviews/R5368A9TXMEAT/ref=cm_cr_arp_d_rvw_ttl?ie=UTF8&ASIN=B07VNFJDPJ,,"Reviewed in the United States on December 30, 2023","I gave this to my husband for Christmas and he loves it.  It's light weight, comfortable and stylish.",True,Size: X-LargeColor: Khaki,[],83,7097,1167,https://www.amazon.com/product-reviews/B07VNFJDPJ?pageNumber=9&filterByStar=all_stars&sortBy=helpful&formatType=all_formats,allStars,,"{'price': None, 'listPrice': None}",2023-12-30,United States,,B07VNFJDPJ,0.7906
73,73,5,Warm and comfortable,RTCTIB0676NHP,https://www.amazon.com/gp/customer-reviews/RTCTIB0676NHP/ref=cm_cr_arp_d_rvw_ttl?ie=UTF8&ASIN=B07VNFJDPJ,,"Reviewed in the United States on December 16, 2023","True to size, fits well and is warm…I haven’t thrown it in the washer yet, so far it is warm and comfortable",True,Size: LargeColor: Black,[],84,7097,1167,https://www.amazon.com/product-reviews/B07VNFJDPJ?pageNumber=9&filterByStar=all_stars&sortBy=helpful&formatType=all_formats,allStars,,"{'price': None, 'listPrice': None}",2023-12-16,United States,,B07VNFJDPJ,0.8442
74,74,3,Black camo bomber jacket,R3W2FVTXCKK91P,https://www.amazon.com/gp/customer-reviews/R3W2FVTXCKK91P/ref=cm_cr_arp_d_rvw_ttl?ie=UTF8&ASIN=B07VNFJDPJ,,"Reviewed in the United States on January 7, 2024",Didn't like the jacket due to the picture Didn't show the camo pattern till I open the package. Gave it away as a gift,True,Size: MediumColor: Color Black,[],85,7097,1167,https://www.amazon.com/product-reviews/B07VNFJDPJ?pageNumber=9&filterByStar=all_stars&sortBy=helpful&formatType=all_formats,allStars,,"{'price': None, 'listPrice': None}",2024-01-07,United States,,B07VNFJDPJ,0.1999
75,75,5,Nice jacket,R1WKIYM1VB9VCZ,https://www.amazon.com/gp/customer-reviews/R1WKIYM1VB9VCZ/ref=cm_cr_arp_d_rvw_ttl?ie=UTF8&ASIN=B07VNFJDPJ,,"Reviewed in the United States on December 2, 2023",It’s a nice jacket just more purple than I thought it was going to be I was looking for more of a burgundy and this is a lot more plum purple,True,Size: MediumColor: Wine Red,[],86,7097,1167,https://www.amazon.com/product-reviews/B07VNFJDPJ?pageNumber=9&filterByStar=all_stars&sortBy=helpful&formatType=all_formats,allStars,,"{'price': None, 'listPrice': None}",2023-12-02,United States,,B07VNFJDPJ,0.4215
76,76,5,Excellent,R3GAE9CP1QVZF,https://www.amazon.com/gp/customer-reviews/R3GAE9CP1QVZF/ref=cm_cr_arp_d_rvw_ttl?ie=UTF8&ASIN=B07VNFJDPJ,,"Reviewed in the United States on January 14, 2024",Great for the price,True,Size: XX-LargeColor: Black,[],87,7097,1167,https://www.amazon.com/product-reviews/B07VNFJDPJ?pageNumber=9&filterByStar=all_stars&sortBy=helpful&formatType=all_formats,allStars,,"{'price': None, 'listPrice': None}",2024-01-14,United States,,B07VNFJDPJ,0.6249
77,77,5,Great medium-weight jacket,RPK86MSGJSH5I,https://www.amazon.com/gp/customer-reviews/RPK86MSGJSH5I/ref=cm_cr_arp_d_rvw_ttl?ie=UTF8&ASIN=B07VNFJDPJ,2 people found this helpful,"Reviewed in the United States on December 26, 2023","I usually wear large, but ordered Extra Large. And it fits perfectly. Nice and comfortable",True,Size: X-LargeColor: Dark Grey,[],88,7097,1167,https://www.amazon.com/product-reviews/B07VNFJDPJ?pageNumber=9&filterByStar=all_stars&sortBy=helpful&formatType=all_formats,allStars,,"{'price': None, 'listPrice': None}",2023-12-26,United States,,B07VNFJDPJ,0.9428
78,78,3,Bomber jacket,R3NR8OY1QO87MU,https://www.amazon.com/gp/customer-reviews/R3NR8OY1QO87MU/ref=cm_cr_arp_d_rvw_ttl?ie=UTF8&ASIN=B07VNFJDPJ,2 people found this helpful,"Reviewed in the United States on December 25, 2023","Not a bad jacket, although it's a little thinner than the bomber jacket I've had in the past. And I think the fit is a little snug.",True,Size: X-LargeColor: Black,"['https://m.media-amazon.com/images/I/614PD1rJ7zL._SY88.jpg', 'https://m.media-amazon.com/images/I/61VziP1as2L._SY88.jpg']",89,7097,1167,https://www.amazon.com/product-reviews/B07VNFJDPJ?pageNumber=9&filterByStar=all_stars&sortBy=helpful&formatType=all_formats,allStars,,"{'price': None, 'listPrice': None}",2023-12-25,United States,,B07VNFJDPJ,0.6542
79,79,5,Very nice,RWTRJ24WDP0WO,https://www.amazon.com/gp/customer-reviews/RWTRJ24WDP0WO/ref=cm_cr_arp_d_rvw_ttl?ie=UTF8&ASIN=B07VNFJDPJ,6 people found this helpful,"Reviewed in the United States on November 5, 2023","I bought this for my son as a fall jacket. It's not too heavy, but heavy enough for winter if you are one who doesn't require a parka.  The quality is very nice. Zippers are nice. Color. I bought XXL. 5'10"" 220 lbs. There is plenty of room for a sweater.",True,Size: XX-LargeColor: Dark Grey,[],90,7097,1167,https://www.amazon.com/product-reviews/B07VNFJDPJ?pageNumber=9&filterByStar=all_stars&sortBy=helpful&formatType=all_formats,allStars,,"{'price': None, 'listPrice': None}",2023-11-05,United States,,B07VNFJDPJ,0.8511
80,80,5,My favorite go to jacket!,R2VLAQ2UKPSIVB,https://www.amazon.com/gp/customer-reviews/R2VLAQ2UKPSIVB/ref=cm_cr_arp_d_rvw_ttl?ie=UTF8&ASIN=B07VNFJDPJ,,"Reviewed in the United States on January 29, 2024",This is the second jacket I ordered because I like the blue one I recently purchased too. The fit is great with just enough room without being too baggy. Nicely insulated for not being a thick jacket. Good warm jacket for the fall and maybe winter with layering.,True,Size: MediumColor: Green,[],31,7097,1167,https://www.amazon.com/product-reviews/B07VNFJDPJ?pageNumber=4&filterByStar=all_stars&sortBy=helpful&formatType=all_formats,allStars,,"{'price': None, 'listPrice': None}",2024-01-29,United States,,B07VNFJDPJ,0.9413
81,81,5,Llego bastante rápido muy buen srrvicio,R38F7ARKZ9FURZ,https://www.amazon.com/gp/customer-reviews/R38F7ARKZ9FURZ/ref=cm_cr_arp_d_rvw_ttl?ie=UTF8&ASIN=B07VNFJDPJ,,"Reviewed in the United States on February 22, 2024",Exelente producto me quedo muy bien,True,Size: MediumColor: C Army Green,[],32,7097,1167,https://www.amazon.com/product-reviews/B07VNFJDPJ?pageNumber=4&filterByStar=all_stars&sortBy=helpful&formatType=all_formats,allStars,,"{'price': None, 'listPrice': None}",2024-02-22,United States,,B07VNFJDPJ,0.0
82,82,4,Item as described.,R255PDW3E3E877,https://www.amazon.com/gp/customer-reviews/R255PDW3E3E877/ref=cm_cr_arp_d_rvw_ttl?ie=UTF8&ASIN=B07VNFJDPJ,,"Reviewed in the United States on January 10, 2024",Item as described. Keep it.,True,Size: MediumColor: Coffee,[],33,7097,1167,https://www.amazon.com/product-reviews/B07VNFJDPJ?pageNumber=4&filterByStar=all_stars&sortBy=helpful&formatType=all_formats,allStars,,"{'price': None, 'listPrice': None}",2024-01-10,United States,,B07VNFJDPJ,0.0
83,83,4,Good looking jacket,R2AWXNQDL5E5O3,https://www.amazon.com/gp/customer-reviews/R2AWXNQDL5E5O3/ref=cm_cr_arp_d_rvw_ttl?ie=UTF8&ASIN=B07VNFJDPJ,,"Reviewed in the United States on December 23, 2023",Would have liked it a little thicker but it fits good warm and stylish,True,Size: X-LargeColor: Black,[],34,7097,1167,https://www.amazon.com/product-reviews/B07VNFJDPJ?pageNumber=4&filterByStar=all_stars&sortBy=helpful&formatType=all_formats,allStars,,"{'price': None, 'listPrice': None}",2023-12-23,United States,,B07VNFJDPJ,0.7964
84,84,5,Make sure that the size is a USA size.,R21Z5FIEKB9VCH,https://www.amazon.com/gp/customer-reviews/R21Z5FIEKB9VCH/ref=cm_cr_arp_d_rvw_ttl?ie=UTF8&ASIN=B07VNFJDPJ,One person found this helpful,"Reviewed in the United States on February 7, 2024",I just wish the inner lining wasn't bright orange. Other than that this is a great jacket. I am very happy with it!,True,Size: X-LargeColor: Coffee,[],35,7097,1167,https://www.amazon.com/product-reviews/B07VNFJDPJ?pageNumber=4&filterByStar=all_stars&sortBy=helpful&formatType=all_formats,allStars,,"{'price': None, 'listPrice': None}",2024-02-07,United States,,B07VNFJDPJ,0.8651
85,85,5,Amazing quality,R26NL908Z1NTP4,https://www.amazon.com/gp/customer-reviews/R26NL908Z1NTP4/ref=cm_cr_arp_d_rvw_ttl?ie=UTF8&ASIN=B07VNFJDPJ,,"Reviewed in the United States on February 1, 2024",My brothers argued over this jacket even though the tag clearly was addressed to one of them 😅 Almist looks interchangeable because of the inside. Good fit and beautiful colors.,True,Size: X-LargeColor: Blue Green,[],36,7097,1167,https://www.amazon.com/product-reviews/B07VNFJDPJ?pageNumber=4&filterByStar=all_stars&sortBy=helpful&formatType=all_formats,allStars,,"{'price': None, 'listPrice': None}",2024-02-01,United States,,B07VNFJDPJ,0.8591
86,86,5,Hunting,R3M41YW88XX8RY,https://www.amazon.com/gp/customer-reviews/R3M41YW88XX8RY/ref=cm_cr_arp_d_rvw_ttl?ie=UTF8&ASIN=B07VNFJDPJ,,"Reviewed in the United States on February 12, 2024","Well fitting jacket, perfect for medium cold weather with correct undergarments..good hunting !",True,Size: LargeColor: C Army Green,[],37,7097,1167,https://www.amazon.com/product-reviews/B07VNFJDPJ?pageNumber=4&filterByStar=all_stars&sortBy=helpful&formatType=all_formats,allStars,,"{'price': None, 'listPrice': None}",2024-02-12,United States,,B07VNFJDPJ,0.7263
87,87,5,My husband loves it,R27VXBJG2VDBP4,https://www.amazon.com/gp/customer-reviews/R27VXBJG2VDBP4/ref=cm_cr_arp_d_rvw_ttl?ie=UTF8&ASIN=B07VNFJDPJ,,"Reviewed in the United States on February 6, 2024",He said this is his favorite jacket now ! He loves it ! True to size as well.,True,Size: XX-LargeColor: Navy,[],38,7097,1167,https://www.amazon.com/product-reviews/B07VNFJDPJ?pageNumber=4&filterByStar=all_stars&sortBy=helpful&formatType=all_formats,allStars,,"{'price': None, 'listPrice': None}",2024-02-06,United States,,B07VNFJDPJ,0.9039
88,88,4,Zipper,R1PF132V3CJ0OR,https://www.amazon.com/gp/customer-reviews/R1PF132V3CJ0OR/ref=cm_cr_arp_d_rvw_ttl?ie=UTF8&ASIN=B07VNFJDPJ,,"Reviewed in the United States on December 10, 2023",I did not that the zipper was on the left side of the jacket.,True,Size: MediumColor: C Army Green,[],39,7097,1167,https://www.amazon.com/product-reviews/B07VNFJDPJ?pageNumber=4&filterByStar=all_stars&sortBy=helpful&formatType=all_formats,allStars,,"{'price': None, 'listPrice': None}",2023-12-10,United States,,B07VNFJDPJ,0.0
89,89,3,TACVASEN Men's Bomber Jacket,R10ZBCKMSMBSEW,https://www.amazon.com/gp/customer-reviews/R10ZBCKMSMBSEW/ref=cm_cr_arp_d_rvw_ttl?ie=UTF8&ASIN=B07VNFJDPJ,,"Reviewed in the United States on February 8, 2024","I absolutely love this jacket. I was looking for this exact jacket for the past 4 years and I recently found it on where else...AMAZON!!! Amazing! However, the only thing bad I have to do say was this particular jacket inside pocket came torn. Really bad I might add. But it's nothing that can't be fixed through a tailor. Love it though. I loved it so much that I bought the blue camouflage brother to the mix. Can't wait to receive that one.",True,Size: LargeColor: Black,[],40,7097,1167,https://www.amazon.com/product-reviews/B07VNFJDPJ?pageNumber=4&filterByStar=all_stars&sortBy=helpful&formatType=all_formats,allStars,,"{'price': None, 'listPrice': None}",2024-02-08,United States,,B07VNFJDPJ,0.9378
