,Unnamed: 0,ratingScore,reviewTitle,reviewId,reviewUrl,reviewReaction,reviewedIn,reviewDescription,isVerified,variant,reviewImages,position,totalCategoryRatings,totalCategoryReviews,reviewCategoryUrl,filterByRating,filterByKeyword,product,date,country,countryCode,productAsin,sentiment_score
0,0,5,Love this jacket!,R3RV9ZLUPQJQ4B,https://www.amazon.com/gp/customer-reviews/R3RV9ZLUPQJQ4B/ref=cm_cr_arp_d_rvw_ttl?ie=UTF8&ASIN=B087FXJTCV,One person found this helpful,"Reviewed in the United States on March 23, 2024","I ordered it because I wanted a lighter color for spring, and I’m so happy I did! Love the style and fit. 5’8” 160lbs with a larger bust. M fits perfectly, hits right below my hips, nice and roomy and I can also wear a sweater underneath. Love the length of the sleeves, the drawstring feature and deep pockets.It arrived very wrinkly but I threw it in the dryer on gentle heat with some wet t shirts and it came out ready to wear!Very happy with this purchase and am definitely considering other colors. Thanks!",True,Color: Lgiht KhakiSize: Medium,[],1,2756,421,https://www.amazon.com/product-reviews/B087FXJTCV?pageNumber=1&filterByStar=all_stars&sortBy=helpful&formatType=all_formats,allStars,,"{'price': None, 'listPrice': None}",2024-03-23,United States,,B087FXJTCV,0.9887
1,1,5,Beautiful lightweight jacket,R19V1EVWMN5KRN,https://www.amazon.com/gp/customer-reviews/R19V1EVWMN5KRN/ref=cm_cr_arp_d_rvw_ttl?ie=UTF8&ASIN=B087FXJTCV,,"Reviewed in the United States on March 18, 2024",I was so thrilled when I found this I bought two different colors. Amazon suggested XXL which is what I purchased but unfortunately that is a bit too large. I have since learned not to listen to that lol. I can still wear it but it is definitely a bit too large and XL would have been perfect. I am 5'8 170 lb for reference. Otherwise I do highly recommend this great awesome looking jacket. Thank you.,True,Color: Army GreenSize: XX-Large,[],2,2756,421,https://www.amazon.com/product-reviews/B087FXJTCV?pageNumber=1&filterByStar=all_stars&sortBy=helpful&formatType=all_formats,allStars,,"{'price': None, 'listPrice': None}",2024-03-18,United States,,B087FXJTCV,0.9878
2,2,4,Perfect Fit,R13CX58RFR012V,https://www.amazon.com/gp/customer-reviews/R13CX58RFR012V/ref=cm_cr_arp_d_rvw_ttl?ie=UTF8&ASIN=B087FXJTCV,2 people found this helpful,"Reviewed in the United States on March 28, 2024","I absolutely LOVE this jacket!! I am 5'2"", 108 lbs, and I ordered size small in light brown The sleeves are the right length.....it is not too long or too short.It is a little big, but thats what I wanted!! I can wear a long sleeve shirt and/or sweater under it and it is  still comfortable. It is the PERFECT jacket for me!!UPDATE:I LOVE THE STYLE of this jacket SO MUCH that I got another one.....in the darker BROWN.  The color is MORE caramel than brown. Sadly, it definitely does NOT look like the picture.....",True,Color: Lgiht KhakiSize: Small,[],3,2756,421,https://www.amazon.com/product-reviews/B087FXJTCV?pageNumber=1&filterByStar=all_stars&sortBy=helpful&formatType=all_formats,allStars,,"{'price': None, 'listPrice': None}",2024-03-28,United States,,B087FXJTCV,0.9732
3,3,3,Thin and scratchy material,R2GMN6LX679XVA,https://www.amazon.com/gp/customer-reviews/R2GMN6LX679XVA/ref=cm_cr_arp_d_rvw_ttl?ie=UTF8&ASIN=B087FXJTCV,4 people found this helpful,"Reviewed in the United States on September 11, 2022","On the fence about keeping this one… The olive green color is nice. It’s true to size and I like the style. The issue is the fabric. It’s really thin; not really a true jacket. It’s more like a heavy shirt. The texture of the material is very scratchy to the skin and it wrinkles really easily due to how thin it is. If this was made from a higher quality material it would be a no brainer, but I honestly don’t know if this one is worth the price.",True,Color: Army GreenSize: X-Large,[],4,2756,421,https://www.amazon.com/product-reviews/B087FXJTCV?pageNumber=1&filterByStar=all_stars&sortBy=helpful&formatType=all_formats,allStars,,"{'price': None, 'listPrice': None}",2022-09-11,United States,,B087FXJTCV,0.9152
4,4,5,Really cute jacket,RPMKEBZSMXUIL,https://www.amazon.com/gp/customer-reviews/RPMKEBZSMXUIL/ref=cm_cr_arp_d_rvw_ttl?ie=UTF8&ASIN=B087FXJTCV,3 people found this helpful,"Reviewed in the United States on February 18, 2024","This jacket is just as it is pictured. I got an XS and at first thought it was going to be too small, but after trying it on with different tops I found that it fit perfectly. I really like the color and feel that it is made very well. I washed it in cold water and put it in the dryer for a short time. That definitely helped get the wrinkles out and didn’t shrink it at all. I bought this jacket to wear while traveling in Europe. I would like to buy others in different colors but I really don’t need them!",True,Color: A-light GreenSize: X-Small,[],5,2756,421,https://www.amazon.com/product-reviews/B087FXJTCV?pageNumber=1&filterByStar=all_stars&sortBy=helpful&formatType=all_formats,allStars,,"{'price': None, 'listPrice': None}",2024-02-18,United States,,B087FXJTCV,0.9831
5,5,1,Would not recommend,R1DC0UUSJN1QK1,https://www.amazon.com/gp/customer-reviews/R1DC0UUSJN1QK1/ref=cm_cr_arp_d_rvw_ttl?ie=UTF8&ASIN=B087FXJTCV,17 people found this helpful,"Reviewed in the United States on November 6, 2023","For several reasons. First it’s uncomfortable fabric and doesn’t fit well. I ordered two sizes and neither is comfortable or looks nice.Second, getting this product took forever. I first placed an order and it was supposed to come within a week. It doesn’t use the normal Amazon shipping so it never showed up. So I finally put in for a replacement order which then took another 2 weeks to arrive. At this point fall is basically over because I ordered it a month ago.Third, returning this isn’t as easy as most Amazon orders. You have to go to a UPS Store specifically (which is fine). But then they do not refund you immediately like normal Amazon orders. Instead it says that you have to wait for it to make it there and then sometime in the next 30 days they’ll refund.So ultimately a 3 month process. This was expensive for the quality and then ultimately useless.I am still waiting for my refund.",True,,[],6,2756,421,https://www.amazon.com/product-reviews/B087FXJTCV?pageNumber=1&filterByStar=all_stars&sortBy=helpful&formatType=all_formats,allStars,,"{'price': None, 'listPrice': None}",2023-11-06,United States,,B087FXJTCV,0.7649
6,6,5,Nice jacket,R2A8FO96P10YZ7,https://www.amazon.com/gp/customer-reviews/R2A8FO96P10YZ7/ref=cm_cr_arp_d_rvw_ttl?ie=UTF8&ASIN=B087FXJTCV,6 people found this helpful,"Reviewed in the United States on February 21, 2024",This jacket is a very nice pseudo-blazer...comfy and structured enough to wear to work.  Nice weight and good fit.,True,Color: A-blackSize: X-Large,[],7,2756,421,https://www.amazon.com/product-reviews/B087FXJTCV?pageNumber=1&filterByStar=all_stars&sortBy=helpful&formatType=all_formats,allStars,,"{'price': None, 'listPrice': None}",2024-02-21,United States,,B087FXJTCV,0.8832
7,7,5,True to its size.,R1FHYVSEYQMQXL,https://www.amazon.com/gp/customer-reviews/R1FHYVSEYQMQXL/ref=cm_cr_arp_d_rvw_ttl?ie=UTF8&ASIN=B087FXJTCV,3 people found this helpful,"Reviewed in the United States on December 15, 2023",This is thinner than I expected. But it is best here in the Philippines. It fits me perfectly. i am 5’7” tall and 69 kilos or 152pounds. The fabric is soft denim. I love the color.,True,Color: A-beigeSize: Small,[],8,2756,421,https://www.amazon.com/product-reviews/B087FXJTCV?pageNumber=1&filterByStar=all_stars&sortBy=helpful&formatType=all_formats,allStars,,"{'price': None, 'listPrice': None}",2023-12-15,United States,,B087FXJTCV,0.9657
8,8,5,Excellent Quality,RGWJ2G63HSMLR,https://www.amazon.com/gp/customer-reviews/RGWJ2G63HSMLR/ref=cm_cr_arp_d_rvw_ttl?ie=UTF8&ASIN=B087FXJTCV,,"Reviewed in the United States on April 4, 2024",This light weight jacket is soft & the zipper is quality. All features are amazing. I just bought another one in a different color! Worth every penny!,True,Color: A-beigeSize: Large,[],9,2756,421,https://www.amazon.com/product-reviews/B087FXJTCV?pageNumber=1&filterByStar=all_stars&sortBy=helpful&formatType=all_formats,allStars,,"{'price': None, 'listPrice': None}",2024-04-04,United States,,B087FXJTCV,0.7418
9,9,4,The fabric is rather stiff.,R14LD8802SJ6RE,https://www.amazon.com/gp/customer-reviews/R14LD8802SJ6RE/ref=cm_cr_arp_d_rvw_ttl?ie=UTF8&ASIN=B087FXJTCV,,"Reviewed in the United States on February 4, 2024","It's a good warm jacket, but stiff fabric, not necessarily. Very comfortable.",True,Color: A-grayish BlueSize: Large,[],10,2756,421,https://www.amazon.com/product-reviews/B087FXJTCV?pageNumber=1&filterByStar=all_stars&sortBy=helpful&formatType=all_formats,allStars,,"{'price': None, 'listPrice': None}",2024-02-04,United States,,B087FXJTCV,-0.3566
10,10,4,Super cute but wrinkles!,R2F2VGNIUAA0KX,https://www.amazon.com/gp/customer-reviews/R2F2VGNIUAA0KX/ref=cm_cr_arp_d_rvw_ttl?ie=UTF8&ASIN=B087FXJTCV,3 people found this helpful,"Reviewed in the United States on December 6, 2022",I love this jacket but end up ironing it before wearing.,True,Color: Army GreenSize: XX-Large,[],81,2756,421,https://www.amazon.com/product-reviews/B087FXJTCV?pageNumber=9&filterByStar=all_stars&sortBy=helpful&formatType=all_formats,allStars,,"{'price': None, 'listPrice': None}",2022-12-06,United States,,B087FXJTCV,0.3818
11,11,4,Runs small,RIM7TIUO2GFVM,https://www.amazon.com/gp/customer-reviews/RIM7TIUO2GFVM/ref=cm_cr_arp_d_rvw_ttl?ie=UTF8&ASIN=B087FXJTCV,4 people found this helpful,"Reviewed in the United States on December 8, 2022","Jacket is cute, very thin lightweight but runs small.",True,Color: Army GreenSize: XX-Large,[],82,2756,421,https://www.amazon.com/product-reviews/B087FXJTCV?pageNumber=9&filterByStar=all_stars&sortBy=helpful&formatType=all_formats,allStars,,"{'price': None, 'listPrice': None}",2022-12-08,United States,,B087FXJTCV,0.25
12,12,4,Perfect for casual wear.,R1O62UJ8KI9SVP,https://www.amazon.com/gp/customer-reviews/R1O62UJ8KI9SVP/ref=cm_cr_arp_d_rvw_ttl?ie=UTF8&ASIN=B087FXJTCV,One person found this helpful,"Reviewed in the United States on September 3, 2022","Color is a soft pink slightly salmon shade. Was hoping for a little more pink, but will keep it.",True,Color: A-pinkSize: Medium,[],83,2756,421,https://www.amazon.com/product-reviews/B087FXJTCV?pageNumber=9&filterByStar=all_stars&sortBy=helpful&formatType=all_formats,allStars,,"{'price': None, 'listPrice': None}",2022-09-03,United States,,B087FXJTCV,0.2263
13,13,2,Shrunk in the dryer,R2BW9KYJ6QOTQF,https://www.amazon.com/gp/customer-reviews/R2BW9KYJ6QOTQF/ref=cm_cr_arp_d_rvw_ttl?ie=UTF8&ASIN=B087FXJTCV,,"Reviewed in the United States on October 29, 2023",The jacket is cute but it shrank in the dryer. Extremely disappointing that it’s too small to wear now.,True,Color: Lgiht KhakiSize: Medium,[],84,2756,421,https://www.amazon.com/product-reviews/B087FXJTCV?pageNumber=9&filterByStar=all_stars&sortBy=helpful&formatType=all_formats,allStars,,"{'price': None, 'listPrice': None}",2023-10-29,United States,,B087FXJTCV,-0.5775
14,14,5,Going on Safari,RLQ0BGYC0T4V0,https://www.amazon.com/gp/customer-reviews/RLQ0BGYC0T4V0/ref=cm_cr_arp_d_rvw_ttl?ie=UTF8&ASIN=B087FXJTCV,,"Reviewed in the United States on June 6, 2023","This jacket is a perfect style and color not only for Safari but around town - very stylish. Substantial but not too warm, just right.",True,,[],85,2756,421,https://www.amazon.com/product-reviews/B087FXJTCV?pageNumber=9&filterByStar=all_stars&sortBy=helpful&formatType=all_formats,allStars,,"{'price': None, 'listPrice': None}",2023-06-06,United States,,B087FXJTCV,0.4531
15,15,5,Very Cute,R3K73GE2NCGQN5,https://www.amazon.com/gp/customer-reviews/R3K73GE2NCGQN5/ref=cm_cr_arp_d_rvw_ttl?ie=UTF8&ASIN=B087FXJTCV,,"Reviewed in the United States on July 7, 2023",This is a very cute jacket. It is a nice quality and I really like the fit.,True,,[],86,2756,421,https://www.amazon.com/product-reviews/B087FXJTCV?pageNumber=9&filterByStar=all_stars&sortBy=helpful&formatType=all_formats,allStars,,"{'price': None, 'listPrice': None}",2023-07-07,United States,,B087FXJTCV,0.8922
16,16,4,Great light weight jacket,R3V00ZUUIU056E,https://www.amazon.com/gp/customer-reviews/R3V00ZUUIU056E/ref=cm_cr_arp_d_rvw_ttl?ie=UTF8&ASIN=B087FXJTCV,One person found this helpful,"Reviewed in the United States on August 24, 2022","Jacket is very cute and stylish.  Little tighter fit in arms, but perfect fit for shorter arm lengths.",True,Color: A-brownSize: Small,[],87,2756,421,https://www.amazon.com/product-reviews/B087FXJTCV?pageNumber=9&filterByStar=all_stars&sortBy=helpful&formatType=all_formats,allStars,,"{'price': None, 'listPrice': None}",2022-08-24,United States,,B087FXJTCV,0.8919
17,17,5,Love the jacket,R3BCFJR77AXL1Z,https://www.amazon.com/gp/customer-reviews/R3BCFJR77AXL1Z/ref=cm_cr_arp_d_rvw_ttl?ie=UTF8&ASIN=B087FXJTCV,,"Reviewed in the United States on May 24, 2023",Too small.  Sleeves too tight.  Wanted to wear over a sweatshirt if necessary but could barely get my arms in the sleeves without a sweatshirt.,True,,[],88,2756,421,https://www.amazon.com/product-reviews/B087FXJTCV?pageNumber=9&filterByStar=all_stars&sortBy=helpful&formatType=all_formats,allStars,,"{'price': None, 'listPrice': None}",2023-05-24,United States,,B087FXJTCV,0.0
18,18,4,good jacket.,R2WF789W544G29,https://www.amazon.com/gp/customer-reviews/R2WF789W544G29/ref=cm_cr_arp_d_rvw_ttl?ie=UTF8&ASIN=B087FXJTCV,One person found this helpful,"Reviewed in the United States on August 21, 2022",Jacket is good quality bur too small for L size.,True,,[],89,2756,421,https://www.amazon.com/product-reviews/B087FXJTCV?pageNumber=9&filterByStar=all_stars&sortBy=helpful&formatType=all_formats,allStars,,"{'price': None, 'listPrice': None}",2022-08-21,United States,,B087FXJTCV,0.4404
19,19,1,Uncomfortable hard material,R2WRAGVIM7MS2V,https://www.amazon.com/gp/customer-reviews/R2WRAGVIM7MS2V/ref=cm_cr_arp_d_rvw_ttl?ie=UTF8&ASIN=B087FXJTCV,,"Reviewed in the United States on February 12, 2024","Wanted to like so badly.  Even washed and dried as one person suggested in the reviews but it’s boxy and hard material, no give, kindof rough feeling.  It’s well made but very unflattering and boxy.  Going to have to send back",True,Color: Dark GreySize: X-Large,[],90,2756,421,https://www.amazon.com/product-reviews/B087FXJTCV?pageNumber=9&filterByStar=all_stars&sortBy=helpful&formatType=all_formats,allStars,,"{'price': None, 'listPrice': None}",2024-02-12,United States,,B087FXJTCV,-0.2876
20,20,4,3rd Times A Charm!,RHWEIT7TNPW64,https://www.amazon.com/gp/customer-reviews/RHWEIT7TNPW64/ref=cm_cr_arp_d_rvw_ttl?ie=UTF8&ASIN=B087FXJTCV,15 people found this helpful,"Reviewed in the United States on October 27, 2020","I love the jacket, but it took me three times ordering to get it right!  Ordered an xl 1st which swallowed me, 2nd I ordered a lg which was to tight in my DD chest and along the shoulders, 3rd times a charm.  The fit is good in the chest and a little lg in the waist, but with the cinch pull is not a problem.  I live in Florida which will be more than warm enough for our weather and roomy enough to layer if our weather gets colder.  I would recommend and purchase again.",True,Color: Army GreenSize: X-Large,[],61,2756,421,https://www.amazon.com/product-reviews/B087FXJTCV?pageNumber=7&filterByStar=all_stars&sortBy=helpful&formatType=all_formats,allStars,,"{'price': None, 'listPrice': None}",2020-10-27,United States,,B087FXJTCV,0.97
21,21,3,"Love it, but has to be drycleaned",RDIJO9AG6C2K6,https://www.amazon.com/gp/customer-reviews/RDIJO9AG6C2K6/ref=cm_cr_arp_d_rvw_ttl?ie=UTF8&ASIN=B087FXJTCV,2 people found this helpful,"Reviewed in the United States on April 27, 2023","Love this jacket, but it showed up very wrinkled. After washing and drying, still wrinkled. Only looked good after a dry cleaner.",True,Color: Army GreenSize: X-Large,[],62,2756,421,https://www.amazon.com/product-reviews/B087FXJTCV?pageNumber=7&filterByStar=all_stars&sortBy=helpful&formatType=all_formats,allStars,,"{'price': None, 'listPrice': None}",2023-04-27,United States,,B087FXJTCV,0.8176
22,22,4,What I wanted,R3GIVTESAMDN3S,https://www.amazon.com/gp/customer-reviews/R3GIVTESAMDN3S/ref=cm_cr_arp_d_rvw_ttl?ie=UTF8&ASIN=B087FXJTCV,4 people found this helpful,"Reviewed in the United States on November 17, 2021","This jacket is the look I was going for, and I like it. It’s lightweight and casual. I wasn’t surprised but not delighted that it came out of the dryer only half dry but still pretty wrinkled. I don’t expect to have to wash it often but I’ll have to iron it when I do.",True,Color: A-grayish BlueSize: Large,[],63,2756,421,https://www.amazon.com/product-reviews/B087FXJTCV?pageNumber=7&filterByStar=all_stars&sortBy=helpful&formatType=all_formats,allStars,,"{'price': None, 'listPrice': None}",2021-11-17,United States,,B087FXJTCV,0.5183
23,23,3,Check size,R206S9D3PQYR3Q,https://www.amazon.com/gp/customer-reviews/R206S9D3PQYR3Q/ref=cm_cr_arp_d_rvw_ttl?ie=UTF8&ASIN=B087FXJTCV,One person found this helpful,"Reviewed in the United States on May 7, 2023","For too small,  I went with suggested size.  Should have read more about it.  Returned it",True,Color: A-blackSize: Large,[],64,2756,421,https://www.amazon.com/product-reviews/B087FXJTCV?pageNumber=7&filterByStar=all_stars&sortBy=helpful&formatType=all_formats,allStars,,"{'price': None, 'listPrice': None}",2023-05-07,United States,,B087FXJTCV,0.0
24,24,4,I took checked the measurements and it is short jn thw sleeves and tight in the shoulder.,R3PNM9AG5MDNN1,https://www.amazon.com/gp/customer-reviews/R3PNM9AG5MDNN1/ref=cm_cr_arp_d_rvw_ttl?ie=UTF8&ASIN=B087FXJTCV,One person found this helpful,"Reviewed in the United States on August 30, 2022",It's cute and sturdy but is a snug fot with shorter sleeves than the size chart said. A person with shorter arms or skinny bone frame would probably be ok.,True,Color: Army GreenSize: Small,[],65,2756,421,https://www.amazon.com/product-reviews/B087FXJTCV?pageNumber=7&filterByStar=all_stars&sortBy=helpful&formatType=all_formats,allStars,,"{'price': None, 'listPrice': None}",2022-08-30,United States,,B087FXJTCV,0.5859
25,25,5,Love! this jacket!,R3FC9TNMY3GQOD,https://www.amazon.com/gp/customer-reviews/R3FC9TNMY3GQOD/ref=cm_cr_arp_d_rvw_ttl?ie=UTF8&ASIN=B087FXJTCV,2 people found this helpful,"Reviewed in the United States on August 2, 2023","It's lightweight, great fit, perfect for a casual evening out.  I would get it in every color if I could!",True,,[],66,2756,421,https://www.amazon.com/product-reviews/B087FXJTCV?pageNumber=7&filterByStar=all_stars&sortBy=helpful&formatType=all_formats,allStars,,"{'price': None, 'listPrice': None}",2023-08-02,United States,,B087FXJTCV,0.908
26,26,4,I returned it It was too big and think I rather do the jacket instead,R2NEXTP981VY8X,https://www.amazon.com/gp/customer-reviews/R2NEXTP981VY8X/ref=cm_cr_arp_d_rvw_ttl?ie=UTF8&ASIN=B087FXJTCV,One person found this helpful,"Reviewed in the United States on November 17, 2022",I returned it It was too big and think I rather do the jacket instead still going to get smaller size looks good,True,,[],67,2756,421,https://www.amazon.com/product-reviews/B087FXJTCV?pageNumber=7&filterByStar=all_stars&sortBy=helpful&formatType=all_formats,allStars,,"{'price': None, 'listPrice': None}",2022-11-17,United States,,B087FXJTCV,0.4404
27,27,5,Very cute!,R1KT1RH6ITSUJW,https://www.amazon.com/gp/customer-reviews/R1KT1RH6ITSUJW/ref=cm_cr_arp_d_rvw_ttl?ie=UTF8&ASIN=B087FXJTCV,One person found this helpful,"Reviewed in the United States on September 23, 2022",This lightweight jacket fits perfectly and looks great with a long sleeve Henley or a tank underneath it. Sized correctly. The only negative thing I found was when it was packaged it was so crumpled that the wrinkles were impossible to get out and it was very stiff. I did have the dry cleaners wash it and press it but not use any starch. It looks perfect now and is quite soft.,True,Color: Army GreenSize: Large,[],68,2756,421,https://www.amazon.com/product-reviews/B087FXJTCV?pageNumber=7&filterByStar=all_stars&sortBy=helpful&formatType=all_formats,allStars,,"{'price': None, 'listPrice': None}",2022-09-23,United States,,B087FXJTCV,0.8338
28,28,5,The jacket is cut larger Kharkiv’s I’ll,R2SRVLATQQOVBB,https://www.amazon.com/gp/customer-reviews/R2SRVLATQQOVBB/ref=cm_cr_arp_d_rvw_ttl?ie=UTF8&ASIN=B087FXJTCV,,"Reviewed in the United States on May 3, 2023","The jacket was a little larger than expected but can be made smaller at the waist by adjusting the waist in- seam cord making it a perfect fit. The brown color however, was a little off so I returned it.",True,Color: A-brownSize: XX-Large,[],69,2756,421,https://www.amazon.com/product-reviews/B087FXJTCV?pageNumber=7&filterByStar=all_stars&sortBy=helpful&formatType=all_formats,allStars,,"{'price': None, 'listPrice': None}",2023-05-03,United States,,B087FXJTCV,0.8519
29,29,4,Not the  color I thought it would be.,R20J7X5CCQZN5G,https://www.amazon.com/gp/customer-reviews/R20J7X5CCQZN5G/ref=cm_cr_arp_d_rvw_ttl?ie=UTF8&ASIN=B087FXJTCV,One person found this helpful,"Reviewed in the United States on May 25, 2022",The jacket is lightweight except that it’s not the car and I thought it would be.  It wasn’t as flattering as I thought it would be I guess it’s because I’m kind of short.,True,,[],70,2756,421,https://www.amazon.com/product-reviews/B087FXJTCV?pageNumber=7&filterByStar=all_stars&sortBy=helpful&formatType=all_formats,allStars,,"{'price': None, 'listPrice': None}",2022-05-25,United States,,B087FXJTCV,0.3182
30,30,2,COLOR DOES NOT MATCH PICTURE,R3OYYE5OPFVM4C,https://www.amazon.com/gp/customer-reviews/R3OYYE5OPFVM4C/ref=cm_cr_arp_d_rvw_ttl?ie=UTF8&ASIN=B087FXJTCV,,"Reviewed in the United States on November 22, 2023","Super cute jacket, however I purchased burgundy and the color is bright red.",True,,[],71,2756,421,https://www.amazon.com/product-reviews/B087FXJTCV?pageNumber=8&filterByStar=all_stars&sortBy=helpful&formatType=all_formats,allStars,,"{'price': None, 'listPrice': None}",2023-11-22,United States,,B087FXJTCV,0.8689
31,31,3,Sleeves are tight,R3D7CFTOFBCTBG,https://www.amazon.com/gp/customer-reviews/R3D7CFTOFBCTBG/ref=cm_cr_arp_d_rvw_ttl?ie=UTF8&ASIN=B087FXJTCV,,"Reviewed in the United States on May 12, 2023",2x is probably too small for me as the sleeves are too tight.,True,Color: Army GreenSize: XX-Large,[],72,2756,421,https://www.amazon.com/product-reviews/B087FXJTCV?pageNumber=8&filterByStar=all_stars&sortBy=helpful&formatType=all_formats,allStars,,"{'price': None, 'listPrice': None}",2023-05-12,United States,,B087FXJTCV,0.0
32,32,3,Small,R3D4G3F7COHJLV,https://www.amazon.com/gp/customer-reviews/R3D4G3F7COHJLV/ref=cm_cr_arp_d_rvw_ttl?ie=UTF8&ASIN=B087FXJTCV,,"Reviewed in the United States on June 12, 2023",Doesn’t fit.  Returning it.,True,,[],73,2756,421,https://www.amazon.com/product-reviews/B087FXJTCV?pageNumber=8&filterByStar=all_stars&sortBy=helpful&formatType=all_formats,allStars,,"{'price': None, 'listPrice': None}",2023-06-12,United States,,B087FXJTCV,0.3612
33,33,3,SIZE UP.,R2M18OC6Z1MGFS,https://www.amazon.com/gp/customer-reviews/R2M18OC6Z1MGFS/ref=cm_cr_arp_d_rvw_ttl?ie=UTF8&ASIN=B087FXJTCV,4 people found this helpful,"Reviewed in the United States on October 15, 2022","I usually get a large In everything I order.. so I ordered a large. (Reviews were conflicting) I have a large bust and even a size LRG was WAY too tight. It fits, but it’s a TIGHT fit. I will be able to wear it, but won’t be able to button or zip it up since there is absolutely no stretch. -It’s uncomfortably cute.",True,Color: A-blackSize: Large,[],74,2756,421,https://www.amazon.com/product-reviews/B087FXJTCV?pageNumber=8&filterByStar=all_stars&sortBy=helpful&formatType=all_formats,allStars,,"{'price': None, 'listPrice': None}",2022-10-15,United States,,B087FXJTCV,0.1181
34,34,3,Jacket is not form fitting,R10U76U61LXK0N,https://www.amazon.com/gp/customer-reviews/R10U76U61LXK0N/ref=cm_cr_arp_d_rvw_ttl?ie=UTF8&ASIN=B087FXJTCV,One person found this helpful,"Reviewed in the United States on December 6, 2022",The jacket is very nice. I do wish the fabric is a bit softer. The jacket is a straight down the sides. It does not have a ladies fit. The image makes it seem it looks like it’s cut in a ladies fit. So it’s more boxy. I would have preferred it to be a ladies fit so it shows curves,True,,[],75,2756,421,https://www.amazon.com/product-reviews/B087FXJTCV?pageNumber=8&filterByStar=all_stars&sortBy=helpful&formatType=all_formats,allStars,,"{'price': None, 'listPrice': None}",2022-12-06,United States,,B087FXJTCV,0.4636
35,35,5,Buy it!,R3F2AME4K3KSJH,https://www.amazon.com/gp/customer-reviews/R3F2AME4K3KSJH/ref=cm_cr_arp_d_rvw_ttl?ie=UTF8&ASIN=B087FXJTCV,6 people found this helpful,"Reviewed in the United States on June 8, 2022","I bought this jacket as an alternative to my standard denim jacket and wow!! It seems just as versatile. Not too lightweight, it’ll keep you warm if there’s a chill and there is still enough room for me to layer underneath if it’s extra cold.The hidden drawstring in the waist is awesome if you want to cinch that in. The pockets are large. The zipper is a good quality. Overall I love this jacket!!",True,Color: Army GreenSize: X-Large,[],76,2756,421,https://www.amazon.com/product-reviews/B087FXJTCV?pageNumber=8&filterByStar=all_stars&sortBy=helpful&formatType=all_formats,allStars,,"{'price': None, 'listPrice': None}",2022-06-08,United States,,B087FXJTCV,0.9605
36,36,5,Super cute,R3Q9FT1X38SDGO,https://www.amazon.com/gp/customer-reviews/R3Q9FT1X38SDGO/ref=cm_cr_arp_d_rvw_ttl?ie=UTF8&ASIN=B087FXJTCV,One person found this helpful,"Reviewed in the United States on September 30, 2023",Fits nicely.  Good value,True,,[],77,2756,421,https://www.amazon.com/product-reviews/B087FXJTCV?pageNumber=8&filterByStar=all_stars&sortBy=helpful&formatType=all_formats,allStars,,"{'price': None, 'listPrice': None}",2023-09-30,United States,,B087FXJTCV,0.802
37,37,3,Jacket,R11GS1VFBYGYDK,https://www.amazon.com/gp/customer-reviews/R11GS1VFBYGYDK/ref=cm_cr_arp_d_rvw_ttl?ie=UTF8&ASIN=B087FXJTCV,4 people found this helpful,"Reviewed in the United States on March 22, 2023",The jacket is medium weightFor 50 or 60 degrees of weatherThe fabric will shrinkI bought xxlgIt shrunk to xlg,True,Color: A-grayish BlueSize: XX-Large,[],78,2756,421,https://www.amazon.com/product-reviews/B087FXJTCV?pageNumber=8&filterByStar=all_stars&sortBy=helpful&formatType=all_formats,allStars,,"{'price': None, 'listPrice': None}",2023-03-22,United States,,B087FXJTCV,0.0
38,38,4,No Liner in Jacket,R2LXZW74KRFYBX,https://www.amazon.com/gp/customer-reviews/R2LXZW74KRFYBX/ref=cm_cr_arp_d_rvw_ttl?ie=UTF8&ASIN=B087FXJTCV,19 people found this helpful,"Reviewed in the United States on June 9, 2022","Jacket fits well, but there is no liner. So if you wear a short sleeve or sleeveless shirt it can be irritating to your skin. Overall it looks nice.",True,Color: Army GreenSize: Small,"['https://m.media-amazon.com/images/I/61dBOxzCqkL._SY88.jpg', 'https://m.media-amazon.com/images/I/71T4onWj6LL._SY88.jpg']",79,2756,421,https://www.amazon.com/product-reviews/B087FXJTCV?pageNumber=8&filterByStar=all_stars&sortBy=helpful&formatType=all_formats,allStars,,"{'price': None, 'listPrice': None}",2022-06-09,United States,,B087FXJTCV,-0.3716
39,39,3,It shrinks!!!!,R377OUCMKGW9OV,https://www.amazon.com/gp/customer-reviews/R377OUCMKGW9OV/ref=cm_cr_arp_d_rvw_ttl?ie=UTF8&ASIN=B087FXJTCV,One person found this helpful,"Reviewed in the United States on December 7, 2021","When I got this jacket I loved it and it was perfect and it fit me great. I washed it because of Covid and dyes and all that, and I followed the directions on the tag to tumble dry low. When you wash this jacket don’t put it in the dryer. Now my $50 jacket, that I put aside money and invested in because I never spend this kind of money on myself, is too small. I’ve never cried over a jacket before but I guess this is a year of firsts for me.",True,Color: Army GreenSize: Large,[],80,2756,421,https://www.amazon.com/product-reviews/B087FXJTCV?pageNumber=8&filterByStar=all_stars&sortBy=helpful&formatType=all_formats,allStars,,"{'price': None, 'listPrice': None}",2021-12-07,United States,,B087FXJTCV,0.7988
40,40,3,size,R1U64RG7M2L89L,https://www.amazon.com/gp/customer-reviews/R1U64RG7M2L89L/ref=cm_cr_arp_d_rvw_ttl?ie=UTF8&ASIN=B087FXJTCV,10 people found this helpful,"Reviewed in the United States on March 1, 2023","its a really cute jacket ,but i didnt like the way it fit at all. the overall  length was ok but it fit small on top, arm lenght  short as well, it just fit weird overall. bigger size would not have made it better.",True,Color: Army GreenSize: Medium,[],51,2756,421,https://www.amazon.com/product-reviews/B087FXJTCV?pageNumber=6&filterByStar=all_stars&sortBy=helpful&formatType=all_formats,allStars,,"{'price': None, 'listPrice': None}",2023-03-01,United States,,B087FXJTCV,0.9564
41,41,4,Love the waistline,RAU47LE7OWR74,https://www.amazon.com/gp/customer-reviews/RAU47LE7OWR74/ref=cm_cr_arp_d_rvw_ttl?ie=UTF8&ASIN=B087FXJTCV,5 people found this helpful,"Reviewed in the United States on November 10, 2022","I love the ability to adjust around the waist so it doesn’t look boxy. It’s also lightweight, so it will be perfect for layering in central Texas Fall and Winter seasons.",True,Color: Army GreenSize: Small,[],52,2756,421,https://www.amazon.com/product-reviews/B087FXJTCV?pageNumber=6&filterByStar=all_stars&sortBy=helpful&formatType=all_formats,allStars,,"{'price': None, 'listPrice': None}",2022-11-10,United States,,B087FXJTCV,0.8807
42,42,4,it does not run large!,R2PEJVQJU967V7,https://www.amazon.com/gp/customer-reviews/R2PEJVQJU967V7/ref=cm_cr_arp_d_rvw_ttl?ie=UTF8&ASIN=B087FXJTCV,3 people found this helpful,"Reviewed in the United States on June 7, 2022",I do not understand other reviewers' comments that this runs large.  I had to return for a larger than normal size.  The sleeves and shoulders were very snug. Nice jacket -- but I think the sizing is very difficult.,True,Color: A-navySize: Medium,[],53,2756,421,https://www.amazon.com/product-reviews/B087FXJTCV?pageNumber=6&filterByStar=all_stars&sortBy=helpful&formatType=all_formats,allStars,,"{'price': None, 'listPrice': None}",2022-06-07,United States,,B087FXJTCV,-0.392
43,43,4,Flattering,RLWCRA5RQ1DE3,https://www.amazon.com/gp/customer-reviews/RLWCRA5RQ1DE3/ref=cm_cr_arp_d_rvw_ttl?ie=UTF8&ASIN=B087FXJTCV,7 people found this helpful,"Reviewed in the United States on December 1, 2022","When unzipped,  the jacket falls different that i want it to, but I received a lot of compliments when I wore it",True,Color: A-beigeSize: X-Large,[],54,2756,421,https://www.amazon.com/product-reviews/B087FXJTCV?pageNumber=6&filterByStar=all_stars&sortBy=helpful&formatType=all_formats,allStars,,"{'price': None, 'listPrice': None}",2022-12-01,United States,,B087FXJTCV,0.5719
44,44,5,Just what I was looking for,R35IAGL2T2NI6D,https://www.amazon.com/gp/customer-reviews/R35IAGL2T2NI6D/ref=cm_cr_arp_d_rvw_ttl?ie=UTF8&ASIN=B087FXJTCV,,"Reviewed in the United States on October 29, 2023",Great jacket! Love the style & detail.,True,,[],55,2756,421,https://www.amazon.com/product-reviews/B087FXJTCV?pageNumber=6&filterByStar=all_stars&sortBy=helpful&formatType=all_formats,allStars,,"{'price': None, 'listPrice': None}",2023-10-29,United States,,B087FXJTCV,0.8622
45,45,5,Trendy and fits well,RPCO7698G55Y2,https://www.amazon.com/gp/customer-reviews/RPCO7698G55Y2/ref=cm_cr_arp_d_rvw_ttl?ie=UTF8&ASIN=B087FXJTCV,One person found this helpful,"Reviewed in the United States on July 11, 2023","I ordered this for my daughter (5’4”, 100 pounds, small bust).  Fit is perfect. Look is trendy.  She loves the weight of the jacket. This was success.",True,Color: A-navySize: Small,[],56,2756,421,https://www.amazon.com/product-reviews/B087FXJTCV?pageNumber=6&filterByStar=all_stars&sortBy=helpful&formatType=all_formats,allStars,,"{'price': None, 'listPrice': None}",2023-07-11,United States,,B087FXJTCV,0.9274
46,46,4,Love ❤️,R3KV8S8Y8A9KF1,https://www.amazon.com/gp/customer-reviews/R3KV8S8Y8A9KF1/ref=cm_cr_arp_d_rvw_ttl?ie=UTF8&ASIN=B087FXJTCV,5 people found this helpful,"Reviewed in the United States on March 28, 2022",The dark green is gorgeous! Nice light coat. It was a little stiff at first but softened up after a few wears.  There are a few strings hanging out already but all in all very happy with my purchase. Sized up for an oversized look.,True,,[],57,2756,421,https://www.amazon.com/product-reviews/B087FXJTCV?pageNumber=6&filterByStar=all_stars&sortBy=helpful&formatType=all_formats,allStars,,"{'price': None, 'listPrice': None}",2022-03-28,United States,,B087FXJTCV,0.8802
47,47,3,"Great, but do not wash!!!",R9MNSEP7DZWKH,https://www.amazon.com/gp/customer-reviews/R9MNSEP7DZWKH/ref=cm_cr_arp_d_rvw_ttl?ie=UTF8&ASIN=B087FXJTCV,4 people found this helpful,"Reviewed in the United States on January 18, 2023",I love this jacket!!  I own three different colors.  The quality is good for the cost.  The only thing I hate about this jacket is that if you wash it it will shrink even if washed in cold water!!!  My daughter now own the 2 that had to be washed.  So not all is lost.,True,Color: A-blackSize: X-Large,[],58,2756,421,https://www.amazon.com/product-reviews/B087FXJTCV?pageNumber=6&filterByStar=all_stars&sortBy=helpful&formatType=all_formats,allStars,,"{'price': None, 'listPrice': None}",2023-01-18,United States,,B087FXJTCV,0.7601
48,48,5,Stylish,RYL0FF3DZ78UN,https://www.amazon.com/gp/customer-reviews/RYL0FF3DZ78UN/ref=cm_cr_arp_d_rvw_ttl?ie=UTF8&ASIN=B087FXJTCV,2 people found this helpful,"Reviewed in the United States on July 25, 2023",I am 5'5 and 160 and a medium  fits perfect. Love the jacket it is light weight and a good alternative  to my jean jacket.,True,Color: Army GreenSize: Medium,[],59,2756,421,https://www.amazon.com/product-reviews/B087FXJTCV?pageNumber=6&filterByStar=all_stars&sortBy=helpful&formatType=all_formats,allStars,,"{'price': None, 'listPrice': None}",2023-07-25,United States,,B087FXJTCV,0.8957
49,49,4,Great value and great look,R394U9S5Z2HGK5,https://www.amazon.com/gp/customer-reviews/R394U9S5Z2HGK5/ref=cm_cr_arp_d_rvw_ttl?ie=UTF8&ASIN=B087FXJTCV,,"Reviewed in the United States on March 26, 2022",I am 5’2” and this jacket is the perfect length. Not too long and the fit is flattering thanks to the waist being adjustable to cinch for a fitted look. Love the pockets and the material is soft to the touch. It’s my go to jacket.,True,Color: Army GreenSize: Medium,[],60,2756,421,https://www.amazon.com/product-reviews/B087FXJTCV?pageNumber=6&filterByStar=all_stars&sortBy=helpful&formatType=all_formats,allStars,,"{'price': None, 'listPrice': None}",2022-03-26,United States,,B087FXJTCV,0.9393
50,50,4,As advertised,R1DTSCH7Z7AW4M,https://www.amazon.com/gp/customer-reviews/R1DTSCH7Z7AW4M/ref=cm_cr_arp_d_rvw_ttl?ie=UTF8&ASIN=B087FXJTCV,7 people found this helpful,"Reviewed in the United States on October 21, 2023","Not sure my photos reflect the true color of this jacket, which is a dark army green (just like in the advertisement and what I wanted)…I was skeptical about the quality when looking at reviews on different sellers because they varied so much but I took a chance on this seller (Pepochic) and it was as advertised…soft twill cotton, lightweight but sturdy fabric. It says hand wash in the description but the tag says machine wash cold (see pic)…It is 100% cotton so I may hand wash the first time, put in the dryer for only a few minutes to release the wrinkles then line dry the rest of the way. Will post an update if anything develops",True,Color: Army GreenSize: Medium,"['https://m.media-amazon.com/images/I/714IY7zqyXL._SY88.jpg', 'https://m.media-amazon.com/images/I/81VbkJuduKL._SY88.jpg', 'https://m.media-amazon.com/images/I/81uf+bJy9sL._SY88.jpg']",11,2756,421,https://www.amazon.com/product-reviews/B087FXJTCV?pageNumber=2&filterByStar=all_stars&sortBy=helpful&formatType=all_formats,allStars,,"{'price': None, 'listPrice': None}",2023-10-21,United States,,B087FXJTCV,0.9121
51,51,4,Lightweight but cute,RXX4D96TAHSQB,https://www.amazon.com/gp/customer-reviews/RXX4D96TAHSQB/ref=cm_cr_arp_d_rvw_ttl?ie=UTF8&ASIN=B087FXJTCV,,"Reviewed in the United States on December 11, 2023","Obviously not the highest quality item. Fabric is not very soft, even after washing but it's a comfortable easy piece for casual outings. The gathering at the waist helps give nice shape.",True,Color: Army GreenSize: Medium,[],12,2756,421,https://www.amazon.com/product-reviews/B087FXJTCV?pageNumber=2&filterByStar=all_stars&sortBy=helpful&formatType=all_formats,allStars,,"{'price': None, 'listPrice': None}",2023-12-11,United States,,B087FXJTCV,0.9559
52,52,4,Cool,R24A1WVP5X0RP1,https://www.amazon.com/gp/customer-reviews/R24A1WVP5X0RP1/ref=cm_cr_arp_d_rvw_ttl?ie=UTF8&ASIN=B087FXJTCV,4 people found this helpful,"Reviewed in the United States on October 6, 2023","I like this jacket,it was what I was looking for, but going off of review I bought an xlarge; I will say if you are wearing sweates under then go a size up, if you want a cute flattering piece of clothing to add to a tank go your regular size. Mine is slightly bigger than I had planned, but at least you can tighten the sides from an inside string so it can still accentuate your lovely waist. I will probably get another in a different color, smaller size for fall\spring",True,Color: Dark GreySize: X-Large,[],13,2756,421,https://www.amazon.com/product-reviews/B087FXJTCV?pageNumber=2&filterByStar=all_stars&sortBy=helpful&formatType=all_formats,allStars,,"{'price': None, 'listPrice': None}",2023-10-06,United States,,B087FXJTCV,0.9366
53,53,4,Great wardrobe staple,R15UAOSDQL4ZHO,https://www.amazon.com/gp/customer-reviews/R15UAOSDQL4ZHO/ref=cm_cr_arp_d_rvw_ttl?ie=UTF8&ASIN=B087FXJTCV,9 people found this helpful,"Reviewed in the United States on April 25, 2023","I love this jacket.  I got the light green, such a pretty color; almost a mint color.  The fit is a little larger than i expected, but instead of returning I did keep it (would rather have room to layer).  The 1 downside to this jacket is the snap closures on the shoulders do not stay snapped.  I plan to permanently affix them to the shoulder area with glue or a stitch.  Overall, I am very happy with this jacket, it is flatter as it has string that allow you to cinch in the waist area.",True,Color: A-light GreenSize: Large,[],14,2756,421,https://www.amazon.com/product-reviews/B087FXJTCV?pageNumber=2&filterByStar=all_stars&sortBy=helpful&formatType=all_formats,allStars,,"{'price': None, 'listPrice': None}",2023-04-25,United States,,B087FXJTCV,0.9079
54,54,4,Survived 1st wash & air dry .. takes a few days,R29AOHYDJO1UDK,https://www.amazon.com/gp/customer-reviews/R29AOHYDJO1UDK/ref=cm_cr_arp_d_rvw_ttl?ie=UTF8&ASIN=B087FXJTCV,9 people found this helpful,"Reviewed in the United States on February 6, 2023","Most reviews I'd read stated this jacket had much shrinkage after washing. Label suggests hand washing, but this isn't practical given the cotton - denim-like material it's made of. I ended up washing in cold water, gentle cycle. I hung up to ""air-dry"" in my home for a few days; then w/barely any dampness detected, I put in dryer on just air (no heat) to tumble for ~ 20 mins. I then put on hanger again & waited a few days before wearing. I found very little stretch. Not sure how it'll hold up in future washings. It's a cute jacket. I ordered pink & glad to say it's really lite pink which is what I wanted.",True,Color: A-pinkSize: X-Large,[],15,2756,421,https://www.amazon.com/product-reviews/B087FXJTCV?pageNumber=2&filterByStar=all_stars&sortBy=helpful&formatType=all_formats,allStars,,"{'price': None, 'listPrice': None}",2023-02-06,United States,,B087FXJTCV,0.917
55,55,4,Runs small,R18NZG3ZXRSBT5,https://www.amazon.com/gp/customer-reviews/R18NZG3ZXRSBT5/ref=cm_cr_arp_d_rvw_ttl?ie=UTF8&ASIN=B087FXJTCV,4 people found this helpful,"Reviewed in the United States on July 9, 2023","I returned. runs very small my usual size is extra large xl. But this did not fit across the back when reaching with my arms also tight on upper arms. Clearly made for a skinny person, but a larger size would have fit. All other issues where personal preferences.",True,Color: Army GreenSize: X-Large,[],16,2756,421,https://www.amazon.com/product-reviews/B087FXJTCV?pageNumber=2&filterByStar=all_stars&sortBy=helpful&formatType=all_formats,allStars,,"{'price': None, 'listPrice': None}",2023-07-09,United States,,B087FXJTCV,0.1078
56,56,4,Timeless. Dress up dress down.,R3IFTSDZCLD8XY,https://www.amazon.com/gp/customer-reviews/R3IFTSDZCLD8XY/ref=cm_cr_arp_d_rvw_ttl?ie=UTF8&ASIN=B087FXJTCV,7 people found this helpful,"Reviewed in the United States on July 12, 2023","Fits great. Looks great. Lots of compliments. Awesome summer time jacket for the cooler evenings. Ive worn it with a dress, jeans, leggings... very versatile. It's not lined, just a heads up. Reflects in the affordable price of a great jacket.",True,,[],17,2756,421,https://www.amazon.com/product-reviews/B087FXJTCV?pageNumber=2&filterByStar=all_stars&sortBy=helpful&formatType=all_formats,allStars,,"{'price': None, 'listPrice': None}",2023-07-12,United States,,B087FXJTCV,0.9578
57,57,4,Not a bad jacket for Spring!,R1ECPYTT5C2MRQ,https://www.amazon.com/gp/customer-reviews/R1ECPYTT5C2MRQ/ref=cm_cr_arp_d_rvw_ttl?ie=UTF8&ASIN=B087FXJTCV,4 people found this helpful,"Reviewed in the United States on April 11, 2023",I was looking for a military style jacket for the Spring and this fit the bill! I did take it to a dry cleaner to be pressed and they did have a hard time getting some of the creases out but it looks great to me now. I wish it was a little more figure flattering but the drawstrings do allow you to make that fit a little more attractive. Overall - good value for the money!,True,Color: Army GreenSize: X-Large,[],18,2756,421,https://www.amazon.com/product-reviews/B087FXJTCV?pageNumber=2&filterByStar=all_stars&sortBy=helpful&formatType=all_formats,allStars,,"{'price': None, 'listPrice': None}",2023-04-11,United States,,B087FXJTCV,0.9864
58,58,5,Exceeded my expectation,R3T8TETLJWHIRQ,https://www.amazon.com/gp/customer-reviews/R3T8TETLJWHIRQ/ref=cm_cr_arp_d_rvw_ttl?ie=UTF8&ASIN=B087FXJTCV,,"Reviewed in the United States on January 11, 2024","I do not write reviews but when I do, it means its an excellent product. Highly recommend.",True,Color: Army GreenSize: XX-Large,[],19,2756,421,https://www.amazon.com/product-reviews/B087FXJTCV?pageNumber=2&filterByStar=all_stars&sortBy=helpful&formatType=all_formats,allStars,,"{'price': None, 'listPrice': None}",2024-01-11,United States,,B087FXJTCV,0.867
59,59,4,"Good, not great",R1QLIA9L8TQU9P,https://www.amazon.com/gp/customer-reviews/R1QLIA9L8TQU9P/ref=cm_cr_arp_d_rvw_ttl?ie=UTF8&ASIN=B087FXJTCV,3 people found this helpful,"Reviewed in the United States on January 28, 2023","I like this jacket, it could use some softening around the hems/edges though. It is very monochromatic and tan. I know that sounds weird, but you can’t see any hardware on the pockets or the way the shoulders are attached that would help kind of break it up. It just looks slightly monotonous. That’s the only way I can describe it. I bought a blue one too and haven’t worn it yet. It fits nicely and seems to be sturdy fabric. I just would prefer a little something more for interest.",True,,[],20,2756,421,https://www.amazon.com/product-reviews/B087FXJTCV?pageNumber=2&filterByStar=all_stars&sortBy=helpful&formatType=all_formats,allStars,,"{'price': None, 'listPrice': None}",2023-01-28,United States,,B087FXJTCV,0.8864
60,60,5,Nicely Made,R1WIY1IXU6UX71,https://www.amazon.com/gp/customer-reviews/R1WIY1IXU6UX71/ref=cm_cr_arp_d_rvw_ttl?ie=UTF8&ASIN=B087FXJTCV,2 people found this helpful,"Reviewed in the United States on November 18, 2023",Love how well Made this is. It had a lot of wrinkles. I sprayed with water and hung it. It came out nice. This runs small. It is easy to pull the inside draw strings to cinch it in so you can by one size more than normal.,True,,[],21,2756,421,https://www.amazon.com/product-reviews/B087FXJTCV?pageNumber=3&filterByStar=all_stars&sortBy=helpful&formatType=all_formats,allStars,,"{'price': None, 'listPrice': None}",2023-11-18,United States,,B087FXJTCV,0.9001
61,61,4,Versatile jacket,RR5SLBX43YJZ3,https://www.amazon.com/gp/customer-reviews/RR5SLBX43YJZ3/ref=cm_cr_arp_d_rvw_ttl?ie=UTF8&ASIN=B087FXJTCV,2 people found this helpful,"Reviewed in the United States on March 24, 2023","I like the look of the jacket itself but wish I had chosen a different color. The dark gray has a brown tone which makes it more difficult to wear with some colors. The jacket also needs to be ironed after washing, unless you are going for the rumpled look. Still, in general, I’m not sorry that I bought it.",True,,[],22,2756,421,https://www.amazon.com/product-reviews/B087FXJTCV?pageNumber=3&filterByStar=all_stars&sortBy=helpful&formatType=all_formats,allStars,,"{'price': None, 'listPrice': None}",2023-03-24,United States,,B087FXJTCV,0.2367
62,62,5,Quality and worth every penny. My daughter loves her jacket!,R249YN4H0GM91B,https://www.amazon.com/gp/customer-reviews/R249YN4H0GM91B/ref=cm_cr_arp_d_rvw_ttl?ie=UTF8&ASIN=B087FXJTCV,,"Reviewed in the United States on December 28, 2023",Daughter loves her jacket. Friends are asking where she got it!  Quality ...material ..well made. No cheapie here!,True,Color: Army GreenSize: Medium,[],23,2756,421,https://www.amazon.com/product-reviews/B087FXJTCV?pageNumber=3&filterByStar=all_stars&sortBy=helpful&formatType=all_formats,allStars,,"{'price': None, 'listPrice': None}",2023-12-28,United States,,B087FXJTCV,0.7339
63,63,4,Nice jacket...,R3H9TE16CXSULV,https://www.amazon.com/gp/customer-reviews/R3H9TE16CXSULV/ref=cm_cr_arp_d_rvw_ttl?ie=UTF8&ASIN=B087FXJTCV,11 people found this helpful,"Reviewed in the United States on November 7, 2022","This is a very nice jacket and is comfortable.  It asked to rate the stretch aspect of the jacket...I hadn't really thought of it having any stretch but now that I think about it that's probably why it's so comfortable to wear.  The only thing I was disappointed about was the color.  I order the grey color but it turns out to be an odd color.  In some lights its grey, but in other lights its an odd purple-ish brown-ish  color.  I still kept it as I liked the quality.  I wouldn't hesitate to order other colors.",True,,[],24,2756,421,https://www.amazon.com/product-reviews/B087FXJTCV?pageNumber=3&filterByStar=all_stars&sortBy=helpful&formatType=all_formats,allStars,,"{'price': None, 'listPrice': None}",2022-11-07,United States,,B087FXJTCV,0.627
64,64,4,Size Guide,R2AUBSWTZS736K,https://www.amazon.com/gp/customer-reviews/R2AUBSWTZS736K/ref=cm_cr_arp_d_rvw_ttl?ie=UTF8&ASIN=B087FXJTCV,16 people found this helpful,"Reviewed in the United States on July 13, 2022","If you have a 38C bust, unless you like jackets REALLY tight, BUY A LARGE. A medium will fit you, however, it will not be a comfortable fit.  I wear a size 8, and on occasion I wear a size 10 top if the item runs small, I say this because unless you have thin arms (not average, and I don't mean the new vanity size of ""average"" either) a medium size of this jacket will be quite tight in the arm and arm pit areas on you.  Because I know sometimes that depending on the color (don't know about this particular item) the sizing is sometimes different, therefore, fyi--I ordered a brown.",True,Color: A-brownSize: Medium,[],25,2756,421,https://www.amazon.com/product-reviews/B087FXJTCV?pageNumber=3&filterByStar=all_stars&sortBy=helpful&formatType=all_formats,allStars,,"{'price': None, 'listPrice': None}",2022-07-13,United States,,B087FXJTCV,0.5716
65,65,3,Color not as expected,RU7IMC8S2ERMS,https://www.amazon.com/gp/customer-reviews/RU7IMC8S2ERMS/ref=cm_cr_arp_d_rvw_ttl?ie=UTF8&ASIN=B087FXJTCV,One person found this helpful,"Reviewed in the United States on September 10, 2023",On line pictures of the jacket appear to be brown as the description indicates this as well. The received product delivered is more like a sienna burnt orange/brown.The jacket material  and the fit/size was as expected. This is a quality jacket but not the color expected.,True,Color: A-brownSize: X-Large,[],26,2756,421,https://www.amazon.com/product-reviews/B087FXJTCV?pageNumber=3&filterByStar=all_stars&sortBy=helpful&formatType=all_formats,allStars,,"{'price': None, 'listPrice': None}",2023-09-10,United States,,B087FXJTCV,0.3499
66,66,4,Nice Jacket,R2DBU9BORMOQKG,https://www.amazon.com/gp/customer-reviews/R2DBU9BORMOQKG/ref=cm_cr_arp_d_rvw_ttl?ie=UTF8&ASIN=B087FXJTCV,3 people found this helpful,"Reviewed in the United States on April 24, 2023","The jacket is very stylish, but too large for me.  I purchased an extra small.  It seems well made, and I would have loved to have kept it.  I had to return.",True,,[],27,2756,421,https://www.amazon.com/product-reviews/B087FXJTCV?pageNumber=3&filterByStar=all_stars&sortBy=helpful&formatType=all_formats,allStars,,"{'price': None, 'listPrice': None}",2023-04-24,United States,,B087FXJTCV,0.8402
67,67,5,Bonita,R3I1XRLFTONVKZ,https://www.amazon.com/gp/customer-reviews/R3I1XRLFTONVKZ/ref=cm_cr_arp_d_rvw_ttl?ie=UTF8&ASIN=B087FXJTCV,,"Reviewed in the United States on January 6, 2024","Me gusto mucho, excelente",True,Color: A-brownSize: Large,[],28,2756,421,https://www.amazon.com/product-reviews/B087FXJTCV?pageNumber=3&filterByStar=all_stars&sortBy=helpful&formatType=all_formats,allStars,,"{'price': None, 'listPrice': None}",2024-01-06,United States,,B087FXJTCV,0.0
68,68,3,A nice cotton jacket,RE4N6MKB6G1TM,https://www.amazon.com/gp/customer-reviews/RE4N6MKB6G1TM/ref=cm_cr_arp_d_rvw_ttl?ie=UTF8&ASIN=B087FXJTCV,2 people found this helpful,"Reviewed in the United States on October 13, 2023",I love it. But the sleeves shrunk up. Alot! It's ok  I still like it,True,Color: A-beigeSize: X-Large,[],29,2756,421,https://www.amazon.com/product-reviews/B087FXJTCV?pageNumber=3&filterByStar=all_stars&sortBy=helpful&formatType=all_formats,allStars,,"{'price': None, 'listPrice': None}",2023-10-13,United States,,B087FXJTCV,0.8378
69,69,3,Fit,R2I5V2M536T6XH,https://www.amazon.com/gp/customer-reviews/R2I5V2M536T6XH/ref=cm_cr_arp_d_rvw_ttl?ie=UTF8&ASIN=B087FXJTCV,,"Reviewed in the United States on October 29, 2023","Runs much larger, order a size down.",True,,[],30,2756,421,https://www.amazon.com/product-reviews/B087FXJTCV?pageNumber=3&filterByStar=all_stars&sortBy=helpful&formatType=all_formats,allStars,,"{'price': None, 'listPrice': None}",2023-10-29,United States,,B087FXJTCV,0.0
70,70,3,"Not a ""Jacket""",RALPLLFHWHIJG,https://www.amazon.com/gp/customer-reviews/RALPLLFHWHIJG/ref=cm_cr_arp_d_rvw_ttl?ie=UTF8&ASIN=B087FXJTCV,One person found this helpful,"Reviewed in the United States on October 11, 2023","very, very light weight...more like an oversized shirt than a jacket for a fall evening.",True,Color: A-beigeSize: X-Large,[],31,2756,421,https://www.amazon.com/product-reviews/B087FXJTCV?pageNumber=4&filterByStar=all_stars&sortBy=helpful&formatType=all_formats,allStars,,"{'price': None, 'listPrice': None}",2023-10-11,United States,,B087FXJTCV,0.4144
71,71,4,Had to return to...,RQYPFXA9USXPZ,https://www.amazon.com/gp/customer-reviews/RQYPFXA9USXPZ/ref=cm_cr_arp_d_rvw_ttl?ie=UTF8&ASIN=B087FXJTCV,2 people found this helpful,"Reviewed in the United States on April 1, 2023","Loved the look of it but, it runs big. Unfortunately had to return it. I will purchase again but will size down",True,Color: A-brownSize: XX-Large,[],32,2756,421,https://www.amazon.com/product-reviews/B087FXJTCV?pageNumber=4&filterByStar=all_stars&sortBy=helpful&formatType=all_formats,allStars,,"{'price': None, 'listPrice': None}",2023-04-01,United States,,B087FXJTCV,-0.1655
72,72,5,Cute!,R2JPYGS6SRHV4U,https://www.amazon.com/gp/customer-reviews/R2JPYGS6SRHV4U/ref=cm_cr_arp_d_rvw_ttl?ie=UTF8&ASIN=B087FXJTCV,2 people found this helpful,"Reviewed in the United States on October 18, 2023",Very comfy! It’s hard to find anything that fits well because I have broad shoulders and big boobs so I bought it larger but you can cinch the waist so it still looks flattering,True,Color: A-brownSize: X-Large,[],33,2756,421,https://www.amazon.com/product-reviews/B087FXJTCV?pageNumber=4&filterByStar=all_stars&sortBy=helpful&formatType=all_formats,allStars,,"{'price': None, 'listPrice': None}",2023-10-18,United States,,B087FXJTCV,0.5362
73,73,4,The jacket is great but the taupe color has a pink tinge,RE0TIHYPJE46A,https://www.amazon.com/gp/customer-reviews/RE0TIHYPJE46A/ref=cm_cr_arp_d_rvw_ttl?ie=UTF8&ASIN=B087FXJTCV,3 people found this helpful,"Reviewed in the United States on May 8, 2022","The Medium fits my 5'6"" 125 lb frame perfectly.  The length of the jacket and sleeves is great and the weight is just what I was looking for in planning an Aug. trip to East and South Africa.  I will return this one - only because of the color.  I ordered the same jacket in light green that will go better with my tan slacks.  It has a good zipper and snaps on the flap.  I love the tailoring and the quality.",True,,[],34,2756,421,https://www.amazon.com/product-reviews/B087FXJTCV?pageNumber=4&filterByStar=all_stars&sortBy=helpful&formatType=all_formats,allStars,,"{'price': None, 'listPrice': None}",2022-05-08,United States,,B087FXJTCV,0.9601
74,74,4,Beautiful lightweight jacket; arrived stained,R2YQZMX1IZICTW,https://www.amazon.com/gp/customer-reviews/R2YQZMX1IZICTW/ref=cm_cr_arp_d_rvw_ttl?ie=UTF8&ASIN=B087FXJTCV,3 people found this helpful,"Reviewed in the United States on August 25, 2022","This jacket fits as expected, I normally wear L or XL in jackets and XL fits perfect, L would have been tight in the upper arms. Seems well made, no loose threads etc.However it arrived with a stain on one of the sleeves that did not come out in the wash. Amazon customer service took care of the issue, so I would definitely recommend trying this jacket, the fit is very flattering.",True,Color: A-grayish BlueSize: X-Large,[],35,2756,421,https://www.amazon.com/product-reviews/B087FXJTCV?pageNumber=4&filterByStar=all_stars&sortBy=helpful&formatType=all_formats,allStars,,"{'price': None, 'listPrice': None}",2022-08-25,United States,,B087FXJTCV,0.9436
75,75,2,Missing buttons,R84AP7VKDEIX6,https://www.amazon.com/gp/customer-reviews/R84AP7VKDEIX6/ref=cm_cr_arp_d_rvw_ttl?ie=UTF8&ASIN=B087FXJTCV,,"Reviewed in the United States on February 16, 2024",Nice jacket but missing a button 😂,True,Color: Army GreenSize: Large,['https://m.media-amazon.com/images/I/71vcvbYExyL._SY88.jpg'],36,2756,421,https://www.amazon.com/product-reviews/B087FXJTCV?pageNumber=4&filterByStar=all_stars&sortBy=helpful&formatType=all_formats,allStars,,"{'price': None, 'listPrice': None}",2024-02-16,United States,,B087FXJTCV,-0.2263
76,76,4,Not jacket for what I needed!!,R9J0IWGMGFUON,https://www.amazon.com/gp/customer-reviews/R9J0IWGMGFUON/ref=cm_cr_arp_d_rvw_ttl?ie=UTF8&ASIN=B087FXJTCV,,"Reviewed in the United States on April 20, 2023",Jacket was nice but not for what I had to use it for!!,True,,[],37,2756,421,https://www.amazon.com/product-reviews/B087FXJTCV?pageNumber=4&filterByStar=all_stars&sortBy=helpful&formatType=all_formats,allStars,,"{'price': None, 'listPrice': None}",2023-04-20,United States,,B087FXJTCV,0.3578
77,77,5,High Quality,R8QN2P4LW5J5K,https://www.amazon.com/gp/customer-reviews/R8QN2P4LW5J5K/ref=cm_cr_arp_d_rvw_ttl?ie=UTF8&ASIN=B087FXJTCV,One person found this helpful,"Reviewed in the United States on November 28, 2023",I love the material - nice weight and thickness.,True,,[],38,2756,421,https://www.amazon.com/product-reviews/B087FXJTCV?pageNumber=4&filterByStar=all_stars&sortBy=helpful&formatType=all_formats,allStars,,"{'price': None, 'listPrice': None}",2023-11-28,United States,,B087FXJTCV,0.7906
78,78,4,"Cute, comfy - order up",RS6UYU9ZU1ZXH,https://www.amazon.com/gp/customer-reviews/RS6UYU9ZU1ZXH/ref=cm_cr_arp_d_rvw_ttl?ie=UTF8&ASIN=B087FXJTCV,6 people found this helpful,"Reviewed in the United States on May 7, 2022","Love the army color and it’s great as a lightweight layering jacket. Order a size up. When I washed it (cold) and dried it (low heat) originally my short arms needed a fold on the length. It’s now a bit short on my arms. Also wrinkles easily, so not the packable travel jacket I had hoped it would be. I’ll still be buying another color but wanted to share my experience.",True,Color: Army GreenSize: X-Large,[],39,2756,421,https://www.amazon.com/product-reviews/B087FXJTCV?pageNumber=4&filterByStar=all_stars&sortBy=helpful&formatType=all_formats,allStars,,"{'price': None, 'listPrice': None}",2022-05-07,United States,,B087FXJTCV,0.8573
79,79,5,I like it after machine wash and dry. Order up one or two size!,R1L97NOMNI1SNU,https://www.amazon.com/gp/customer-reviews/R1L97NOMNI1SNU/ref=cm_cr_arp_d_rvw_ttl?ie=UTF8&ASIN=B087FXJTCV,17 people found this helpful,"Reviewed in the United States on December 7, 2021","The color is very nice. But I almost return it because it was stiff and looked big. I bought size M (5ft, 140lbs).I am glad that I didn’t return it (I bought with $10 discount!) After machine washed and dried, the jacket looks much better. The material is softer and it fitted me.Update: After one more machine wash and dry, it became too tight due to more shrinking (but it still looks good though) Now it fits my younger and thinner sister!I should order size L or XL next time if it’s going on sale (almost $50 is too expensive) I don’t like dry clean or hand wash a utility jacket. I like a relax fit jacket so I can wear it over a sweater.",True,,[],40,2756,421,https://www.amazon.com/product-reviews/B087FXJTCV?pageNumber=4&filterByStar=all_stars&sortBy=helpful&formatType=all_formats,allStars,,"{'price': None, 'listPrice': None}",2021-12-07,United States,,B087FXJTCV,0.9889
80,80,3,Arms to short on a large and x-large,R1YBVMMYK99J2B,https://www.amazon.com/gp/customer-reviews/R1YBVMMYK99J2B/ref=cm_cr_arp_d_rvw_ttl?ie=UTF8&ASIN=B087FXJTCV,,"Reviewed in the United States on March 29, 2023","I tried on the jacket and the sleeve comes above my wrist about 1.5 inches.  It was a stiff material and the washing instructions stated cold water wash and hang to dry or delicate dryer because it's 100% cotton. I returned the Jacket because of the arm issue, otherwise I think with a few washings it would get softer.",True,,[],41,2756,421,https://www.amazon.com/product-reviews/B087FXJTCV?pageNumber=5&filterByStar=all_stars&sortBy=helpful&formatType=all_formats,allStars,,"{'price': None, 'listPrice': None}",2023-03-29,United States,,B087FXJTCV,0.0516
81,81,5,"Nice quality, nice fit!",R392I7SHE3KVZV,https://www.amazon.com/gp/customer-reviews/R392I7SHE3KVZV/ref=cm_cr_arp_d_rvw_ttl?ie=UTF8&ASIN=B087FXJTCV,2 people found this helpful,"Reviewed in the United States on March 27, 2023","I needed a stylish, neutral colored jacket for a spring trip to Europe. This will be perfect. The fit is very flattering, and there is an adjustable string around the waist area which allows you to wear in a more fitted way if you choose.  The grey does carry a purplish hue, but it's a great jacket, and will pair will with a lot of different outfits.  The fabric is good quality as well.",True,,[],42,2756,421,https://www.amazon.com/product-reviews/B087FXJTCV?pageNumber=5&filterByStar=all_stars&sortBy=helpful&formatType=all_formats,allStars,,"{'price': None, 'listPrice': None}",2023-03-27,United States,,B087FXJTCV,0.9527
82,82,4,Cute coat,R2MUN06MQI9KDS,https://www.amazon.com/gp/customer-reviews/R2MUN06MQI9KDS/ref=cm_cr_arp_d_rvw_ttl?ie=UTF8&ASIN=B087FXJTCV,5 people found this helpful,"Reviewed in the United States on July 14, 2022","Cute coat. I wanted to love it but had to return: too tight in the arms and shoulders and a larger size would’ve been huge everywhere else. Seems to be slim junior/Asian sizing. Seemed to be well made, but better suited to someone taller and slimmer than me (5’2” 135 pds).",True,,[],43,2756,421,https://www.amazon.com/product-reviews/B087FXJTCV?pageNumber=5&filterByStar=all_stars&sortBy=helpful&formatType=all_formats,allStars,,"{'price': None, 'listPrice': None}",2022-07-14,United States,,B087FXJTCV,0.9194
83,83,4,Jacket,R3SU2GH7LL324B,https://www.amazon.com/gp/customer-reviews/R3SU2GH7LL324B/ref=cm_cr_arp_d_rvw_ttl?ie=UTF8&ASIN=B087FXJTCV,5 people found this helpful,"Reviewed in the United States on August 25, 2022","It fit me really well. I’m about 5’ and everything is usually to long on my arms. But this jacket was perfect. I bought it in a medium. The only thing I was disappointed about, is I ordered khaki and it was more a light brown color.",True,,[],44,2756,421,https://www.amazon.com/product-reviews/B087FXJTCV?pageNumber=5&filterByStar=all_stars&sortBy=helpful&formatType=all_formats,allStars,,"{'price': None, 'listPrice': None}",2022-08-25,United States,,B087FXJTCV,0.5182
84,84,4,"Cute, but runs big.",R2O4WL3NR0972Z,https://www.amazon.com/gp/customer-reviews/R2O4WL3NR0972Z/ref=cm_cr_arp_d_rvw_ttl?ie=UTF8&ASIN=B087FXJTCV,5 people found this helpful,"Reviewed in the United States on November 7, 2022","Very cute, just not on me. I'm 5'9""/120lb and ordered the small. The fit around my waist and chest was too roomy for my liking, and the sleeves were a little too short. It looks good on others though!",True,Color: Army GreenSize: Small,[],45,2756,421,https://www.amazon.com/product-reviews/B087FXJTCV?pageNumber=5&filterByStar=all_stars&sortBy=helpful&formatType=all_formats,allStars,,"{'price': None, 'listPrice': None}",2022-11-07,United States,,B087FXJTCV,0.893
85,85,3,The pink is more like salmon color,R1YDEIIAQ8IFBK,https://www.amazon.com/gp/customer-reviews/R1YDEIIAQ8IFBK/ref=cm_cr_arp_d_rvw_ttl?ie=UTF8&ASIN=B087FXJTCV,13 people found this helpful,"Reviewed in the United States on March 14, 2023",I thought the pink was going to be very pale almost grey pink like in the picture but is not. Looks like peach or salmon.  The fit was just ok.  Maybe after a few washes it would look less stiff but I didn’t want to do all of that only to return it,True,Color: A-pinkSize: Medium,['https://m.media-amazon.com/images/I/71ICUg9KmuL._SY88.jpg'],46,2756,421,https://www.amazon.com/product-reviews/B087FXJTCV?pageNumber=5&filterByStar=all_stars&sortBy=helpful&formatType=all_formats,allStars,,"{'price': None, 'listPrice': None}",2023-03-14,United States,,B087FXJTCV,0.8688
86,86,4,"Does not look like a military jacket, but it's cute anyhow.",R2KEJ90FMRLASN,https://www.amazon.com/gp/customer-reviews/R2KEJ90FMRLASN/ref=cm_cr_arp_d_rvw_ttl?ie=UTF8&ASIN=B087FXJTCV,One person found this helpful,"Reviewed in the United States on May 17, 2022","I waited so long for this Jacket to get here the weather was too warm by the time I got it.  Now I have to wait until Fall to use it.  It's cute, lightweight and will come in handy.  It is not really Military style though.",True,,[],47,2756,421,https://www.amazon.com/product-reviews/B087FXJTCV?pageNumber=5&filterByStar=all_stars&sortBy=helpful&formatType=all_formats,allStars,,"{'price': None, 'listPrice': None}",2022-05-17,United States,,B087FXJTCV,0.5994
87,87,4,Nice jacket,R157U5AYJJCT95,https://www.amazon.com/gp/customer-reviews/R157U5AYJJCT95/ref=cm_cr_arp_d_rvw_ttl?ie=UTF8&ASIN=B087FXJTCV,4 people found this helpful,"Reviewed in the United States on October 12, 2022",I've ordered the black jacket and liked the style of this product. I should've ordered a smaller size. I just wished the jacket didn't collect so much lint. I will plan on ordering a different color.,True,Color: A-blackSize: XX-Large,[],48,2756,421,https://www.amazon.com/product-reviews/B087FXJTCV?pageNumber=5&filterByStar=all_stars&sortBy=helpful&formatType=all_formats,allStars,,"{'price': None, 'listPrice': None}",2022-10-12,United States,,B087FXJTCV,0.4215
88,88,5,Love this jacket!,RUZ1C46LCJDAN,https://www.amazon.com/gp/customer-reviews/RUZ1C46LCJDAN/ref=cm_cr_arp_d_rvw_ttl?ie=UTF8&ASIN=B087FXJTCV,One person found this helpful,"Reviewed in the United States on August 1, 2023","I love this jacket!  It is a great color and has a great fit.  It hangs well, even after washing.  I'm going to get it in other colors.",True,Color: A-brownSize: Medium,[],49,2756,421,https://www.amazon.com/product-reviews/B087FXJTCV?pageNumber=5&filterByStar=all_stars&sortBy=helpful&formatType=all_formats,allStars,,"{'price': None, 'listPrice': None}",2023-08-01,United States,,B087FXJTCV,0.9538
89,89,5,"This is the most amazing little jacket, Ione. I absolutely love it.",R1QHHJU8RKIV12,https://www.amazon.com/gp/customer-reviews/R1QHHJU8RKIV12/ref=cm_cr_arp_d_rvw_ttl?ie=UTF8&ASIN=B087FXJTCV,,"Reviewed in the United States on September 3, 2023",This is one of the best jackets I’m definitely looking into getting a few more colors,True,Color: A-beigeSize: Large,[],50,2756,421,https://www.amazon.com/product-reviews/B087FXJTCV?pageNumber=5&filterByStar=all_stars&sortBy=helpful&formatType=all_formats,allStars,,"{'price': None, 'listPrice': None}",2023-09-03,United States,,B087FXJTCV,0.7845
