,Unnamed: 0,ratingScore,reviewTitle,reviewId,reviewUrl,reviewReaction,reviewedIn,reviewDescription,isVerified,variant,reviewImages,position,totalCategoryRatings,totalCategoryReviews,reviewCategoryUrl,filterByRating,filterByKeyword,product,date,country,countryCode,productAsin,sentiment_score
0,0,5,"Love this jacket - soft, warm, and lots of pockets.",R1DLEK7G3KX6SC,https://www.amazon.com/gp/customer-reviews/R1DLEK7G3KX6SC/ref=cm_cr_arp_d_rvw_ttl?ie=UTF8&ASIN=B0BLXPNPQV,162 people found this helpful,"Reviewed in the United States on January 16, 2022","I was looking for a lightweight jacket that would work for the cool weather of Spring and Fall. I am 5'2"" and usually wear an X-Small or Small in a t-shirt depending on the brand. In most jeans, I wear a size 1. I really liked the burgundy color in this jacket, so I ordered a size small.Although the small fit, I didn't think it would work as a jacket - wanted something a bit looser. So, I decided to order this jacket in a medium. The replacement fit more like a jacket, which is what I wanted. I returned the size small and kept the medium. The pictures are me in the size medium. When choosing size to buy, there are a couple of things to consider. If you plan to wear it as a light jacket over a t-shirt, your normal size will work fine - especially if you plan to leave it unzipped. The sleeves are not snug at all and a little long for me, but fit comfortably with elastic at the wrist. The inside pockets are large enough to carry a cell phone, a checkbook, or a wallet. If you plant to wear this as a jacket and especially if you plan to keep anything in the inside pockets while zipped, it would be a good idea to order one size up. Anything in the pockets will show bulges on the outside if you order your normal size and zip the jacket. It isn't fitted at the waist, but that's one of the things I like about it. When it isn't zipped, it doesn't flare out around the hips. The jacket also has a drawstring at the bottom if you want to pull it in at the hips.So, what do I love about this jacket?1)  Very soft and lightweight, yet warm.2)  Can be worn as a jacket for chilly weather outdoors or inside in the winter when the house is cool.3)  Has 2 zippered pockets on the outside large enough to keep a wallet or small essentials.4)  Has 2 deep pocket on the inside to carry a cell phone checkbook, wallet, or other items of similar size.5)  It doesn't have a hood which can get in the way if you have long hair, and really isn't necessary indoors or in mild weather. 6) The collar stays down and does not have to be up around the neck. 7) The zipper works great and is not at all stiff or hard to zipper.I initially bought the Bark color, which is dark brown, to figure out the size I liked best. Since I like this jacket so much, I put 4 more colors on my wish list for Christmas - rich wine (burgundy), charcoal heather (dark grey), burnt orange (can't find color name), and a medium grey (can't find color name). My husband bought all of them probably thinking I would return a couple of them. I love them all and they go with different outfit colors. So I kept them all.In conclusion, I would definitely recommend this jacket. I hope this review was helpful for you. I will update it if my opinion changes.",True,,"['https://m.media-amazon.com/images/I/610BISmIjwL._SY88.jpg', 'https://m.media-amazon.com/images/I/615lVlkrH+L._SY88.jpg', 'https://m.media-amazon.com/images/I/61YugXurtfL._SY88.jpg', 'https://m.media-amazon.com/images/I/715Xp0+WVCL._SY88.jpg', 'https://m.media-amazon.com/images/I/71cMiV+GdwL._SY88.jpg', 'https://m.media-amazon.com/images/I/71kZjhAM8tL._SY88.jpg']",1,11930,5250,https://www.amazon.com/product-reviews/B0BLXPNPQV?pageNumber=1&filterByStar=all_stars&sortBy=helpful&formatType=all_formats,allStars,,"{'price': None, 'listPrice': None}",2022-01-16,United States,,B0BLXPNPQV,0.9975
1,1,5,Cute and warm,R1TOHWW1S1YVJK,https://www.amazon.com/gp/customer-reviews/R1TOHWW1S1YVJK/ref=cm_cr_arp_d_rvw_ttl?ie=UTF8&ASIN=B0BLXPNPQV,,"Reviewed in the United States on March 17, 2024","Wore this while in the Yukon. Kept me warm wearing by itself (with a shirt under) in 30 degree (F) temps. Kept me warm worn under a coat in temps down in the teens with wind at night.Initially went by size chart and got XL and it was way too big. The L fit perfect, the right amount of roominess for layering.",True,,[],2,11930,5250,https://www.amazon.com/product-reviews/B0BLXPNPQV?pageNumber=1&filterByStar=all_stars&sortBy=helpful&formatType=all_formats,allStars,,"{'price': None, 'listPrice': None}",2024-03-17,United States,,B0BLXPNPQV,0.7783
2,2,5,So cozy comfortable,RJ8TE9I0P9M19,https://www.amazon.com/gp/customer-reviews/RJ8TE9I0P9M19/ref=cm_cr_arp_d_rvw_ttl?ie=UTF8&ASIN=B0BLXPNPQV,,"Reviewed in the United States on February 29, 2024","I love everything about this sports jacket --- the bright color, the feel and the fit. This Columbia jacket is my new favorite!",True,Color: Blue ChillSize: Small,[],3,11930,5250,https://www.amazon.com/product-reviews/B0BLXPNPQV?pageNumber=1&filterByStar=all_stars&sortBy=helpful&formatType=all_formats,allStars,,"{'price': None, 'listPrice': None}",2024-02-29,United States,,B0BLXPNPQV,0.9168
3,3,4,Runs small,R1ED61QPWLD5HH,https://www.amazon.com/gp/customer-reviews/R1ED61QPWLD5HH/ref=cm_cr_arp_d_rvw_ttl?ie=UTF8&ASIN=B0BLXPNPQV,,"Reviewed in the United States on January 27, 2024","Great quality. I’m usually a Small but sizes up to a medium based on reviews and I’m glad I did. It fits great, so size up!",True,Color: AquariumSize: Medium,[],4,11930,5250,https://www.amazon.com/product-reviews/B0BLXPNPQV?pageNumber=1&filterByStar=all_stars&sortBy=helpful&formatType=all_formats,allStars,,"{'price': None, 'listPrice': None}",2024-01-27,United States,,B0BLXPNPQV,0.9259
4,4,5,Most comfortable warm jacket ever! true to size LOVE these!,R5YJ53QHZ1X5K,https://www.amazon.com/gp/customer-reviews/R5YJ53QHZ1X5K/ref=cm_cr_arp_d_rvw_ttl?ie=UTF8&ASIN=B0BLXPNPQV,23 people found this helpful,"Reviewed in the United States on December 14, 2020","Ok, I’ll admit, when I find a garment that fits me great and is extremely comfortable I tend to become obsessed with it. I own 6 of these and I love all of the colors, especially the Lily red, the colors are so beautiful. I wear these every day from early Fall to late Spring, they are my go to jackets for my mountain hikes, park walks and all my daily outdoor activities. The fit is true and I can move in this jacket. I love that the neck zips into a turtleneck. The side pockets have a zipper which I love and this even has an interior pouch for my gloves, also by Columbia. I’ve tried Amazon brand and several others and they are not nearly the fabric or fit of Columbia, you get what you pay for. I am 5’9” 158 and the large fits me perfect with room to move. I was worried about the length, it looks short in some of the photos but it’s not at all, it just above my crotch, perfect length and my broad shoulders have plenty of room across the back, no pulling anywhere, I love this jacket and dare you to choose just one! Highly recommend!Note: the black was not jet black, it’s almost a very dark grey, just so you know. All the other colors I got were true to the pics.",True,Color: Dark RaspberrySize: Large,['https://images-na.ssl-images-amazon.com/images/I/810V0ZWj8qL._SY88.jpg'],5,11930,5250,https://www.amazon.com/product-reviews/B0BLXPNPQV?pageNumber=1&filterByStar=all_stars&sortBy=helpful&formatType=all_formats,allStars,,"{'price': None, 'listPrice': None}",2020-12-14,United States,,B0BLXPNPQV,0.9875
5,5,5,Flattering and warm,R35GED0ZATH466,https://www.amazon.com/gp/customer-reviews/R35GED0ZATH466/ref=cm_cr_arp_d_rvw_ttl?ie=UTF8&ASIN=B0BLXPNPQV,2 people found this helpful,"Reviewed in the United States on January 4, 2013","Love this fleece! I actually was afraid it might be kind of frumpy based on the pictures, but it's not. I got the bright red, and it's really pretty and flattering, and I like that it's a little longer than my North Face Khumba fleece. It's relatively thin for how warm it is, but it's not super thin--which I like. I wouldn't wear this outside for extended periods of time without a jacket if it's under 40 degrees F, unless I was running or doing a very intense hike. However, it is ok alone in the icy cold temps (15-30 degrees F) if you're going to be outside for less than 10 min at a time. I really like it for running errands because in winter here, it's freezing outside and like 80 degrees inside and it's irritating having to take off and carry around a thick winter coat when you're grocery shopping.As for sizing, I'm usually a 16 (sometimes 14), usually XL (sometimes L). The XL fits great, just a little tight around the hips. In my experience, Columbia always runs small, but this jacket is pretty true to size.To compare it to the North Face Khumba fleece, I suppose I prefer the Khumba because it is a little warmer and thicker, and I need that here. However, my husband bought me the Khumba (in L, fits perfectly), for $72 (on base)--I think it's around $90 elsewhere, and the Benton Springs cost me under $30. The Benton Springs is a little thinner and not quite as warm, but equally flattering and very well made. The Columbia jacket is a much better deal, but the North Face is nice to have when you live in a place where the temperature gets well below freezing for one third of the year.",True,,[],6,11930,5250,https://www.amazon.com/product-reviews/B0BLXPNPQV?pageNumber=1&filterByStar=all_stars&sortBy=helpful&formatType=all_formats,allStars,,"{'price': None, 'listPrice': None}",2013-01-04,United States,,B0BLXPNPQV,0.9942
6,6,5,"Cozy, good price, great color options",R1DB4FX6HCKD46,https://www.amazon.com/gp/customer-reviews/R1DB4FX6HCKD46/ref=cm_cr_arp_d_rvw_ttl?ie=UTF8&ASIN=B0BLXPNPQV,4 people found this helpful,"Reviewed in the United States on November 15, 2017","I bought this in a size up to get me through the remainder of my winter pregnancy, since my normal fleeces no longer fit.  I'm normally (pre-pregnancy) a 4/6 and would usually be buying a medium in clothing like this -- which technically may already be sizing up -- to avoid being constricted and to accommodate my long arms.  I bought the large, and it's perfect right now at 6+ months pregnant -- roomy and arms are definitely long enough.This is a very reasonable price for a cozy fleece.  It is not as thick as some of the other jackets I own, but it is perfect for cozying up around the house or using as a layer.  I'm newly a fan of Champion for nice quality products at a very reasonable price, having also bought some Champion lounge shorts and sweatpants specifically because my normal clothes don't currently fit.My only issue was picking a color, and I ended up not being able to pick just one!  The Canyon Rose color is pictured true-to-life and unfortunately washed me out, so I returned it and bought a few different color options to try instead.  I settled on Wild Geranium and Blue Heron -- hoping they aren't too enormous on me after my pregnancy is over.  I'd love to see some more green and yellow options in this fleece, and red options in more sizes.  By the way, the Dynasty color (one of the ones I'm not keeping) is blue, not purple.  The photo I saw on Zappos or 6pm is more accurate for the color.",True,,[],7,11930,5250,https://www.amazon.com/product-reviews/B0BLXPNPQV?pageNumber=1&filterByStar=all_stars&sortBy=helpful&formatType=all_formats,allStars,,"{'price': None, 'listPrice': None}",2017-11-15,United States,,B0BLXPNPQV,0.9889
7,7,5,what are you waiting for? BUY IT!!!,R6T686MNV7Z2N,https://www.amazon.com/gp/customer-reviews/R6T686MNV7Z2N/ref=cm_cr_arp_d_rvw_ttl?ie=UTF8&ASIN=B0BLXPNPQV,5 people found this helpful,"Reviewed in the United States on November 22, 2019","(Me on left) I am SO happy I finally bought a Columbia!!!  This thing is so dang warm and comfy I just want to live in it for the rest of my life.  It's comfortable fit, enough room for a long sleeve and hoodie under neath.  I bought a Small because I like having a little extra room (but not too much where i'm boxy in a M) and learned my lesson owning all form fitting XS stuff over the years where you cant layer a single thing underneath.  I'm a 34 in chest 28 waist and 37 hips, 140 ibs and would forever stick with Small, for sure.  I love to wear this just lounging around the house, or going out on puppy adventures (fashioned a coat hood on top while it was snowing, haha).  I love the sleeve cuffs that go right over your gloves, I had no problems with snow getting inside.  I wore this fleece on top of a long sleeve shirt and hoodie easily in 30-40 degree weather and was still toasty on top.  I got snow and rained on too for 3 hours and this thing dried like a champ and kept me dry.  I honestly want to order more and only wear this for the rest of my existence.  GET IT!!!!",True,,['https://images-na.ssl-images-amazon.com/images/I/81bUItY9qML._SY88.jpg'],8,11930,5250,https://www.amazon.com/product-reviews/B0BLXPNPQV?pageNumber=1&filterByStar=all_stars&sortBy=helpful&formatType=all_formats,allStars,,"{'price': None, 'listPrice': None}",2019-11-22,United States,,B0BLXPNPQV,0.9904
8,8,5,Fleece Jacket,R3JB0G742S0563,https://www.amazon.com/gp/customer-reviews/R3JB0G742S0563/ref=cm_cr_arp_d_rvw_ttl?ie=UTF8&ASIN=B0BLXPNPQV,,"Reviewed in the United States on February 27, 2024",It washes well. I used it as a jacket on vacation to Tucson AZ. It was the perfect weight. It packs well and goes with anything.,True,Color: Light Grey Heather - LegacySize: Large,[],9,11930,5250,https://www.amazon.com/product-reviews/B0BLXPNPQV?pageNumber=1&filterByStar=all_stars&sortBy=helpful&formatType=all_formats,allStars,,"{'price': None, 'listPrice': None}",2024-02-27,United States,,B0BLXPNPQV,0.7845
9,9,4,Well fitted and warm,R2D02HNHWVOCB0,https://www.amazon.com/gp/customer-reviews/R2D02HNHWVOCB0/ref=cm_cr_arp_d_rvw_ttl?ie=UTF8&ASIN=B0BLXPNPQV,,"Reviewed in the United States on December 29, 2023",I saw this on sale and wanted a warm jacket for cooler days. I purchased a large so that I could wear it over a light sweater and the fit is perfect. I’ve got the extra room to move without any tightness across the back and it doesn’t restrict my movement. I was only disappointed that the color selection was limited due to the sale. Colors I would typically buy were not available. But that says something about the product….. being in high demand! Go for it!!,True,Color: EndiveSize: Large,[],10,11930,5250,https://www.amazon.com/product-reviews/B0BLXPNPQV?pageNumber=1&filterByStar=all_stars&sortBy=helpful&formatType=all_formats,allStars,,"{'price': None, 'listPrice': None}",2023-12-29,United States,,B0BLXPNPQV,-0.3348
10,10,5,calentita,RVPC8XOPF5RJM,https://www.amazon.com/gp/customer-reviews/RVPC8XOPF5RJM/ref=cm_cr_arp_d_rvw_ttl?ie=UTF8&ASIN=B0BLXPNPQV,,"Reviewed in the United States on November 28, 2023",Son camperas muy cómodas y abrigan bastante a pesar de no ser pesadas,True,,[],21,11930,5250,https://www.amazon.com/product-reviews/B0BLXPNPQV?pageNumber=3&filterByStar=all_stars&sortBy=helpful&formatType=all_formats,allStars,,"{'price': None, 'listPrice': None}",2023-11-28,United States,,B0BLXPNPQV,-0.296
11,11,4,Seems to be what I’m looking for,R26LKN6S48CHJP,https://www.amazon.com/gp/customer-reviews/R26LKN6S48CHJP/ref=cm_cr_arp_d_rvw_ttl?ie=UTF8&ASIN=B0BLXPNPQV,22 people found this helpful,"Reviewed in the United States on June 12, 2022","It’s 100 degrees in Utah currently, but I’m headed on a cruise to Alaska in two weeks and wanted something warm and snuggly to wear. I originally ordered a small and a medium because I wasn’t sure what would fit best. I’m 5’9” and 150lbs and normally wear a medium on top. (Sometimes a small) I feel that this jacket is on the larger side. I ended up keeping the small, but I could have easily worn an XS if it weren’t for my large hips and long arms. The small is large enough that I can layer up a bit underneath the jacket and not have it feel snug at all. So I would suggest sizing down. Also, I have to say that I got the wine color and it’s a lot more dull than the picture looked online, but I kept it anyway. Some of the other colors were too expensive for me, so I decided I liked it well enough to keep it.",True,Color: Rich WineSize: Small,"['https://m.media-amazon.com/images/I/61A0JhqTBsL._SY88.jpg', 'https://m.media-amazon.com/images/I/71GWg+RakPL._SY88.jpg']",22,11930,5250,https://www.amazon.com/product-reviews/B0BLXPNPQV?pageNumber=3&filterByStar=all_stars&sortBy=helpful&formatType=all_formats,allStars,,"{'price': None, 'listPrice': None}",2022-06-12,United States,,B0BLXPNPQV,0.9619
12,12,5,Love this jacket but colors don't all fit the same!,R3D6DMXPFDOBOY,https://www.amazon.com/gp/customer-reviews/R3D6DMXPFDOBOY/ref=cm_cr_arp_d_rvw_ttl?ie=UTF8&ASIN=B0BLXPNPQV,10 people found this helpful,"Reviewed in the United States on November 17, 2019","I purchased the size large Benton Springs II Long jacket a few weeks before to wear in October in the northeast and hated it. The fit was weird (too big, thin fabric in the arms, skirt-like bottom half that flared out like a bell). I returned it and bought this for a trip where i expected snow and 20 degree temps in November. The size large was true to size. It fit perfectly and allowed for layering (I'm 5' 7"" 150 lbs). I wore the jacket the entire time i was on my trip, even sleeping in it when i was freezing cold. I layered a heavy thermal shirt under the jacket most days and rarely felt the cold even in the wind and snow...and this was the only jacket i had on. The fabric is thick (unlike the Benton II Long which seemed like 1/2 the thickness) and the extra pockets were perfect. Zip outside pockets and inside jacket pockets. I'm so happy i found this for less than $40 but would have happily paid $60 for this.**update! Colors seem to be made with different fabrics! I have a dark Navy jacket that I raved about in the review above and I just received a charcoal jacket that is much thinner and sizing is weird. Very similar to the long length Benton Springs II jacket. The charcoal jacket is much thinner than the Navy and seems to be stretched out at the bottom. I compared the tags and they are exactly the same but the navy color is a heavy fleece and the charcoal color almost feels like thin felt.***",True,Color: Dark NocturnalSize: Large,[],23,11930,5250,https://www.amazon.com/product-reviews/B0BLXPNPQV?pageNumber=3&filterByStar=all_stars&sortBy=helpful&formatType=all_formats,allStars,,"{'price': None, 'listPrice': None}",2019-11-17,United States,,B0BLXPNPQV,0.9535
13,13,3,Great light jacket for everyday use,R31UWJO50LM1ZP,https://www.amazon.com/gp/customer-reviews/R31UWJO50LM1ZP/ref=cm_cr_arp_d_rvw_ttl?ie=UTF8&ASIN=B0BLXPNPQV,2 people found this helpful,"Reviewed in the United States on October 14, 2023","Love this jacket. Great alone or for layering.  The bad side is the quality seems low for Columbia.  The hem on one sleeve came apart and the zipper is becoming difficult.  Also, beginning to fray here and there.  I have had it just over two years, so it may just be normal wear and tear, but I don't wear it that frequently, so it seems it is falling apart faster than it should.",True,Color: Night ShadowSize: X-Large,[],24,11930,5250,https://www.amazon.com/product-reviews/B0BLXPNPQV?pageNumber=3&filterByStar=all_stars&sortBy=helpful&formatType=all_formats,allStars,,"{'price': None, 'listPrice': None}",2023-10-14,United States,,B0BLXPNPQV,-0.2023
14,14,5,Very comfy,R3EUY5GZSFNYT0,https://www.amazon.com/gp/customer-reviews/R3EUY5GZSFNYT0/ref=cm_cr_arp_d_rvw_ttl?ie=UTF8&ASIN=B0BLXPNPQV,3 people found this helpful,"Reviewed in the United States on August 30, 2023",I sized up because i like my jackets to fir comfortable especially if i wear a long sleeve under. It fit greats and the color pops. All around a great product,True,Color: Lapis BlueSize: Large,[],25,11930,5250,https://www.amazon.com/product-reviews/B0BLXPNPQV?pageNumber=3&filterByStar=all_stars&sortBy=helpful&formatType=all_formats,allStars,,"{'price': None, 'listPrice': None}",2023-08-30,United States,,B0BLXPNPQV,0.9081
15,15,4,"Reasonably priced fleece, runs slightly large",R2DKN08H29OQV8,https://www.amazon.com/gp/customer-reviews/R2DKN08H29OQV8/ref=cm_cr_arp_d_rvw_ttl?ie=UTF8&ASIN=B0BLXPNPQV,2 people found this helpful,"Reviewed in the United States on March 10, 2020","I love Columbia's Benton Springs fleeces and own a few of them in various bright colors. They're a great option to wear to work (I work in a chilly office), as an extra layer on a hike or other outdoor activity, and just plain lounging around. If you don't want to shell out lots of $$ for North Face or Patagonia, this is a reasonably priced substitute.I have found that these fleeces, and Columbia clothing in general, runs large. I am 5'1, 145 lb (usually wear a medium) and ordered a medium Benton Springs fleece and was swimming in extra fabric. I'm actually 8 months pregnant and the medium stretches all the way over an enormous baby belly! I ordered a small, which fit much better. Also, the pocket on one of my fleeces developed a hole in the bottom after about 2 years of regular use. I found that out the hard way, after my keys dropped out the bottom (good thing I heard them clanking on the sidewalk). I've never experienced this with other Columbia clothing or my other fleeces, so I suspect this was just a one-off case. I sewed it back together and now it's fine.",True,,[],26,11930,5250,https://www.amazon.com/product-reviews/B0BLXPNPQV?pageNumber=3&filterByStar=all_stars&sortBy=helpful&formatType=all_formats,allStars,,"{'price': None, 'listPrice': None}",2020-03-10,United States,,B0BLXPNPQV,0.9349
16,16,5,Nice,R1KYBAI5X6M879,https://www.amazon.com/gp/customer-reviews/R1KYBAI5X6M879/ref=cm_cr_arp_d_rvw_ttl?ie=UTF8&ASIN=B0BLXPNPQV,,"Reviewed in the United States on October 15, 2023",Nice,True,,[],27,11930,5250,https://www.amazon.com/product-reviews/B0BLXPNPQV?pageNumber=3&filterByStar=all_stars&sortBy=helpful&formatType=all_formats,allStars,,"{'price': None, 'listPrice': None}",2023-10-15,United States,,B0BLXPNPQV,0.4215
17,17,4,Wonderful product except sickly sweet chemical smell,R10WWIE75KCX7K,https://www.amazon.com/gp/customer-reviews/R10WWIE75KCX7K/ref=cm_cr_arp_d_rvw_ttl?ie=UTF8&ASIN=B0BLXPNPQV,,"Reviewed in the United States on February 17, 2021","Wonderful product except sickly sweet chemical smell. It’s soft, a lovely color, and, since the medium was a bit small, I ordered this one in large and I’m happy with the fit. Please note that it took four washings in hot water with detergent and white vinegar to get the chemical smell out of it. Yes, I have a very sensitive sense of smell, but I can’t imagine anyone wearing an item like this without washing it a few times first. I still gave it four stars, because otherwise I love it, and, it seems, that everything I buy these days has a chemical smell, and if it’s an article of clothing or such-like, I just wash it to death until I get the smell out. Other items I have to return, or never even buy, such as anything made with MDF.",True,Color: Pale LilacSize: Large,[],28,11930,5250,https://www.amazon.com/product-reviews/B0BLXPNPQV?pageNumber=3&filterByStar=all_stars&sortBy=helpful&formatType=all_formats,allStars,,"{'price': None, 'listPrice': None}",2021-02-17,United States,,B0BLXPNPQV,0.9331
18,18,4,"Comfortable, somewhat versatile",RFDDNVF34OKP7,https://www.amazon.com/gp/customer-reviews/RFDDNVF34OKP7/ref=cm_cr_arp_d_rvw_ttl?ie=UTF8&ASIN=B0BLXPNPQV,2 people found this helpful,"Reviewed in the United States on November 9, 2015","I bought both this and the Fast Trek II for a backpacking trip in the Adirondacks in early October. I liked this one better. They are both about the same warmth level, but both are a bit too bulky to wear under jackets unless your jacket is quite roomy. However this one is not as shaped, and while that may lose a couple of style points, it makes it much more conducive to adding layers underneath. I was comfortable in the upper thirties with two long sleeved shirts and a flannel layered beneath. It got down to freezing almost every night, and that was not comfortable, however I was generally getting into my sleeping bag by then, so not a huge issue. I would not take it on a winter backpacking trip: too much bulk for the amount of warmth it provides. However it is soft and comfortable and easy to clean. I have been wearing it around the house since then, and still no signs of wear - I have only had it a couple of months, but I tend to beat my stuff up. As far as sizing, this item is a bit larger than the Fast Trek - however, sizing is so inconsistent even the difference in color may have affected that. So that may not always be the case.",True,,[],29,11930,5250,https://www.amazon.com/product-reviews/B0BLXPNPQV?pageNumber=3&filterByStar=all_stars&sortBy=helpful&formatType=all_formats,allStars,,"{'price': None, 'listPrice': None}",2015-11-09,United States,,B0BLXPNPQV,0.9633
19,19,5,Love these fleeces!,R1K7E89A0SYYMF,https://www.amazon.com/gp/customer-reviews/R1K7E89A0SYYMF/ref=cm_cr_arp_d_rvw_ttl?ie=UTF8&ASIN=B0BLXPNPQV,3 people found this helpful,"Reviewed in the United States on December 7, 2014","I really love this fleece.  I got the Dark Raspberry.  The color is gorgeous and just as appears online.  It is plush, affordable, and comes in great colors.  I am 5'6"" and 130ish.  I wear a size 4 to 6 in chlothes but sometimes medium in tops and often mediums in jackets because I have broad shoulders and long arms.  I ended up keeping this in medium.  I liked the look of the small but it was too tight in the neck when fully zipped on me.  The zipper pressed into my neck too much.  The medium also has longer sleeves for my long arms so I like that.  The size small arms were long enough for me too though.  In medium it does have a slightly baggy fit on me but nothing too bulky.  I mostly wear it indoors as a lounge jacket so it's perfect.  I will definitely purchase more colors as time passes.  One issue I had was the first medium I was sent did not cinch tight at hem.  The toggle did not hold well and cinch did not stay.  I exchanged with the free returns/exchanges and quickly got a new medium that stays cinched nicely.  The irony is that I have never cinched it.  I still expect the function to work though!",True,Color: Dark RaspberrySize: Medium,[],30,11930,5250,https://www.amazon.com/product-reviews/B0BLXPNPQV?pageNumber=3&filterByStar=all_stars&sortBy=helpful&formatType=all_formats,allStars,,"{'price': None, 'listPrice': None}",2014-12-07,United States,,B0BLXPNPQV,0.9907
20,20,5,Perfect!,R28QFZEY9AUPA8,https://www.amazon.com/gp/customer-reviews/R28QFZEY9AUPA8/ref=cm_cr_arp_d_rvw_ttl?ie=UTF8&ASIN=B0BLXPNPQV,,"Reviewed in the United States on October 13, 2014","I  bought  the  same  jacket  a  year  ago  whan  I  visit  USA (I'm from Russia). I'm  44 size (Europe), 55 kg  and  165 cm  and  I  bought  S  size  in  gray  colour - it  fits  me  very  nice  and not  too  roomy, only  sleeves  a  little  bit  long. I  like  it  very  much - it's  not  rumpled, very  soft, although  it  has  made  from  polyester  I  don't  sweat. The  only  thing  it  lacks  is  hood.This  colour  a  little  bit  more  green  than  it  shows  in  picture  and  very  beautiful.",True,,[],81,11930,5250,https://www.amazon.com/product-reviews/B0BLXPNPQV?pageNumber=9&filterByStar=all_stars&sortBy=helpful&formatType=all_formats,allStars,,"{'price': None, 'listPrice': None}",2014-10-13,United States,,B0BLXPNPQV,0.8598
21,21,4,tad bit short.,R1YU2TLKMR3H02,https://www.amazon.com/gp/customer-reviews/R1YU2TLKMR3H02/ref=cm_cr_arp_d_rvw_ttl?ie=UTF8&ASIN=B0BLXPNPQV,,"Reviewed in the United States on October 22, 2017","I really loved the way this jacket felt -- super fuzzy and warm feeling. The arms were the right length but the torso was a little short on me. The collar or neck are was also a bit longer than I was expecting though didn't really bother me. I was looking for something a little longer for on the plane and while traveling so I ended up sending it back as it just wasn't long enough for me. I'm ~5'5"" and 125lb and the small was a little bulky but comfortable -- would not have sized up or down (just a little longer).",True,,[],82,11930,5250,https://www.amazon.com/product-reviews/B0BLXPNPQV?pageNumber=9&filterByStar=all_stars&sortBy=helpful&formatType=all_formats,allStars,,"{'price': None, 'listPrice': None}",2017-10-22,United States,,B0BLXPNPQV,0.9132
22,22,4,Very warm.  Warmer than wearing a sweayet.,R2K9GWRWVUL0UW,https://www.amazon.com/gp/customer-reviews/R2K9GWRWVUL0UW/ref=cm_cr_arp_d_rvw_ttl?ie=UTF8&ASIN=B0BLXPNPQV,,"Reviewed in the United States on February 21, 2022","Like the variety of colors, true fit, exceptionally warm for those chilly days.  I just wish it were a little longer.  Sits a bit short on me.",True,Color: Lapis BlueSize: Medium,[],83,11930,5250,https://www.amazon.com/product-reviews/B0BLXPNPQV?pageNumber=9&filterByStar=all_stars&sortBy=helpful&formatType=all_formats,allStars,,"{'price': None, 'listPrice': None}",2022-02-21,United States,,B0BLXPNPQV,0.8932
23,23,4,Not as thick as the store bought,R3NKKXUDLBTDFB,https://www.amazon.com/gp/customer-reviews/R3NKKXUDLBTDFB/ref=cm_cr_arp_d_rvw_ttl?ie=UTF8&ASIN=B0BLXPNPQV,,"Reviewed in the United States on March 7, 2022",Super cute color. (I got the mauve). A little short and thinner than my in store bought other Columbia jacket. Not worth the price but still nice.,True,Color: MalbecSize: Small,[],84,11930,5250,https://www.amazon.com/product-reviews/B0BLXPNPQV?pageNumber=9&filterByStar=all_stars&sortBy=helpful&formatType=all_formats,allStars,,"{'price': None, 'listPrice': None}",2022-03-07,United States,,B0BLXPNPQV,0.7793
24,24,5,Best jacket I've ever had!!!,RY9DQKO4M46IG,https://www.amazon.com/gp/customer-reviews/RY9DQKO4M46IG/ref=cm_cr_arp_d_rvw_ttl?ie=UTF8&ASIN=B0BLXPNPQV,2 people found this helpful,"Reviewed in the United States on April 4, 2019","I LOVE LOVE LOVE this jacket !!!  My friend gave me one as a Christmas present like six years ago, and I literally live in this jacket! It's warm but breathes when it starts to get warm out.  And repels food spills like hot sauce, spaghetti sauce etc. The color hides all dirtiness.  I only wash it like twice a year. It doesn't pill, doesn't shrink. I loaned mine to my daughter one day because she forgot her jacket and she loved it so much I bought her one of her own.  And I love that the pockets zip up. Your stuff won't fall out. I can't say enough about this jacket. Highly recommended!",True,,[],85,11930,5250,https://www.amazon.com/product-reviews/B0BLXPNPQV?pageNumber=9&filterByStar=all_stars&sortBy=helpful&formatType=all_formats,allStars,,"{'price': None, 'listPrice': None}",2019-04-04,United States,,B0BLXPNPQV,0.9882
25,25,4,Soft and warm. The zippers break.,R30TJ1MCDYWF76,https://www.amazon.com/gp/customer-reviews/R30TJ1MCDYWF76/ref=cm_cr_arp_d_rvw_ttl?ie=UTF8&ASIN=B0BLXPNPQV,,"Reviewed in the United States on December 13, 2020","I like the jacket but... I find that the zippers are not as nice as they used to be.  The are cheap and tend to break.  Once the zipper breaks, the jacket is kind of useless.  I will buy again because I like them and they are really warm.  I just wish the zippers weren't an issue.",True,Color: Winter MauveSize: Small,[],86,11930,5250,https://www.amazon.com/product-reviews/B0BLXPNPQV?pageNumber=9&filterByStar=all_stars&sortBy=helpful&formatType=all_formats,allStars,,"{'price': None, 'listPrice': None}",2020-12-13,United States,,B0BLXPNPQV,0.5764
26,26,5,Great comfort for cooler days!!!,R2JAEMJ2H75EUN,https://www.amazon.com/gp/customer-reviews/R2JAEMJ2H75EUN/ref=cm_cr_arp_d_rvw_ttl?ie=UTF8&ASIN=B0BLXPNPQV,14 people found this helpful,"Reviewed in the United States on September 28, 2016",I was quick to order this fleece on sale in two different colors for the upcoming fall and winter season.  They are a perfect lightweight zippered front fleece with elastic cuffs at the wrists. They are a full zippered high collar with two front pockets (with zippers).  There is a drawstring elastic bottom which is optional to use.It is not lined and all of the stitching is doubled and very well done.  I have started to wear this on cool mornings with a long sleeve shirt and it is perfect and not overly bulky when you are driving.  It fits true to size and comes in many different colors.  I also ordered the blue and the shade is beautiful.I have washed mine with no problem but chose to air dry instead of placing in the dryer.,True,Color: Light Grey Heather - LegacySize: 1X,"['https://images-na.ssl-images-amazon.com/images/I/71YXuKA5JoL._SY88.jpg', 'https://images-na.ssl-images-amazon.com/images/I/71ulm1isAmL._SY88.jpg']",87,11930,5250,https://www.amazon.com/product-reviews/B0BLXPNPQV?pageNumber=9&filterByStar=all_stars&sortBy=helpful&formatType=all_formats,allStars,,"{'price': None, 'listPrice': None}",2016-09-28,United States,,B0BLXPNPQV,0.6701
27,27,5,"Really pretty mix of purple, blue and gray. Its really nice",R1SKXXHL5QKTH6,https://www.amazon.com/gp/customer-reviews/R1SKXXHL5QKTH6/ref=cm_cr_arp_d_rvw_ttl?ie=UTF8&ASIN=B0BLXPNPQV,2 people found this helpful,"Reviewed in the United States on October 23, 2016","Perfect.  I love these jackets, I have bought so many for myself and family and friends because they are just so warm and comfortable.  The color of this one is like a really pretty mix of purple, blue and gray, its really nice.  There is also a limited lifetime warranty with some Colombia jackets, I actually needed to use this warranty last year when my zipper snapped off. Id only had the jacket a year and a half so I called,  and within two weeks they deemed that it would be more cost effective to replace it so they sent me a brand new jacket identical to the one I had.  So not only is the jacket itself awesome, so is the customer service from the company.",True,,[],88,11930,5250,https://www.amazon.com/product-reviews/B0BLXPNPQV?pageNumber=9&filterByStar=all_stars&sortBy=helpful&formatType=all_formats,allStars,,"{'price': None, 'listPrice': None}",2016-10-23,United States,,B0BLXPNPQV,0.9858
28,28,4,Warm and comfy!,RU0SAZPW659KY,https://www.amazon.com/gp/customer-reviews/RU0SAZPW659KY/ref=cm_cr_arp_d_rvw_ttl?ie=UTF8&ASIN=B0BLXPNPQV,,"Reviewed in the United States on January 16, 2016","Warm, comfortable and the great quality i've experienced with other Columbia products. I have another fleece jacket, same style, from Columbia that I've had for 3 or 4 years and love. The purple zipper is a fun splash of color and is as vibrant as the picture showed. I ordered the size small, and it fiit well yet with enough room to move.  I have a similar jacket from North Face and after a couple washings  the color faded and the fleece looked really worn.  The only reason I didn't give it 5 stars is because the color is more charcoal gray as opposed to black. But, it still goes well with black pants.",True,,[],89,11930,5250,https://www.amazon.com/product-reviews/B0BLXPNPQV?pageNumber=9&filterByStar=all_stars&sortBy=helpful&formatType=all_formats,allStars,,"{'price': None, 'listPrice': None}",2016-01-16,United States,,B0BLXPNPQV,0.911
29,29,4,Fitted,R2376KGP2K3HWU,https://www.amazon.com/gp/customer-reviews/R2376KGP2K3HWU/ref=cm_cr_arp_d_rvw_ttl?ie=UTF8&ASIN=B0BLXPNPQV,,"Reviewed in the United States on February 21, 2019","The color is lovely and the garment is soft. I washed it with Woolite no fab softener, cold water. It came out looking as good as it went in. I put it on over a bra and long sleeved med.weight T. It went under my llBean Teco 2 3 season rain proof shell. I am 5 ft 0 130 pounds It zipped up easily and I could have had a tank under it too. I am very pleased with it so far. After I wear it in Alaska I will update.",True,,[],90,11930,5250,https://www.amazon.com/product-reviews/B0BLXPNPQV?pageNumber=9&filterByStar=all_stars&sortBy=helpful&formatType=all_formats,allStars,,"{'price': None, 'listPrice': None}",2019-02-21,United States,,B0BLXPNPQV,0.92
30,30,4,A bit snug,RPP9MQH4DNH36,https://www.amazon.com/gp/customer-reviews/RPP9MQH4DNH36/ref=cm_cr_arp_d_rvw_ttl?ie=UTF8&ASIN=B0BLXPNPQV,,"Reviewed in the United States on January 28, 2024","I have several Benton Springs jackets, I wanted one in yellow which cost more. This one does not feel as roomy or as soft as previous Columbia jackets.",True,Color: EndiveSize: X-Large,[],11,11930,5250,https://www.amazon.com/product-reviews/B0BLXPNPQV?pageNumber=2&filterByStar=all_stars&sortBy=helpful&formatType=all_formats,allStars,,"{'price': None, 'listPrice': None}",2024-01-28,United States,,B0BLXPNPQV,0.0
31,31,5,Perfect for slightly longer arms,RU0TNSP8FID6K,https://www.amazon.com/gp/customer-reviews/RU0TNSP8FID6K/ref=cm_cr_arp_d_rvw_ttl?ie=UTF8&ASIN=B0BLXPNPQV,One person found this helpful,"Reviewed in the United States on January 12, 2024","I purchased this for my granddaughter approximately 5’2”, 90lbs, slightly longer arms, it fits her perfectly. I wear the same size but for me the arms are a little too long. She wanted a solid dark grey, no extra colors, the closest I could find was dark shadow, it’s a lovely dark blue grey, she was very happy across the board.",True,Color: Night ShadowSize: Small,[],12,11930,5250,https://www.amazon.com/product-reviews/B0BLXPNPQV?pageNumber=2&filterByStar=all_stars&sortBy=helpful&formatType=all_formats,allStars,,"{'price': None, 'listPrice': None}",2024-01-12,United States,,B0BLXPNPQV,0.9324
32,32,4,Nice Columbia jacket.,R3KIFMSY9V87EE,https://www.amazon.com/gp/customer-reviews/R3KIFMSY9V87EE/ref=cm_cr_arp_d_rvw_ttl?ie=UTF8&ASIN=B0BLXPNPQV,,"Reviewed in the United States on January 3, 2024",This is a nice jacket.  It runs large but I'm happy with the extra room.  Washes and drys well.,True,Color: Blue ChillSize: Large,[],13,11930,5250,https://www.amazon.com/product-reviews/B0BLXPNPQV?pageNumber=2&filterByStar=all_stars&sortBy=helpful&formatType=all_formats,allStars,,"{'price': None, 'listPrice': None}",2024-01-03,United States,,B0BLXPNPQV,0.8625
33,33,5,Bonita,R1NVCKG4CW1G5H,https://www.amazon.com/gp/customer-reviews/R1NVCKG4CW1G5H/ref=cm_cr_arp_d_rvw_ttl?ie=UTF8&ASIN=B0BLXPNPQV,,"Reviewed in the United States on February 7, 2024",Buena calidad,True,Color: Black CherrySize: Large,[],14,11930,5250,https://www.amazon.com/product-reviews/B0BLXPNPQV?pageNumber=2&filterByStar=all_stars&sortBy=helpful&formatType=all_formats,allStars,,"{'price': None, 'listPrice': None}",2024-02-07,United States,,B0BLXPNPQV,0.0
34,34,5,Materiales muy suaves y de buena calidad,R2T09LAKMPEABG,https://www.amazon.com/gp/customer-reviews/R2T09LAKMPEABG/ref=cm_cr_arp_d_rvw_ttl?ie=UTF8&ASIN=B0BLXPNPQV,,"Reviewed in the United States on January 23, 2024","Una chaqueta de muy buena calidad, suave y muy bonita",True,Color: Bright RedSize: Small,[],15,11930,5250,https://www.amazon.com/product-reviews/B0BLXPNPQV?pageNumber=2&filterByStar=all_stars&sortBy=helpful&formatType=all_formats,allStars,,"{'price': None, 'listPrice': None}",2024-01-23,United States,,B0BLXPNPQV,0.4588
35,35,5,CALIDAD,R1ILG81ML16PL0,https://www.amazon.com/gp/customer-reviews/R1ILG81ML16PL0/ref=cm_cr_arp_d_rvw_ttl?ie=UTF8&ASIN=B0BLXPNPQV,,"Reviewed in the United States on January 8, 2024",COMODIDAD,True,Color: Winter MauveSize: Small,[],16,11930,5250,https://www.amazon.com/product-reviews/B0BLXPNPQV?pageNumber=2&filterByStar=all_stars&sortBy=helpful&formatType=all_formats,allStars,,"{'price': None, 'listPrice': None}",2024-01-08,United States,,B0BLXPNPQV,0.0
36,36,5,Columbia,R1L8ETZOI3JB0J,https://www.amazon.com/gp/customer-reviews/R1L8ETZOI3JB0J/ref=cm_cr_arp_d_rvw_ttl?ie=UTF8&ASIN=B0BLXPNPQV,,"Reviewed in the United States on December 9, 2023",Beautiful blue color soft and run a tad big . Which is good as I can wear layers under it.,True,Color: Canyon BlueSize: X-Small,[],17,11930,5250,https://www.amazon.com/product-reviews/B0BLXPNPQV?pageNumber=2&filterByStar=all_stars&sortBy=helpful&formatType=all_formats,allStars,,"{'price': None, 'listPrice': None}",2023-12-09,United States,,B0BLXPNPQV,0.7783
37,37,5,Exactly as described,RUALIW7YTM4BB,https://www.amazon.com/gp/customer-reviews/RUALIW7YTM4BB/ref=cm_cr_arp_d_rvw_ttl?ie=UTF8&ASIN=B0BLXPNPQV,,"Reviewed in the United States on December 3, 2023",Never thought I would find this color and the one I have now is getting pretty ratty looking. Perfectly wrapped and shipped quickly.,True,Color: Blue ChillSize: XX-Large,[],18,11930,5250,https://www.amazon.com/product-reviews/B0BLXPNPQV?pageNumber=2&filterByStar=all_stars&sortBy=helpful&formatType=all_formats,allStars,,"{'price': None, 'listPrice': None}",2023-12-03,United States,,B0BLXPNPQV,0.8126
38,38,5,Great choice,ROTBQ51H5H4PE,https://www.amazon.com/gp/customer-reviews/ROTBQ51H5H4PE/ref=cm_cr_arp_d_rvw_ttl?ie=UTF8&ASIN=B0BLXPNPQV,,"Reviewed in the United States on December 11, 2023",Just what I wanted. I’m short and need a petite jacket. Ordered petite large,True,Color: Dark SapphireSize: Large Petite,[],19,11930,5250,https://www.amazon.com/product-reviews/B0BLXPNPQV?pageNumber=2&filterByStar=all_stars&sortBy=helpful&formatType=all_formats,allStars,,"{'price': None, 'listPrice': None}",2023-12-11,United States,,B0BLXPNPQV,0.0
39,39,5,Based on the size chart it's accurate. Update on Sunnyside color option.,R3QB4A8M2O8ROM,https://www.amazon.com/gp/customer-reviews/R3QB4A8M2O8ROM/ref=cm_cr_arp_d_rvw_ttl?ie=UTF8&ASIN=B0BLXPNPQV,164 people found this helpful,"Reviewed in the United States on August 14, 2015","I ordered  the size I thought would fit for Columbia products. This is my second item from Columbia and each time I'm getting a size smaller than usual. Based on the size chart it's accurate. Meaning I fit within the SMALL measurements and the jacket isn't tight on me. Most other brands I would have ordered a Medium.  I ordered a small so that I could wear with with a long sleeve shirt under it but not planning on wearing a sweatshirt / sweater under it. I'm 5'8"" 120# 34A chest. I like this jacket and plan to use it during outdoor activities like camping, hiking, and canoeing in the Fall. The material is very comfortable and I love that the pockets zip up. They also have what could be considered two pockets on the inside of the jacket. My husband really liked this jacket too, so I ordered him the male version.  It's a great find for around $20 on sale.Update / Re-Order:I decided to order another size and color. My previous order was brown / small. For a more relaxed look I decided to get the ""sunnyside"" yellow in medium. The medium fits me as well as the small, but it depends on what I'm planning on using the jacket for. I chose the medium because I'll be using it as a relaxed, layering piece. Technically I could wear this as my size, but it's not as fitted as I would like it to be.The color ""sunnyside"" is more of a true sun, baby yellow.  Not necessarily pastel baby yellow either, but compared to my lemon juice bottle, yellow crayon, and Penn tennis ball, it is more pastel in color.  When I first saw it I thought ""Care Bear"" stuffed animal colored. The picture from Amazon seems to show a hue of green in the garment that I don't see in person.  It's not a shocking neon yellow either. To me it's a true ""yellow"" even though my ""yellow"" crayon shows a hue of green to it next to the jacket. I have photos attached that will show the jacket in true sun and two with all three items laying on the jacket. The ones with the items laying on the jacket are in a pitch dark room with only the Samsung S5 camera flash for light. The true sun photos seem to lighten the color of the jacket. Hope this helps.",True,,"['https://images-na.ssl-images-amazon.com/images/I/61+1n1P17FL._SY88.jpg', 'https://images-na.ssl-images-amazon.com/images/I/61IjNAi80sL._SY88.jpg', 'https://images-na.ssl-images-amazon.com/images/I/61RVEUGEZHL._SY88.jpg', 'https://images-na.ssl-images-amazon.com/images/I/61TV56bPRCL._SY88.jpg', 'https://images-na.ssl-images-amazon.com/images/I/711FBvdw+DL._SY88.jpg', 'https://images-na.ssl-images-amazon.com/images/I/71B6RQrL28L._SY88.jpg']",20,11930,5250,https://www.amazon.com/product-reviews/B0BLXPNPQV?pageNumber=2&filterByStar=all_stars&sortBy=helpful&formatType=all_formats,allStars,,"{'price': None, 'listPrice': None}",2015-08-14,United States,,B0BLXPNPQV,0.9978
40,40,5,Great cold weather jacket,R3VYNRLIPWX5N7,https://www.amazon.com/gp/customer-reviews/R3VYNRLIPWX5N7/ref=cm_cr_arp_d_rvw_ttl?ie=UTF8&ASIN=B0BLXPNPQV,6 people found this helpful,"Reviewed in the United States on October 16, 2012","I'm always nervous to buy clothes online, but I loved my purple Columbia rain jacket that I recently purchased, so I bought this Columbia fleece.  First of all, its MUCH cheaper than other brands, like North Face and Helly Hansen.  Second, I like it better than those jackets.  I got the plum/purple one, and I looove the color.  Its a faded purple, not overwhelming but is definitely unique compared to all the black and white jackets out there.  It keeps me warm and is soft and comfy.  I basically have started wearing this jacket every single day since I bought it!  I would highly recommend this to anyone who is looking for a medium weight jacket and wants to look cute.Sizing info:  I'm 5'4 and typically wear a size 4 in clothes (or a small).  i purchased a small, and it fits nicely with some extra room.  I can wear a sweatshirt underneath if it is really cold out and still comfortably zip it.  Sleeves are a bit long, but I can stuff my hands inside the sleeves if I feel cold.  I want to buy more of this jacket in another color, I love it so much!",True,,[],51,11930,5250,https://www.amazon.com/product-reviews/B0BLXPNPQV?pageNumber=6&filterByStar=all_stars&sortBy=helpful&formatType=all_formats,allStars,,"{'price': None, 'listPrice': None}",2012-10-16,United States,,B0BLXPNPQV,0.9913
41,41,4,Good fit,R2847MIQASU3YN,https://www.amazon.com/gp/customer-reviews/R2847MIQASU3YN/ref=cm_cr_arp_d_rvw_ttl?ie=UTF8&ASIN=B0BLXPNPQV,,"Reviewed in the United States on June 20, 2022","I like how the pockets have zippers , the color , and the scrunches at the wrist … only thing I wish it had was a hood for when it rains then it would be perfect!",True,Color: Canyon BlueSize: Small,[],52,11930,5250,https://www.amazon.com/product-reviews/B0BLXPNPQV?pageNumber=6&filterByStar=all_stars&sortBy=helpful&formatType=all_formats,allStars,,"{'price': None, 'listPrice': None}",2022-06-20,United States,,B0BLXPNPQV,0.8478
42,42,4,Color is a bit different,R3RJZBZDAY719X,https://www.amazon.com/gp/customer-reviews/R3RJZBZDAY719X/ref=cm_cr_arp_d_rvw_ttl?ie=UTF8&ASIN=B0BLXPNPQV,One person found this helpful,"Reviewed in the United States on April 3, 2021","The mint color is more of a gray-greenish color that sometimes looks blue? Not like the picture. I still like it though. It is very soft medium weight fleece. Not lined. Should keep me warm :) the fit is as expected. I am short, so the sleeves are a bit too long. That is the norm for me. Large is a little loose and long, but comfortable. I am 5’3” and 150 lbs and usually wear a size 10.",True,,['https://images-na.ssl-images-amazon.com/images/I/81UXWFzyCsL._SY88.jpg'],53,11930,5250,https://www.amazon.com/product-reviews/B0BLXPNPQV?pageNumber=6&filterByStar=all_stars&sortBy=helpful&formatType=all_formats,allStars,,"{'price': None, 'listPrice': None}",2021-04-03,United States,,B0BLXPNPQV,0.7216
43,43,5,Perfect!,R2CI7BF2WQJ36C,https://www.amazon.com/gp/customer-reviews/R2CI7BF2WQJ36C/ref=cm_cr_arp_d_rvw_ttl?ie=UTF8&ASIN=B0BLXPNPQV,2 people found this helpful,"Reviewed in the United States on November 7, 2022","I love the vibrant blue color I chose. The fleece is neither thick nor thin but the warmth and softness are there. It’s the perfect fall/ spring jacket, light but tough. It also washes well. I’m 5’2” , 125 lbs and the medium is a perfect fit.",True,Color: Lapis BlueSize: Medium,[],54,11930,5250,https://www.amazon.com/product-reviews/B0BLXPNPQV?pageNumber=6&filterByStar=all_stars&sortBy=helpful&formatType=all_formats,allStars,,"{'price': None, 'listPrice': None}",2022-11-07,United States,,B0BLXPNPQV,0.9752
44,44,2,Broken zipper after 1 year.,R26A17O4PRBM7U,https://www.amazon.com/gp/customer-reviews/R26A17O4PRBM7U/ref=cm_cr_arp_d_rvw_ttl?ie=UTF8&ASIN=B0BLXPNPQV,,"Reviewed in the United States on October 26, 2023","This is a $50 fleece! I live in a cold place and wore this fleece 3 times a week at home, and washed every other week or so. I’m so disappointed that the zipper completely shattered! This was expensive. Will not be buying again!",True,Color: Rich WineSize: X-Large,[],55,11930,5250,https://www.amazon.com/product-reviews/B0BLXPNPQV?pageNumber=6&filterByStar=all_stars&sortBy=helpful&formatType=all_formats,allStars,,"{'price': None, 'listPrice': None}",2023-10-26,United States,,B0BLXPNPQV,-0.8621
45,45,5,Nice weight and quality,R19MTG5EXGP0SN,https://www.amazon.com/gp/customer-reviews/R19MTG5EXGP0SN/ref=cm_cr_arp_d_rvw_ttl?ie=UTF8&ASIN=B0BLXPNPQV,One person found this helpful,"Reviewed in the United States on July 7, 2021","This fleece is just what I needed as an extra layer on a safari trip. My five star rating is for the quality of the product. I wanted the Spruce color but Amazon did not have it (many of the colors were unavailable on Amazon, which disappointed me!) So I ordered Olive Green instead - a mistake because it is a drab and (to me) ugly color that is more brown than green. I returned that color on Amazon and got this item elsewhere in the size and color I initially wanted.",True,Color: Olive GreenSize: Medium,[],56,11930,5250,https://www.amazon.com/product-reviews/B0BLXPNPQV?pageNumber=6&filterByStar=all_stars&sortBy=helpful&formatType=all_formats,allStars,,"{'price': None, 'listPrice': None}",2021-07-07,United States,,B0BLXPNPQV,-0.8335
46,46,5,Lovely color and perfect fit,R3G8KDT5Y4KMHS,https://www.amazon.com/gp/customer-reviews/R3G8KDT5Y4KMHS/ref=cm_cr_arp_d_rvw_ttl?ie=UTF8&ASIN=B0BLXPNPQV,,"Reviewed in the United States on July 27, 2022",Hard to find a light weight fleece with a good fit in a nice color. Ordered three for Christmas for my daughter and all were returned. Then searched again and this fit her requirements. The color is lively. We now live in Florida so it’s the perfect weight for winter here. She’s about 115-120 lbs.,True,Color: Dusty IrisSize: X-Small,[],57,11930,5250,https://www.amazon.com/product-reviews/B0BLXPNPQV?pageNumber=6&filterByStar=all_stars&sortBy=helpful&formatType=all_formats,allStars,,"{'price': None, 'listPrice': None}",2022-07-27,United States,,B0BLXPNPQV,0.9448
47,47,4,"I like it, but I don't love it",R1SN0NV0R2AZK1,https://www.amazon.com/gp/customer-reviews/R1SN0NV0R2AZK1/ref=cm_cr_arp_d_rvw_ttl?ie=UTF8&ASIN=B0BLXPNPQV,,"Reviewed in the United States on December 28, 2017","I have mixed feelings about this heavy jacket. I like it, but I don't love it. It does do a good job of keeping me warm, and I like the colors. I wish the sleeves were a little longer, the material was a bit softer, and the bottom was a bit longer. I would like a bit more coverage from this. I'm satisfied with the 2 I have, but I wouldn't make this my whole winter wardrobe.If you are unsure of size, these are usually in stock in the major sporting goods stores. Try them on in the store and see what size/fit is best for you. Then come back and order it online here if it is cheaper (which is what I did).",True,,[],58,11930,5250,https://www.amazon.com/product-reviews/B0BLXPNPQV?pageNumber=6&filterByStar=all_stars&sortBy=helpful&formatType=all_formats,allStars,,"{'price': None, 'listPrice': None}",2017-12-28,United States,,B0BLXPNPQV,0.9659
48,48,5,Very Warm & Snuggly,R2XSCC3BX56B8P,https://www.amazon.com/gp/customer-reviews/R2XSCC3BX56B8P/ref=cm_cr_arp_d_rvw_ttl?ie=UTF8&ASIN=B0BLXPNPQV,,"Reviewed in the United States on April 7, 2017","I wasn't sure if I would like the plum-colored zippers on the jacket and pockets but after seeing them in person, I think they add a nice touch.  I had to return the first jacket because the medium fit me too snugly.  I re-ordered a large and it's a perfect fit with just enough looseness to wear over a bulky top. The jacket is very soft, cozy and warm.  The collar can be worn either down or up around your neck on a colder day.  The zippered pockets are convenient to hold my cell phone, keys or wallet and I don't have to worry about them falling out.  Also, it's not noticeable in the picture but the bottom of the jacket has an elastic pull cord so you can cinch it in tighter to block out the cold air.  I plan to order a few more colors if they go on sale.  I highly recommend Columbia's jackets.",True,,[],59,11930,5250,https://www.amazon.com/product-reviews/B0BLXPNPQV?pageNumber=6&filterByStar=all_stars&sortBy=helpful&formatType=all_formats,allStars,,"{'price': None, 'listPrice': None}",2017-04-07,United States,,B0BLXPNPQV,0.9602
49,49,5,Comfy and warm,R120WK8AELJFS4,https://www.amazon.com/gp/customer-reviews/R120WK8AELJFS4/ref=cm_cr_arp_d_rvw_ttl?ie=UTF8&ASIN=B0BLXPNPQV,3 people found this helpful,"Reviewed in the United States on November 10, 2022",I love this jacket and would like to have one in every color! I wish it were a little roomier at the hip because I'm a little wider there but other than that it's great.  I also have a long torso and the length is great!,True,Color: Rich WineSize: Medium,[],60,11930,5250,https://www.amazon.com/product-reviews/B0BLXPNPQV?pageNumber=6&filterByStar=all_stars&sortBy=helpful&formatType=all_formats,allStars,,"{'price': None, 'listPrice': None}",2022-11-10,United States,,B0BLXPNPQV,0.9589
50,50,5,Ordered both a Medium and Large and keeping both for different reasons,R7NTI911JI5KU,https://www.amazon.com/gp/customer-reviews/R7NTI911JI5KU/ref=cm_cr_arp_d_rvw_ttl?ie=UTF8&ASIN=B0BLXPNPQV,23 people found this helpful,"Reviewed in the United States on July 17, 2015","I ordered 2 of these jackets: one in Medium and one in Large. I am 5'6 and am a size 10, but can range from an 8-12 depending on brand of clothing. I wasn't sure which size to get after reading such varying reviews so I got both sizes, but in different colors in case I liked them both.  Both jackets fit, but had some minor noticeable differences.  The Medium was more fitted and had less give in the front, waist, and hips when zipping up. I can comfortably wear t-shirts and tank tops under the Medium. It was also more figure flattering. The Large had more room all over when zipping and I can comfortably wear it over a long sleeve shirt or sweatshirt. This one is great for layering, but the look and feel are more loose; however, I am definitely not swimming in it as other reviews have said. I am keeping both because they wash well, are comfortable, and are great for different purposes. Both arm lengths seemed pretty even and roomy especially considering they have the elastic wrists. So, in summary, if you are not sure what size to get, or are in between sizes, the smaller size will be more fitted with a flattering look and the larger size will offer more room and options for layering.",True,,[],31,11930,5250,https://www.amazon.com/product-reviews/B0BLXPNPQV?pageNumber=4&filterByStar=all_stars&sortBy=helpful&formatType=all_formats,allStars,,"{'price': None, 'listPrice': None}",2015-07-17,United States,,B0BLXPNPQV,0.9934
51,51,4,"Pretty color, just not PURPLE",R3JOHCHZ16R5FL,https://www.amazon.com/gp/customer-reviews/R3JOHCHZ16R5FL/ref=cm_cr_arp_d_rvw_ttl?ie=UTF8&ASIN=B0BLXPNPQV,,"Reviewed in the United States on December 13, 2021","Although this jacket is quite comfortable & cozy, and the color is beautiful, it's NOT the purple it appears to be on the Amazon site. I came thisclose to returning it, I was looking for a purple fleece jacket, but decided to keep this one because of how utterly comfy it is. However, a DESCRIPTION of the colors, from Amazon/the seller, would be appreciated, since not all screens show the true colors, you know? Also, WHY show colors that aren't available in select sizes--even if I have that option turned on/off? Very frustrating!",True,Color: Dark RaspberrySize: 2X,[],32,11930,5250,https://www.amazon.com/product-reviews/B0BLXPNPQV?pageNumber=4&filterByStar=all_stars&sortBy=helpful&formatType=all_formats,allStars,,"{'price': None, 'listPrice': None}",2021-12-13,United States,,B0BLXPNPQV,0.8628
52,52,5,Outstanding Quality - Fits Petite Perfectly,R2GEZY4L1X2RWC,https://www.amazon.com/gp/customer-reviews/R2GEZY4L1X2RWC/ref=cm_cr_arp_d_rvw_ttl?ie=UTF8&ASIN=B0BLXPNPQV,,"Reviewed in the United States on November 10, 2022","Glad Columbia offers this in petite sizing. Originally, I had a regular small Columbia jacket and the sleeves were a tad long and fit more loosely at the wrists. This petite is cut precisely so it has a tailored fit and looks so much better on. The quality is excellent and this jacket is so warm. I bought 3 of these in different colors and always get compliments when I wear them.",True,Color: Lapis BlueSize: X-Small Petite,[],33,11930,5250,https://www.amazon.com/product-reviews/B0BLXPNPQV?pageNumber=4&filterByStar=all_stars&sortBy=helpful&formatType=all_formats,allStars,,"{'price': None, 'listPrice': None}",2022-11-10,United States,,B0BLXPNPQV,0.9514
53,53,4,"Cozy, Comfortable, Practical Jacket with Four Pockets",R3VZKJB0IQ303N,https://www.amazon.com/gp/customer-reviews/R3VZKJB0IQ303N/ref=cm_cr_arp_d_rvw_ttl?ie=UTF8&ASIN=B0BLXPNPQV,7 people found this helpful,"Reviewed in the United States on January 21, 2018","Nice thicker fleece in a color that should stop traffic when crossing the street.  The Red Camellia is very bright and pretty.  Not really red or coral or pink.  Maybe a combination of those three colors.There is a zipper pocket on each side and inside the front of the jacket are two open pockets.  The cuffs have loose elastic in them and are not tight.  The collar doesn't flop over, but stands up if you have the zipper open.  A good feature.I would say the fit is accurate.This is a good chilly weather coat.  for temperatures in the 50's probably.  Maybe lower if you are just running outside for a minute.  It's not a coat for freezing or cold winter temperatures.  For cold and/or windy weather you would need an outer layer.",True,Color: Red CamelliaSize: X-Large,[],34,11930,5250,https://www.amazon.com/product-reviews/B0BLXPNPQV?pageNumber=4&filterByStar=all_stars&sortBy=helpful&formatType=all_formats,allStars,,"{'price': None, 'listPrice': None}",2018-01-21,United States,,B0BLXPNPQV,0.92
54,54,5,Cute and Cuddly!,R2GOV6FVPNQFCV,https://www.amazon.com/gp/customer-reviews/R2GOV6FVPNQFCV/ref=cm_cr_arp_d_rvw_ttl?ie=UTF8&ASIN=B0BLXPNPQV,2 people found this helpful,"Reviewed in the United States on November 12, 2016","Yay! I've been looking for a warm fleece I can wear during the California wintertime.I originally got a size small of the Canyon Rose color, which looks really nice against my skintone. I'm 5'3"", 110-115 lbs, and have a small chest and I was stuck between the XS and the S, but since I'm an S in the North Face Osito fleece, I thought this one would be similar as well. Well, turns out the S is a little baggy and oversized on me and I'm an XS. I ended up exchanging it, but I am very happy with the purchase. A super warm and cozy fleece for $30? Heck yeah!I can fit a hoodie underneath the XS still, but if I wanted to go for a more oversized look, I would stick with the S. I guess it's personal preference. There's no shedding or anything and the zipper works well. I can see myself purchasing more of these in different colors.I attached some photos to show the size differences between the XS and S on my body, although it's kind of hard to tell in the photos. I can definitely tell more in person.",True,,[],35,11930,5250,https://www.amazon.com/product-reviews/B0BLXPNPQV?pageNumber=4&filterByStar=all_stars&sortBy=helpful&formatType=all_formats,allStars,,"{'price': None, 'listPrice': None}",2016-11-12,United States,,B0BLXPNPQV,0.9815
55,55,4,"Nice jacket, a little small though",R1DYW3W9VFLAAK,https://www.amazon.com/gp/customer-reviews/R1DYW3W9VFLAAK/ref=cm_cr_arp_d_rvw_ttl?ie=UTF8&ASIN=B0BLXPNPQV,2 people found this helpful,"Reviewed in the United States on September 20, 2022","I’m pleased with this. It’s soft and warm and cute. I’m a true medium and it JUST fits. An inch small and I would’ve traded for a large. Same with the sleeve length. For reference I’m 5’7, 34D, and a size 8/medium. You might want to size up.",True,Color: Sea WaveSize: Medium,[],36,11930,5250,https://www.amazon.com/product-reviews/B0BLXPNPQV?pageNumber=4&filterByStar=all_stars&sortBy=helpful&formatType=all_formats,allStars,,"{'price': None, 'listPrice': None}",2022-09-20,United States,,B0BLXPNPQV,0.872
56,56,5,Jacket not loose enough at hips,R1MJZHLM6503ZH,https://www.amazon.com/gp/customer-reviews/R1MJZHLM6503ZH/ref=cm_cr_arp_d_rvw_ttl?ie=UTF8&ASIN=B0BLXPNPQV,One person found this helpful,"Reviewed in the United States on October 6, 2022","I like the color and overall style of this jacket but the large (which I like in jackets even though I'm a medium in other tops) was actually too binding and tight at the hips. It's too close fitting to wear a sweater under it in cold weather. Not designed proportionally. I ordered in on Prime and the window for returns was shorter than for other items I've ordered, so I'm stuck with it.",True,Color: Rich WineSize: Large,[],37,11930,5250,https://www.amazon.com/product-reviews/B0BLXPNPQV?pageNumber=4&filterByStar=all_stars&sortBy=helpful&formatType=all_formats,allStars,,"{'price': None, 'listPrice': None}",2022-10-06,United States,,B0BLXPNPQV,0.2692
57,57,4,Exactly as advertised.,R253MR05V1K47R,https://www.amazon.com/gp/customer-reviews/R253MR05V1K47R/ref=cm_cr_arp_d_rvw_ttl?ie=UTF8&ASIN=B0BLXPNPQV,2 people found this helpful,"Reviewed in the United States on December 10, 2013","I was looking for a soft, warm, comfy jacket to wear in fall, winter and during those days where someone has the ac on too high. I would have given it 5 stars, but i wish the fleece was a bit softer. its like a camping blanket. Its got great pocket space! I don't even have to carry a handbag anymore. I can put my phone charger, phone, compact makeup, lip balm, glasses, and credit cards and id and still have room to spare! it's not baby soft, but its soft enough. good quality for the price. sometimes, the zipper gets finicky but its rare. I used to have a north face denali jacket, and frankly this jacket has a bit better quality that the north face. the pockets in this jacket are super durable, and the ones in the north face got holes pretty quickly and shed fuzzies all the time. its so comfy it feels like a pajama top. I use it as a cardigan and an outdoor coat. It works for me and the price is great. I bought the emerald/torquise color and I love it. bright and bold, but still goes with everything i usually wear. Worth the buy!",True,,[],38,11930,5250,https://www.amazon.com/product-reviews/B0BLXPNPQV?pageNumber=4&filterByStar=all_stars&sortBy=helpful&formatType=all_formats,allStars,,"{'price': None, 'listPrice': None}",2013-12-10,United States,,B0BLXPNPQV,0.9965
58,58,4,Runs Small,R4WZFI74UQ61B,https://www.amazon.com/gp/customer-reviews/R4WZFI74UQ61B/ref=cm_cr_arp_d_rvw_ttl?ie=UTF8&ASIN=B0BLXPNPQV,,"Reviewed in the United States on January 18, 2023",Jacket was pretty and all that expected except it runs small.,True,Color: Winter WhiteSize: Large,[],39,11930,5250,https://www.amazon.com/product-reviews/B0BLXPNPQV?pageNumber=4&filterByStar=all_stars&sortBy=helpful&formatType=all_formats,allStars,,"{'price': None, 'listPrice': None}",2023-01-18,United States,,B0BLXPNPQV,0.4939
59,59,4,"Runs a little big, but still a great jacket.",RBFB7RPMQHOKC,https://www.amazon.com/gp/customer-reviews/RBFB7RPMQHOKC/ref=cm_cr_arp_d_rvw_ttl?ie=UTF8&ASIN=B0BLXPNPQV,16 people found this helpful,"Reviewed in the United States on February 19, 2017","I ordered this at the last minute before a vacation to the Pacific Northwest in February. I wanted something lightweight that would keep me warm but not overheat me, and this jacket did that very well. I have a hooded waterproof shell that I wore over this on particularly cold or windy days, and the two pieces work together perfectly. I love the zippered pockets because I'm always afraid of things falling out of my pockets, especially when I'm walking around a lot. The two inner pockets are great for even more security. I deducted one star because the sizing was way different than I expected. I'm 5'6"" and currently in a size 18/20, and I ordered a 2X which typically fits pretty well, but I am swimming in this jacket. It's boxy through the torso and the sleeves go down almost to my longest fingertips. I wish I had ordered earlier so I could have exchanged the size, but overall I'm happy with it and will keep wearing it.",True,Color: Light Grey Heather - LegacySize: 2X,[],40,11930,5250,https://www.amazon.com/product-reviews/B0BLXPNPQV?pageNumber=4&filterByStar=all_stars&sortBy=helpful&formatType=all_formats,allStars,,"{'price': None, 'listPrice': None}",2017-02-19,United States,,B0BLXPNPQV,0.992
60,60,5,Great value for a nice jacket,R1PB7M7SJNEE81,https://www.amazon.com/gp/customer-reviews/R1PB7M7SJNEE81/ref=cm_cr_arp_d_rvw_ttl?ie=UTF8&ASIN=B0BLXPNPQV,One person found this helpful,"Reviewed in the United States on October 3, 2020","I got this for a great deal on Amazon, I think I wouldn’t have got it as cheap even at the Columbia outlet.  I love the color and it arrived in great shape as well.  I have several other Columbia fleece jackets, so I knew how the sizes fit.  I ordered a large since I wanted a roomier fit, the medium is a more fitted look on me.  If they have it on a great sale again, I’ll definitely be ordering more.  These are great to take with me to work or when I need a light jacket on cooler days.",True,,['https://images-na.ssl-images-amazon.com/images/I/71Jz3VM-ryL._SY88.jpg'],71,11930,5250,https://www.amazon.com/product-reviews/B0BLXPNPQV?pageNumber=8&filterByStar=all_stars&sortBy=helpful&formatType=all_formats,allStars,,"{'price': None, 'listPrice': None}",2020-10-03,United States,,B0BLXPNPQV,0.985
61,61,5,Fits perfectly and is soft and warm!,R3QJ4MJB85LJIH,https://www.amazon.com/gp/customer-reviews/R3QJ4MJB85LJIH/ref=cm_cr_arp_d_rvw_ttl?ie=UTF8&ASIN=B0BLXPNPQV,,"Reviewed in the United States on October 16, 2022","I am so glad I ordered this! It’s perfect for Chicago Fall weather and is very soft. Color is as advertised. It’s  true to size and a little form fitting so if you like to wear a heavier sweater, size up!",True,Color: Black CherrySize: X-Small,[],72,11930,5250,https://www.amazon.com/product-reviews/B0BLXPNPQV?pageNumber=8&filterByStar=all_stars&sortBy=helpful&formatType=all_formats,allStars,,"{'price': None, 'listPrice': None}",2022-10-16,United States,,B0BLXPNPQV,0.9208
62,62,4,"true to size, Very warm and functional",RKKY9I9XJX8XX,https://www.amazon.com/gp/customer-reviews/RKKY9I9XJX8XX/ref=cm_cr_arp_d_rvw_ttl?ie=UTF8&ASIN=B0BLXPNPQV,One person found this helpful,"Reviewed in the United States on October 10, 2021",Arrive quickely. Priced less than manufacturer sale price for same product. Well made and should last as long as my last one of five years. Dog chewed zippers off otherwise it would still be around. Not the softest when out of package but breaks in nicely.,True,,[],73,11930,5250,https://www.amazon.com/product-reviews/B0BLXPNPQV?pageNumber=8&filterByStar=all_stars&sortBy=helpful&formatType=all_formats,allStars,,"{'price': None, 'listPrice': None}",2021-10-10,United States,,B0BLXPNPQV,0.6597
63,63,5,What color should I get next?,RCXC598AY8FY,https://www.amazon.com/gp/customer-reviews/RCXC598AY8FY/ref=cm_cr_arp_d_rvw_ttl?ie=UTF8&ASIN=B0BLXPNPQV,One person found this helpful,"Reviewed in the United States on September 27, 2022",These jackets are so soft! Got them in three colors…so far :) they are not tight fitting like other people are saying but I didn’t expect it to be. Very soft and comfortable. Small fit great. I’m 5’6” 125 lbs.,True,Color: Rich WineSize: Small,[],74,11930,5250,https://www.amazon.com/product-reviews/B0BLXPNPQV?pageNumber=8&filterByStar=all_stars&sortBy=helpful&formatType=all_formats,allStars,,"{'price': None, 'listPrice': None}",2022-09-27,United States,,B0BLXPNPQV,0.9476
64,64,4,Very comfortable with nice features,RTR4CFQYZW2M4,https://www.amazon.com/gp/customer-reviews/RTR4CFQYZW2M4/ref=cm_cr_arp_d_rvw_ttl?ie=UTF8&ASIN=B0BLXPNPQV,One person found this helpful,"Reviewed in the United States on January 6, 2016","I have this same jacket I purchased in CO but in a different color. This one in heather gray is much larger, although both tags show S (small).  Maybe the other one has shrunk from washing, which washes well, although there is some pilling of the fleece, as expected, after washing. I really like the other one; it's very comfortable for many activities, including outside jacket for winter here in southern Texas. I like the zippered pockets. The heather gray is a light gray, as shown in the photo. The collar is also nice since it will stand up for warmth or lie flat. I also like that the sleeves have elastic because that keeps them from hanging too low on smaller frames like mine.",True,Color: Light Grey Heather - LegacySize: Small,[],75,11930,5250,https://www.amazon.com/product-reviews/B0BLXPNPQV?pageNumber=8&filterByStar=all_stars&sortBy=helpful&formatType=all_formats,allStars,,"{'price': None, 'listPrice': None}",2016-01-06,United States,,B0BLXPNPQV,0.9824
65,65,5,Runs a little small,R2WT5HQGOPW5RF,https://www.amazon.com/gp/customer-reviews/R2WT5HQGOPW5RF/ref=cm_cr_arp_d_rvw_ttl?ie=UTF8&ASIN=B0BLXPNPQV,,"Reviewed in the United States on January 29, 2022","Purchased this jacket for my mother who is an XL in most everything.  While she loves the feel and the warmth of the jacket, it does run a bit small, so she is unable to zip it up.  May want to go a size up if you order this, especially if you are wearing bulky clothes underneath.",True,Color: Pale LilacSize: X-Large,[],76,11930,5250,https://www.amazon.com/product-reviews/B0BLXPNPQV?pageNumber=8&filterByStar=all_stars&sortBy=helpful&formatType=all_formats,allStars,,"{'price': None, 'listPrice': None}",2022-01-29,United States,,B0BLXPNPQV,0.7906
66,66,5,Perfect lightweight zip up,R2HJIU87GF95XA,https://www.amazon.com/gp/customer-reviews/R2HJIU87GF95XA/ref=cm_cr_arp_d_rvw_ttl?ie=UTF8&ASIN=B0BLXPNPQV,,"Reviewed in the United States on December 13, 2021","I live in an area where we rarely have very cold weather so this is perfect for when our weather dips into the low 50's. Lightweight, not bulky.  I love the zippered pockets.  I'm short (5'1"") and this is a good fit.  Jacket falls a bit past my hips but the sleeves aren't too long for ne.",True,Color: Dark RaspberrySize: Medium,[],77,11930,5250,https://www.amazon.com/product-reviews/B0BLXPNPQV?pageNumber=8&filterByStar=all_stars&sortBy=helpful&formatType=all_formats,allStars,,"{'price': None, 'listPrice': None}",2021-12-13,United States,,B0BLXPNPQV,0.3502
67,67,4,Beautiful and Soft Toffee Brown Jacket,RRBSDHNBJFAHU,https://www.amazon.com/gp/customer-reviews/RRBSDHNBJFAHU/ref=cm_cr_arp_d_rvw_ttl?ie=UTF8&ASIN=B0BLXPNPQV,,"Reviewed in the United States on December 29, 2020",This sweater jacket is super soft and cozy. But just like northface and other columbia clothing it is also short and not on the longer side. Wide and short. It is also not the same color as in the picture. I thought I was ordering a chocolate (dark brown) colored jacket and it is actually light brown . Still a beautiful jacket and very reasonably priced.,True,,[],78,11930,5250,https://www.amazon.com/product-reviews/B0BLXPNPQV?pageNumber=8&filterByStar=all_stars&sortBy=helpful&formatType=all_formats,allStars,,"{'price': None, 'listPrice': None}",2020-12-29,United States,,B0BLXPNPQV,0.9011
68,68,4,"Good buy, with a few adjustments",R3PZGC75O5OIXN,https://www.amazon.com/gp/customer-reviews/R3PZGC75O5OIXN/ref=cm_cr_arp_d_rvw_ttl?ie=UTF8&ASIN=B0BLXPNPQV,3 people found this helpful,"Reviewed in the United States on November 21, 2016","Columbia's sizing is for athletic, trim people, but knowing that and having bought from them before, I sized up to Large. The body of the jacket is a good fit for this ""mature woman"" but the sleeves were much longer than my arms, which are long for my short height. I have a sewing machine and basic alteration skills so I was able to tailor them to fit. The body of the jacket is flattering thanks to the princess seaming, I got this for a great price so I was ok with putting a little effort into the sleeves. I wanted a light fleece jacket in brown (hard color to find) so I'm happy with the purchase.",True,,[],79,11930,5250,https://www.amazon.com/product-reviews/B0BLXPNPQV?pageNumber=8&filterByStar=all_stars&sortBy=helpful&formatType=all_formats,allStars,,"{'price': None, 'listPrice': None}",2016-11-21,United States,,B0BLXPNPQV,0.9892
69,69,5,"Fits perfect, I am 5'7""",RMAAOAZPHIH6B,https://www.amazon.com/gp/customer-reviews/RMAAOAZPHIH6B/ref=cm_cr_arp_d_rvw_ttl?ie=UTF8&ASIN=B0BLXPNPQV,One person found this helpful,"Reviewed in the United States on January 15, 2017","Fits perfect, I am 5'7"", weigh around 128 lbs., got the small and first time a clothing item fitted perfectly. Great quality, I have never been disappointed in Columbia clothing. Sleeves actually long enough so when you bend your elbow the wrist area stays covered, nice elastic at end of sleeve. Zippered front pockets, med, weight zipper, slides easily, inside pocket is the backside of front, so if you have front pocket full not sure you could really put anything in the inside pocket, inside pocket is a long rectangle shape. The fleece is light weight but feels like med. weight fleece, long enough to cover to top of thighs and maybe alittle longer, which is what I wanted. Love the color, dusty purple. Would order more for this price if I needed more.  Age 66, lives in northern Wisconsin.",True,,[],80,11930,5250,https://www.amazon.com/product-reviews/B0BLXPNPQV?pageNumber=8&filterByStar=all_stars&sortBy=helpful&formatType=all_formats,allStars,,"{'price': None, 'listPrice': None}",2017-01-15,United States,,B0BLXPNPQV,0.9668
70,70,4,A Bit Big But Just Fine Anyway!,R35VFQUC4DDZC1,https://www.amazon.com/gp/customer-reviews/R35VFQUC4DDZC1/ref=cm_cr_arp_d_rvw_ttl?ie=UTF8&ASIN=B0BLXPNPQV,3 people found this helpful,"Reviewed in the United States on November 1, 2016","This is a very nice fleece, but I am only giving it four stars for a handful of reasons. The color was somewhat different from how it looked on my computer; in fact it is closer to the purple dahlia that was one of the color choices. Also, I like extended pulls on my zipper tabs, which this fleece does not have but which I will be adding. The jacket was a bit bigger than I had expected, but it will be fine because I will have room to put another layer underneath if needed. If I were ordering this again I would stick with the same size.  I ordered the small, and am 5'4"" and 115 pounds. I expect to get lots of use out of this fleece, so all in all it was a successful purchase.",True,,[],61,11930,5250,https://www.amazon.com/product-reviews/B0BLXPNPQV?pageNumber=7&filterByStar=all_stars&sortBy=helpful&formatType=all_formats,allStars,,"{'price': None, 'listPrice': None}",2016-11-01,United States,,B0BLXPNPQV,0.9413
71,71,5,Cute jacket! GREAT price!,R8L5TLXBKM50Z,https://www.amazon.com/gp/customer-reviews/R8L5TLXBKM50Z/ref=cm_cr_arp_d_rvw_ttl?ie=UTF8&ASIN=B0BLXPNPQV,4 people found this helpful,"Reviewed in the United States on November 19, 2019","So I’ll start by saying I already had this style Columbia Sportswear jacket in a bigger size and I had been wanting to buy it in a smaller size to be more fitted. The jacket is the exact same quality as my previous one. I am 5,4”, 125 lbs, 32C. I got the xsm. It is fitted nice. Sleeves fit, but maybe could have been a tad longer. As other have mentioned this is more of a slate grey or charcoal grey rather than a true black. Pockets are in the smaller size but I don’t use jacket pockets a ton so not a big deal for me. It’s warm and cute. Collar can be worn up or down. Overall love this jacket, especially for the price. I will be looking at getting other colors.",True,Color: Black/Wild IrisSize: X-Small,"['https://images-na.ssl-images-amazon.com/images/I/61YPWhDwGwL._SY88.jpg', 'https://images-na.ssl-images-amazon.com/images/I/71DVcYxPiEL._SY88.jpg', 'https://images-na.ssl-images-amazon.com/images/I/71XMfDS-rVL._SY88.jpg', 'https://images-na.ssl-images-amazon.com/images/I/71qURN9RPDL._SY88.jpg']",62,11930,5250,https://www.amazon.com/product-reviews/B0BLXPNPQV?pageNumber=7&filterByStar=all_stars&sortBy=helpful&formatType=all_formats,allStars,,"{'price': None, 'listPrice': None}",2019-11-19,United States,,B0BLXPNPQV,0.9589
72,72,4,Can't beat $20,RU02VJHNF9TYW,https://www.amazon.com/gp/customer-reviews/RU02VJHNF9TYW/ref=cm_cr_arp_d_rvw_ttl?ie=UTF8&ASIN=B0BLXPNPQV,12 people found this helpful,"Reviewed in the United States on September 23, 2016","Love the color choices n the perfect weighed of the fabric. I did order a size up cuz I knew they ran small and in doing so it looks just like the way it fits on the model. You also have the option to cinch the bottom hem n zip up pockets.Update: The clasp that hold the cinch in cord on bottom hem does not hold. I am constantly tightening it thru out the day. Also, for warn you will get lint all over dark clothes first time or two wearing it.Columbia navy is more the color of the models jeans that she is wearing.Bright geranium is a coral colorPurple dahlia is a dusty purple like picture.Red elements in mens is burgundyPink awareness in mens is a bright pink.",True,,[],63,11930,5250,https://www.amazon.com/product-reviews/B0BLXPNPQV?pageNumber=7&filterByStar=all_stars&sortBy=helpful&formatType=all_formats,allStars,,"{'price': None, 'listPrice': None}",2016-09-23,United States,,B0BLXPNPQV,0.9371
73,73,4,and for that it definitely works great! It is cozy,RZJVZ037ININF,https://www.amazon.com/gp/customer-reviews/RZJVZ037ININF/ref=cm_cr_arp_d_rvw_ttl?ie=UTF8&ASIN=B0BLXPNPQV,2 people found this helpful,"Reviewed in the United States on June 26, 2017","I ordered this as just a house jacket to wear when I got cold gaming, and for that it definitely works great!  It is cozy, warm and the color is fantastic.  It is a bit brighter than the picture shows, but I like it better.  It kind of glows!  I ordered the medium because I wanted it to be oversized on me, and it definitely is.  I am 5'6"" and 135lbs with a larger chest.  It zips up with plenty of room all over, maybe even too much.  I am definitely ordering another one, but I think this time it will be in small so it doesn't feel so oversized.  Received on time and perfectly wrapped.",True,,[],64,11930,5250,https://www.amazon.com/product-reviews/B0BLXPNPQV?pageNumber=7&filterByStar=all_stars&sortBy=helpful&formatType=all_formats,allStars,,"{'price': None, 'listPrice': None}",2017-06-26,United States,,B0BLXPNPQV,0.9827
74,74,4,Inconsistent Sizing,R7E3Z1KZ8Z1NV,https://www.amazon.com/gp/customer-reviews/R7E3Z1KZ8Z1NV/ref=cm_cr_arp_d_rvw_ttl?ie=UTF8&ASIN=B0BLXPNPQV,5 people found this helpful,"Reviewed in the United States on November 9, 2015","Although I really like this jacket and would order it again, the sizing is inconsistent. I usually wear XL, but decided to order 1X since the pricing was about $15 less than the XL version and I typically wear layers underneath my jackets and wanted a looser fit. I ordered this in both the charcoal grey with groovy pink version and the black with bright plum and there is quite a bit of difference in the fit even thought they are both labelled 1X. The charcoal grey version is quite large on me, although not enough that I would send it back, while the black and plum version fits small and is closer to a L/XL in the fit, definitely not a 1X. It's a very nice jacket, but they need better quality control on the sizing.",True,,[],65,11930,5250,https://www.amazon.com/product-reviews/B0BLXPNPQV?pageNumber=7&filterByStar=all_stars&sortBy=helpful&formatType=all_formats,allStars,,"{'price': None, 'listPrice': None}",2015-11-09,United States,,B0BLXPNPQV,0.9811
75,75,4,Looks cheap,R3CQC03U1KB7G0,https://www.amazon.com/gp/customer-reviews/R3CQC03U1KB7G0/ref=cm_cr_arp_d_rvw_ttl?ie=UTF8&ASIN=B0BLXPNPQV,One person found this helpful,"Reviewed in the United States on May 3, 2022","The jacket just looked cheap, almost like a knockoff. I was pretty disappointed. I was hoping it would be warmer, it works good if you have to have layers though",True,Color: Black/Wild IrisSize: Medium,[],66,11930,5250,https://www.amazon.com/product-reviews/B0BLXPNPQV?pageNumber=7&filterByStar=all_stars&sortBy=helpful&formatType=all_formats,allStars,,"{'price': None, 'listPrice': None}",2022-05-03,United States,,B0BLXPNPQV,0.8484
76,76,4,Good for the Sale Price,R9J1K6B0HUVA9,https://www.amazon.com/gp/customer-reviews/R9J1K6B0HUVA9/ref=cm_cr_arp_d_rvw_ttl?ie=UTF8&ASIN=B0BLXPNPQV,,"Reviewed in the United States on December 11, 2021","Great fleece jacket. The pockets are flimsy/thin and don't keep hands warm. I prefer a straight sleeve cuff instead of elastic at the wrist. I should have paid closer attention. Still... for the sale price, I'm glad to have this versatile jacket.",True,Color: MalbecSize: Medium,[],67,11930,5250,https://www.amazon.com/product-reviews/B0BLXPNPQV?pageNumber=7&filterByStar=all_stars&sortBy=helpful&formatType=all_formats,allStars,,"{'price': None, 'listPrice': None}",2021-12-11,United States,,B0BLXPNPQV,0.8092
77,77,4,Reasonably priced warm fleece jacket,R3NSGXDU8KYDBG,https://www.amazon.com/gp/customer-reviews/R3NSGXDU8KYDBG/ref=cm_cr_arp_d_rvw_ttl?ie=UTF8&ASIN=B0BLXPNPQV,24 people found this helpful,"Reviewed in the United States on November 15, 2018","I like Columbia jackets so I ordered two- dark cyan & navy. They arrived promptly as promised. The colors were close to the one pictured. I ordered my usual jacket size because this gives me the flexibility to layer up. When ordering, one should check out the Columbia jacket sizing first to make sure their chest & waist measurements fit. The jacket was of the correct length, covers the crotch just fine as it should. The sleeves were too long but they can be folded neatly. The inside pockets are convenient for must haves like cell phone, small wallet or gloves. I like the colors so much I got my jackets embroidered & personalized elsewhere. Recommended. Can't go wrong with this price.",True,,"['https://images-na.ssl-images-amazon.com/images/I/710tDhHUCKL._SY88.jpg', 'https://images-na.ssl-images-amazon.com/images/I/71uJQ7Xar2L._SY88.jpg', 'https://images-na.ssl-images-amazon.com/images/I/81ADtfvHr6L._SY88.jpg']",68,11930,5250,https://www.amazon.com/product-reviews/B0BLXPNPQV?pageNumber=7&filterByStar=all_stars&sortBy=helpful&formatType=all_formats,allStars,,"{'price': None, 'listPrice': None}",2018-11-15,United States,,B0BLXPNPQV,0.9644
78,78,5,Pretty great!,R1AAKXN5FLFSUU,https://www.amazon.com/gp/customer-reviews/R1AAKXN5FLFSUU/ref=cm_cr_arp_d_rvw_ttl?ie=UTF8&ASIN=B0BLXPNPQV,4 people found this helpful,"Reviewed in the United States on July 13, 2012","I bought this in Geyser, which is a beautiful turquoisey blue. The real thing is a tad darker than it appeared on my screen, but still gorgeous; think rich turquoise rather than bright.First, I love the cut - I'm quite curvy and about size 12/14, and the large fits perfectly. Fitted, nicely snug but not tight around the hips and bust, with a nice shape to the waist. Awesome! It's also nice and long - I have a long torso, so my pet peeve is clothing that's too short to not ride up. This is great.Of course, it's Columbia so quality is expected. I'd forgotten about the zip pockets, and was all stoked about them again when I tried it on (nice and cozy, and plenty warm!) - then I swooned over the inside pockets. This is going with me on vacation, so keeping lots of stuff handy AND safe is a good thing!Can't wait to wear it for real! It's July and I'm in Texas, so it'll have to wait... but Iceland should give it a fair test until cooler weather arrives here. :)",True,,[],69,11930,5250,https://www.amazon.com/product-reviews/B0BLXPNPQV?pageNumber=7&filterByStar=all_stars&sortBy=helpful&formatType=all_formats,allStars,,"{'price': None, 'listPrice': None}",2012-07-13,United States,,B0BLXPNPQV,0.9956
79,79,5,OH MY GOODNESS THIS IS NICE!,R28LVB7F7X0ME9,https://www.amazon.com/gp/customer-reviews/R28LVB7F7X0ME9/ref=cm_cr_arp_d_rvw_ttl?ie=UTF8&ASIN=B0BLXPNPQV,2 people found this helpful,"Reviewed in the United States on August 16, 2011","This jacket is so soft and warm.  I love everything about it!It is very chilly in my air conditioned office and I like to keep a sweater behind my door to put on when I need it.  This jacket is just perfect.  It's so cozy and warm, though, I don't want to work!The best part is that I am 6' tall and have longer arms, but the jacket still fits comfortably.  Normally I wear a womens size 18, so I ordered the 2x to be sure to always be able to fit it over my clothing.  I have a friend who is plus sized but petite and she looked a little ridiculous in my jacket, so you might want to keep that in mind if you have shorter arms.Everyone wants to borrow this jacket.  Everyone comments on how fuzzy and marshmallow-like it is.  Since I've bought mine, two others have ordered one as well.  You can't go wrong with this jacket!  I think I will order another in a different color!",True,Color: Winter WhiteSize: 2X,[],70,11930,5250,https://www.amazon.com/product-reviews/B0BLXPNPQV?pageNumber=7&filterByStar=all_stars&sortBy=helpful&formatType=all_formats,allStars,,"{'price': None, 'listPrice': None}",2011-08-16,United States,,B0BLXPNPQV,0.981
80,80,4,and I like to layer,R24SOWF3IX27MO,https://www.amazon.com/gp/customer-reviews/R24SOWF3IX27MO/ref=cm_cr_arp_d_rvw_ttl?ie=UTF8&ASIN=B0BLXPNPQV,14 people found this helpful,"Reviewed in the United States on October 18, 2016","My large columbia fleeces were too snug and I was wary of ordering an extra large and having it be too small, and I like to layer, so I decided to order the 1x. I typically wear anywhere from L, XL, 0 or 1 in shirts depending on the cut/fabric, etc. This fleece was a little roomy, which was perfect for layering. It also was plenty large for my hips, which can sometimes be an issue for me. The only problem I had was the length of the sleeves, which is a bit too long (it hangs over my entire hand lol) but I just rolled the elastic cuff over which mostly solved the problem. I love the color (bright geranium) and it is very soft and warm, though the color is a bit more pink than it showed online. I want to get more, but the other colors all seem to cost quite a bit more so I'm going to wait to see if any of the prices go down.",True,Color: Charcoal Heather/Punch PinkSize: 1X,[],41,11930,5250,https://www.amazon.com/product-reviews/B0BLXPNPQV?pageNumber=5&filterByStar=all_stars&sortBy=helpful&formatType=all_formats,allStars,,"{'price': None, 'listPrice': None}",2016-10-18,United States,,B0BLXPNPQV,0.909
81,81,5,Still excellent product.,RC2H2QWEM8QMI,https://www.amazon.com/gp/customer-reviews/RC2H2QWEM8QMI/ref=cm_cr_arp_d_rvw_ttl?ie=UTF8&ASIN=B0BLXPNPQV,One person found this helpful,"Reviewed in the United States on September 26, 2022","I had ordered a small previously and it fit big but I kept it for layering. So ordered the xsmall and it's a perfect fit. Just for fun I washed the first one to check for shrinkage (after measuring) It didn't shrink one bit.  I am 5'1"" and 114.  Glad to see Columbia still making a great garment after all these years.",True,Color: Rich WineSize: X-Small,[],42,11930,5250,https://www.amazon.com/product-reviews/B0BLXPNPQV?pageNumber=5&filterByStar=all_stars&sortBy=helpful&formatType=all_formats,allStars,,"{'price': None, 'listPrice': None}",2022-09-26,United States,,B0BLXPNPQV,0.978
82,82,5,Good Jacket,R18Y7ROO6EYB1P,https://www.amazon.com/gp/customer-reviews/R18Y7ROO6EYB1P/ref=cm_cr_arp_d_rvw_ttl?ie=UTF8&ASIN=B0BLXPNPQV,,"Reviewed in the United States on March 24, 2023",I really liked this jacket.It’s light enough that you aren’t getting hot but soft and insulated so the wind keeps you warm.I would definitely buy another one in a different color.,True,,[],43,11930,5250,https://www.amazon.com/product-reviews/B0BLXPNPQV?pageNumber=5&filterByStar=all_stars&sortBy=helpful&formatType=all_formats,allStars,,"{'price': None, 'listPrice': None}",2023-03-24,United States,,B0BLXPNPQV,0.6805
83,83,4,It is a nice jacket 👌 to wear,R1QXRHZKCYPIXY,https://www.amazon.com/gp/customer-reviews/R1QXRHZKCYPIXY/ref=cm_cr_arp_d_rvw_ttl?ie=UTF8&ASIN=B0BLXPNPQV,,"Reviewed in the United States on April 26, 2022",I like this jacket because it feels warm in a freezing cold weather..  I bought it for my North Dakota trip in early April where it was still snowing and freezing cold.  It is light weighted and  feel soft & warm.  The size is bit smaller compared to other jacket.,True,Color: Dark RaspberrySize: Large,[],44,11930,5250,https://www.amazon.com/product-reviews/B0BLXPNPQV?pageNumber=5&filterByStar=all_stars&sortBy=helpful&formatType=all_formats,allStars,,"{'price': None, 'listPrice': None}",2022-04-26,United States,,B0BLXPNPQV,0.5423
84,84,4,Great jacket! Black is not solid black though -- more faded/charcoal looking.,R1PPUW93SPPLMF,https://www.amazon.com/gp/customer-reviews/R1PPUW93SPPLMF/ref=cm_cr_arp_d_rvw_ttl?ie=UTF8&ASIN=B0BLXPNPQV,15 people found this helpful,"Reviewed in the United States on September 6, 2016","This is a nice, medium weight fleece jacket. I ordered mine in black, and as other reviewers have stated, the black is not a deep black -- it is a lighter, faded black that almost looks like a charcoal gray. I was prepared for that, though, and don't mind the color. I am 5'10 and weigh around 180 lbs -- I wear a 12 or 14 depending on the size. I ordered this in an XL because I want to be able to wear layers under it in the winter. It fit just how I expected; a little roomy in the torso. I tend to like this style of jacket to be a bit big because it feels more ""cozy"" to me. The collar comes up nice and high. Sturdy zipper and love the zippered pockets. Overall, this was pretty much exactly what I was expecting for a great price. Giving 4 stars because of the misleading colors featured in the stock pictures.",True,,[],45,11930,5250,https://www.amazon.com/product-reviews/B0BLXPNPQV?pageNumber=5&filterByStar=all_stars&sortBy=helpful&formatType=all_formats,allStars,,"{'price': None, 'listPrice': None}",2016-09-06,United States,,B0BLXPNPQV,0.9749
85,85,5,Xmas gift for my sister,R38PZMPOYPXTWL,https://www.amazon.com/gp/customer-reviews/R38PZMPOYPXTWL/ref=cm_cr_arp_d_rvw_ttl?ie=UTF8&ASIN=B0BLXPNPQV,2 people found this helpful,"Reviewed in the United States on January 5, 2014","My sister was thrilled with her fleece and I enjoyed watching her get excited about it. She wore the jacket almost non-stop after receiving it and kept telling me how soft, warm, and comfortable it was. Better yet the jacket fit very well and as an older brother I considered it a tremendous victory that I managed to purchase the correct size. She's 5'11"" and about 145lbs; I got her a large and she likes the way the jacket fits her form and the fact that the arms were long enough. She's built like a gangly monkey (that's brother speak) and I was worried the arms wouldn't be long enough for her or the large would be too loose, but luckily this thing fit well and was a smash hit.Colorwise I almost went with a safe bet and got her the Charcoal or Navy colors because while my adult sister does like pink/red, I wondered if the ""Bright Rose"" color would be similar to the obnoxious bright 'PINK' pink from Victoria's Secret. I should've known Columbia wouldn't be that tactless, ""Bright Rose"" is a cheerful color like that of a beautiful flamingo with a stomach full of shrimp. Great jacket.",True,Color: Bright RoseSize: Large,[],46,11930,5250,https://www.amazon.com/product-reviews/B0BLXPNPQV?pageNumber=5&filterByStar=all_stars&sortBy=helpful&formatType=all_formats,allStars,,"{'price': None, 'listPrice': None}",2014-01-05,United States,,B0BLXPNPQV,0.9954
86,86,4,Love the color! Can sz up or Get Regular sz,R3H6NLE722L5RC,https://www.amazon.com/gp/customer-reviews/R3H6NLE722L5RC/ref=cm_cr_arp_d_rvw_ttl?ie=UTF8&ASIN=B0BLXPNPQV,5 people found this helpful,"Reviewed in the United States on November 4, 2019","Ordered mine a size up(XL) (Normal size is 12, large in tops) so it would be very comfy and I could layer myself underneath when it gets colder. I tried using the draw string to make it more form fitting at the waist.... Having trouble with it laying flat, tucked over..if that makes sense. I'm going to play around with it but if I can wear it fitted with draw strings on the side I will  just wear it regularly/ straight bottomed. I bet if I had gotten a sz large this wouldn't be a issue.  Perfect for these cool 45-50 degree days here in the North. Would order again for sure. I'm happy with my purchase over all. Ordered my 14yr son a Columbia fleece just today.",True,,[],47,11930,5250,https://www.amazon.com/product-reviews/B0BLXPNPQV?pageNumber=5&filterByStar=all_stars&sortBy=helpful&formatType=all_formats,allStars,,"{'price': None, 'listPrice': None}",2019-11-04,United States,,B0BLXPNPQV,0.8463
87,87,4,Like the Columbia Fast Trek II better than this one,R3YWCM87T10N2,https://www.amazon.com/gp/customer-reviews/R3YWCM87T10N2/ref=cm_cr_arp_d_rvw_ttl?ie=UTF8&ASIN=B0BLXPNPQV,,"Reviewed in the United States on June 2, 2018","I compared this fleece with the Columbia Fast Trek II Full Zip Fleece Jacket. I like this one but I like the Fast Trek II better. It's a bit more tailored/fitted looking which I find has a very slimming result (yes!) The Benton is a bit more ""fuzzy/fluffy"" looking which is what makes it look less tailored or fitted. I am 5'6"", 170 pounds, 36B, somewhat broad-shouldered and the large was ALMOST too large, but I did like the fit. I had on a thin long sleeve under the jacket so I suppose if I had on a sweater the large would be spot on. Sending this back and keeping the Fast Trek II. But this is still a great option! PS - the pockets do have zippers. I feel like I read somewhere that they did not.",True,Color: Paisley PurpleSize: Large,[],48,11930,5250,https://www.amazon.com/product-reviews/B0BLXPNPQV?pageNumber=5&filterByStar=all_stars&sortBy=helpful&formatType=all_formats,allStars,,"{'price': None, 'listPrice': None}",2018-06-02,United States,,B0BLXPNPQV,0.9772
88,88,5,"This is a great fleece, at a great price (paid $34",R3IOZKCO864Q0O,https://www.amazon.com/gp/customer-reviews/R3IOZKCO864Q0O/ref=cm_cr_arp_d_rvw_ttl?ie=UTF8&ASIN=B0BLXPNPQV,One person found this helpful,"Reviewed in the United States on September 10, 2018","This is a great fleece, at a great price (paid $34.99). I ordered an XS and it fits perfect. (I usually wear a size 2 to 4).  I always wear a top underneath. So there's plenty of room for that. It's a nice thick fleece. Fairly high collar, which will be nice to zip all the way up in the winter. The zip pockets are nice as well as the inside pockets and bottom hem drawstring. I got the color Skyward, and it's true to color. The only thing I find frustrating is the different prices for different colors. I've read answers to other customers questions that price depends on availability, yarn color, etc. However, to watch the price for the color light grey heather go from $60 to $96 and that the price for other colors is $35 (or sometimes lower) is just a bit unsettling. Otherwise, great product at $35.",True,,[],49,11930,5250,https://www.amazon.com/product-reviews/B0BLXPNPQV?pageNumber=5&filterByStar=all_stars&sortBy=helpful&formatType=all_formats,allStars,,"{'price': None, 'listPrice': None}",2018-09-10,United States,,B0BLXPNPQV,0.9806
89,89,4,Nice. But - while the following may be picky ...,R2C3DS3I5DS4K9,https://www.amazon.com/gp/customer-reviews/R2C3DS3I5DS4K9/ref=cm_cr_arp_d_rvw_ttl?ie=UTF8&ASIN=B0BLXPNPQV,4 people found this helpful,"Reviewed in the United States on September 30, 2015","Nice. But - while the following may be picky - it's my opinion.  Like Columbia items in general; who knows where its actually made. But - if you look at the photos of each item / color, what was rcvd and did not seem as pictured. The photo, to me, is misleading. It made it look as if there were designed bands (stitching) around the elbow forearm area; sort of sporty looking. No other pics looked like this. The ruby version seemed just a bit different, better in my mind, than the other versions. To me, the ruby item as shown looked a bit more, high end stylish, not just basic fleece. And I'll also add this, ruby red? Um, not so much, this is vivid pink it's not even close to ruby or red. Hard to be picky when the worlds such a tough place, but you want honest opinions, those are mine.",True,,[],50,11930,5250,https://www.amazon.com/product-reviews/B0BLXPNPQV?pageNumber=5&filterByStar=all_stars&sortBy=helpful&formatType=all_formats,allStars,,"{'price': None, 'listPrice': None}",2015-09-30,United States,,B0BLXPNPQV,0.8573
